Date,country_region,retail_recreation_change,grocery_pharmacy_change,parks_change,transit_change,workplaces_change,residential_change,mobility_drop_retail,mobility_drop_transit,mobility_drop_workplace,residential_increase,grocery_spike,severe_lockdown_behavior,partial_restrictions,num_posts,avg_compound,neg_fraction,pos_fraction,high_negative_sentiment,high_positive_sentiment,sentiment_shift_detected,sentiment_improved,sentiment_worsened,sentiment_volatility,fear_keywords_present,anger_mentioned,sadness_keywords_present,anxiety_keywords_present,dominant_emotion_fear,dominant_emotion,mixed_emotions,covid_topic_detected,lockdown_mentioned,vaccine_mentioned,health_concern,compliance_discussed,policy_governance_discussion,solidarity_messages,weekend,emotion_with_mobility_signal,emotion_mobility_mismatch,calm_mobile_baseline,dominant_emotion_fear_lag1,dominant_emotion_fear_lag3,dominant_emotion_fear_lag7,high_negative_sentiment_lag1,high_negative_sentiment_lag3,high_negative_sentiment_lag7,high_positive_sentiment_lag1,high_positive_sentiment_lag3,high_positive_sentiment_lag7,solidarity_messages_lag1,solidarity_messages_lag3,solidarity_messages_lag7,compliance_discussed_lag1,compliance_discussed_lag3,compliance_discussed_lag7,health_concern_lag1,health_concern_lag3,health_concern_lag7,sentiment_shift_detected_lag1,sentiment_shift_detected_lag3,sentiment_shift_detected_lag7,sentiment_worsened_lag1,sentiment_worsened_lag3,sentiment_worsened_lag7,sentiment_improved_lag1,sentiment_improved_lag3,sentiment_improved_lag7,lockdown_mentioned_lag1,lockdown_mentioned_lag3,lockdown_mentioned_lag7,vaccine_mentioned_lag1,vaccine_mentioned_lag3,vaccine_mentioned_lag7,policy_governance_discussion_lag1,policy_governance_discussion_lag3,policy_governance_discussion_lag7,fear_keywords_present_lag1,fear_keywords_present_lag3,fear_keywords_present_lag7,anxiety_keywords_present_lag1,anxiety_keywords_present_lag3,anxiety_keywords_present_lag7,grocery_spike_lead2,grocery_spike_lead7,mobility_drop_retail_lead2,mobility_drop_retail_lead7,mobility_drop_transit_lead2,mobility_drop_transit_lead7,mobility_drop_workplace_lead2,mobility_drop_workplace_lead7,residential_increase_lead2,residential_increase_lead7,severe_lockdown_behavior_lead2,severe_lockdown_behavior_lead7,partial_restrictions_lead2,partial_restrictions_lead7,sentiment_shift_detected_lead2,sentiment_shift_detected_lead7,sentiment_worsened_lead2,sentiment_worsened_lead7,sentiment_improved_lead2,sentiment_improved_lead7,high_negative_sentiment_lead2,high_negative_sentiment_lead7,high_positive_sentiment_lead2,high_positive_sentiment_lead7,solidarity_messages_lead2,solidarity_messages_lead7,compliance_discussed_lead2,compliance_discussed_lead7,vaccine_mentioned_lead2,vaccine_mentioned_lead7,health_concern_lead2,health_concern_lead7
2020-03-08,United Arab Emirates,1.0,8.0,6.0,-9.0,-1.0,3.0,0,0,0,0,0,0,0,10.0,0.09435,0.1,0.3,0.0,0.0,0.0,0.0,0.0,0.3299196606751407,0.0,0.0,0.0,0.0,1.0,fear,0.0,1.0,1.0,0.0,1.0,0.0,1.0,1.0,1,0,0,1,1,1,1,0,0,1,0,0,0,0,1,1,0,0,1,1,0,1,1,0,0,1,0,0,0,0,0,0,0,1,0,0,1,1,0,1,0,0,0,0,0,0,0,1,0,0,0,0,0,0,0,0,0,0,0,0,1,0,0,0,1,0,0,0,0,0,0,0,0,0,0,0,1,1
2020-03-09,United Arab Emirates,-3.0,4.0,4.0,-10.0,-1.0,4.0,0,0,0,0,0,0,0,7.0,-0.0693714285714285,0.1428571428571428,0.1428571428571428,0.0,0.0,0.0,0.0,0.0,0.3923358827560376,0.0,0.0,0.0,0.0,1.0,fear,0.0,1.0,0.0,0.0,1.0,0.0,0.0,0.0,0,0,0,1,1,1,1,0,0,0,0,0,0,1,0,0,0,1,0,1,1,1,0,1,1,0,0,0,0,1,1,1,0,0,0,0,0,1,1,0,0,0,0,0,0,0,0,0,0,0,0,0,0,0,0,0,0,0,0,0,0,1,0,1,0,0,0,0,0,0,1,1,0,1,0,0,1,1
2020-03-10,United Arab Emirates,-4.0,6.0,3.0,-11.0,-2.0,4.0,0,0,0,0,0,0,0,3.0,0.1858,0.0,0.3333333333333333,0.0,0.0,1.0,1.0,0.0,0.262760879888921,0.0,0.0,0.0,0.0,1.0,fear,0.0,1.0,0.0,0.0,1.0,0.0,0.0,0.0,0,0,0,1,1,1,1,0,0,0,0,0,0,0,0,0,0,0,0,1,1,1,0,1,0,0,1,0,0,0,0,0,0,1,0,0,0,0,1,0,0,0,0,0,0,0,0,0,0,0,0,0,0,0,0,0,0,0,0,0,0,1,0,0,0,1,0,0,0,0,0,0,0,0,1,0,0,0
2020-03-11,United Arab Emirates,-4.0,5.0,0.0,-12.0,-2.0,4.0,0,0,0,0,0,0,0,4.0,0.27615,0.25,0.5,0.0,0.0,0.0,0.0,0.0,0.5265494967237173,0.0,0.0,0.0,1.0,0.0,anxiety,0.0,1.0,0.0,0.0,1.0,0.0,1.0,1.0,0,0,0,1,1,1,1,0,0,0,0,0,0,0,1,0,0,0,0,1,1,1,1,0,0,0,0,0,1,0,0,0,1,0,0,0,0,0,1,0,0,0,1,0,0,0,0,0,0,0,0,0,0,0,0,1,0,0,0,0,0,1,0,1,0,0,0,0,0,0,0,0,0,0,0,0,1,1
2020-03-12,United Arab Emirates,-8.0,6.0,-6.0,-15.0,-3.0,5.0,0,0,0,0,0,0,0,5.0,0.27174,0.2,0.4,0.0,0.0,0.0,0.0,0.0,0.5375711807751603,1.0,0.0,0.0,0.0,1.0,fear,0.0,1.0,1.0,1.0,0.0,0.0,1.0,0.0,0,0,1,0,0,1,1,0,0,0,0,0,0,1,0,1,0,0,0,1,1,0,0,0,0,0,0,0,0,0,0,0,0,0,0,0,0,1,0,0,0,0,0,1,0,0,0,0,0,0,0,1,0,0,0,1,0,0,0,1,0,1,0,0,0,1,0,0,0,1,1,1,0,1,0,0,1,1
2020-03-13,United Arab Emirates,-16.0,3.0,-15.0,-20.0,-2.0,5.0,0,0,0,0,0,0,0,5.0,0.15682,0.2,0.4,0.0,0.0,0.0,0.0,0.0,0.6591535432659071,1.0,0.0,0.0,0.0,1.0,fear,0.0,1.0,1.0,0.0,1.0,0.0,0.0,0.0,0,0,1,0,1,1,1,0,0,0,0,0,0,0,0,0,0,0,1,0,1,1,0,1,1,0,0,0,0,1,1,1,0,0,1,0,0,1,0,1,1,0,0,0,0,0,1,0,0,1,0,1,0,0,0,1,0,0,0,1,0,1,0,1,0,0,0,0,0,0,0,1,0,1,0,0,1,1
2020-03-14,United Arab Emirates,-12.0,4.0,-12.0,-17.0,2.0,4.0,0,0,0,0,0,0,0,10.0,-0.0059199999999999,0.2,0.2,0.0,0.0,0.0,0.0,0.0,0.3534049682729432,0.0,0.0,0.0,1.0,0.0,anxiety,0.0,1.0,0.0,0.0,1.0,0.0,0.0,1.0,1,0,0,1,1,0,1,0,0,0,0,0,0,0,1,0,0,0,0,1,1,1,0,0,1,0,0,1,0,0,0,1,0,0,0,0,0,0,1,1,1,0,0,0,1,0,0,0,0,1,0,1,0,0,0,1,0,0,0,1,1,1,1,0,0,1,0,0,0,0,1,0,1,0,0,0,1,1
2020-03-15,United Arab Emirates,-6.0,11.0,-11.0,-15.0,-4.0,5.0,0,0,0,0,1,0,0,9.0,0.0350444444444444,0.1111111111111111,0.2222222222222222,0.0,0.0,0.0,0.0,0.0,0.323594582124372,0.0,0.0,0.0,0.0,1.0,fear,0.0,1.0,0.0,0.0,1.0,0.0,1.0,0.0,1,0,0,1,0,1,1,0,0,0,0,0,0,1,0,1,0,0,0,1,0,1,0,0,0,0,0,0,0,0,0,0,1,1,0,1,0,0,1,1,0,1,0,1,0,0,0,0,0,1,0,1,0,0,0,1,0,0,0,1,1,0,0,0,1,0,0,0,0,0,0,0,0,1,0,0,0,0
2020-03-16,United Arab Emirates,-11.0,8.0,-14.0,-17.0,-6.0,6.0,0,0,0,0,0,0,0,6.0,-0.2145833333333333,0.3333333333333333,0.1666666666666666,0.0,0.0,1.0,0.0,1.0,0.66976137894195,1.0,0.0,0.0,1.0,0.0,anxiety,1.0,1.0,1.0,0.0,1.0,1.0,1.0,1.0,0,0,1,0,1,1,1,0,0,0,0,0,0,0,0,0,0,0,0,1,1,1,0,0,0,0,0,0,0,0,0,0,1,0,0,0,0,1,0,0,0,1,0,0,0,0,0,1,0,1,0,1,0,0,1,1,0,0,0,1,1,0,1,0,0,0,0,0,0,0,0,0,0,1,0,0,1,1
2020-03-17,United Arab Emirates,-16.0,5.0,-18.0,-22.0,-9.0,7.0,0,0,0,0,0,0,0,6.0,0.0493333333333333,0.0,0.0,0.0,0.0,1.0,1.0,0.0,0.1103126868899896,0.0,0.0,0.0,0.0,1.0,fear,0.0,1.0,0.0,0.0,0.0,0.0,0.0,0.0,0,0,0,1,0,0,1,0,0,0,0,0,0,1,1,0,1,0,0,1,1,1,1,0,1,1,0,0,0,0,1,1,0,0,0,0,0,1,0,0,1,0,0,1,1,0,0,0,0,1,1,1,0,1,1,1,0,1,1,0,1,0,0,0,1,0,0,0,1,0,1,1,1,1,0,0,1,1
2020-03-18,United Arab Emirates,-19.0,2.0,-19.0,-25.0,-11.0,9.0,0,0,0,1,0,0,0,4.0,-0.15475,0.25,0.0,0.0,0.0,1.0,0.0,1.0,0.2208121882958456,0.0,0.0,0.0,0.0,1.0,fear,0.0,1.0,0.0,0.0,1.0,0.0,1.0,0.0,0,0,0,1,1,1,0,0,0,0,0,0,0,0,0,1,0,0,0,0,1,1,1,0,0,0,0,0,1,0,0,0,0,0,0,0,0,0,1,1,0,0,0,0,0,1,0,0,1,1,1,1,0,1,1,1,0,1,1,0,1,0,1,0,0,0,0,0,0,0,1,1,1,1,0,0,1,1
2020-03-19,United Arab Emirates,-24.0,-1.0,-26.0,-31.0,-12.0,11.0,0,1,0,1,0,0,1,6.0,0.3688499999999999,0.0,0.6666666666666666,0.0,1.0,1.0,1.0,0.0,0.4637754799828611,0.0,0.0,0.0,1.0,0.0,anxiety,0.0,1.0,0.0,0.0,1.0,1.0,0.0,1.0,0,0,0,0,1,0,1,0,0,0,0,0,0,0,1,0,0,1,0,1,1,0,1,1,0,1,1,0,0,0,0,0,1,1,0,0,1,1,1,1,0,1,1,0,1,0,0,0,1,1,1,1,0,1,1,1,0,1,1,0,1,1,0,1,1,0,0,1,0,0,0,0,0,0,0,0,1,0
2020-03-20,United Arab Emirates,-37.0,-11.0,-45.0,-44.0,-12.0,11.0,1,1,0,1,0,0,1,5.0,-0.2191,0.6,0.2,0.0,0.0,1.0,0.0,1.0,0.5895006904152021,0.0,1.0,1.0,1.0,0.0,anger,1.0,1.0,1.0,0.0,1.0,1.0,1.0,1.0,0,1,0,0,0,1,1,0,0,0,1,0,0,1,0,0,1,0,0,1,0,1,1,1,0,0,0,0,1,1,0,0,0,1,0,0,0,0,0,0,0,0,1,1,0,0,0,0,1,1,1,1,0,1,1,1,0,1,1,0,0,1,0,0,0,1,0,0,0,0,0,0,1,1,0,0,0,1
2020-03-21,United Arab Emirates,-32.0,-12.0,-37.0,-42.0,-8.0,10.0,1,1,0,1,0,0,1,8.0,0.17125,0.0,0.25,0.0,0.0,1.0,1.0,0.0,0.3000454132293976,0.0,0.0,0.0,0.0,1.0,fear,0.0,1.0,0.0,0.0,1.0,0.0,1.0,0.0,1,0,0,0,0,1,0,0,0,0,0,0,0,1,0,1,1,0,0,1,1,1,1,1,0,1,1,0,0,0,0,1,0,0,0,0,0,1,1,0,0,0,0,1,0,1,1,0,1,1,1,1,0,1,1,1,0,1,1,0,0,1,0,0,0,1,0,0,0,1,0,1,1,1,0,0,1,1
2020-03-22,United Arab Emirates,-30.0,-13.0,-36.0,-45.0,-17.0,13.0,1,1,0,1,0,0,1,4.0,0.2201,0.0,0.25,0.0,0.0,0.0,0.0,0.0,0.3246492491905687,0.0,0.0,0.0,0.0,1.0,fear,0.0,1.0,0.0,0.0,0.0,1.0,0.0,0.0,1,0,0,0,1,0,1,0,0,0,0,1,0,0,1,0,0,1,0,1,1,1,1,1,0,0,0,0,1,1,0,0,0,0,0,0,0,1,0,1,0,0,0,0,1,0,0,0,1,1,1,1,1,1,1,1,1,1,0,0,0,1,0,1,0,0,0,0,0,0,1,1,1,1,0,0,1,1
2020-03-23,United Arab Emirates,-27.0,14.0,-38.0,-46.0,-20.0,14.0,1,1,0,1,1,0,1,10.0,0.09505,0.3,0.4,0.0,0.0,0.0,0.0,0.0,0.4950927675698767,0.0,0.0,0.0,0.0,1.0,fear,0.0,1.0,1.0,0.0,1.0,1.0,0.0,0.0,0,0,0,0,1,0,0,0,0,0,0,0,0,0,1,1,1,1,1,0,1,1,0,1,1,0,1,1,0,0,0,0,1,1,0,0,0,0,1,1,0,0,1,0,1,1,0,0,1,1,1,1,1,1,1,1,1,1,0,0,0,0,0,0,0,0,0,0,0,0,1,1,1,1,0,0,1,1
2020-03-24,United Arab Emirates,-39.0,-6.0,-43.0,-53.0,-28.0,17.0,1,1,1,1,0,1,0,7.0,0.0988857142857142,0.1428571428571428,0.4285714285714285,0.0,0.0,0.0,0.0,0.0,0.4977097129525874,0.0,0.0,0.0,0.0,1.0,fear,0.0,1.0,1.0,0.0,1.0,1.0,1.0,1.0,0,0,0,0,1,1,1,0,0,0,0,0,0,0,0,0,1,0,0,1,1,0,0,1,1,0,0,0,0,1,1,1,0,0,0,0,0,0,1,0,0,0,0,0,0,0,0,0,1,1,1,1,1,1,1,1,1,1,0,0,1,0,1,0,0,0,1,0,0,0,0,1,0,0,0,0,0,1
2020-03-25,United Arab Emirates,-50.0,-18.0,-47.0,-60.0,-35.0,21.0,1,1,1,1,0,1,0,14.0,0.0610071428571428,0.3571428571428571,0.2857142857142857,0.0,0.0,0.0,0.0,0.0,0.5466967224865639,0.0,0.0,0.0,0.0,1.0,fear,0.0,1.0,1.0,0.0,1.0,1.0,1.0,1.0,0,0,0,0,1,1,1,0,0,0,0,0,0,1,0,0,1,1,0,1,0,1,0,0,1,0,0,1,0,0,0,1,0,0,0,0,0,1,0,1,0,0,0,0,0,0,0,0,1,1,1,1,1,1,1,1,1,1,0,0,1,1,0,1,1,0,0,0,0,0,0,1,1,1,0,0,1,1
2020-03-26,United Arab Emirates,-55.0,-13.0,-54.0,-67.0,-40.0,25.0,1,1,1,1,0,1,0,4.0,-0.496625,0.75,0.0,1.0,0.0,1.0,0.0,1.0,0.300039317215261,0.0,1.0,0.0,0.0,0.0,anger,0.0,1.0,1.0,0.0,0.0,0.0,0.0,0.0,0,1,0,0,1,1,0,0,0,0,0,0,1,1,0,1,1,1,1,1,1,1,0,0,1,0,0,0,0,0,1,1,1,0,0,0,0,1,0,0,0,0,0,0,0,1,0,0,1,1,1,1,1,1,1,1,1,1,0,0,1,0,0,0,1,0,0,0,1,0,1,0,1,1,0,0,1,1
2020-03-27,United Arab Emirates,-80.0,-60.0,-80.0,-84.0,-52.0,25.0,1,1,1,1,0,1,0,6.0,-0.1641666666666666,0.3333333333333333,0.1666666666666666,0.0,0.0,1.0,1.0,0.0,0.4870576888031049,0.0,0.0,0.0,0.0,1.0,fear,0.0,1.0,1.0,0.0,1.0,1.0,1.0,0.0,0,0,0,0,0,1,0,1,0,0,0,0,0,0,1,1,0,1,1,0,1,1,1,0,1,1,0,1,0,0,0,1,1,1,0,0,0,0,1,1,0,0,0,0,0,1,0,0,1,1,1,1,1,1,1,1,1,1,0,0,1,1,1,0,0,1,0,0,0,1,1,0,1,0,0,0,1,0
2020-03-28,United Arab Emirates,-72.0,-47.0,-68.0,-80.0,-56.0,28.0,1,1,1,1,0,1,0,12.0,0.4533666666666667,0.0,0.5,0.0,1.0,1.0,1.0,0.0,0.4558440528904107,1.0,0.0,0.0,0.0,1.0,fear,0.0,1.0,1.0,0.0,1.0,1.0,1.0,1.0,1,1,0,0,1,1,1,0,0,0,0,0,0,0,1,0,1,1,0,1,1,1,1,0,1,0,0,0,1,0,1,1,1,0,0,0,0,1,1,1,0,0,0,0,0,0,0,0,1,1,1,1,1,1,1,1,1,1,0,0,0,1,0,1,0,0,0,1,0,0,1,0,1,1,0,0,1,0
2020-03-29,United Arab Emirates,-55.0,-26.0,-53.0,-69.0,-45.0,26.0,1,1,1,1,0,1,0,12.0,0.1787166666666666,0.0833333333333333,0.3333333333333333,0.0,0.0,1.0,0.0,1.0,0.4657376171789816,1.0,0.0,0.0,0.0,1.0,fear,0.0,1.0,1.0,0.0,1.0,1.0,1.0,1.0,1,1,0,0,1,0,1,0,1,0,1,0,0,1,0,0,1,0,1,1,0,0,1,1,0,0,1,0,1,0,0,1,1,0,0,0,0,1,0,0,1,0,0,0,0,0,0,0,1,1,1,1,1,1,1,1,1,1,0,0,0,1,0,0,0,1,0,0,0,0,1,1,0,1,0,0,1,1
2020-03-30,United Arab Emirates,-57.0,-27.0,-53.0,-69.0,-46.0,25.0,1,1,1,1,0,1,0,9.0,0.2848444444444444,0.2222222222222222,0.4444444444444444,0.0,0.0,0.0,0.0,0.0,0.5769959447404406,0.0,0.0,0.0,0.0,1.0,fear,0.0,1.0,1.0,0.0,1.0,1.0,0.0,1.0,0,0,0,0,1,1,1,0,0,0,0,0,0,1,0,0,1,1,1,1,1,1,1,1,0,1,0,0,0,1,0,1,1,1,0,0,0,1,1,0,1,0,0,0,0,0,0,0,1,1,1,1,1,1,1,1,1,1,0,0,1,1,1,0,0,1,0,0,0,1,1,1,1,0,0,0,1,1
2020-03-31,United Arab Emirates,-56.0,-26.0,-53.0,-69.0,-46.0,25.0,1,1,1,1,0,1,0,12.0,0.2339833333333333,0.0833333333333333,0.25,0.0,0.0,0.0,0.0,0.0,0.4469985306339261,1.0,0.0,0.0,0.0,1.0,fear,0.0,1.0,1.0,0.0,1.0,0.0,0.0,1.0,0,1,0,0,1,1,1,0,0,0,0,1,0,1,1,1,1,1,1,1,1,1,0,1,0,0,0,0,0,1,0,1,1,1,0,0,0,0,1,1,0,1,0,0,0,0,0,0,1,1,1,1,1,1,1,1,1,1,0,0,0,1,0,1,0,0,0,0,0,0,0,0,1,0,0,0,1,0
2020-04-01,United Arab Emirates,-56.0,-24.0,-53.0,-70.0,-46.0,25.0,1,1,1,1,0,1,0,7.0,0.0238285714285714,0.2857142857142857,0.2857142857142857,0.0,0.0,1.0,0.0,1.0,0.5413374171287937,0.0,0.0,0.0,0.0,1.0,fear,0.0,1.0,1.0,0.0,1.0,1.0,0.0,1.0,0,0,0,0,1,1,1,0,0,0,0,0,0,1,1,1,0,1,1,1,1,1,0,1,0,0,1,0,0,0,0,1,1,1,0,0,0,0,1,1,1,1,0,0,0,0,0,0,1,1,1,1,1,1,1,1,1,1,0,0,1,1,0,0,1,1,0,0,1,1,0,1,0,1,0,0,0,1
2020-04-02,United Arab Emirates,-58.0,-25.0,-56.0,-71.0,-47.0,28.0,1,1,1,1,0,1,0,9.0,-0.1595,0.3333333333333333,0.1111111111111111,0.0,0.0,0.0,0.0,0.0,0.4277318033015029,0.0,0.0,0.0,0.0,1.0,fear,0.0,1.0,1.0,0.0,1.0,1.0,1.0,0.0,0,0,0,0,1,1,0,0,0,1,0,0,0,1,1,0,1,1,0,1,1,0,1,0,1,1,0,1,0,0,0,1,1,1,0,0,0,0,0,0,0,0,0,0,0,0,0,0,1,1,1,1,1,1,1,1,1,1,0,0,1,1,1,1,0,0,1,0,0,0,0,1,1,0,0,0,0,1
2020-04-03,United Arab Emirates,-69.0,-39.0,-75.0,-79.0,-44.0,22.0,1,1,1,1,0,1,0,2.0,0.4467,0.0,0.5,0.0,1.0,1.0,1.0,0.0,0.4467,0.0,0.0,0.0,0.0,1.0,fear,0.0,1.0,0.0,0.0,0.0,0.0,0.0,0.0,0,0,0,0,1,1,1,0,0,0,0,0,0,0,1,0,1,0,1,1,1,1,0,0,1,0,0,0,0,0,1,1,1,1,0,0,0,1,0,1,0,1,0,0,0,0,0,0,1,1,1,1,1,1,1,1,1,1,0,0,1,0,0,0,1,0,0,0,0,0,1,1,1,1,0,0,1,1
2020-04-04,United Arab Emirates,-58.0,-27.0,-58.0,-72.0,-37.0,21.0,1,1,1,1,0,1,0,7.0,-0.4088,0.7142857142857143,0.0,1.0,0.0,1.0,0.0,1.0,0.2518596150919907,0.0,0.0,0.0,0.0,1.0,fear,0.0,1.0,1.0,0.0,0.0,1.0,0.0,0.0,1,1,0,0,1,1,1,0,0,0,1,0,1,0,1,1,0,1,1,0,1,1,1,1,1,0,1,0,1,0,1,0,1,1,0,0,0,0,0,1,0,0,1,0,0,0,0,0,1,1,1,1,1,1,1,1,1,1,0,0,1,0,0,0,1,0,0,0,1,0,1,0,0,0,0,0,1,0
2020-04-05,United Arab Emirates,-61.0,-30.0,-58.0,-79.0,-57.0,31.0,1,1,1,1,0,1,0,16.0,-0.041925,0.1875,0.25,0.0,0.0,1.0,1.0,0.0,0.4320282029277718,1.0,0.0,0.0,0.0,1.0,fear,0.0,1.0,1.0,0.0,1.0,1.0,1.0,1.0,1,1,0,0,1,1,1,1,0,0,0,0,0,0,0,1,1,1,1,0,1,1,1,0,1,1,0,1,0,0,0,1,1,1,0,0,0,0,1,1,0,0,1,0,0,0,0,0,1,1,1,1,1,1,1,1,1,1,0,0,1,0,1,0,0,0,0,0,0,0,0,0,0,0,0,0,0,0
2020-04-06,United Arab Emirates,-63.0,-32.0,-58.0,-78.0,-56.0,30.0,1,1,1,1,0,1,0,9.0,0.3818111111111111,0.1111111111111111,0.4444444444444444,0.0,1.0,1.0,1.0,0.0,0.4950419453483927,0.0,0.0,0.0,1.0,0.0,anxiety,0.0,1.0,1.0,0.0,1.0,0.0,0.0,1.0,0,0,0,0,1,1,1,0,0,0,0,1,0,1,0,1,1,0,1,1,0,1,1,1,0,0,0,0,1,1,0,1,0,1,0,0,0,1,0,0,1,0,0,0,0,0,0,0,1,1,1,1,1,1,1,1,1,1,0,0,1,0,0,0,1,0,0,0,1,0,1,1,1,0,0,0,1,0
2020-04-07,United Arab Emirates,-63.0,-30.0,-73.0,-78.0,-55.0,30.0,1,1,1,1,0,1,0,3.0,0.0362333333333333,0.3333333333333333,0.3333333333333333,0.0,0.0,1.0,0.0,1.0,0.373406573173115,0.0,0.0,0.0,0.0,1.0,fear,0.0,1.0,0.0,0.0,0.0,0.0,0.0,0.0,0,0,0,0,0,1,1,0,1,0,1,0,0,1,0,1,0,1,0,1,0,1,1,1,0,0,1,0,1,0,0,1,1,1,0,0,0,0,0,0,0,0,1,1,0,0,0,0,1,1,1,1,1,1,1,1,1,1,0,0,1,1,1,0,0,1,0,0,0,1,1,1,0,1,0,0,1,1
2020-04-08,United Arab Emirates,-63.0,-30.0,-74.0,-78.0,-55.0,30.0,1,1,1,1,0,1,0,7.0,0.3602714285714286,0.1428571428571428,0.5714285714285714,0.0,1.0,1.0,1.0,0.0,0.4249012682436968,0.0,0.0,0.0,0.0,1.0,fear,0.0,1.0,1.0,0.0,1.0,1.0,1.0,1.0,0,0,0,0,1,1,1,0,0,0,0,0,0,0,1,1,0,1,1,0,1,1,1,1,1,1,0,1,0,1,0,0,1,1,0,0,0,0,1,0,0,1,0,0,0,0,0,0,1,1,1,1,1,1,1,1,1,1,0,0,0,1,0,1,0,0,0,0,0,0,1,1,1,0,0,0,1,0
2020-04-09,United Arab Emirates,-64.0,-31.0,-76.0,-79.0,-55.0,33.0,1,1,1,1,0,1,0,8.0,0.033425,0.25,0.25,0.0,0.0,1.0,0.0,1.0,0.4914279900199011,0.0,0.0,0.0,1.0,0.0,anxiety,0.0,1.0,1.0,0.0,1.0,0.0,0.0,1.0,0,0,0,0,1,0,1,0,0,0,1,1,0,1,1,0,1,0,1,1,1,1,1,1,0,0,0,0,1,1,0,1,1,1,0,0,0,1,0,1,0,0,0,0,1,0,0,0,1,1,1,1,1,1,1,1,1,1,0,0,0,0,0,0,0,0,0,0,0,0,0,1,0,0,0,0,0,1
2020-04-10,United Arab Emirates,-74.0,-46.0,-86.0,-84.0,-49.0,23.0,1,1,1,1,0,1,0,12.0,0.1380416666666666,0.0833333333333333,0.25,0.0,0.0,0.0,0.0,0.0,0.3478844383276658,0.0,0.0,0.0,0.0,1.0,fear,0.0,1.0,1.0,0.0,1.0,1.0,1.0,1.0,0,0,0,0,0,1,1,0,0,0,0,0,1,1,0,0,0,0,0,1,0,0,1,1,1,1,1,0,0,0,1,1,0,0,0,0,0,0,0,0,0,0,0,1,0,0,0,0,1,1,1,1,1,1,1,1,1,1,0,0,0,0,0,0,0,0,0,0,0,0,0,0,0,0,0,0,0,1
2020-04-11,United Arab Emirates,-64.0,-32.0,-77.0,-79.0,-45.0,24.0,1,1,1,1,0,1,0,7.0,0.0587428571428571,0.2857142857142857,0.2857142857142857,0.0,0.0,0.0,0.0,0.0,0.5995156541674594,0.0,0.0,0.0,1.0,0.0,anxiety,0.0,1.0,1.0,0.0,0.0,0.0,1.0,0.0,1,0,0,0,1,1,1,0,0,1,0,1,0,1,1,0,1,1,1,1,1,0,0,1,1,0,0,1,0,1,0,1,1,1,0,0,0,1,1,0,0,0,0,0,0,0,0,0,1,1,1,1,1,1,1,1,1,1,0,0,0,0,0,0,0,0,0,0,0,0,1,1,0,1,0,0,0,1
2020-04-12,United Arab Emirates,-60.0,-28.0,-74.0,-79.0,-55.0,30.0,1,1,1,1,0,1,0,4.0,0.100475,0.0,0.25,0.0,0.0,0.0,0.0,0.0,0.1740278048904829,0.0,0.0,0.0,0.0,1.0,fear,0.0,1.0,1.0,0.0,0.0,0.0,0.0,0.0,1,0,0,0,0,0,1,0,0,0,0,0,0,0,1,1,0,0,1,0,1,1,0,1,1,0,1,0,0,0,1,1,1,1,0,0,0,1,0,1,0,0,1,1,1,0,0,0,1,1,1,1,1,1,1,1,1,1,0,0,1,1,0,0,1,1,0,0,1,1,1,0,1,0,0,0,1,1
2020-04-13,United Arab Emirates,-62.0,-30.0,-73.0,-78.0,-55.0,30.0,1,1,1,1,0,1,0,6.0,-0.0169833333333333,0.1666666666666666,0.1666666666666666,0.0,0.0,0.0,0.0,0.0,0.2846959923419287,0.0,0.0,0.0,0.0,1.0,fear,0.0,1.0,0.0,0.0,0.0,0.0,0.0,1.0,0,0,0,0,1,1,0,0,0,0,0,0,1,0,1,1,0,1,0,0,1,1,0,0,1,0,0,0,0,0,1,1,1,1,0,0,0,0,1,0,0,0,0,0,0,1,0,0,1,1,1,1,1,1,1,1,1,1,0,0,1,0,1,0,0,0,0,0,0,1,1,1,0,0,0,0,0,1
2020-04-14,United Arab Emirates,-62.0,-31.0,-74.0,-78.0,-55.0,30.0,1,1,1,1,0,1,0,9.0,0.5687666666666666,0.0,0.7777777777777778,0.0,1.0,1.0,1.0,0.0,0.3238695587904351,0.0,0.0,0.0,0.0,1.0,fear,0.0,1.0,1.0,0.0,1.0,1.0,0.0,1.0,0,0,0,0,1,0,1,0,0,0,0,0,0,1,0,0,0,0,0,0,0,0,0,0,1,0,0,1,0,0,0,0,1,0,0,0,0,0,1,0,0,0,0,0,1,0,0,0,1,1,1,1,1,1,1,1,1,1,0,0,0,1,0,1,0,0,0,0,0,0,1,1,0,1,0,0,1,0
2020-04-15,United Arab Emirates,-63.0,-32.0,-74.0,-78.0,-56.0,31.0,1,1,1,1,0,1,0,11.0,0.1731090909090909,0.2727272727272727,0.5454545454545454,0.0,0.0,1.0,0.0,1.0,0.4500422736801217,0.0,0.0,0.0,0.0,1.0,fear,0.0,1.0,1.0,0.0,0.0,0.0,1.0,1.0,0,0,0,0,1,1,1,0,0,0,1,0,1,1,0,1,1,0,1,1,0,1,1,0,1,0,0,0,1,0,1,1,1,1,0,0,0,0,0,1,0,0,0,0,0,0,0,0,1,1,1,1,1,1,1,1,1,1,0,0,0,0,0,0,0,0,0,0,0,0,0,1,0,1,0,0,1,1
2020-04-16,United Arab Emirates,-63.0,-32.0,-74.0,-79.0,-55.0,34.0,1,1,1,1,0,1,0,8.0,0.28585,0.125,0.375,0.0,0.0,0.0,0.0,0.0,0.4413650416605284,1.0,0.0,0.0,1.0,1.0,fear,1.0,1.0,1.0,0.0,1.0,0.0,0.0,1.0,0,1,0,0,1,1,0,0,0,0,0,0,0,1,1,1,0,0,0,0,0,1,1,0,1,1,0,1,0,0,0,1,0,1,0,0,0,1,0,0,0,0,0,0,0,1,0,0,1,1,1,1,1,1,1,1,1,1,0,0,0,1,0,0,0,1,0,0,0,1,1,1,1,1,0,0,1,1
2020-04-17,United Arab Emirates,-73.0,-45.0,-85.0,-84.0,-48.0,23.0,1,1,1,1,0,1,0,3.0,0.1748333333333333,0.3333333333333333,0.6666666666666666,0.0,0.0,0.0,0.0,0.0,0.5125637608033647,0.0,0.0,0.0,0.0,1.0,fear,0.0,1.0,0.0,0.0,1.0,0.0,1.0,0.0,0,0,0,0,1,1,1,0,0,0,0,1,0,1,1,1,0,1,1,1,1,1,0,1,0,0,0,0,0,1,0,1,1,1,0,0,0,0,0,1,1,0,0,1,0,0,0,0,1,1,1,1,1,1,1,1,1,1,0,0,1,0,0,0,1,0,0,0,1,1,0,0,0,0,0,0,1,1
2020-04-18,United Arab Emirates,-66.0,-39.0,-78.0,-78.0,-45.0,24.0,1,1,1,1,0,1,0,12.0,0.1780083333333333,0.1666666666666666,0.3333333333333333,0.0,0.0,0.0,0.0,0.0,0.4674497449964245,1.0,0.0,0.0,0.0,1.0,fear,0.0,1.0,1.0,0.0,1.0,1.0,1.0,1.0,1,1,0,0,1,1,0,0,0,0,0,0,0,0,1,0,0,0,0,1,0,0,0,1,0,0,1,0,0,0,0,0,1,1,0,0,0,1,1,1,0,0,0,0,0,1,0,0,1,1,1,1,1,1,1,1,1,1,0,0,0,1,0,1,0,0,0,0,1,0,1,1,0,1,0,0,1,1
2020-04-19,United Arab Emirates,-62.0,-35.0,-74.0,-78.0,-54.0,30.0,1,1,1,1,0,1,0,6.0,0.4399166666666667,0.0,0.5,0.0,1.0,1.0,1.0,0.0,0.371376562788888,0.0,0.0,0.0,0.0,1.0,fear,0.0,1.0,1.0,0.0,1.0,0.0,1.0,0.0,1,0,0,0,1,1,1,0,0,0,0,0,0,1,1,0,1,0,0,1,1,0,0,0,0,0,0,0,0,0,0,1,1,1,0,0,0,1,0,0,1,1,0,0,1,0,0,0,1,1,1,1,1,1,1,1,1,1,0,0,1,1,1,1,0,0,0,0,0,0,1,1,1,0,0,0,0,1
2020-04-20,United Arab Emirates,-63.0,-37.0,-74.0,-78.0,-55.0,30.0,1,1,1,1,0,1,0,9.0,0.4610777777777778,0.1111111111111111,0.6666666666666666,0.0,1.0,0.0,0.0,0.0,0.4995188769156394,0.0,0.0,1.0,1.0,0.0,sadness,1.0,1.0,1.0,0.0,1.0,0.0,1.0,1.0,0,0,0,0,1,1,1,0,0,0,1,0,0,0,0,1,0,0,0,1,1,0,1,0,0,0,0,0,1,0,0,1,0,0,0,0,0,1,1,0,0,0,0,0,0,0,0,0,1,1,1,1,1,1,1,1,1,1,0,0,0,1,0,0,0,1,0,0,0,1,1,1,1,1,0,0,1,1
2020-04-21,United Arab Emirates,-63.0,-35.0,-74.0,-78.0,-55.0,30.0,1,1,1,1,0,1,0,8.0,0.188125,0.25,0.5,0.0,0.0,1.0,0.0,1.0,0.6175015966578549,0.0,0.0,0.0,0.0,1.0,fear,0.0,1.0,1.0,0.0,0.0,1.0,0.0,1.0,0,0,0,0,0,1,1,0,0,0,1,0,1,1,1,1,0,1,1,1,1,1,0,0,1,0,0,0,0,0,1,1,1,1,0,0,0,1,1,0,0,1,0,1,0,0,0,0,1,1,1,1,1,1,1,1,1,1,0,0,1,1,0,1,1,0,0,0,1,0,1,0,1,0,0,0,1,1
2020-04-22,United Arab Emirates,-62.0,-33.0,-75.0,-77.0,-55.0,30.0,1,1,1,1,0,1,0,11.0,0.1873454545454545,0.2727272727272727,0.6363636363636364,0.0,0.0,0.0,0.0,0.0,0.6072097441481237,1.0,1.0,0.0,0.0,1.0,fear,1.0,1.0,1.0,0.0,1.0,1.0,1.0,1.0,0,1,0,0,1,1,1,0,0,0,0,1,0,1,0,1,1,0,0,0,1,0,1,1,1,1,0,1,0,1,0,1,1,1,0,0,0,0,1,1,0,0,0,0,0,0,0,0,1,1,1,1,1,1,1,1,1,1,0,0,0,0,0,0,0,0,0,0,1,0,0,0,0,0,0,0,1,0
2020-04-23,United Arab Emirates,-62.0,-29.0,-76.0,-77.0,-55.0,32.0,1,1,1,1,0,1,0,8.0,0.4035875,0.125,0.625,0.0,1.0,1.0,1.0,0.0,0.5993074407962494,0.0,0.0,0.0,0.0,1.0,fear,0.0,1.0,1.0,0.0,1.0,1.0,1.0,1.0,0,0,0,0,1,0,1,0,0,0,0,1,0,1,1,1,1,0,0,1,1,1,0,0,0,0,0,0,0,0,0,1,1,1,0,0,0,1,1,0,1,0,1,0,1,1,0,0,1,1,1,1,1,1,1,1,1,1,0,0,1,1,1,1,0,0,0,1,0,0,1,0,1,0,0,1,1,1
2020-04-24,United Arab Emirates,-72.0,-40.0,-86.0,-80.0,-47.0,24.0,1,1,1,1,0,1,0,4.0,0.492425,0.0,0.75,0.0,1.0,0.0,0.0,0.0,0.2999327955976138,0.0,0.0,0.0,0.0,1.0,fear,0.0,1.0,0.0,0.0,1.0,0.0,0.0,0.0,0,0,0,0,1,1,1,0,0,0,1,0,0,1,1,0,1,1,0,1,0,1,1,1,0,0,1,0,1,0,0,1,1,0,0,0,0,1,0,1,0,0,0,0,0,0,0,0,1,1,1,1,1,1,1,1,1,1,0,0,1,1,1,0,0,1,0,0,0,0,1,0,0,0,0,0,1,1
2020-04-25,United Arab Emirates,-62.0,-32.0,-77.0,-74.0,-41.0,25.0,1,1,1,1,0,1,0,13.0,0.2419153846153846,0.0769230769230769,0.3076923076923077,0.0,0.0,1.0,0.0,1.0,0.4271336502172698,0.0,0.0,0.0,0.0,1.0,fear,0.0,1.0,1.0,0.0,1.0,1.0,0.0,1.0,1,0,0,0,1,1,1,0,0,0,1,0,0,0,1,1,0,1,1,1,1,1,0,0,0,0,0,0,0,0,0,0,1,1,0,0,0,0,1,1,0,1,1,0,0,0,0,0,1,1,1,1,1,1,1,1,1,1,0,0,1,0,0,0,1,0,0,0,1,0,1,1,1,0,0,0,1,1
2020-04-26,United Arab Emirates,-56.0,-26.0,-73.0,-69.0,-49.0,30.0,1,1,1,1,0,1,0,7.0,-0.0367428571428571,0.4285714285714285,0.2857142857142857,0.0,0.0,1.0,0.0,1.0,0.6402644852093611,1.0,0.0,0.0,1.0,1.0,fear,1.0,1.0,1.0,0.0,1.0,0.0,1.0,1.0,1,1,0,0,1,1,1,0,0,0,0,1,1,1,1,0,1,1,0,1,1,1,1,1,1,1,0,0,0,1,1,1,1,1,0,0,0,0,1,1,0,0,0,0,0,0,0,0,1,1,1,1,1,1,1,1,1,1,0,0,1,0,1,0,0,0,0,0,0,0,0,1,0,0,0,0,1,1
2020-04-27,United Arab Emirates,-57.0,-28.0,-73.0,-68.0,-48.0,30.0,1,1,1,1,0,1,0,9.0,0.3100777777777777,0.1111111111111111,0.5555555555555556,0.0,1.0,1.0,1.0,0.0,0.5761489675765341,0.0,0.0,1.0,0.0,0.0,sadness,0.0,1.0,1.0,0.0,1.0,1.0,1.0,1.0,0,0,0,0,1,1,0,0,0,0,0,1,1,1,0,1,0,0,0,1,1,1,1,0,0,1,0,0,0,0,0,1,0,1,0,0,0,1,0,1,1,0,0,1,0,1,0,0,1,1,1,1,1,1,1,1,1,1,0,0,0,1,0,0,0,1,0,0,0,1,0,0,0,0,0,0,0,0
2020-04-28,United Arab Emirates,-56.0,-26.0,-72.0,-67.0,-48.0,28.0,1,1,1,1,0,1,0,5.0,0.08386,0.2,0.4,0.0,0.0,1.0,0.0,1.0,0.5189371969708859,0.0,0.0,0.0,0.0,1.0,fear,0.0,1.0,1.0,0.0,1.0,0.0,0.0,0.0,0,0,0,0,0,1,1,0,0,0,1,0,0,1,1,1,1,1,1,1,1,0,1,1,1,0,1,1,1,0,0,1,1,1,0,0,0,1,0,0,0,0,0,0,0,0,0,0,1,1,1,1,1,1,1,1,1,1,0,0,1,1,1,1,0,0,1,0,0,0,0,1,0,0,1,0,1,1
2020-04-29,United Arab Emirates,-55.0,-24.0,-72.0,-67.0,-47.0,29.0,1,1,1,1,0,1,0,1.0,0.0,0.0,0.0,0.0,0.0,0.0,0.0,0.0,0.0,0.0,0.0,0.0,0.0,1.0,fear,0.0,1.0,0.0,0.0,0.0,0.0,0.0,0.0,0,0,0,0,1,1,1,0,0,0,0,0,0,0,1,1,0,0,1,1,1,1,1,1,0,1,1,0,0,0,0,1,1,1,0,0,0,0,1,1,0,1,1,0,1,0,0,0,1,1,1,1,1,1,1,1,1,1,0,0,1,1,0,0,1,1,0,0,0,0,0,1,0,0,0,0,1,1
2020-04-30,United Arab Emirates,-57.0,-26.0,-71.0,-66.0,-47.0,31.0,1,1,1,1,0,1,0,5.0,-0.4221999999999999,0.8,0.0,1.0,0.0,1.0,0.0,1.0,0.2268481783043452,0.0,0.0,0.0,0.0,1.0,fear,0.0,1.0,1.0,1.0,1.0,0.0,0.0,0.0,0,1,0,0,1,0,1,0,0,0,0,1,1,0,1,1,0,1,1,0,1,1,0,1,1,0,0,0,0,1,1,0,1,1,0,0,0,0,1,1,0,0,0,0,0,0,0,0,1,1,1,1,1,1,1,1,1,1,0,0,0,1,0,0,0,1,0,0,0,1,1,1,0,0,0,0,1,1
2020-05-01,United Arab Emirates,-66.0,-36.0,-83.0,-73.0,-41.0,22.0,1,1,1,1,0,1,0,7.0,0.2428,0.0,0.5714285714285714,0.0,0.0,1.0,1.0,0.0,0.2124164239009242,0.0,0.0,0.0,0.0,1.0,fear,0.0,1.0,0.0,0.0,1.0,0.0,0.0,0.0,0,0,0,0,1,1,1,1,0,0,0,0,1,0,0,0,0,0,0,1,1,1,1,1,0,1,1,0,0,0,0,1,1,0,1,0,0,0,0,0,0,0,0,0,0,0,0,0,1,1,1,1,1,1,1,1,1,1,0,0,0,0,0,0,0,0,0,0,0,1,1,1,0,0,0,0,1,1
2020-05-02,United Arab Emirates,-56.0,-26.0,-72.0,-66.0,-34.0,22.0,1,1,1,1,0,1,0,7.0,0.1122142857142857,0.1428571428571428,0.1428571428571428,0.0,0.0,0.0,0.0,0.0,0.3900408858735982,0.0,0.0,0.0,0.0,1.0,fear,0.0,1.0,1.0,0.0,1.0,0.0,1.0,1.0,1,0,0,0,1,1,1,0,0,0,0,0,0,0,0,1,0,0,1,1,0,1,1,0,1,0,0,1,1,0,0,0,0,1,0,0,0,0,0,0,0,0,0,0,0,0,0,0,1,1,1,1,1,1,1,1,1,1,0,0,1,1,0,1,1,0,0,0,1,0,0,0,0,0,0,0,0,1
2020-05-03,United Arab Emirates,-51.0,-22.0,-68.0,-65.0,-45.0,27.0,1,1,1,1,0,1,0,4.0,0.258475,0.25,0.5,0.0,0.0,0.0,0.0,0.0,0.4852580775989205,0.0,0.0,0.0,0.0,1.0,fear,0.0,1.0,1.0,0.0,1.0,0.0,0.0,1.0,1,0,0,0,1,1,1,0,1,0,0,0,0,1,0,1,0,0,0,1,1,1,0,1,1,0,1,1,0,0,0,1,1,1,0,1,0,1,0,1,0,0,1,0,0,1,0,0,1,1,1,1,1,1,1,1,1,1,0,0,1,1,1,0,0,1,0,0,0,0,1,1,0,0,0,0,1,1
2020-05-04,United Arab Emirates,-52.0,-24.0,-68.0,-65.0,-45.0,28.0,1,1,1,1,0,1,0,1.0,0.6705,0.0,1.0,0.0,1.0,1.0,1.0,0.0,0.0,0.0,0.0,0.0,0.0,1.0,fear,0.0,1.0,0.0,0.0,0.0,0.0,0.0,0.0,0,0,0,0,1,1,0,0,0,0,0,0,1,1,0,1,0,0,1,1,1,1,0,1,1,0,0,0,0,1,1,1,0,1,0,0,0,0,0,1,0,0,0,0,0,0,0,0,1,1,1,1,1,1,1,1,1,1,0,0,1,0,0,0,1,0,0,0,0,0,1,1,0,0,0,0,1,1
2020-05-05,United Arab Emirates,-53.0,-23.0,-68.0,-64.0,-45.0,27.0,1,1,1,1,0,1,0,10.0,-0.2046899999999999,0.3,0.1,0.0,0.0,1.0,0.0,1.0,0.4423044595072494,1.0,0.0,1.0,0.0,1.0,fear,1.0,1.0,1.0,0.0,1.0,0.0,1.0,1.0,0,1,0,0,1,1,1,0,0,0,1,0,0,0,1,0,0,0,0,0,1,1,1,0,1,0,0,1,1,0,0,0,1,1,0,0,0,0,1,0,0,0,0,0,0,0,0,0,1,1,1,1,1,1,1,1,1,1,0,0,1,0,0,0,1,0,0,0,1,0,1,0,0,0,0,0,1,0
2020-05-06,United Arab Emirates,-51.0,-20.0,-67.0,-62.0,-44.0,28.0,1,1,1,1,0,1,0,6.0,0.2129833333333333,0.3333333333333333,0.5,0.0,0.0,1.0,1.0,0.0,0.6358684780588584,0.0,0.0,0.0,0.0,1.0,fear,0.0,1.0,0.0,0.0,1.0,0.0,1.0,1.0,0,0,0,0,1,1,1,0,0,0,0,0,0,1,1,0,0,0,0,1,1,0,1,0,0,1,0,0,0,0,0,1,1,0,0,0,0,1,0,0,1,0,0,0,0,0,0,0,1,1,1,1,1,1,1,1,1,1,0,0,0,0,0,0,0,0,0,0,1,0,1,1,0,0,0,0,1,1
2020-05-07,United Arab Emirates,-53.0,-23.0,-68.0,-63.0,-44.0,30.0,1,1,1,1,0,1,0,5.0,0.4581,0.0,0.4,0.0,1.0,1.0,1.0,0.0,0.403168495793012,0.0,0.0,0.0,0.0,1.0,fear,0.0,1.0,1.0,0.0,1.0,0.0,1.0,1.0,0,0,0,0,1,1,1,0,0,1,0,1,0,1,0,0,0,0,0,1,0,1,1,1,1,0,0,1,1,1,0,0,0,1,0,0,1,1,0,0,0,0,0,0,0,0,0,0,1,1,1,1,1,1,1,1,1,1,0,0,1,1,1,0,0,1,0,0,0,1,0,1,0,0,0,0,1,1
2020-05-08,United Arab Emirates,-63.0,-35.0,-81.0,-72.0,-38.0,21.0,1,1,1,1,0,1,0,7.0,0.5627,0.0,0.8571428571428571,0.0,1.0,0.0,0.0,0.0,0.2799701208547593,0.0,0.0,0.0,0.0,1.0,fear,0.0,1.0,1.0,0.0,1.0,0.0,1.0,1.0,0,0,0,0,1,1,1,0,0,0,1,0,0,1,1,0,0,0,0,1,1,1,1,1,1,0,1,0,1,0,1,1,1,0,0,0,0,1,1,0,0,1,0,0,0,0,0,0,1,1,1,1,1,1,1,1,1,1,0,0,1,1,0,1,1,0,0,1,0,0,1,0,0,0,0,0,1,0
2020-05-09,United Arab Emirates,-53.0,-25.0,-70.0,-63.0,-31.0,22.0,1,1,1,1,0,1,0,3.0,-0.0674333333333333,0.0,0.0,0.0,0.0,1.0,0.0,1.0,0.0953651345560257,0.0,0.0,0.0,0.0,1.0,fear,0.0,1.0,0.0,0.0,1.0,0.0,0.0,0.0,1,0,0,0,1,1,1,0,0,0,1,0,0,1,1,1,0,0,0,1,1,1,0,1,0,0,0,0,0,1,0,1,0,1,0,0,0,1,1,1,0,0,0,0,0,0,0,0,1,1,1,1,1,1,1,1,1,1,0,0,0,0,0,0,0,0,0,1,0,0,1,0,0,0,0,0,1,0
2020-05-10,United Arab Emirates,-48.0,-19.0,-66.0,-61.0,-42.0,27.0,1,1,1,1,0,1,0,7.0,0.2395571428571428,0.0,0.2857142857142857,0.0,0.0,1.0,1.0,0.0,0.3661402926168479,0.0,0.0,0.0,0.0,1.0,fear,0.0,1.0,1.0,0.0,1.0,0.0,0.0,1.0,1,0,0,0,1,1,1,0,0,0,0,1,0,0,1,1,0,0,0,1,1,1,1,1,0,1,0,0,0,1,0,0,1,1,0,0,0,0,1,0,0,0,0,0,0,0,0,0,1,1,1,1,1,1,1,1,1,1,0,0,0,1,0,0,0,1,0,0,0,0,0,1,0,0,0,0,0,1
2020-05-11,United Arab Emirates,-51.0,-22.0,-66.0,-61.0,-43.0,28.0,1,1,1,1,0,1,0,6.0,0.1864333333333333,0.1666666666666666,0.5,0.0,0.0,0.0,0.0,0.0,0.4779330938763523,0.0,0.0,0.0,0.0,1.0,fear,0.0,1.0,0.0,0.0,1.0,0.0,1.0,1.0,0,0,0,0,1,1,1,0,0,0,0,1,1,1,1,0,0,0,0,1,1,0,1,0,1,0,0,0,1,0,1,1,1,0,0,0,0,0,1,0,0,0,0,0,0,0,0,0,1,1,1,1,1,1,1,1,1,1,0,0,0,1,0,0,0,1,0,0,0,1,1,1,0,0,0,0,1,1
2020-05-12,United Arab Emirates,-50.0,-20.0,-66.0,-61.0,-43.0,28.0,1,1,1,1,0,1,0,6.0,0.1517833333333333,0.1666666666666666,0.5,0.0,0.0,0.0,0.0,0.0,0.4790629444261184,0.0,0.0,0.0,0.0,1.0,fear,0.0,1.0,1.0,0.0,0.0,0.0,0.0,0.0,0,0,0,0,1,1,1,0,0,0,0,0,0,1,0,1,0,0,0,1,1,1,0,1,1,0,1,1,0,0,0,0,0,1,0,0,0,1,0,1,0,0,1,0,0,0,0,0,1,1,1,1,1,1,1,1,1,1,0,0,1,1,0,1,1,0,0,0,1,0,1,1,0,1,0,0,1,1
2020-05-13,United Arab Emirates,-51.0,-21.0,-66.0,-61.0,-43.0,28.0,1,1,1,1,0,1,0,6.0,-0.0338166666666666,0.3333333333333333,0.1666666666666666,0.0,0.0,0.0,0.0,0.0,0.3872428024580386,0.0,0.0,0.0,0.0,1.0,fear,0.0,1.0,1.0,0.0,1.0,0.0,1.0,1.0,0,0,0,0,1,1,1,0,0,0,0,0,0,0,1,1,0,0,0,0,1,1,0,1,1,0,0,0,0,1,1,1,1,0,0,0,0,0,0,1,0,0,0,0,0,0,0,0,1,1,1,1,1,1,1,1,1,1,0,0,1,0,1,0,0,0,1,0,0,0,0,1,0,0,0,0,0,1
2020-05-14,United Arab Emirates,-53.0,-20.0,-67.0,-61.0,-43.0,29.0,1,1,1,1,0,1,0,7.0,0.4705857142857143,0.0,0.5714285714285714,0.0,1.0,1.0,1.0,0.0,0.3215626196673782,1.0,0.0,0.0,0.0,1.0,fear,0.0,1.0,1.0,0.0,1.0,0.0,0.0,1.0,0,1,0,0,1,1,1,0,0,0,0,0,1,1,1,1,0,0,0,1,1,1,0,0,1,0,0,0,0,0,1,1,0,1,0,0,0,1,1,1,0,0,0,0,0,0,0,0,1,1,1,1,1,1,1,1,1,1,0,0,0,0,0,0,0,0,1,0,0,0,0,1,0,0,0,0,0,1
2020-05-15,United Arab Emirates,-62.0,-32.0,-80.0,-70.0,-35.0,21.0,1,1,1,1,0,1,0,4.0,-0.3198,0.5,0.0,1.0,0.0,1.0,0.0,1.0,0.3325545669510494,0.0,0.0,0.0,0.0,1.0,fear,0.0,1.0,0.0,0.0,0.0,0.0,0.0,0.0,0,1,0,0,1,1,1,0,0,0,1,0,1,1,0,1,0,0,0,1,0,1,1,0,0,0,0,0,1,0,0,1,1,1,0,0,0,0,0,1,1,0,0,0,0,0,0,0,1,1,1,1,1,1,1,1,1,1,0,0,1,0,0,0,1,0,0,0,0,0,1,0,0,1,0,0,1,0
2020-05-16,United Arab Emirates,-51.0,-21.0,-68.0,-61.0,-29.0,21.0,1,1,1,1,0,1,0,6.0,-0.3570333333333333,0.5,0.0,1.0,0.0,0.0,0.0,0.0,0.3106362002228473,0.0,0.0,0.0,0.0,1.0,fear,0.0,1.0,0.0,0.0,0.0,0.0,0.0,0.0,1,1,0,0,1,1,1,1,0,0,0,0,0,0,1,0,0,0,0,0,1,1,1,0,1,1,0,1,0,0,0,0,1,0,0,0,0,0,1,0,0,0,0,0,0,0,0,0,1,1,1,1,1,1,1,1,1,1,0,0,1,1,0,0,1,1,0,0,1,1,1,0,0,1,0,0,1,1
2020-05-17,United Arab Emirates,-47.0,-16.0,-64.0,-60.0,-41.0,27.0,1,1,1,1,0,1,0,4.0,0.123,0.25,0.25,0.0,0.0,1.0,1.0,0.0,0.537452328118504,0.0,0.0,0.0,0.0,1.0,fear,0.0,1.0,0.0,0.0,1.0,0.0,0.0,1.0,1,0,0,0,1,1,1,1,0,0,0,1,0,0,1,1,0,0,0,0,1,1,0,1,1,0,0,0,0,1,1,0,1,1,0,0,0,0,0,0,0,1,0,0,0,0,0,0,1,1,1,1,1,1,1,1,1,1,0,0,1,0,1,0,0,0,0,0,0,0,1,1,1,0,0,0,1,0
2020-05-18,United Arab Emirates,-48.0,-18.0,-64.0,-59.0,-42.0,27.0,1,1,1,1,0,1,0,11.0,0.4103454545454545,0.1818181818181818,0.6363636363636364,0.0,1.0,1.0,1.0,0.0,0.5263993616389407,0.0,0.0,1.0,0.0,0.0,sadness,0.0,1.0,1.0,0.0,1.0,0.0,1.0,1.0,0,0,0,0,1,1,1,0,1,0,0,0,0,1,0,1,0,0,0,1,0,1,1,1,0,0,1,0,1,0,0,0,0,0,0,0,0,0,0,1,0,0,0,0,0,0,0,0,1,1,1,1,1,1,1,1,1,1,0,0,0,0,0,0,0,0,0,0,0,1,1,1,0,0,0,0,1,0
2020-05-19,United Arab Emirates,-49.0,-19.0,-65.0,-60.0,-42.0,27.0,1,1,1,1,0,1,0,9.0,-0.0728888888888888,0.3333333333333333,0.2222222222222222,0.0,0.0,1.0,0.0,1.0,0.457860770794025,0.0,0.0,0.0,0.0,1.0,fear,0.0,1.0,1.0,0.0,1.0,1.0,1.0,1.0,0,0,0,0,0,1,1,0,1,0,1,0,0,1,0,0,0,0,0,1,0,0,1,0,0,0,0,0,1,0,0,1,0,1,0,0,0,1,0,0,0,0,0,0,0,0,0,0,1,1,1,1,1,1,1,1,1,1,0,0,0,0,0,0,0,0,0,0,0,1,1,1,0,0,0,0,1,1
2020-05-20,United Arab Emirates,-53.0,-22.0,-67.0,-61.0,-44.0,28.0,1,1,1,1,0,1,0,4.0,0.114225,0.25,0.25,0.0,0.0,0.0,0.0,0.0,0.5233947954221555,0.0,0.0,0.0,0.0,1.0,fear,0.0,1.0,0.0,0.0,1.0,0.0,0.0,1.0,0,0,0,0,1,1,1,0,0,0,0,0,0,1,1,1,1,0,0,1,1,1,1,1,0,1,0,0,0,1,0,1,0,1,0,0,0,1,0,1,0,0,0,0,0,0,0,0,1,1,1,1,1,1,1,1,1,1,0,0,0,1,0,1,0,0,0,0,0,0,0,1,1,1,0,0,0,1
2020-05-21,United Arab Emirates,-53.0,-20.0,-69.0,-61.0,-43.0,30.0,1,1,1,1,0,1,0,4.0,-0.028,0.25,0.25,0.0,0.0,0.0,0.0,0.0,0.3932302696894022,0.0,0.0,0.0,0.0,1.0,fear,0.0,1.0,0.0,0.0,1.0,0.0,0.0,1.0,0,0,0,0,1,0,1,0,0,0,0,1,1,1,1,1,0,0,0,1,1,1,0,1,1,0,0,0,0,1,1,0,1,1,0,0,0,0,1,0,0,0,1,0,0,0,0,0,1,1,1,1,1,1,1,1,1,1,0,0,1,0,0,0,1,0,0,0,1,0,0,1,1,1,0,0,1,1
2020-05-22,United Arab Emirates,-59.0,-27.0,-81.0,-69.0,-33.0,21.0,1,1,1,1,0,1,0,4.0,0.04065,0.25,0.25,0.0,0.0,0.0,0.0,0.0,0.2945705390903849,0.0,0.0,0.0,0.0,1.0,fear,0.0,1.0,1.0,0.0,0.0,1.0,0.0,0.0,0,0,0,0,1,1,1,0,0,1,0,0,0,1,1,0,0,1,0,1,1,0,0,1,1,0,1,1,0,0,0,0,1,0,0,0,0,0,1,0,0,0,0,0,0,0,0,0,1,1,1,1,1,1,1,1,1,1,0,0,0,1,0,0,0,1,0,0,0,1,1,0,0,1,0,0,0,1
2020-05-23,United Arab Emirates,-52.0,-17.0,-73.0,-66.0,-47.0,25.0,1,1,1,1,0,1,0,4.0,0.325075,0.0,0.25,0.0,1.0,1.0,1.0,0.0,0.3233496665762932,0.0,0.0,1.0,0.0,0.0,sadness,0.0,1.0,0.0,0.0,1.0,1.0,0.0,0.0,1,0,0,0,1,1,1,0,0,1,0,0,0,0,1,0,1,0,0,0,1,0,0,0,0,0,0,0,0,0,0,1,0,0,0,0,0,0,0,0,0,0,0,0,0,0,0,0,1,1,1,1,1,0,1,1,1,0,0,1,0,0,0,0,0,0,0,0,1,1,1,1,0,0,0,0,0,0
2020-05-24,United Arab Emirates,-56.0,-31.0,-68.0,-72.0,-77.0,36.0,1,1,1,1,0,1,0,2.0,0.2899,0.0,0.5,0.0,0.0,0.0,0.0,0.0,0.4825,0.0,0.0,0.0,0.0,1.0,fear,0.0,1.0,0.0,0.0,0.0,0.0,0.0,1.0,1,0,0,0,0,1,1,0,0,0,1,0,0,0,1,1,1,0,0,1,1,1,1,0,1,0,0,0,1,0,1,0,0,0,0,0,0,0,0,0,0,0,0,0,0,0,0,0,1,1,1,1,1,1,1,1,1,1,0,0,0,1,0,1,0,0,0,0,1,0,1,0,0,1,0,0,1,0
2020-05-25,United Arab Emirates,-52.0,-23.0,-65.0,-69.0,-73.0,34.0,1,1,1,1,0,1,0,3.0,0.4098666666666666,0.0,0.6666666666666666,0.0,1.0,0.0,0.0,0.0,0.3534339102136196,0.0,0.0,0.0,0.0,1.0,fear,0.0,1.0,1.0,0.0,0.0,0.0,0.0,1.0,0,0,0,0,1,1,0,0,0,0,0,0,1,1,0,1,0,1,0,0,0,1,0,0,1,0,0,0,0,0,1,0,1,1,0,0,0,0,0,1,0,0,0,0,0,0,0,0,1,1,1,1,1,1,1,1,1,1,0,0,1,1,1,0,0,1,0,0,0,0,1,0,1,1,0,0,1,0
2020-05-26,United Arab Emirates,-50.0,-23.0,-66.0,-66.0,-63.0,31.0,1,1,1,1,0,1,0,3.0,0.3852,0.0,0.6666666666666666,0.0,1.0,0.0,0.0,0.0,0.2897415860153089,0.0,0.0,0.0,0.0,1.0,fear,0.0,0.0,1.0,0.0,1.0,0.0,0.0,1.0,0,0,0,0,1,0,1,0,0,0,1,1,0,1,0,1,0,1,1,0,1,1,0,1,1,0,0,1,0,1,0,1,0,1,0,0,0,0,0,1,0,0,0,0,0,0,0,0,1,1,1,1,1,1,1,1,1,1,0,0,0,1,0,0,0,1,0,0,0,1,1,1,1,0,0,0,1,1
2020-05-27,United Arab Emirates,-44.0,-18.0,-63.0,-55.0,-38.0,23.0,1,1,1,1,0,1,0,6.0,-0.0839166666666666,0.3333333333333333,0.1666666666666666,0.0,0.0,1.0,0.0,1.0,0.4686433911361127,1.0,0.0,0.0,0.0,1.0,fear,0.0,1.0,1.0,0.0,1.0,1.0,0.0,1.0,0,1,0,0,1,1,1,0,0,0,1,0,0,1,1,1,0,0,0,1,0,1,0,0,0,0,0,0,0,0,0,1,0,0,0,0,0,0,0,0,0,0,0,0,0,0,0,0,1,1,1,1,1,1,1,1,1,1,0,0,1,1,0,0,1,1,0,0,1,1,0,1,1,0,0,0,1,0
2020-05-28,United Arab Emirates,-46.0,-19.0,-64.0,-56.0,-37.0,25.0,1,1,1,1,0,1,0,7.0,0.0998142857142857,0.2857142857142857,0.4285714285714285,0.0,0.0,0.0,0.0,0.0,0.7568807972359252,0.0,1.0,0.0,1.0,0.0,anxiety,1.0,1.0,1.0,0.0,1.0,1.0,1.0,1.0,0,1,0,0,1,1,1,0,0,0,0,1,0,1,1,1,1,0,0,1,0,1,1,0,0,1,0,0,0,0,0,1,1,0,0,0,0,0,0,0,1,0,0,0,0,0,0,0,1,1,1,1,0,1,1,1,0,1,1,0,0,1,0,1,0,0,0,1,1,0,1,0,0,0,0,0,0,0
2020-05-29,United Arab Emirates,-55.0,-29.0,-73.0,-64.0,-29.0,19.0,1,1,1,1,0,1,0,4.0,0.5087,0.0,1.0,0.0,1.0,1.0,1.0,0.0,0.1613396262546805,0.0,0.0,0.0,0.0,1.0,fear,0.0,1.0,1.0,0.0,1.0,1.0,0.0,0.0,0,0,0,0,0,1,1,0,0,0,0,1,0,1,1,0,1,0,1,1,1,0,0,0,0,0,0,0,0,0,0,1,1,1,0,0,0,1,0,0,0,0,0,1,0,0,0,0,1,1,1,1,1,1,1,1,1,1,0,0,1,1,1,0,0,1,0,0,0,1,0,0,1,1,0,0,0,0
2020-05-30,United Arab Emirates,-42.0,-17.0,-62.0,-55.0,-20.0,16.0,1,1,0,1,0,0,1,3.0,0.4831333333333333,0.0,0.6666666666666666,0.0,1.0,0.0,0.0,0.0,0.3422807554560372,0.0,0.0,0.0,0.0,1.0,fear,0.0,1.0,0.0,0.0,0.0,0.0,0.0,1.0,1,0,0,0,1,1,0,0,0,0,1,0,1,0,1,0,1,1,1,1,1,1,1,1,1,0,1,0,1,0,1,1,1,0,0,0,0,0,0,0,0,1,0,0,0,0,0,0,1,1,1,1,1,0,1,1,1,0,0,1,1,1,0,1,1,0,0,0,0,0,0,1,1,1,0,0,0,0
2020-05-31,United Arab Emirates,-35.0,-9.0,-58.0,-52.0,-32.0,20.0,1,1,1,1,0,1,0,3.0,-0.2481666666666666,0.6666666666666666,0.3333333333333333,0.0,0.0,1.0,0.0,1.0,0.537750167105713,0.0,0.0,0.0,0.0,1.0,fear,0.0,1.0,1.0,0.0,0.0,1.0,0.0,0.0,1,0,0,0,1,0,1,0,0,0,1,0,0,1,1,1,0,1,0,0,1,0,0,0,0,0,0,0,0,0,0,0,1,0,0,0,0,0,1,0,0,0,0,0,1,0,0,0,1,1,1,1,1,1,1,1,1,1,0,0,1,1,0,0,1,1,0,0,1,1,1,1,0,1,0,0,1,0
2020-06-01,United Arab Emirates,-37.0,-10.0,-57.0,-51.0,-32.0,20.0,1,1,1,1,0,1,0,2.0,0.10115,0.0,0.0,0.0,0.0,1.0,1.0,0.0,0.10115,0.0,0.0,0.0,0.0,1.0,fear,0.0,1.0,1.0,0.0,0.0,1.0,0.0,0.0,0,0,0,0,1,1,1,0,0,0,0,1,1,0,0,1,1,1,0,0,1,0,1,1,0,1,0,0,0,1,0,1,1,1,0,0,0,0,0,0,0,0,0,0,0,0,0,0,1,1,1,1,1,1,1,1,1,1,0,0,1,0,0,0,1,0,0,0,1,1,1,1,0,1,0,0,0,0
2020-06-02,United Arab Emirates,-38.0,-12.0,-58.0,-52.0,-32.0,21.0,1,1,1,1,0,1,0,7.0,0.5314714285714286,0.0,0.5714285714285714,0.0,1.0,1.0,1.0,0.0,0.3696491684761404,0.0,0.0,0.0,0.0,1.0,fear,0.0,1.0,1.0,0.0,1.0,0.0,0.0,1.0,0,0,0,0,1,1,1,0,0,0,0,1,1,0,1,1,1,0,0,0,0,1,1,0,0,0,0,0,1,0,0,1,0,1,0,0,0,0,0,0,0,0,0,0,0,0,0,0,1,1,1,1,1,1,1,1,1,1,0,0,1,1,1,1,0,0,1,0,0,0,0,1,0,1,0,0,0,1
2020-06-03,United Arab Emirates,-38.0,-12.0,-57.0,-51.0,-32.0,21.0,1,1,1,1,0,1,0,2.0,0.905,0.0,1.0,0.0,1.0,1.0,1.0,0.0,0.0936,0.0,0.0,0.0,1.0,0.0,anxiety,0.0,1.0,0.0,0.0,0.0,0.0,0.0,1.0,0,0,0,0,1,1,1,0,0,0,1,0,0,1,0,1,0,1,1,1,0,1,1,1,1,0,1,1,1,0,0,1,1,1,0,0,0,0,0,0,0,0,1,0,0,0,0,0,1,1,1,1,1,1,1,1,1,1,0,0,1,1,0,1,1,0,0,1,1,0,0,0,1,0,0,0,0,1
2020-06-04,United Arab Emirates,-41.0,-14.0,-60.0,-52.0,-31.0,23.0,1,1,1,1,0,1,0,1.0,-0.743,1.0,0.0,1.0,0.0,1.0,0.0,1.0,0.0,1.0,0.0,0.0,0.0,1.0,fear,0.0,1.0,0.0,0.0,0.0,0.0,0.0,0.0,0,1,0,0,0,1,0,0,0,0,1,0,0,1,0,1,0,1,1,0,0,1,1,1,0,0,0,0,1,1,0,0,1,1,0,0,0,0,0,1,0,0,0,1,0,1,0,0,1,1,1,1,0,1,1,1,0,1,1,0,1,1,1,0,0,1,0,0,0,0,1,1,1,1,0,0,0,1
2020-06-05,United Arab Emirates,-49.0,-23.0,-68.0,-61.0,-26.0,17.0,1,1,1,1,0,1,0,2.0,0.3274999999999999,0.0,0.5,0.0,1.0,1.0,1.0,0.0,0.3532999999999999,0.0,0.0,0.0,0.0,1.0,fear,0.0,1.0,0.0,0.0,0.0,1.0,0.0,0.0,0,0,0,0,1,1,1,1,0,0,0,1,1,0,1,0,0,0,1,0,1,1,1,1,1,1,0,0,0,1,1,0,1,1,0,0,0,0,0,0,1,0,0,0,0,0,0,0,1,1,1,1,1,0,1,1,1,0,0,1,1,1,0,0,1,1,0,0,1,1,1,1,1,1,0,0,0,0
2020-06-06,United Arab Emirates,-39.0,-15.0,-60.0,-54.0,-18.0,16.0,1,1,0,1,0,0,1,3.0,0.0215999999999999,0.3333333333333333,0.3333333333333333,0.0,0.0,1.0,0.0,1.0,0.7338830015745017,0.0,0.0,0.0,0.0,1.0,fear,0.0,1.0,1.0,0.0,0.0,1.0,0.0,1.0,1,0,0,0,1,0,1,0,0,0,1,1,1,0,1,1,1,0,0,0,0,0,1,1,0,0,0,0,1,1,0,0,0,0,0,0,0,0,0,0,0,0,0,0,1,0,0,0,1,1,1,1,1,0,1,1,1,0,0,1,0,0,0,0,0,0,0,0,1,1,1,1,1,0,0,0,0,0
2020-06-07,United Arab Emirates,-35.0,-9.0,-56.0,-51.0,-30.0,20.0,1,1,1,1,0,1,0,3.0,0.5647666666666666,0.0,1.0,0.0,1.0,1.0,1.0,0.0,0.2846373169881669,0.0,0.0,0.0,0.0,1.0,fear,0.0,1.0,1.0,0.0,0.0,1.0,0.0,1.0,1,0,0,0,1,1,1,0,1,0,0,0,0,1,0,0,1,0,1,0,0,0,1,1,1,1,1,1,0,0,0,1,0,1,0,0,0,0,0,0,0,1,0,0,0,0,0,0,1,1,1,1,1,1,1,1,1,1,0,0,1,1,1,1,0,0,0,0,0,0,1,1,1,1,0,0,1,1
2020-06-08,United Arab Emirates,-37.0,-13.0,-56.0,-50.0,-29.0,20.0,1,1,1,1,0,1,0,4.0,0.590925,0.0,0.75,0.0,1.0,0.0,0.0,0.0,0.4683073209709624,0.0,0.0,0.0,0.0,1.0,fear,0.0,1.0,1.0,0.0,0.0,1.0,0.0,1.0,0,0,0,0,1,1,1,0,0,0,1,1,0,1,0,0,1,1,1,0,0,0,1,1,1,0,0,0,1,1,1,1,0,1,0,0,0,0,0,0,0,0,0,0,0,0,0,0,1,1,1,1,1,1,1,1,1,1,0,0,1,1,1,0,0,1,1,0,0,1,0,1,0,0,0,0,1,1
2020-06-09,United Arab Emirates,-39.0,-14.0,-57.0,-52.0,-29.0,20.0,1,1,1,1,0,1,0,2.0,-0.0843,0.5,0.5,0.0,0.0,1.0,0.0,1.0,0.9011,0.0,0.0,0.0,0.0,1.0,fear,0.0,0.0,1.0,0.0,1.0,1.0,0.0,1.0,0,0,0,0,1,1,1,0,0,0,1,0,1,1,1,1,1,1,0,0,0,1,0,1,1,0,1,0,0,0,1,1,1,1,0,0,0,0,0,0,0,0,0,0,0,0,0,0,1,1,1,1,1,1,1,1,1,1,0,0,1,1,0,0,1,1,0,0,0,1,1,1,1,0,0,0,1,1
2020-06-10,United Arab Emirates,-38.0,-13.0,-56.0,-52.0,-30.0,20.0,1,1,1,1,0,1,0,3.0,-0.489,0.6666666666666666,0.0,1.0,0.0,1.0,0.0,1.0,0.5068642092973883,1.0,0.0,0.0,0.0,1.0,fear,0.0,1.0,1.0,0.0,1.0,0.0,1.0,0.0,0,1,0,0,1,1,0,0,0,0,0,1,1,1,1,1,1,1,0,1,0,0,1,1,1,1,0,0,0,1,1,1,1,0,0,0,0,0,0,0,0,0,0,0,0,1,0,0,1,1,1,1,0,1,1,1,0,1,1,0,1,1,0,1,1,0,0,0,1,0,1,0,1,0,0,0,0,0
2020-06-11,United Arab Emirates,-40.0,-13.0,-57.0,-52.0,-29.0,22.0,1,1,1,1,0,1,0,7.0,0.2569571428571428,0.0,0.2857142857142857,0.0,0.0,1.0,1.0,0.0,0.2488758488951174,0.0,0.0,0.0,0.0,1.0,fear,0.0,1.0,1.0,0.0,1.0,1.0,0.0,1.0,0,0,0,0,1,1,1,1,0,1,0,1,0,0,1,0,0,1,0,1,0,0,1,0,1,1,0,1,0,0,0,1,1,0,0,0,0,1,0,0,1,0,1,0,0,0,0,0,1,1,1,1,0,1,1,1,0,1,1,0,0,0,0,0,0,0,0,0,1,0,1,0,0,0,0,0,0,0
2020-06-12,United Arab Emirates,-48.0,-23.0,-66.0,-60.0,-23.0,16.0,1,1,0,1,0,0,1,4.0,0.705575,0.0,0.75,0.0,1.0,1.0,1.0,0.0,0.4135075838179997,0.0,0.0,0.0,0.0,1.0,fear,0.0,1.0,0.0,0.0,0.0,1.0,0.0,1.0,0,0,0,0,1,1,1,0,0,0,0,0,1,1,1,0,1,1,1,1,1,0,1,1,1,0,1,0,1,0,1,1,1,0,0,0,0,0,0,0,0,0,0,0,0,0,0,0,1,1,1,1,1,0,1,1,1,0,0,1,1,0,1,0,0,0,0,0,0,0,1,0,1,1,0,0,1,0
2020-06-13,United Arab Emirates,-38.0,-15.0,-57.0,-53.0,-16.0,15.0,1,1,0,1,0,0,1,1.0,0.6767,0.0,1.0,0.0,1.0,0.0,0.0,0.0,0.0,0.0,0.0,0.0,0.0,1.0,fear,0.0,0.0,1.0,0.0,0.0,0.0,0.0,1.0,1,0,0,0,1,1,1,0,1,0,1,0,0,1,0,1,1,0,1,0,1,0,1,1,1,0,1,1,1,0,0,0,1,1,0,0,0,0,1,0,0,1,0,0,0,0,0,0,1,1,1,1,1,0,1,1,1,0,0,1,1,1,0,1,1,0,0,1,1,0,1,0,0,1,0,0,1,0
2020-06-14,United Arab Emirates,-34.0,-10.0,-54.0,-50.0,-28.0,19.0,1,1,1,1,0,1,0,6.0,-0.0027499999999999,0.3333333333333333,0.3333333333333333,0.0,0.0,1.0,0.0,1.0,0.5598401579915467,1.0,0.0,0.0,1.0,1.0,fear,1.0,1.0,1.0,0.0,1.0,1.0,1.0,1.0,1,1,0,0,1,1,1,0,0,0,1,0,1,1,1,1,0,1,1,0,1,0,0,1,1,0,0,0,0,1,1,1,1,1,0,0,0,0,0,0,0,0,0,0,0,0,0,0,1,1,1,1,1,1,1,1,1,1,0,0,1,1,0,0,1,1,0,0,1,1,1,0,0,0,0,0,1,0
2020-06-15,United Arab Emirates,-36.0,-13.0,-53.0,-50.0,-27.0,19.0,1,1,1,1,0,1,0,3.0,0.3923333333333333,0.0,0.6666666666666666,0.0,1.0,1.0,1.0,0.0,0.2920540170737066,0.0,0.0,0.0,0.0,1.0,fear,0.0,1.0,0.0,0.0,1.0,0.0,0.0,1.0,0,0,0,0,1,1,1,0,0,0,0,1,1,1,1,1,1,1,1,1,0,0,1,1,0,1,0,0,0,1,0,1,0,1,0,0,0,1,0,0,1,0,0,1,0,0,0,0,1,1,1,1,1,1,1,1,1,1,0,0,1,1,1,1,0,0,0,0,0,0,0,1,0,0,0,0,0,0
2020-06-16,United Arab Emirates,-36.0,-12.0,-53.0,-50.0,-27.0,19.0,1,1,1,1,0,1,0,4.0,0.816525,0.0,1.0,0.0,1.0,1.0,1.0,0.0,0.0658889738499546,0.0,0.0,0.0,0.0,1.0,fear,0.0,1.0,1.0,0.0,1.0,0.0,1.0,1.0,0,0,0,0,1,1,1,0,0,0,1,1,0,1,1,1,0,0,1,1,0,1,1,0,1,0,0,1,1,0,0,0,1,1,0,0,0,0,0,0,0,0,0,0,0,0,0,0,1,1,1,1,1,1,1,1,1,1,0,0,0,0,0,0,0,0,0,0,0,0,0,0,0,1,0,1,0,1
2020-06-17,United Arab Emirates,-37.0,-12.0,-54.0,-50.0,-27.0,19.0,1,1,1,1,0,1,0,2.0,0.1591,0.0,0.5,0.0,0.0,1.0,0.0,1.0,0.1591,0.0,0.0,0.0,0.0,1.0,fear,0.0,0.0,1.0,0.0,0.0,0.0,0.0,0.0,0,0,0,0,1,1,1,0,0,1,1,0,0,1,1,0,0,1,0,1,1,1,1,1,1,0,1,1,1,0,0,1,1,1,0,0,0,1,1,1,0,1,1,0,1,0,0,0,1,1,1,1,0,1,1,1,0,1,1,0,0,1,0,0,0,1,0,0,0,0,0,1,1,1,0,1,0,1
2020-06-18,United Arab Emirates,-39.0,-14.0,-56.0,-51.0,-27.0,20.0,1,1,1,1,0,1,0,5.0,-0.04082,0.2,0.2,0.0,0.0,0.0,0.0,0.0,0.2978207071377005,0.0,0.0,0.0,0.0,1.0,fear,0.0,1.0,0.0,0.0,0.0,0.0,0.0,0.0,0,0,0,0,1,1,1,0,0,0,0,1,0,0,1,1,0,0,1,0,1,1,1,1,1,1,0,0,0,1,1,1,0,1,0,0,0,0,0,0,0,0,0,0,0,0,0,0,1,1,1,1,0,0,1,1,0,0,1,1,1,1,1,1,0,0,1,0,0,0,0,0,1,0,0,1,0,1
2020-06-19,United Arab Emirates,-46.0,-22.0,-66.0,-58.0,-21.0,16.0,1,1,0,1,0,0,1,4.0,-0.0434249999999999,0.5,0.5,0.0,0.0,0.0,0.0,0.0,0.4620532673566977,0.0,0.0,0.0,0.0,1.0,fear,0.0,1.0,1.0,0.0,0.0,1.0,0.0,0.0,0,0,0,0,1,1,1,0,0,0,0,1,1,0,1,1,0,0,1,0,1,0,0,1,1,0,0,0,0,1,1,0,1,0,0,0,0,0,1,0,0,0,0,0,0,0,0,0,1,1,1,1,1,0,1,1,1,0,0,1,1,0,0,0,1,0,0,0,1,0,0,0,0,1,0,0,0,1
2020-06-20,United Arab Emirates,-37.0,-15.0,-57.0,-52.0,-15.0,14.0,1,1,0,1,0,0,1,2.0,-0.31015,0.5,0.0,1.0,0.0,1.0,0.0,1.0,0.06015,0.0,0.0,0.0,0.0,1.0,fear,0.0,1.0,0.0,0.0,0.0,1.0,0.0,0.0,1,1,0,0,1,1,1,0,0,0,0,0,1,0,0,1,1,0,0,0,0,0,0,1,0,0,1,0,0,0,0,1,1,1,0,0,0,0,0,0,0,0,0,0,0,0,0,0,1,1,1,1,1,0,1,1,1,0,0,1,1,1,1,0,0,1,0,0,0,1,1,1,0,0,0,0,0,0
2020-06-21,United Arab Emirates,-33.0,-11.0,-52.0,-50.0,-27.0,18.0,1,1,1,1,0,1,0,1.0,0.9468,0.0,1.0,0.0,1.0,1.0,1.0,0.0,0.0,0.0,0.0,0.0,0.0,1.0,fear,0.0,0.0,0.0,0.0,0.0,0.0,0.0,0.0,1,0,0,0,1,1,1,1,0,0,0,0,0,0,0,1,1,0,1,0,0,1,1,0,1,1,0,1,0,0,0,0,0,1,0,0,0,0,0,1,0,0,1,0,0,1,0,0,1,1,1,1,1,0,1,1,1,0,0,1,0,0,0,0,0,0,0,0,0,1,0,0,1,0,1,0,1,1
2020-06-22,United Arab Emirates,-35.0,-13.0,-51.0,-48.0,-27.0,18.0,1,1,1,1,0,1,0,4.0,0.0372499999999999,0.25,0.25,0.0,0.0,1.0,0.0,1.0,0.5193737502993389,0.0,0.0,0.0,0.0,1.0,fear,0.0,1.0,0.0,0.0,0.0,0.0,1.0,1.0,0,0,0,0,1,1,1,0,0,0,1,0,1,0,0,1,0,1,0,0,0,1,1,0,1,0,0,0,1,0,1,0,1,0,0,0,0,0,0,0,0,0,0,0,0,0,0,0,1,1,1,1,1,0,1,1,1,0,0,1,1,0,0,0,1,0,0,0,0,0,1,0,1,0,1,0,1,1
2020-06-23,United Arab Emirates,-34.0,-12.0,-51.0,-48.0,-27.0,18.0,1,1,1,1,0,1,0,5.0,0.0358,0.4,0.4,0.0,0.0,0.0,0.0,0.0,0.4219367014138495,0.0,0.0,0.0,0.0,1.0,fear,0.0,1.0,1.0,1.0,1.0,1.0,0.0,0.0,0,0,0,0,1,1,1,0,1,0,0,0,1,1,0,1,0,1,0,0,0,1,1,1,1,1,1,0,0,0,1,0,0,1,0,0,0,1,0,1,0,0,0,0,0,0,0,0,1,1,1,1,0,0,1,1,0,0,1,1,1,1,1,1,0,0,0,1,0,0,0,0,0,0,1,0,1,1
2020-06-24,United Arab Emirates,-35.0,-12.0,-52.0,-48.0,-26.0,18.0,1,1,1,1,0,1,0,10.0,0.2935999999999999,0.1,0.5,0.0,0.0,1.0,1.0,0.0,0.5499518560746931,0.0,0.0,1.0,0.0,0.0,sadness,0.0,1.0,1.0,1.0,1.0,1.0,1.0,1.0,0,0,0,0,1,1,1,0,0,0,0,1,0,0,0,0,1,0,0,1,0,0,0,1,1,0,0,1,0,1,0,1,0,1,1,0,0,0,0,0,0,0,0,0,0,0,0,0,1,1,1,1,0,0,1,1,0,0,1,1,0,1,0,0,0,1,0,0,0,0,0,1,1,1,0,0,1,1
2020-06-25,United Arab Emirates,-33.0,-10.0,-53.0,-47.0,-25.0,19.0,1,1,0,1,0,0,1,5.0,0.06902,0.2,0.2,0.0,0.0,1.0,0.0,1.0,0.3606483184488734,0.0,0.0,0.0,0.0,1.0,fear,0.0,1.0,1.0,1.0,1.0,0.0,0.0,0.0,0,0,0,0,0,1,1,0,0,0,0,0,0,1,1,0,1,0,0,1,0,0,1,1,0,0,1,0,1,0,0,1,0,0,1,0,0,1,1,0,0,0,0,0,0,0,0,0,1,1,1,1,0,0,1,1,0,0,1,1,1,1,0,0,1,1,0,0,1,1,1,0,0,0,0,0,0,1
2020-06-26,United Arab Emirates,-40.0,-18.0,-62.0,-54.0,-18.0,14.0,1,1,0,1,0,0,1,4.0,0.074775,0.25,0.25,0.0,0.0,0.0,0.0,0.0,0.5074788782550462,0.0,0.0,0.0,0.0,1.0,fear,0.0,1.0,1.0,0.0,1.0,1.0,1.0,0.0,0,0,0,0,1,1,1,0,0,0,0,0,0,0,0,0,0,1,1,1,1,0,1,0,0,1,0,0,0,0,0,1,1,1,1,1,0,0,0,0,0,0,0,0,0,0,0,0,1,1,1,1,0,0,1,1,0,0,1,1,0,1,0,1,0,0,0,0,1,0,0,0,0,0,0,0,1,1
2020-06-27,United Arab Emirates,-32.0,-11.0,-55.0,-48.0,-14.0,13.0,1,1,0,1,0,0,1,3.0,0.4683,0.3333333333333333,0.6666666666666666,0.0,1.0,1.0,1.0,0.0,0.6043522207013611,0.0,0.0,0.0,0.0,1.0,fear,0.0,1.0,0.0,0.0,0.0,0.0,0.0,1.0,1,0,0,0,1,0,1,0,0,1,0,0,0,0,1,0,1,1,1,1,1,0,0,1,1,0,0,1,0,1,0,1,1,0,0,1,0,1,1,0,0,0,0,0,0,0,0,0,1,1,1,1,0,0,1,1,0,0,1,1,0,0,0,0,0,0,0,0,0,0,0,1,0,0,0,0,1,1
2020-06-28,United Arab Emirates,-28.0,-7.0,-51.0,-47.0,-24.0,16.0,1,1,0,1,0,0,1,4.0,0.38085,0.0,0.75,0.0,1.0,0.0,0.0,0.0,0.4238256097736426,0.0,0.0,0.0,0.0,1.0,fear,0.0,1.0,0.0,0.0,1.0,0.0,0.0,0.0,1,0,0,0,1,1,1,0,0,0,1,0,1,1,0,0,0,0,0,0,1,0,1,1,1,0,1,0,1,0,1,0,1,0,0,1,0,0,0,0,0,0,0,0,0,0,0,0,1,0,1,1,0,0,1,1,0,0,1,1,1,0,1,0,0,0,1,0,0,1,0,0,0,1,0,0,1,1
2020-06-29,United Arab Emirates,-29.0,-8.0,-49.0,-46.0,-24.0,16.0,1,1,0,1,0,0,1,5.0,0.29402,0.2,0.6,0.0,0.0,0.0,0.0,0.0,0.5432488983882066,0.0,0.0,0.0,0.0,1.0,fear,0.0,1.0,1.0,0.0,1.0,0.0,0.0,0.0,0,0,0,0,1,1,1,0,0,0,1,0,0,0,0,1,0,1,0,1,1,0,0,0,1,0,0,1,0,0,0,0,1,0,0,0,0,0,1,1,0,0,0,0,0,0,0,0,1,1,1,1,0,0,1,1,0,0,1,1,1,1,0,0,1,1,0,0,0,1,1,1,1,1,0,0,1,1
2020-06-30,United Arab Emirates,-28.0,-6.0,-46.0,-47.0,-24.0,15.0,1,1,0,1,0,0,1,2.0,-0.61215,1.0,0.0,1.0,0.0,1.0,0.0,1.0,0.0127499999999999,0.0,0.0,0.0,0.0,1.0,fear,0.0,1.0,0.0,0.0,1.0,0.0,0.0,0.0,0,1,0,0,1,1,1,0,0,0,0,1,0,0,1,0,0,0,1,1,0,1,0,1,0,0,0,0,0,1,0,1,0,1,0,0,1,0,0,0,0,0,0,0,0,0,0,0,1,1,1,1,0,0,1,1,0,0,1,1,1,1,0,1,1,0,0,0,1,0,0,1,0,0,0,0,1,0
2020-07-01,United Arab Emirates,-28.0,-6.0,-47.0,-47.0,-24.0,15.0,1,1,0,1,0,0,1,7.0,0.1780714285714285,0.2857142857142857,0.5714285714285714,0.0,0.0,1.0,1.0,0.0,0.7240668412600074,1.0,0.0,0.0,0.0,1.0,fear,0.0,1.0,1.0,0.0,1.0,1.0,1.0,1.0,0,1,0,0,1,1,0,1,0,0,0,1,0,0,0,1,0,0,1,1,1,1,1,0,1,1,0,0,0,0,1,0,0,1,0,0,1,0,0,1,0,0,0,0,0,0,0,0,1,1,1,1,0,0,1,1,0,0,1,1,1,0,1,0,0,0,0,0,0,1,0,1,0,0,0,0,1,1
2020-07-02,United Arab Emirates,-29.0,-5.0,-48.0,-47.0,-24.0,17.0,1,1,0,1,0,0,1,2.0,0.4506,0.0,0.5,0.0,1.0,1.0,1.0,0.0,0.4506,0.0,0.0,0.0,0.0,1.0,fear,0.0,1.0,1.0,0.0,1.0,0.0,0.0,0.0,0,0,0,0,1,1,1,0,0,0,0,0,0,1,0,0,1,0,0,1,1,1,1,0,1,0,0,1,1,0,0,1,1,1,0,0,1,1,0,0,1,0,0,0,0,0,0,0,1,1,1,1,0,0,1,1,0,0,1,1,0,1,0,0,0,1,0,0,0,1,1,0,0,0,0,0,1,0
2020-07-03,United Arab Emirates,-36.0,-14.0,-58.0,-54.0,-17.0,13.0,1,1,0,1,0,0,1,6.0,0.0636333333333333,0.3333333333333333,0.3333333333333333,0.0,0.0,1.0,0.0,1.0,0.4199349499889503,0.0,0.0,0.0,0.0,1.0,fear,0.0,1.0,1.0,0.0,1.0,0.0,1.0,0.0,0,0,0,0,1,1,1,0,1,0,1,0,0,0,0,0,0,0,1,1,1,1,1,1,0,0,1,0,1,0,0,1,0,1,0,0,0,0,0,1,0,0,0,0,0,0,0,0,0,1,1,1,0,0,1,1,0,0,1,1,0,1,0,1,0,0,0,1,1,0,0,1,1,0,0,0,1,0
2020-07-04,United Arab Emirates,-29.0,-8.0,-50.0,-49.0,-12.0,11.0,1,1,0,1,0,0,1,4.0,0.236175,0.0,0.25,0.0,0.0,0.0,0.0,0.0,0.4090670994775796,0.0,0.0,0.0,0.0,1.0,fear,0.0,1.0,1.0,0.0,1.0,0.0,0.0,1.0,1,0,0,0,1,1,1,0,0,0,0,0,1,0,1,1,0,1,0,1,1,0,1,1,1,1,0,0,0,1,1,1,1,0,0,0,0,1,1,0,0,1,0,0,0,0,0,0,1,1,1,1,0,0,1,1,0,0,1,1,1,0,0,0,1,0,0,0,1,0,1,1,1,0,0,0,1,0
2020-07-05,United Arab Emirates,-24.0,-3.0,-45.0,-47.0,-24.0,14.0,0,1,0,1,0,0,1,7.0,0.3094285714285714,0.1428571428571428,0.7142857142857143,0.0,1.0,0.0,0.0,0.0,0.4268885258113502,0.0,0.0,0.0,0.0,1.0,fear,0.0,1.0,1.0,0.0,1.0,1.0,0.0,0.0,1,0,0,0,1,1,1,0,0,0,0,1,1,1,0,0,0,0,0,1,1,1,0,1,0,0,0,0,0,1,0,1,1,0,0,0,0,0,0,0,0,0,0,0,0,0,0,0,1,0,1,1,0,0,1,1,0,0,1,1,1,1,1,0,0,1,0,0,0,1,1,1,0,0,0,0,0,0
2020-07-06,United Arab Emirates,-27.0,-6.0,-45.0,-46.0,-23.0,15.0,1,1,0,1,0,0,1,2.0,0.84345,0.0,1.0,0.0,1.0,1.0,1.0,0.0,0.1559499999999999,0.0,0.0,1.0,1.0,0.0,sadness,1.0,1.0,0.0,0.0,1.0,1.0,1.0,1.0,0,0,0,0,1,1,1,0,0,0,1,0,0,0,0,0,1,0,0,1,1,1,0,1,0,0,1,0,0,0,0,1,1,1,0,0,0,0,1,0,0,0,0,0,0,0,0,0,1,1,1,1,0,0,1,1,0,0,1,1,0,1,0,1,0,0,0,0,1,1,1,1,0,1,0,0,1,0
2020-07-07,United Arab Emirates,-27.0,-5.0,-45.0,-45.0,-24.0,15.0,1,1,0,1,0,0,1,2.0,0.2427,0.0,0.5,0.0,0.0,1.0,0.0,1.0,0.2427,0.0,0.0,0.0,0.0,1.0,fear,0.0,0.0,0.0,0.0,0.0,0.0,0.0,1.0,0,0,0,0,0,1,1,0,0,1,1,0,0,1,1,0,1,0,0,1,1,1,1,0,1,0,0,1,1,0,0,0,1,0,0,0,0,1,0,0,0,0,0,1,0,0,0,0,1,1,1,1,0,0,1,1,0,0,1,1,1,0,0,0,1,0,0,0,1,0,0,0,0,0,0,1,0,1
2020-07-08,United Arab Emirates,-29.0,-8.0,-46.0,-47.0,-23.0,15.0,1,1,0,1,0,0,1,3.0,0.3116,0.0,0.3333333333333333,0.0,1.0,0.0,0.0,0.0,0.4406689460354564,0.0,1.0,0.0,0.0,0.0,anger,0.0,1.0,0.0,0.0,1.0,0.0,1.0,1.0,0,1,0,0,1,1,1,0,0,0,0,1,0,1,0,1,0,1,1,0,1,1,1,0,1,1,0,0,0,0,1,0,1,1,0,0,0,0,0,1,0,0,1,0,0,0,0,0,1,1,1,1,0,0,1,1,0,0,1,1,1,0,1,0,0,0,1,0,0,0,1,1,0,1,0,0,0,1
2020-07-09,United Arab Emirates,-29.0,-7.0,-48.0,-46.0,-24.0,16.0,1,1,0,1,0,0,1,3.0,0.6164666666666666,0.0,1.0,0.0,1.0,1.0,1.0,0.0,0.1457208823592403,0.0,0.0,0.0,0.0,1.0,fear,0.0,1.0,0.0,0.0,0.0,0.0,0.0,0.0,0,0,0,0,0,0,1,0,0,0,1,1,1,1,1,0,0,1,0,1,1,1,0,1,1,0,0,0,0,1,1,0,0,1,0,0,0,1,1,0,0,0,0,0,1,0,0,0,1,1,1,1,0,0,1,1,0,0,1,1,0,0,0,0,0,0,0,0,0,0,1,1,0,0,0,0,0,1
2020-07-10,United Arab Emirates,-35.0,-14.0,-58.0,-54.0,-15.0,12.0,1,1,0,1,0,0,1,2.0,-0.3618,0.5,0.0,1.0,0.0,1.0,0.0,1.0,0.5544,0.0,0.0,0.0,0.0,1.0,fear,0.0,0.0,1.0,0.0,0.0,0.0,0.0,1.0,0,1,0,0,1,1,1,0,0,0,1,0,0,0,1,0,0,0,0,0,0,1,1,1,1,0,1,1,1,0,0,0,0,1,0,0,0,0,0,1,0,0,0,0,0,0,0,0,0,1,1,1,0,0,1,1,0,0,1,1,1,1,0,1,1,0,0,1,1,0,1,1,0,1,0,0,0,1
2020-07-11,United Arab Emirates,-28.0,-8.0,-50.0,-49.0,-11.0,11.0,1,1,0,1,0,0,1,1.0,-0.264,0.0,0.0,0.0,0.0,0.0,0.0,0.0,0.0,1.0,0.0,0.0,0.0,1.0,fear,0.0,1.0,0.0,0.0,0.0,0.0,0.0,1.0,1,1,0,0,1,0,1,1,0,0,0,1,0,1,1,1,0,0,0,0,1,1,1,0,0,1,0,0,0,0,0,1,0,1,0,0,0,0,1,0,0,0,0,0,0,0,0,0,1,1,1,1,0,0,1,1,0,0,1,1,1,1,1,0,0,1,0,0,1,0,1,1,1,1,0,1,0,1
2020-07-12,United Arab Emirates,-24.0,-4.0,-44.0,-45.0,-23.0,14.0,0,1,0,1,0,0,1,3.0,0.6562666666666667,0.0,1.0,0.0,1.0,1.0,1.0,0.0,0.0990165754922993,0.0,0.0,0.0,0.0,1.0,fear,0.0,1.0,1.0,0.0,0.0,0.0,0.0,1.0,1,0,0,0,1,1,1,0,0,0,0,1,1,1,0,0,0,0,1,0,0,1,0,1,0,0,0,0,0,1,0,0,0,1,0,0,0,0,0,0,1,0,0,0,0,0,0,0,1,0,1,1,0,0,1,1,0,0,1,1,0,0,0,0,0,0,0,0,0,0,0,0,0,0,1,0,1,0
2020-07-13,United Arab Emirates,-26.0,-7.0,-45.0,-45.0,-23.0,14.0,1,1,0,1,0,0,1,5.0,0.42004,0.2,0.8,0.0,1.0,1.0,0.0,1.0,0.5609447445158926,0.0,0.0,0.0,0.0,1.0,fear,0.0,1.0,1.0,0.0,0.0,1.0,0.0,1.0,0,0,0,0,1,1,0,0,1,0,1,0,1,1,1,1,0,0,1,0,0,1,1,1,1,0,1,0,1,0,1,1,1,0,0,0,0,0,0,1,0,0,0,0,0,1,0,0,1,0,1,1,0,0,1,1,0,0,1,1,0,1,0,0,0,1,0,0,0,1,1,0,1,0,0,0,1,0
2020-07-14,United Arab Emirates,-27.0,-7.0,-45.0,-46.0,-24.0,14.0,1,1,0,1,0,0,1,6.0,0.2784,0.0,0.3333333333333333,0.0,0.0,0.0,0.0,0.0,0.3944454377139293,0.0,0.0,0.0,0.0,1.0,fear,0.0,1.0,0.0,1.0,1.0,0.0,0.0,0.0,0,0,0,0,1,1,1,0,0,0,1,0,0,1,1,1,1,0,0,0,0,0,1,0,1,1,0,1,0,0,0,1,0,0,0,0,0,0,0,0,0,1,0,0,0,0,0,0,1,1,1,1,0,0,1,1,0,0,1,1,0,1,0,1,0,0,0,0,0,1,1,0,0,0,0,0,1,0
2020-07-15,United Arab Emirates,-26.0,-7.0,-43.0,-46.0,-23.0,14.0,1,1,0,1,0,0,1,9.0,0.2634555555555555,0.1111111111111111,0.4444444444444444,0.0,0.0,0.0,0.0,0.0,0.6085479367790385,0.0,0.0,1.0,0.0,0.0,sadness,0.0,1.0,1.0,0.0,1.0,1.0,1.0,1.0,0,0,0,0,1,1,0,0,0,0,0,1,1,0,1,1,0,0,0,1,0,1,0,1,0,0,0,0,0,1,0,0,1,0,1,0,0,0,0,1,0,0,0,0,0,0,0,0,1,1,1,1,0,0,1,1,0,0,1,1,1,1,1,0,0,1,1,0,0,1,1,1,1,0,0,1,1,0
2020-07-16,United Arab Emirates,-28.0,-6.0,-46.0,-46.0,-22.0,15.0,1,1,0,1,0,0,1,4.0,0.16915,0.0,0.25,0.0,0.0,0.0,0.0,0.0,0.4793536977013946,0.0,0.0,0.0,0.0,1.0,fear,0.0,1.0,0.0,0.0,1.0,0.0,0.0,1.0,0,0,0,0,0,1,1,0,0,0,0,1,1,1,1,0,1,1,0,1,0,0,0,1,1,0,1,0,0,0,1,1,1,0,0,0,0,1,0,0,0,0,0,0,0,0,0,0,1,1,1,1,0,0,1,1,0,0,1,1,1,1,0,1,1,0,0,0,0,1,1,1,1,0,1,0,1,0
2020-07-17,United Arab Emirates,-34.0,-14.0,-56.0,-54.0,-15.0,12.0,1,1,0,1,0,0,1,6.0,-0.3619166666666666,0.5,0.0,1.0,0.0,1.0,0.0,1.0,0.3783857045250109,0.0,0.0,0.0,0.0,1.0,fear,0.0,1.0,0.0,0.0,1.0,1.0,1.0,1.0,0,1,0,0,1,1,1,0,0,1,0,0,0,1,0,1,0,0,0,1,1,0,0,0,1,0,0,1,0,0,0,0,0,1,0,1,0,0,0,0,0,0,0,0,0,0,0,0,0,1,1,1,0,0,1,1,0,0,1,1,0,1,0,1,0,0,0,0,0,0,0,0,0,0,0,0,0,1
2020-07-18,United Arab Emirates,-28.0,-9.0,-48.0,-49.0,-11.0,11.0,1,1,0,1,0,0,1,4.0,0.0382,0.25,0.25,0.0,0.0,1.0,1.0,0.0,0.2730826248592172,0.0,0.0,0.0,0.0,1.0,fear,0.0,1.0,0.0,1.0,1.0,1.0,0.0,1.0,1,0,0,0,1,0,1,1,0,0,0,0,0,1,1,1,1,1,0,1,1,0,1,0,0,1,0,0,0,0,0,0,1,0,0,0,0,1,1,0,0,0,1,0,0,0,0,0,0,0,1,1,0,0,1,1,0,0,1,1,1,1,0,1,1,0,0,1,1,0,0,0,0,1,0,0,0,0
2020-07-19,United Arab Emirates,-23.0,-4.0,-42.0,-45.0,-22.0,13.0,0,1,0,1,0,0,1,0.0,0.0,0.0,0.0,0.0,0.0,0.0,0.0,0.0,0.0,0.0,0.0,0.0,0.0,0.0,0,0.0,0.0,0.0,0.0,0.0,0.0,0.0,0.0,1,0,0,0,1,1,1,0,0,0,0,0,1,1,1,1,1,0,0,1,1,0,1,0,1,0,0,0,1,0,1,0,0,1,1,0,0,0,0,0,0,0,0,0,0,0,0,0,1,0,1,1,0,0,1,1,0,0,1,1,1,1,1,0,0,1,0,0,1,1,0,0,0,0,0,1,0,0
2020-07-20,United Arab Emirates,-25.0,-7.0,-42.0,-45.0,-22.0,13.0,0,1,0,1,0,0,1,1.0,0.7271,0.0,1.0,0.0,1.0,1.0,1.0,0.0,0.0,0.0,0.0,0.0,0.0,1.0,fear,0.0,1.0,0.0,0.0,0.0,0.0,0.0,0.0,0,0,0,0,0,1,1,0,1,0,0,0,1,0,1,1,0,1,1,0,1,0,0,1,1,0,1,1,0,0,0,0,0,1,0,0,0,0,1,0,0,0,0,0,0,0,0,0,1,0,1,1,0,0,1,1,0,0,1,1,1,0,0,0,1,0,0,0,1,1,1,0,0,0,1,0,0,0
2020-07-21,United Arab Emirates,-27.0,-9.0,-44.0,-46.0,-23.0,13.0,1,1,0,1,0,0,1,3.0,0.4759666666666666,0.0,0.6666666666666666,0.0,1.0,1.0,0.0,1.0,0.1797134818413898,0.0,0.0,0.0,0.0,1.0,fear,0.0,1.0,0.0,0.0,0.0,0.0,0.0,0.0,0,0,0,0,1,1,1,0,0,0,1,0,0,0,1,0,0,1,0,0,1,1,1,1,0,0,0,0,1,1,0,0,0,0,0,1,1,0,0,0,0,0,0,0,0,0,0,0,1,0,1,1,0,0,1,1,0,0,1,1,1,1,1,1,0,0,0,0,1,1,1,1,0,0,0,0,0,0
2020-07-22,United Arab Emirates,-27.0,-9.0,-44.0,-45.0,-22.0,13.0,1,1,0,1,0,0,1,2.0,0.9773,0.0,1.0,0.0,1.0,1.0,1.0,0.0,0.0145,0.0,0.0,1.0,1.0,0.0,sadness,1.0,1.0,0.0,1.0,0.0,0.0,1.0,1.0,0,0,0,0,1,0,0,0,0,0,1,0,0,0,0,1,0,0,1,0,0,1,1,0,0,1,0,0,0,0,0,0,0,1,0,0,0,0,0,1,0,0,0,0,0,0,0,1,1,0,1,1,0,0,1,1,0,0,1,1,1,1,1,1,0,0,0,1,0,0,0,0,0,0,0,0,1,0
2020-07-23,United Arab Emirates,-27.0,-7.0,-45.0,-45.0,-22.0,14.0,1,1,0,1,0,0,1,3.0,0.4276,0.0,0.6666666666666666,0.0,1.0,1.0,0.0,1.0,0.3133795568741948,0.0,0.0,0.0,0.0,1.0,fear,0.0,1.0,0.0,0.0,0.0,0.0,0.0,1.0,0,0,0,0,0,1,1,0,0,0,1,1,0,1,0,1,0,0,0,0,0,1,1,1,0,0,0,0,1,1,0,0,0,0,1,0,0,1,0,0,0,0,0,1,0,0,0,1,0,0,1,1,0,1,1,1,0,0,1,1,1,1,1,0,0,1,1,0,0,0,0,1,1,0,0,0,0,1
2020-07-24,United Arab Emirates,-33.0,-15.0,-55.0,-52.0,-13.0,12.0,1,1,0,1,0,0,1,5.0,-0.17064,0.4,0.0,0.0,0.0,1.0,0.0,1.0,0.2741698568406089,0.0,0.0,0.0,0.0,1.0,fear,0.0,1.0,0.0,0.0,1.0,0.0,0.0,0.0,0,0,0,0,1,1,1,0,0,1,1,1,0,1,0,1,0,0,1,0,0,1,1,1,1,1,1,1,0,0,0,0,0,0,0,0,0,0,0,1,0,0,0,0,0,0,0,0,0,1,1,1,0,0,1,1,0,0,1,1,1,1,0,0,1,1,0,0,1,1,0,1,0,0,1,0,0,0
2020-07-25,United Arab Emirates,-25.0,-8.0,-46.0,-46.0,-11.0,10.0,0,1,0,1,0,0,1,2.0,-0.7242500000000001,1.0,0.0,1.0,0.0,1.0,0.0,1.0,0.1348499999999999,0.0,0.0,0.0,0.0,1.0,fear,0.0,1.0,1.0,0.0,0.0,1.0,0.0,0.0,1,1,0,0,1,0,1,0,0,0,0,1,0,0,1,1,0,0,1,1,0,1,1,1,1,1,0,0,0,1,1,0,0,0,0,1,1,0,1,0,0,0,0,0,1,0,0,0,0,0,1,1,0,1,1,1,0,0,1,1,0,1,0,1,0,0,0,1,1,0,0,1,0,0,0,0,0,1
2020-07-26,United Arab Emirates,-21.0,-3.0,-41.0,-43.0,-22.0,12.0,0,1,0,1,0,0,1,1.0,0.7901,0.0,1.0,0.0,1.0,1.0,1.0,0.0,0.0,0.0,0.0,0.0,0.0,1.0,fear,0.0,0.0,0.0,1.0,0.0,0.0,0.0,0.0,1,0,0,0,1,1,0,1,0,0,0,1,0,0,1,0,1,0,0,0,0,0,1,1,0,1,1,0,0,0,0,1,0,0,0,0,0,0,0,0,0,0,0,0,0,0,0,0,0,0,1,1,0,1,1,1,0,0,1,1,1,1,1,0,0,1,0,0,1,1,1,1,0,1,0,0,0,1
2020-07-27,United Arab Emirates,-21.0,-3.0,-41.0,-43.0,-22.0,12.0,0,1,0,1,0,0,1,1.0,0.9531,0.0,1.0,0.0,1.0,0.0,0.0,0.0,0.0,0.0,0.0,0.0,0.0,1.0,fear,0.0,1.0,0.0,0.0,0.0,0.0,0.0,0.0,0,0,0,0,1,1,1,0,0,0,1,0,1,0,0,0,0,0,0,0,1,0,1,1,1,0,1,0,1,0,1,0,0,0,1,0,0,0,0,0,0,0,0,0,0,0,1,0,0,0,1,1,0,0,1,1,0,0,1,1,1,1,1,1,0,0,1,0,0,0,0,0,0,0,0,0,0,1
2020-07-28,United Arab Emirates,-19.0,0.0,-42.0,-43.0,-22.0,11.0,0,1,0,1,0,0,1,1.0,0.7522,0.0,1.0,0.0,1.0,1.0,0.0,1.0,0.0,1.0,0.0,0.0,0.0,1.0,fear,0.0,1.0,0.0,0.0,0.0,0.0,0.0,1.0,0,1,0,0,1,1,1,0,1,0,1,0,1,0,0,0,0,1,0,0,0,0,0,1,1,0,1,1,0,0,0,0,1,0,0,0,0,0,0,0,0,0,0,0,0,0,1,0,0,0,1,1,1,0,1,1,0,0,1,1,1,0,0,0,1,0,0,0,0,0,1,0,0,0,0,1,1,1
2020-07-29,United Arab Emirates,-12.0,11.0,-39.0,-39.0,-22.0,9.0,0,1,0,1,1,0,1,1.0,-0.4404,1.0,0.0,1.0,0.0,1.0,0.0,1.0,0.0,0.0,0.0,0.0,0.0,1.0,fear,0.0,1.0,0.0,0.0,0.0,0.0,0.0,0.0,0,1,0,0,1,1,0,0,0,0,1,1,1,1,0,1,0,0,0,0,0,0,1,1,1,1,0,0,0,1,1,0,0,0,0,1,1,0,0,1,1,0,0,0,0,1,0,0,1,0,1,1,0,0,1,1,0,0,1,1,1,0,0,0,1,0,0,0,1,0,1,0,0,0,0,0,0,0
2020-07-30,United Arab Emirates,-21.0,13.0,-46.0,-51.0,-58.0,26.0,0,1,1,1,1,0,1,4.0,0.0175,0.25,0.5,0.0,0.0,1.0,1.0,0.0,0.6220115191859392,0.0,0.0,0.0,0.0,1.0,fear,0.0,1.0,1.0,0.0,1.0,0.0,1.0,1.0,0,0,0,0,1,1,1,1,0,0,0,1,1,0,0,1,0,0,0,0,0,0,1,0,1,1,0,1,0,0,0,0,0,0,0,0,0,0,0,0,0,0,0,0,0,0,0,0,0,0,1,1,1,0,1,1,0,0,1,1,1,0,1,0,0,0,1,0,0,0,1,0,0,0,0,0,1,0
2020-07-31,United Arab Emirates,-31.0,-15.0,-46.0,-47.0,-22.0,9.0,1,1,0,1,0,0,1,7.0,0.5301,0.0,0.7142857142857143,0.0,1.0,1.0,1.0,0.0,0.348473200445273,0.0,0.0,0.0,0.0,1.0,fear,0.0,1.0,1.0,0.0,0.0,0.0,1.0,1.0,0,0,0,0,1,1,1,0,0,0,0,1,0,1,1,0,0,0,0,1,0,1,1,1,1,0,1,1,1,0,0,1,0,0,0,0,0,1,0,0,0,1,0,0,0,0,0,0,0,1,1,1,1,0,1,1,0,0,1,1,1,0,0,0,1,0,0,0,1,0,1,0,1,0,0,1,1,0
2020-08-01,United Arab Emirates,-22.0,-6.0,-29.0,-49.0,-53.0,17.0,0,1,1,1,0,0,1,2.0,-0.46595,0.5,0.0,1.0,0.0,1.0,0.0,1.0,0.46595,0.0,0.0,0.0,0.0,1.0,fear,0.0,1.0,0.0,0.0,1.0,0.0,0.0,1.0,1,1,0,0,1,1,1,0,1,1,1,0,0,1,0,0,0,0,1,0,0,0,1,1,1,0,1,1,1,0,0,1,0,1,0,0,0,1,0,0,0,0,0,0,0,0,0,0,0,0,1,1,0,0,1,1,0,0,1,1,1,0,1,0,0,0,0,0,0,0,0,0,0,0,0,1,1,0
2020-08-02,United Arab Emirates,-15.0,5.0,-34.0,-53.0,-59.0,22.0,0,1,1,1,0,0,1,6.0,0.3196833333333333,0.1666666666666666,0.5,0.0,1.0,1.0,1.0,0.0,0.6220330897325498,1.0,0.0,1.0,0.0,1.0,fear,1.0,1.0,1.0,0.0,1.0,1.0,1.0,1.0,1,1,0,0,1,1,1,1,0,0,0,0,1,1,1,0,0,0,0,1,1,0,1,1,1,1,0,0,0,1,1,0,1,0,0,0,1,0,1,0,0,0,0,0,0,0,0,0,0,0,1,1,0,0,1,1,0,0,1,1,0,1,0,0,0,1,0,0,0,0,0,1,0,0,1,0,1,1
2020-08-03,United Arab Emirates,-22.0,-4.0,-41.0,-43.0,-23.0,12.0,0,1,0,1,0,0,1,5.0,-0.0064399999999999,0.2,0.2,0.0,0.0,1.0,0.0,1.0,0.2477562156637044,0.0,0.0,0.0,0.0,1.0,fear,0.0,1.0,0.0,0.0,1.0,0.0,0.0,0.0,0,0,0,0,1,1,1,0,0,0,1,1,1,1,1,0,1,0,0,1,0,0,1,1,0,0,0,0,1,1,0,1,1,0,0,0,0,1,1,0,1,0,0,0,0,0,0,0,0,0,1,1,0,0,1,1,0,0,1,1,0,1,0,1,0,0,0,0,0,0,0,0,0,0,0,1,0,1
2020-08-04,United Arab Emirates,-22.0,-4.0,-42.0,-42.0,-23.0,12.0,0,1,0,1,0,0,1,8.0,-0.0198624999999999,0.25,0.25,0.0,0.0,0.0,0.0,0.0,0.4887534243805868,0.0,0.0,0.0,1.0,0.0,anxiety,0.0,1.0,1.0,1.0,1.0,0.0,1.0,0.0,0,0,0,0,1,1,1,0,1,0,0,0,1,0,1,1,0,0,0,1,1,0,1,1,1,1,1,1,0,0,0,0,0,0,0,0,0,0,0,0,0,0,1,0,0,0,0,0,0,0,1,1,0,0,1,1,0,0,1,1,0,1,0,0,0,1,0,0,0,1,0,1,0,0,0,0,0,1
2020-08-05,United Arab Emirates,-22.0,-4.0,-42.0,-41.0,-22.0,12.0,0,1,0,1,0,0,1,0.0,0.0,0.0,0.0,0.0,0.0,0.0,0.0,0.0,0.0,0.0,0.0,0.0,0.0,0.0,0,0.0,0.0,0.0,0.0,0.0,0.0,0.0,0.0,0,0,0,0,0,1,1,0,0,1,0,1,0,0,1,0,0,1,0,1,1,0,0,1,1,0,0,1,0,1,0,1,1,0,1,0,0,1,1,0,0,1,0,1,0,0,0,0,1,0,1,1,0,0,1,1,0,0,1,1,0,1,0,1,0,0,0,0,0,1,0,1,0,0,1,1,0,1
2020-08-06,United Arab Emirates,-24.0,-6.0,-45.0,-42.0,-22.0,13.0,0,1,0,1,0,0,1,0.0,0.0,0.0,0.0,0.0,0.0,0.0,0.0,0.0,0.0,0.0,0.0,0.0,0.0,0.0,0,0.0,0.0,0.0,0.0,0.0,0.0,0.0,0.0,0,0,0,0,0,1,1,0,0,0,0,0,0,0,0,1,0,0,0,0,1,1,0,1,1,0,1,0,0,0,1,0,0,1,0,0,0,0,0,1,0,0,0,0,0,0,0,0,0,0,1,1,0,0,1,1,0,0,1,1,0,0,0,0,0,0,0,0,0,1,0,1,0,0,1,1,0,0
2020-08-07,United Arab Emirates,-33.0,-15.0,-57.0,-51.0,-14.0,11.0,1,1,0,1,0,0,1,4.0,-0.041875,0.25,0.25,0.0,0.0,0.0,0.0,0.0,0.3849352892045622,0.0,0.0,0.0,0.0,1.0,fear,0.0,1.0,0.0,1.0,0.0,0.0,0.0,0.0,0,0,0,0,0,0,1,0,0,0,0,0,1,0,0,1,0,0,0,0,1,0,0,0,1,0,0,0,0,0,1,0,1,1,0,1,0,0,1,1,0,0,0,0,1,0,0,0,0,1,1,1,0,0,1,1,0,0,1,1,1,1,0,0,1,1,0,0,0,1,1,1,0,1,0,0,1,0
2020-08-08,United Arab Emirates,-24.0,-7.0,-45.0,-44.0,-12.0,9.0,0,1,0,1,0,0,1,1.0,0.0,0.0,0.0,0.0,0.0,0.0,0.0,0.0,0.0,0.0,0.0,0.0,0.0,1.0,fear,0.0,1.0,1.0,1.0,0.0,0.0,0.0,0.0,1,0,0,0,1,0,1,0,0,1,0,0,0,0,0,1,0,0,0,0,0,1,0,0,1,0,0,1,0,0,0,0,0,0,1,0,0,0,0,0,0,0,0,0,0,0,0,0,0,0,1,1,0,0,1,0,0,0,1,1,1,1,1,1,0,0,0,0,0,1,0,1,0,0,1,0,1,1
2020-08-09,United Arab Emirates,-18.0,-1.0,-38.0,-41.0,-21.0,11.0,0,1,0,1,0,0,1,3.0,0.2970333333333333,0.3333333333333333,0.6666666666666666,0.0,0.0,1.0,1.0,0.0,0.7004650566270637,0.0,1.0,0.0,0.0,0.0,anger,0.0,1.0,1.0,0.0,1.0,0.0,0.0,1.0,1,1,0,0,1,0,1,0,0,0,0,0,1,0,0,1,0,0,1,0,0,1,0,0,1,0,0,0,0,0,1,1,0,1,1,0,0,0,0,1,0,0,1,0,0,0,0,0,0,0,1,1,0,0,1,1,0,0,1,1,1,1,0,0,1,1,0,0,1,1,1,0,0,0,0,0,1,0
2020-08-10,United Arab Emirates,-21.0,-5.0,-39.0,-40.0,-22.0,11.0,0,1,0,1,0,0,1,5.0,-0.0441199999999999,0.4,0.4,0.0,0.0,1.0,0.0,1.0,0.469591956489887,1.0,0.0,0.0,0.0,1.0,fear,0.0,1.0,1.0,1.0,1.0,0.0,1.0,0.0,0,1,0,0,0,1,1,0,0,0,0,0,0,1,0,0,0,0,0,1,0,1,1,0,1,0,0,1,1,0,0,1,0,0,0,1,0,0,0,0,0,0,0,0,0,0,0,0,0,0,1,1,0,0,1,1,0,0,1,1,1,1,1,1,0,0,0,0,1,0,1,0,0,0,1,0,1,1
2020-08-11,United Arab Emirates,-23.0,-6.0,-41.0,-43.0,-22.0,11.0,0,1,0,1,0,0,1,2.0,0.9775,0.0,1.0,0.0,1.0,1.0,1.0,0.0,0.0055,0.0,0.0,0.0,1.0,0.0,anxiety,0.0,1.0,0.0,0.0,1.0,0.0,1.0,1.0,0,0,0,0,1,1,0,0,0,0,0,0,0,0,0,0,0,0,0,1,0,1,1,0,0,1,0,0,0,0,0,1,1,1,1,1,1,1,0,1,1,0,0,0,0,1,0,0,0,0,1,1,0,0,1,1,0,0,1,1,0,1,0,0,0,1,0,0,1,1,1,1,0,0,1,0,0,1
2020-08-12,United Arab Emirates,-22.0,-6.0,-41.0,-43.0,-22.0,11.0,0,1,0,1,0,0,1,3.0,0.5514,0.0,0.6666666666666666,0.0,1.0,1.0,0.0,1.0,0.4058760730403637,0.0,0.0,0.0,0.0,1.0,fear,0.0,1.0,0.0,1.0,1.0,0.0,0.0,1.0,0,0,0,0,0,0,0,0,0,0,1,0,0,1,1,0,0,0,0,1,1,0,1,1,0,0,0,0,1,1,0,0,1,0,0,0,0,1,0,0,0,0,0,1,0,0,0,0,1,0,1,1,0,0,1,1,0,0,1,1,1,1,0,1,1,0,0,0,1,0,1,1,1,0,0,0,0,0
2020-08-13,United Arab Emirates,-23.0,-5.0,-42.0,-42.0,-22.0,12.0,0,1,0,1,0,0,1,3.0,0.5162333333333333,0.0,0.6666666666666666,0.0,1.0,0.0,0.0,0.0,0.5388404670112378,0.0,0.0,0.0,0.0,1.0,fear,0.0,1.0,0.0,1.0,0.0,0.0,0.0,1.0,0,0,0,0,1,1,0,0,0,0,1,0,0,1,0,0,0,0,0,1,1,0,1,1,0,1,1,0,0,0,0,0,1,0,1,1,0,0,1,0,0,1,0,0,0,0,0,0,0,1,1,1,0,0,0,1,0,0,1,1,1,0,1,0,0,0,0,0,1,1,1,1,0,1,0,0,1,1
2020-08-14,United Arab Emirates,-30.0,-12.0,-53.0,-49.0,-14.0,10.0,1,1,0,1,0,0,1,5.0,0.8820399999999999,0.0,1.0,0.0,1.0,1.0,1.0,0.0,0.0602637403419336,1.0,0.0,0.0,0.0,1.0,fear,0.0,1.0,1.0,0.0,0.0,1.0,0.0,1.0,0,1,0,0,1,0,1,0,0,0,1,1,0,1,1,0,0,0,0,0,1,0,0,1,0,0,0,0,0,1,0,0,0,0,1,0,1,0,1,0,0,0,0,0,1,0,0,0,0,1,1,1,0,0,1,1,0,0,1,1,1,1,0,0,1,1,0,0,1,1,0,0,0,0,0,0,0,1
2020-08-15,United Arab Emirates,-24.0,-7.0,-45.0,-43.0,-12.0,8.0,0,1,0,0,0,0,1,3.0,0.4712,0.3333333333333333,0.6666666666666666,0.0,1.0,1.0,0.0,1.0,0.5587785667566953,0.0,0.0,1.0,1.0,0.0,sadness,1.0,1.0,0.0,0.0,1.0,0.0,0.0,1.0,1,0,0,0,1,1,1,0,0,0,1,1,0,1,1,0,1,0,0,0,1,0,1,1,0,0,1,0,1,0,0,1,0,1,0,1,1,0,0,0,1,0,0,0,0,0,0,0,0,0,1,1,0,0,1,0,0,0,1,1,1,1,1,1,0,0,0,0,0,1,0,1,0,1,0,1,1,1
2020-08-16,United Arab Emirates,-19.0,-3.0,-39.0,-42.0,-22.0,10.0,0,1,0,1,0,0,1,1.0,0.8374,0.0,1.0,0.0,1.0,1.0,1.0,0.0,0.0,0.0,0.0,0.0,0.0,1.0,fear,0.0,1.0,1.0,0.0,0.0,0.0,1.0,0.0,1,0,0,0,0,1,0,0,0,0,1,1,0,1,1,1,0,0,0,1,0,1,1,0,1,1,0,0,0,0,1,0,0,1,0,1,0,0,0,0,0,0,0,1,0,0,0,0,0,0,1,1,0,1,1,1,0,0,1,1,1,0,0,0,1,0,0,0,1,0,1,0,0,0,0,1,1,1
2020-08-17,United Arab Emirates,-22.0,-6.0,-40.0,-42.0,-22.0,11.0,0,1,0,1,0,0,1,5.0,0.23124,0.2,0.4,0.0,0.0,1.0,0.0,1.0,0.6669195411741959,1.0,0.0,0.0,0.0,1.0,fear,0.0,1.0,0.0,0.0,1.0,0.0,0.0,0.0,0,1,0,0,1,1,1,0,0,0,1,1,0,0,1,0,0,1,0,0,0,1,1,1,1,0,0,1,1,1,0,1,1,1,0,0,1,1,0,1,0,1,1,0,0,0,0,0,0,0,1,1,0,0,1,1,0,0,1,1,1,1,1,1,0,0,0,1,0,0,1,0,0,0,0,0,0,1
2020-08-18,United Arab Emirates,-23.0,-7.0,-42.0,-42.0,-21.0,11.0,0,1,0,1,0,0,1,4.0,0.639525,0.0,0.75,0.0,1.0,1.0,1.0,0.0,0.3421529071555582,1.0,0.0,0.0,0.0,1.0,fear,0.0,1.0,1.0,0.0,1.0,0.0,1.0,1.0,0,1,0,0,1,0,0,0,0,0,0,1,1,0,1,1,0,0,0,1,1,1,1,1,1,1,1,0,0,0,1,0,0,0,0,0,0,0,0,1,1,0,0,0,1,1,0,0,1,0,1,1,0,0,1,1,0,0,1,1,0,1,0,0,0,1,0,1,1,0,1,0,1,1,0,1,1,0
2020-08-19,United Arab Emirates,-23.0,-7.0,-42.0,-42.0,-21.0,11.0,0,1,0,1,0,0,1,2.0,0.2033999999999999,0.5,0.5,0.0,0.0,1.0,0.0,1.0,0.7584,0.0,0.0,0.0,0.0,1.0,fear,0.0,1.0,1.0,0.0,0.0,0.0,0.0,1.0,0,0,0,0,1,1,1,0,0,0,1,1,1,1,0,1,0,0,0,1,0,1,1,1,1,0,0,1,1,1,0,1,1,0,0,0,1,1,1,0,1,0,0,0,0,0,0,0,1,0,1,1,0,0,1,1,0,0,1,1,1,0,0,0,1,0,0,0,1,0,0,0,0,0,0,0,1,0
2020-08-20,United Arab Emirates,-26.0,-9.0,-45.0,-43.0,-22.0,12.0,1,1,0,1,0,0,1,3.0,0.3211,0.0,0.3333333333333333,0.0,1.0,0.0,0.0,0.0,0.4541039748780008,0.0,0.0,0.0,0.0,1.0,fear,0.0,1.0,1.0,0.0,1.0,1.0,0.0,1.0,0,0,0,0,1,1,1,0,0,0,0,0,1,1,0,1,0,0,0,0,1,0,1,1,0,1,1,0,0,0,0,1,0,0,0,0,1,0,0,0,0,1,0,0,0,0,0,0,0,0,1,1,0,0,0,1,0,0,1,1,1,1,1,0,0,1,0,0,1,0,1,0,1,1,1,0,1,1
2020-08-21,United Arab Emirates,-33.0,-16.0,-56.0,-50.0,-14.0,10.0,1,1,0,1,0,0,1,2.0,0.7474000000000001,0.0,1.0,0.0,1.0,1.0,1.0,0.0,0.2367999999999999,0.0,0.0,0.0,0.0,1.0,fear,0.0,1.0,0.0,0.0,1.0,0.0,0.0,0.0,0,0,0,0,1,1,1,0,0,0,1,1,1,1,1,1,1,0,1,1,1,0,0,1,1,0,0,0,0,1,1,1,1,1,0,0,0,0,1,0,0,1,1,0,0,0,0,0,0,1,1,1,1,0,1,1,0,0,1,1,0,0,0,0,0,0,0,0,0,0,0,0,0,0,1,0,1,0
2020-08-22,United Arab Emirates,-23.0,-9.0,-43.0,-44.0,-15.0,8.0,0,1,0,0,0,0,1,8.0,0.3829125,0.0,0.375,0.0,1.0,1.0,0.0,1.0,0.3773533736350452,0.0,0.0,0.0,0.0,1.0,fear,0.0,1.0,0.0,1.0,1.0,1.0,1.0,1.0,1,0,0,0,1,1,0,0,0,0,1,0,1,0,1,1,0,0,0,1,0,1,1,1,1,0,1,1,1,0,0,0,1,0,0,0,0,0,0,0,0,0,0,0,0,1,0,0,0,0,1,1,0,0,1,0,0,0,1,1,1,1,1,0,0,1,1,0,0,1,0,1,0,1,0,0,1,1
2020-08-23,United Arab Emirates,-19.0,1.0,-37.0,-53.0,-58.0,22.0,0,1,1,1,0,0,1,2.0,0.21075,0.0,0.5,0.0,0.0,0.0,0.0,0.0,0.21075,0.0,0.0,0.0,0.0,1.0,fear,0.0,1.0,0.0,1.0,1.0,0.0,0.0,0.0,1,0,0,0,1,1,1,0,0,0,1,1,1,1,1,0,1,1,0,1,1,0,1,0,1,1,0,0,0,0,1,0,1,1,1,0,0,1,0,1,0,0,0,0,0,0,0,0,0,0,1,1,0,0,1,1,0,0,1,1,1,1,0,1,1,0,1,0,0,0,0,0,1,0,1,1,0,0
2020-08-24,United Arab Emirates,-25.0,-10.0,-42.0,-42.0,-20.0,10.0,0,1,0,1,0,0,1,2.0,-0.5987,1.0,0.0,1.0,0.0,1.0,0.0,1.0,0.0007,0.0,0.0,0.0,0.0,1.0,fear,0.0,1.0,0.0,0.0,1.0,0.0,0.0,0.0,0,1,0,0,1,1,1,0,0,0,0,1,0,0,0,0,0,0,0,1,1,1,0,1,1,0,0,1,0,1,0,0,0,0,1,0,0,0,0,0,0,0,1,0,0,0,0,0,0,0,1,1,0,0,1,1,0,0,1,1,0,0,0,0,0,0,0,0,0,0,0,0,0,1,0,0,0,0
2020-08-25,United Arab Emirates,-24.0,-8.0,-41.0,-41.0,-21.0,10.0,0,1,0,1,0,0,1,4.0,-0.3918,0.5,0.0,1.0,0.0,1.0,1.0,0.0,0.5435643660138144,0.0,0.0,0.0,0.0,1.0,fear,0.0,1.0,1.0,1.0,0.0,1.0,0.0,0.0,0,1,0,0,1,1,1,1,0,0,0,1,1,0,1,1,0,1,0,1,1,1,1,1,1,1,1,0,0,0,1,0,0,1,0,1,0,0,1,1,0,0,1,0,0,0,0,0,0,0,1,1,0,0,1,1,0,0,1,1,1,1,0,0,1,1,0,0,0,0,0,0,1,0,0,0,1,1
2020-08-26,United Arab Emirates,-23.0,-7.0,-41.0,-41.0,-20.0,10.0,0,1,0,1,0,0,1,0.0,0.0,0.0,0.0,0.0,0.0,0.0,0.0,0.0,0.0,0.0,0.0,0.0,0.0,0.0,0,0.0,0.0,0.0,0.0,0.0,0.0,0.0,0.0,0,0,0,0,1,1,1,1,0,0,0,0,0,0,0,1,1,0,0,0,1,0,1,0,1,0,0,1,1,0,0,1,0,1,1,1,0,0,0,0,0,0,0,0,0,0,0,0,1,0,1,1,0,0,1,1,0,0,1,1,0,1,0,0,0,1,0,0,0,1,0,1,0,0,0,0,0,0
2020-08-27,United Arab Emirates,-22.0,-5.0,-42.0,-41.0,-20.0,11.0,0,1,0,1,0,0,1,4.0,-0.0071999999999999,0.25,0.25,0.0,0.0,1.0,1.0,0.0,0.3162894639408654,0.0,0.0,0.0,0.0,1.0,fear,0.0,1.0,1.0,0.0,1.0,1.0,0.0,0.0,0,0,0,0,0,1,1,0,1,0,0,0,1,0,0,1,0,0,1,0,1,1,0,1,0,0,1,0,0,0,0,0,0,1,0,0,0,0,0,0,0,0,0,0,0,0,0,0,0,0,1,1,0,0,0,1,0,0,1,1,1,1,0,1,1,0,0,0,1,1,1,0,1,0,0,0,1,1
2020-08-28,United Arab Emirates,-30.0,-11.0,-55.0,-47.0,-13.0,10.0,1,1,0,1,0,0,1,2.0,-0.1806,0.5,0.0,0.0,0.0,0.0,0.0,0.0,0.1806,0.0,0.0,0.0,0.0,1.0,fear,0.0,1.0,0.0,0.0,0.0,0.0,0.0,0.0,0,0,0,0,1,1,1,0,1,0,0,0,1,0,0,0,1,1,0,1,0,1,1,1,1,0,0,0,1,1,1,1,1,0,0,1,0,0,0,0,0,0,0,0,0,0,0,0,0,1,1,1,0,0,1,1,0,0,1,1,1,1,1,0,0,1,0,0,0,1,0,0,0,1,1,0,0,1
2020-08-29,United Arab Emirates,-23.0,-5.0,-46.0,-42.0,-11.0,8.0,0,1,0,0,0,0,1,3.0,0.6825333333333333,0.0,1.0,0.0,1.0,1.0,1.0,0.0,0.2158285945425726,0.0,0.0,0.0,0.0,1.0,fear,0.0,1.0,1.0,0.0,1.0,1.0,0.0,1.0,1,0,0,0,1,0,1,0,0,0,0,0,1,0,0,1,0,0,1,0,0,1,0,0,1,0,0,1,0,0,0,0,0,0,0,0,1,0,0,1,0,0,0,0,0,0,0,0,0,0,1,1,0,0,1,0,0,0,1,1,0,1,0,1,0,0,0,0,0,0,0,1,1,0,0,0,0,0
2020-08-30,United Arab Emirates,-18.0,2.0,-38.0,-40.0,-21.0,9.0,0,1,0,1,0,0,1,2.0,-0.2730499999999999,0.5,0.0,0.0,0.0,1.0,0.0,1.0,0.2988499999999999,0.0,0.0,0.0,0.0,1.0,fear,0.0,0.0,0.0,1.0,0.0,0.0,0.0,0.0,1,0,0,0,1,1,1,0,0,0,1,0,0,1,0,0,1,1,0,1,1,1,1,1,0,0,0,0,1,1,0,1,1,0,0,0,1,0,0,0,0,0,0,0,0,0,0,0,0,0,1,1,0,0,1,1,0,0,1,1,1,0,0,0,1,0,0,0,0,0,0,0,0,0,0,0,1,0
2020-08-31,United Arab Emirates,-21.0,-3.0,-40.0,-41.0,-22.0,10.0,0,1,0,1,0,0,1,5.0,-0.1784,0.2,0.0,0.0,0.0,0.0,0.0,0.0,0.3567999999999999,0.0,0.0,0.0,0.0,1.0,fear,0.0,1.0,0.0,0.0,0.0,1.0,0.0,0.0,0,0,0,0,1,1,1,0,0,1,0,0,0,0,0,0,0,0,0,0,0,1,1,0,1,1,0,1,0,0,0,0,0,0,1,0,0,0,0,0,0,0,0,0,0,0,0,0,0,0,1,1,0,0,1,1,0,0,1,1,1,1,0,0,1,1,0,0,1,1,1,1,0,1,0,0,0,0
2020-09-01,United Arab Emirates,-22.0,-3.0,-40.0,-40.0,-21.0,10.0,0,1,0,1,0,0,1,3.0,0.1646333333333333,0.0,0.3333333333333333,0.0,0.0,1.0,1.0,0.0,0.2328266928186905,0.0,0.0,0.0,0.0,1.0,fear,0.0,1.0,0.0,0.0,1.0,0.0,0.0,0.0,0,0,0,0,1,1,1,0,0,1,0,1,0,0,1,0,1,1,1,0,1,0,0,1,1,0,0,0,0,1,1,0,1,1,0,0,1,0,0,0,0,0,0,0,0,0,0,0,0,0,1,1,0,0,1,1,0,0,1,1,1,1,1,1,0,0,0,0,1,1,0,1,0,1,0,0,1,1
2020-09-02,United Arab Emirates,-22.0,-4.0,-40.0,-41.0,-21.0,10.0,0,1,0,1,0,0,1,4.0,0.773025,0.0,1.0,0.0,1.0,1.0,1.0,0.0,0.1956428043016149,0.0,0.0,0.0,0.0,1.0,fear,0.0,1.0,0.0,0.0,0.0,0.0,0.0,1.0,0,0,0,0,1,1,0,0,0,0,0,0,0,0,0,0,0,0,0,1,0,0,1,1,0,0,1,0,1,0,0,0,0,0,0,1,0,0,0,0,0,0,0,0,0,0,0,0,1,0,1,1,0,0,1,1,0,0,1,1,1,0,0,0,1,0,0,0,1,0,0,0,1,0,0,0,1,0
2020-09-03,United Arab Emirates,-22.0,-3.0,-40.0,-41.0,-21.0,10.0,0,1,0,1,0,0,1,1.0,0.5426,0.0,1.0,0.0,1.0,1.0,0.0,1.0,0.0,1.0,0.0,0.0,0.0,1.0,fear,0.0,1.0,0.0,0.0,1.0,0.0,0.0,0.0,0,1,0,0,1,1,1,0,0,0,1,0,0,1,0,0,0,1,1,0,0,1,1,0,1,0,0,0,1,0,1,0,0,1,0,0,0,0,0,0,0,0,0,0,0,0,0,0,0,0,1,1,0,0,0,1,0,0,1,1,1,0,1,0,0,0,0,0,0,1,1,1,0,1,0,0,0,1
2020-09-04,United Arab Emirates,-27.0,-8.0,-50.0,-45.0,-15.0,9.0,1,1,0,1,0,0,1,2.0,0.80355,0.0,1.0,0.0,1.0,1.0,1.0,0.0,0.19105,0.0,0.0,0.0,0.0,1.0,fear,0.0,1.0,0.0,0.0,1.0,1.0,1.0,0.0,0,0,0,0,1,1,1,0,0,0,1,0,0,0,0,0,0,0,0,1,1,0,1,1,0,1,0,0,0,1,0,0,0,0,0,0,0,0,0,0,1,0,0,0,0,0,0,0,0,1,1,1,0,0,1,1,0,0,1,1,0,0,0,0,0,0,0,0,0,1,0,0,0,1,0,0,0,1
2020-09-05,United Arab Emirates,-21.0,-3.0,-42.0,-42.0,-13.0,7.0,0,1,0,0,0,0,1,2.0,0.2478999999999999,0.0,0.5,0.0,0.0,1.0,0.0,1.0,0.4117999999999999,0.0,0.0,0.0,0.0,1.0,fear,0.0,1.0,0.0,0.0,0.0,0.0,0.0,1.0,1,0,0,0,1,1,1,0,0,0,1,1,1,0,1,1,1,0,1,1,0,1,1,1,1,0,0,0,1,1,1,0,0,1,0,0,0,1,0,0,0,0,0,0,0,0,0,0,0,0,1,1,0,0,1,0,0,0,1,1,1,0,0,0,1,0,0,0,1,1,1,1,1,1,0,0,0,1
2020-09-06,United Arab Emirates,-18.0,1.0,-35.0,-39.0,-21.0,9.0,0,1,0,1,0,0,1,0.0,0.0,0.0,0.0,0.0,0.0,0.0,0.0,0.0,0.0,0.0,0.0,0.0,0.0,0.0,0,0.0,0.0,0.0,0.0,0.0,0.0,0.0,0.0,1,0,0,0,1,1,1,0,0,0,0,1,0,1,0,0,0,0,0,0,1,0,1,1,1,1,1,1,0,0,0,0,0,0,0,0,1,0,0,0,0,1,0,0,0,0,0,0,0,0,1,1,0,0,1,1,0,0,1,1,1,1,1,1,0,0,0,0,1,0,1,1,1,1,0,0,1,1
2020-09-07,United Arab Emirates,-21.0,-3.0,-38.0,-40.0,-21.0,10.0,0,1,0,1,0,0,1,3.0,0.8805999999999999,0.0,1.0,0.0,1.0,1.0,1.0,0.0,0.0762579831886472,0.0,0.0,0.0,0.0,1.0,fear,0.0,1.0,0.0,0.0,0.0,1.0,0.0,1.0,0,0,0,0,0,1,1,0,0,0,0,1,0,0,0,0,0,1,1,0,1,0,0,1,0,0,0,0,0,1,0,0,0,0,0,0,0,0,1,0,0,0,0,0,0,0,0,0,0,0,1,1,0,0,1,1,0,0,1,1,0,0,0,0,0,0,0,0,0,0,0,0,0,1,0,1,0,1
2020-09-08,United Arab Emirates,-21.0,-3.0,-38.0,-40.0,-22.0,10.0,0,1,0,1,0,0,1,4.0,0.486275,0.25,0.75,0.0,1.0,1.0,0.0,1.0,0.6355259096803215,0.0,0.0,0.0,0.0,1.0,fear,0.0,1.0,0.0,0.0,1.0,1.0,0.0,1.0,0,0,0,0,1,1,1,0,0,0,1,0,0,1,1,0,1,0,0,0,0,1,1,1,1,0,1,0,1,0,1,0,0,0,0,0,0,0,0,0,0,0,0,0,0,0,0,0,0,0,1,1,0,0,1,1,0,0,1,1,0,1,0,0,0,1,0,0,1,1,1,1,1,0,0,1,1,1
2020-09-09,United Arab Emirates,-23.0,-5.0,-39.0,-41.0,-21.0,9.0,0,1,0,1,0,0,1,0.0,0.0,0.0,0.0,0.0,0.0,0.0,0.0,0.0,0.0,0.0,0.0,0.0,0.0,0.0,0,0.0,0.0,0.0,0.0,0.0,0.0,0.0,0.0,0,0,0,0,1,0,1,0,0,0,1,0,1,1,0,1,1,0,0,1,0,0,1,0,1,1,0,0,0,0,1,0,0,0,0,0,0,0,0,0,0,0,0,0,0,0,0,0,1,0,1,1,0,0,1,1,0,0,1,1,0,1,0,1,0,0,0,0,1,0,0,1,1,0,0,1,1,1
2020-09-10,United Arab Emirates,-21.0,-3.0,-38.0,-38.0,-21.0,10.0,0,1,0,1,0,0,1,2.0,0.4630999999999999,0.0,1.0,0.0,1.0,0.0,0.0,0.0,0.0956999999999999,1.0,0.0,0.0,0.0,1.0,fear,0.0,1.0,1.0,0.0,1.0,1.0,1.0,1.0,0,1,0,0,0,1,1,0,0,0,0,1,1,0,1,0,0,1,0,0,0,1,0,1,1,0,0,1,0,1,0,0,0,0,0,0,0,0,0,0,0,0,1,0,0,0,0,0,0,0,1,1,0,0,0,1,0,0,1,1,0,1,0,1,0,0,0,0,1,0,1,1,1,1,0,0,1,1
2020-09-11,United Arab Emirates,-27.0,-8.0,-48.0,-45.0,-16.0,9.0,1,1,0,1,0,0,1,2.0,0.37935,0.0,0.5,0.0,1.0,0.0,0.0,0.0,0.37935,0.0,0.0,0.0,0.0,1.0,fear,0.0,1.0,0.0,0.0,1.0,1.0,0.0,0.0,0,0,0,0,1,1,1,0,0,0,1,1,1,1,1,0,1,1,1,1,1,1,0,1,1,0,1,0,0,0,1,1,0,0,0,0,0,1,0,1,1,0,0,0,0,0,0,0,0,1,1,1,0,0,1,1,0,0,1,1,1,0,1,0,0,0,0,0,0,0,1,1,1,1,0,0,1,1
2020-09-12,United Arab Emirates,-22.0,-3.0,-39.0,-42.0,-13.0,7.0,0,1,0,0,0,0,1,5.0,0.3656399999999999,0.4,0.6,0.0,1.0,0.0,0.0,0.0,0.7248137460065172,0.0,0.0,0.0,0.0,1.0,fear,0.0,1.0,0.0,0.0,1.0,1.0,0.0,1.0,1,0,0,0,1,0,1,0,0,0,1,0,0,0,0,1,1,0,0,1,0,0,0,0,1,0,0,1,0,0,0,0,0,0,0,0,0,0,0,0,0,0,0,0,0,0,0,0,0,0,1,1,0,0,1,0,0,0,1,1,0,1,0,0,0,1,0,0,0,1,0,1,1,1,1,1,1,1
2020-09-13,United Arab Emirates,-19.0,0.0,-32.0,-39.0,-20.0,9.0,0,1,0,1,0,0,1,3.0,-0.1345666666666667,0.3333333333333333,0.3333333333333333,0.0,0.0,1.0,0.0,1.0,0.6363869699762524,0.0,0.0,0.0,0.0,1.0,fear,0.0,1.0,0.0,0.0,1.0,1.0,0.0,1.0,1,0,0,0,1,1,0,0,0,0,1,1,0,1,1,0,1,1,0,1,1,0,0,0,0,0,0,0,0,0,0,0,1,0,0,0,0,0,1,0,0,1,0,0,0,0,0,0,0,0,1,1,0,0,1,1,0,0,1,1,1,0,0,0,1,0,0,0,1,1,1,0,0,0,1,0,1,0
2020-09-14,United Arab Emirates,-22.0,-4.0,-36.0,-40.0,-19.0,10.0,0,1,0,1,0,0,1,7.0,0.0552571428571428,0.4285714285714285,0.4285714285714285,0.0,0.0,0.0,0.0,0.0,0.4238469328059123,0.0,0.0,0.0,0.0,1.0,fear,0.0,1.0,0.0,1.0,1.0,1.0,0.0,0.0,0,0,0,0,1,1,1,0,0,0,0,1,1,1,0,1,1,1,1,1,1,0,1,0,1,1,0,0,0,0,1,0,0,0,0,0,0,0,0,0,0,0,0,0,0,0,0,0,0,0,1,1,0,0,1,1,0,0,1,1,1,1,1,1,0,0,0,0,0,0,1,1,0,0,1,0,1,1
2020-09-15,United Arab Emirates,-22.0,-4.0,-36.0,-40.0,-19.0,10.0,0,1,0,1,0,0,1,3.0,0.4723666666666666,0.0,0.6666666666666666,0.0,1.0,1.0,1.0,0.0,0.3965311281041572,0.0,0.0,0.0,0.0,1.0,fear,0.0,1.0,0.0,1.0,1.0,0.0,0.0,1.0,0,0,0,0,1,1,1,0,0,0,0,1,1,0,1,1,1,1,1,1,1,1,0,0,1,0,0,1,0,0,0,0,0,0,1,0,0,0,0,0,0,0,0,0,0,0,0,0,0,1,1,1,0,0,1,1,0,0,1,1,1,1,1,0,0,1,0,0,0,1,1,1,1,1,0,0,1,1
2020-09-16,United Arab Emirates,-22.0,-5.0,-36.0,-40.0,-20.0,10.0,0,1,0,1,0,0,1,6.0,0.14275,0.1666666666666666,0.3333333333333333,0.0,0.0,1.0,0.0,1.0,0.4241931704227843,0.0,0.0,0.0,0.0,1.0,fear,0.0,1.0,0.0,1.0,1.0,0.0,0.0,1.0,0,0,0,0,1,1,0,0,0,0,1,0,0,1,1,0,0,1,0,1,1,0,1,1,0,0,1,0,1,0,0,0,0,0,1,0,0,0,0,0,0,0,0,0,0,0,0,0,1,1,1,1,0,0,1,1,0,0,1,1,0,1,0,1,0,0,0,0,0,0,1,1,1,1,0,0,1,1
2020-09-17,United Arab Emirates,-23.0,-5.0,-38.0,-41.0,-21.0,11.0,0,1,0,1,0,0,1,4.0,-0.066625,0.25,0.25,0.0,0.0,1.0,0.0,1.0,0.3022615620203799,0.0,0.0,0.0,0.0,1.0,fear,0.0,1.0,0.0,0.0,1.0,1.0,1.0,1.0,0,0,0,0,1,1,1,0,0,0,0,0,1,1,0,1,0,1,1,1,1,1,1,0,0,1,0,0,0,0,0,0,0,1,1,1,0,0,0,1,0,0,1,0,0,0,0,0,0,1,1,1,0,0,0,1,0,0,1,1,1,1,0,1,1,0,0,0,1,0,1,1,1,0,1,0,1,1
2020-09-18,United Arab Emirates,-28.0,-11.0,-47.0,-46.0,-15.0,10.0,1,1,0,1,0,0,1,2.0,-0.1296999999999999,0.5,0.5,0.0,0.0,0.0,0.0,0.0,0.6871,0.0,0.0,0.0,0.0,1.0,fear,0.0,1.0,0.0,0.0,1.0,1.0,1.0,1.0,0,0,0,0,1,1,1,0,0,0,0,1,1,1,1,0,1,0,1,1,1,1,1,1,0,1,0,0,0,1,0,0,0,0,0,1,0,1,0,0,0,0,0,0,0,0,0,0,0,1,1,1,0,0,1,1,0,0,1,1,0,1,0,0,0,1,0,0,1,1,0,1,0,0,0,0,0,1
2020-09-19,United Arab Emirates,-23.0,-7.0,-40.0,-43.0,-13.0,8.0,0,1,0,0,0,0,1,3.0,0.4704666666666666,0.0,0.6666666666666666,0.0,1.0,1.0,1.0,0.0,0.3889848097576848,0.0,0.0,0.0,0.0,1.0,fear,0.0,1.0,0.0,1.0,1.0,1.0,1.0,1.0,1,0,0,0,1,1,1,0,0,0,0,0,1,1,1,1,1,0,1,1,1,1,0,1,0,0,1,0,0,0,0,0,0,0,0,1,0,1,0,0,0,0,0,0,0,0,0,0,0,1,1,1,0,0,1,0,0,0,1,1,1,0,1,0,0,0,0,0,0,1,1,1,0,0,0,0,1,0
2020-09-20,United Arab Emirates,-21.0,-4.0,-35.0,-40.0,-19.0,10.0,0,1,0,1,0,0,1,1.0,0.6249,0.0,1.0,0.0,1.0,0.0,0.0,0.0,0.0,0.0,0.0,0.0,0.0,1.0,fear,0.0,0.0,0.0,0.0,0.0,0.0,0.0,0.0,1,0,0,0,1,1,1,0,0,0,1,0,0,1,1,1,1,1,1,1,1,1,1,1,1,0,1,1,1,0,0,0,0,0,1,0,0,1,1,0,0,0,0,0,0,0,0,0,1,0,1,1,0,0,1,1,0,0,1,1,1,0,0,0,1,0,0,0,1,1,1,1,1,0,0,0,1,0
2020-09-21,United Arab Emirates,-24.0,-7.0,-38.0,-41.0,-21.0,10.0,0,1,0,1,0,0,1,3.0,0.1147666666666666,0.3333333333333333,0.3333333333333333,0.0,0.0,1.0,0.0,1.0,0.5763505087087968,0.0,0.0,0.0,0.0,1.0,fear,0.0,1.0,0.0,0.0,1.0,0.0,0.0,1.0,0,0,0,0,1,1,1,0,0,0,1,0,0,0,1,0,0,1,1,0,1,1,0,0,0,0,0,0,0,0,0,0,0,0,0,0,1,0,1,0,0,0,0,0,0,0,0,0,1,0,1,1,0,0,1,1,0,0,1,1,1,1,1,1,0,0,0,0,0,0,1,1,1,0,0,0,1,1
2020-09-22,United Arab Emirates,-26.0,-8.0,-41.0,-42.0,-20.0,10.0,1,1,0,1,0,0,1,3.0,0.6308666666666667,0.0,0.6666666666666666,0.0,1.0,1.0,1.0,0.0,0.4474251172604814,0.0,0.0,0.0,0.0,1.0,fear,0.0,1.0,0.0,0.0,1.0,1.0,0.0,1.0,0,0,0,0,1,1,1,0,0,0,0,1,1,1,1,1,0,1,0,1,1,1,1,1,1,1,0,0,0,1,1,0,0,0,0,1,1,0,1,0,0,0,0,0,0,0,0,0,1,0,1,1,0,0,1,1,0,0,1,1,1,1,1,0,0,1,0,0,0,1,1,1,0,1,0,0,1,0
2020-09-23,United Arab Emirates,-27.0,-9.0,-44.0,-43.0,-20.0,11.0,1,1,0,1,0,0,1,3.0,0.2474333333333333,0.3333333333333333,0.6666666666666666,0.0,0.0,1.0,0.0,1.0,0.5050837972279671,1.0,0.0,0.0,0.0,1.0,fear,0.0,1.0,0.0,0.0,1.0,1.0,0.0,1.0,0,1,0,0,1,1,1,0,0,0,1,1,0,1,0,1,1,0,0,1,0,1,1,0,1,0,0,1,1,0,0,0,0,0,0,0,1,0,0,0,0,0,0,0,0,0,0,0,1,0,1,1,0,0,1,1,0,0,1,1,1,1,0,1,1,0,0,0,1,0,1,0,0,0,0,1,1,1
2020-09-24,United Arab Emirates,-26.0,-8.0,-43.0,-43.0,-20.0,12.0,1,1,0,1,0,0,1,3.0,-0.0258999999999999,0.6666666666666666,0.3333333333333333,0.0,0.0,1.0,0.0,1.0,0.7132044073522448,0.0,0.0,0.0,1.0,0.0,anxiety,0.0,1.0,0.0,0.0,1.0,0.0,0.0,1.0,0,0,0,0,1,1,1,0,0,0,0,0,0,1,1,1,1,0,1,1,1,1,1,1,1,1,1,1,0,0,0,0,0,0,0,0,0,0,0,1,1,0,0,0,0,0,0,0,1,0,1,1,0,0,0,1,0,0,1,1,0,0,0,0,0,0,0,0,1,0,1,1,0,0,0,1,0,1
2020-09-25,United Arab Emirates,-31.0,-12.0,-49.0,-47.0,-15.0,10.0,1,1,0,1,0,0,1,1.0,0.9907,0.0,1.0,0.0,1.0,1.0,1.0,0.0,0.0,0.0,0.0,0.0,0.0,1.0,fear,0.0,1.0,0.0,0.0,1.0,0.0,0.0,1.0,0,0,0,0,0,1,1,0,0,0,0,1,0,1,1,1,0,1,1,1,1,1,1,1,0,1,0,0,0,1,0,0,0,0,0,0,0,0,0,1,0,0,0,1,0,0,0,0,0,1,1,1,0,0,1,0,0,0,1,1,0,1,0,0,0,1,0,0,1,1,1,1,0,1,0,0,0,1
2020-09-26,United Arab Emirates,-26.0,-7.0,-45.0,-43.0,-12.0,8.0,1,1,0,0,0,0,1,4.0,0.8296,0.0,1.0,0.0,1.0,0.0,0.0,0.0,0.0389867285111228,0.0,0.0,0.0,0.0,1.0,fear,0.0,1.0,0.0,0.0,0.0,0.0,1.0,1.0,1,0,0,0,1,1,1,0,0,0,1,0,1,1,1,1,0,1,1,1,1,1,1,1,1,0,1,0,1,0,1,0,0,0,0,0,1,0,0,1,0,1,0,0,0,0,0,0,0,0,1,1,0,0,1,0,0,0,1,1,1,1,1,1,0,0,0,0,0,0,1,0,0,1,0,0,1,0
2020-09-27,United Arab Emirates,-22.0,-3.0,-41.0,-40.0,-19.0,10.0,0,1,0,1,0,0,1,2.0,0.89865,0.0,1.0,0.0,1.0,0.0,0.0,0.0,0.0814499999999999,0.0,0.0,0.0,0.0,1.0,fear,0.0,1.0,0.0,0.0,0.0,0.0,0.0,1.0,1,0,0,0,1,0,1,0,0,0,1,0,1,1,1,0,0,0,0,0,1,0,0,1,0,0,1,0,0,0,0,0,0,0,0,0,0,1,0,0,0,0,0,0,1,0,0,0,0,0,1,1,0,0,1,0,0,0,1,1,1,0,0,0,1,0,0,0,1,1,1,1,1,1,0,0,0,1
2020-09-28,United Arab Emirates,-25.0,-7.0,-44.0,-41.0,-19.0,11.0,0,1,0,1,0,0,1,2.0,0.11315,0.0,0.0,0.0,0.0,1.0,0.0,1.0,0.11315,0.0,0.0,0.0,0.0,1.0,fear,0.0,1.0,0.0,0.0,1.0,0.0,0.0,1.0,0,0,0,0,1,1,1,0,0,0,1,1,0,1,1,1,0,0,0,0,1,1,0,1,1,0,0,1,0,1,0,0,0,0,0,0,0,0,0,0,0,0,0,0,0,0,0,0,0,0,1,1,0,0,1,1,0,0,1,1,1,0,1,0,0,0,0,0,0,0,0,1,0,1,1,0,1,1
2020-09-29,United Arab Emirates,-24.0,-5.0,-42.0,-40.0,-19.0,10.0,0,1,0,1,0,0,1,3.0,0.645,0.0,1.0,0.0,1.0,1.0,1.0,0.0,0.1328308950006234,0.0,0.0,0.0,0.0,1.0,fear,0.0,1.0,0.0,0.0,0.0,1.0,0.0,1.0,0,0,0,0,1,1,1,0,0,0,0,1,1,1,1,1,0,0,1,1,0,1,1,0,1,1,0,0,0,0,1,0,0,0,0,0,0,0,1,0,0,0,0,0,0,0,0,0,0,0,1,1,0,0,1,0,0,0,1,1,0,1,0,0,0,1,0,0,0,1,1,1,0,1,1,0,1,1
2020-09-30,United Arab Emirates,-23.0,-2.0,-41.0,-38.0,-20.0,9.0,0,1,0,1,0,0,1,3.0,0.2437666666666666,0.0,0.3333333333333333,0.0,0.0,1.0,0.0,1.0,0.3165324241772958,0.0,0.0,0.0,0.0,1.0,fear,0.0,1.0,0.0,1.0,1.0,0.0,0.0,0.0,0,0,0,0,1,1,1,0,0,0,1,1,0,1,1,1,1,0,1,0,0,1,1,0,1,0,0,1,1,0,0,0,0,0,0,0,0,0,0,0,0,0,1,0,0,0,0,0,1,0,1,1,0,0,0,1,0,0,1,1,1,1,0,1,1,0,0,1,1,0,1,0,1,0,0,0,1,0
2020-10-01,United Arab Emirates,-22.0,0.0,-38.0,-38.0,-20.0,9.0,0,1,0,1,0,0,1,5.0,0.2441999999999999,0.2,0.4,0.0,0.0,0.0,0.0,0.0,0.5544064610013126,0.0,0.0,0.0,0.0,1.0,fear,0.0,1.0,1.0,1.0,1.0,0.0,1.0,1.0,0,0,0,0,1,1,0,0,0,0,0,0,0,0,1,1,0,0,0,1,1,1,1,1,1,1,1,1,0,0,0,0,0,0,1,0,0,0,0,0,0,0,0,0,0,1,0,0,0,0,1,1,0,0,0,1,0,0,1,1,1,1,1,0,0,1,0,0,0,1,0,0,1,1,0,0,0,0
2020-10-02,United Arab Emirates,-26.0,-5.0,-44.0,-40.0,-16.0,8.0,1,1,0,0,0,0,1,4.0,0.557075,0.0,0.75,0.0,1.0,1.0,1.0,0.0,0.390819481186647,0.0,0.0,0.0,0.0,1.0,fear,0.0,1.0,0.0,0.0,1.0,1.0,1.0,1.0,0,0,0,0,1,1,1,0,0,0,0,1,1,1,1,1,0,1,0,1,0,1,0,1,1,0,0,0,0,1,1,1,0,0,1,0,0,1,0,0,0,0,0,0,0,0,0,0,0,1,1,1,0,0,0,0,0,0,1,1,0,1,0,0,0,1,0,0,1,1,1,1,1,0,0,0,1,0
2020-10-03,United Arab Emirates,-22.0,-1.0,-40.0,-38.0,-14.0,6.0,0,1,0,0,0,0,1,2.0,0.1724,0.5,0.5,0.0,0.0,1.0,0.0,1.0,0.7718,0.0,0.0,0.0,0.0,1.0,fear,0.0,1.0,0.0,0.0,0.0,1.0,1.0,0.0,1,0,0,0,1,1,1,0,0,0,1,0,1,1,0,1,1,0,0,1,1,0,1,1,0,0,1,0,1,0,0,0,0,0,0,1,0,1,0,1,0,0,0,0,0,0,0,0,0,0,1,1,0,0,1,0,0,0,1,1,0,0,0,0,0,0,0,0,0,1,1,1,1,0,0,0,1,0
2020-10-04,United Arab Emirates,-20.0,1.0,-34.0,-35.0,-20.0,8.0,0,1,0,0,0,0,1,6.0,0.31945,0.0,0.5,0.0,1.0,0.0,0.0,0.0,0.2762682618398284,0.0,0.0,0.0,0.0,1.0,fear,0.0,1.0,0.0,0.0,1.0,1.0,0.0,1.0,1,0,0,0,1,1,1,0,0,0,0,0,1,0,1,1,1,0,0,0,1,0,1,0,0,1,0,0,0,0,0,0,1,0,0,1,0,1,1,0,0,0,0,0,0,0,0,0,0,0,1,1,0,0,0,1,0,0,1,1,1,1,0,1,1,0,0,0,1,0,1,0,1,0,0,0,1,1
2020-10-05,United Arab Emirates,-23.0,-3.0,-38.0,-38.0,-21.0,9.0,0,1,0,1,0,0,1,5.0,0.19672,0.2,0.4,0.0,0.0,0.0,0.0,0.0,0.6072447262842223,1.0,0.0,0.0,0.0,1.0,fear,0.0,1.0,0.0,0.0,1.0,1.0,0.0,1.0,0,1,0,0,1,1,1,0,0,0,1,1,0,1,1,1,1,1,0,1,1,1,0,1,1,0,0,1,0,1,0,0,0,0,0,0,0,0,1,0,0,0,0,0,0,0,0,0,0,0,1,1,0,0,1,1,0,0,1,1,1,0,1,0,0,0,1,0,0,0,0,0,0,0,0,0,0,1
2020-10-06,United Arab Emirates,-23.0,-3.0,-38.0,-38.0,-21.0,8.0,0,1,0,0,0,0,1,2.0,0.9884,0.0,1.0,0.0,1.0,1.0,1.0,0.0,0.0044,0.0,0.0,0.0,0.0,1.0,fear,0.0,1.0,0.0,0.0,1.0,1.0,0.0,1.0,0,0,0,0,1,1,1,0,0,0,0,0,1,1,0,1,1,1,1,1,0,0,0,1,1,0,1,0,0,0,1,0,0,0,0,0,0,0,1,0,1,0,0,0,0,0,0,0,0,0,1,1,0,0,1,1,0,0,1,1,1,1,0,0,1,1,0,0,1,1,0,1,1,0,0,1,0,0
2020-10-07,United Arab Emirates,-24.0,-3.0,-38.0,-38.0,-20.0,9.0,0,1,0,1,0,0,1,3.0,-0.3511333333333333,0.6666666666666666,0.0,1.0,0.0,1.0,0.0,1.0,0.2482887611006363,0.0,0.0,0.0,0.0,1.0,fear,0.0,1.0,0.0,0.0,0.0,0.0,0.0,0.0,0,1,0,0,1,1,1,0,0,0,1,1,0,1,1,0,1,1,0,1,1,1,1,0,1,0,0,1,1,0,0,0,0,0,0,0,1,0,0,0,0,0,0,0,0,0,0,0,1,0,1,1,0,0,0,1,0,0,1,1,1,0,0,0,1,0,0,0,1,1,1,0,0,0,0,0,0,1
2020-10-08,United Arab Emirates,-23.0,-2.0,-36.0,-37.0,-19.0,10.0,0,1,0,1,0,0,1,1.0,0.4551,0.0,1.0,0.0,1.0,1.0,1.0,0.0,0.0,0.0,0.0,0.0,0.0,1.0,fear,0.0,1.0,0.0,0.0,0.0,1.0,0.0,0.0,0,0,0,0,1,1,1,1,0,0,0,0,0,0,1,1,0,1,0,0,1,1,1,0,0,1,0,0,0,0,0,0,0,1,0,0,1,0,0,1,0,1,0,0,0,0,0,0,0,0,1,1,0,0,0,1,0,0,1,1,0,1,0,1,0,0,0,0,1,0,1,0,0,0,0,1,0,0
2020-10-09,United Arab Emirates,-27.0,-7.0,-41.0,-42.0,-15.0,8.0,1,1,0,0,0,0,1,1.0,0.9781,0.0,1.0,0.0,1.0,1.0,1.0,0.0,0.0,0.0,0.0,0.0,0.0,1.0,fear,0.0,1.0,0.0,0.0,0.0,0.0,0.0,1.0,0,0,0,0,1,1,1,0,0,0,1,1,1,0,1,1,1,1,1,0,1,1,1,1,1,0,0,0,1,1,1,0,0,0,0,0,0,0,0,1,0,0,0,0,0,0,0,0,0,1,1,1,0,0,1,1,0,0,1,1,1,0,1,0,0,0,0,0,0,0,0,0,0,1,0,0,1,1
2020-10-10,United Arab Emirates,-24.0,-5.0,-37.0,-39.0,-12.0,8.0,0,1,0,0,0,0,1,1.0,0.9789,0.0,1.0,0.0,1.0,0.0,0.0,0.0,0.0,0.0,0.0,0.0,0.0,1.0,fear,0.0,1.0,1.0,0.0,0.0,0.0,1.0,1.0,1,0,0,0,1,1,1,0,1,0,1,0,0,1,0,0,0,0,1,0,0,0,1,1,1,0,1,1,1,0,0,0,0,0,0,0,0,0,0,1,0,0,0,0,0,0,0,0,0,0,1,1,0,0,1,0,0,0,1,1,0,1,0,0,0,1,0,0,0,0,0,0,0,1,0,0,1,1
2020-10-11,United Arab Emirates,-21.0,0.0,-32.0,-37.0,-18.0,10.0,0,1,0,1,0,0,1,1.0,0.0,0.0,0.0,0.0,0.0,1.0,0.0,1.0,0.0,0.0,0.0,0.0,0.0,1.0,fear,0.0,1.0,0.0,0.0,1.0,0.0,0.0,0.0,1,0,0,0,1,1,1,0,0,0,1,1,1,1,0,1,0,1,1,0,0,1,0,1,0,0,0,0,0,1,0,1,0,0,0,0,0,1,0,0,0,0,0,0,0,0,0,0,0,0,1,1,0,0,1,1,0,0,1,1,1,1,0,1,1,0,0,1,1,0,1,0,0,1,1,0,0,1
2020-10-12,United Arab Emirates,-24.0,-4.0,-34.0,-38.0,-19.0,10.0,0,1,0,1,0,0,1,1.0,0.0,0.0,0.0,0.0,0.0,0.0,0.0,0.0,0.0,0.0,0.0,0.0,0.0,1.0,fear,0.0,1.0,0.0,0.0,1.0,0.0,0.0,0.0,0,0,0,0,1,1,1,0,0,0,0,1,0,0,1,1,0,0,1,1,0,1,1,1,0,1,0,0,0,1,0,0,0,0,0,0,0,0,0,0,0,0,1,0,0,0,0,0,0,0,1,1,0,0,1,1,0,0,1,1,0,1,0,0,0,1,0,0,1,0,0,1,0,0,0,0,1,1
2020-10-13,United Arab Emirates,-24.0,-3.0,-34.0,-38.0,-19.0,10.0,0,1,0,1,0,0,1,4.0,0.361975,0.0,0.5,0.0,1.0,1.0,1.0,0.0,0.374796780769259,0.0,0.0,0.0,0.0,1.0,fear,0.0,1.0,1.0,1.0,0.0,0.0,1.0,1.0,0,0,0,0,1,1,1,0,0,0,0,1,1,0,1,1,0,0,1,1,0,1,0,0,1,0,0,0,0,0,1,0,1,0,0,0,0,0,1,0,0,0,0,0,0,0,0,0,0,0,1,1,0,0,1,1,0,0,1,1,1,0,1,0,0,0,0,0,0,0,0,1,0,0,1,0,0,1
2020-10-14,United Arab Emirates,-23.0,-3.0,-36.0,-37.0,-19.0,10.0,0,1,0,1,0,0,1,3.0,0.3249333333333333,0.0,0.3333333333333333,0.0,1.0,0.0,0.0,0.0,0.4595251268670977,0.0,0.0,0.0,0.0,1.0,fear,0.0,1.0,0.0,0.0,1.0,0.0,0.0,0.0,0,0,0,0,1,1,1,0,0,1,1,0,0,1,0,0,0,0,0,0,1,0,1,1,1,0,1,1,1,0,0,1,0,0,1,0,0,1,0,0,0,0,0,0,0,0,0,0,1,0,1,1,0,0,1,1,0,0,1,1,0,1,0,1,0,0,0,0,0,0,0,0,1,0,0,1,1,1
2020-10-15,United Arab Emirates,-22.0,-1.0,-34.0,-35.0,-19.0,10.0,0,1,0,1,0,0,1,4.0,-0.279575,0.25,0.0,0.0,0.0,1.0,0.0,1.0,0.2022976566226114,0.0,0.0,0.0,0.0,1.0,fear,0.0,1.0,0.0,1.0,0.0,0.0,0.0,0.0,0,0,0,0,1,1,1,0,0,0,1,0,1,0,0,0,0,0,1,1,1,0,0,0,1,0,0,0,0,0,1,0,0,0,0,0,0,0,0,0,0,0,0,0,0,0,0,0,0,0,1,1,0,0,0,1,0,0,1,1,1,1,0,0,1,1,0,0,0,1,0,1,1,1,0,1,1,1
2020-10-16,United Arab Emirates,-26.0,-5.0,-36.0,-40.0,-15.0,9.0,1,1,0,1,0,0,1,4.0,-0.259175,0.75,0.0,0.0,0.0,0.0,0.0,0.0,0.149889582276421,0.0,0.0,0.0,0.0,1.0,fear,0.0,1.0,0.0,0.0,1.0,1.0,0.0,0.0,0,0,0,0,1,1,1,0,0,0,0,1,1,0,1,1,0,0,0,0,0,0,1,1,1,1,0,0,0,1,1,0,1,0,1,1,0,0,1,0,0,0,0,0,0,0,0,0,0,1,1,1,0,0,1,0,0,0,1,1,1,1,1,1,0,0,1,1,0,0,0,0,1,0,0,0,1,1
2020-10-17,United Arab Emirates,-23.0,-4.0,-36.0,-38.0,-12.0,8.0,0,1,0,0,0,0,1,2.0,0.21075,0.0,0.5,0.0,0.0,1.0,1.0,0.0,0.21075,0.0,0.0,0.0,0.0,1.0,fear,0.0,1.0,0.0,0.0,1.0,1.0,0.0,0.0,1,0,0,0,1,1,1,0,0,0,0,1,1,0,0,1,1,0,0,1,1,0,0,0,0,0,0,0,0,0,0,0,0,1,0,0,0,0,0,1,0,0,0,0,0,0,0,0,0,0,1,1,0,0,1,0,0,0,1,1,1,1,0,0,1,1,0,0,0,0,1,0,0,1,0,0,1,1
2020-10-18,United Arab Emirates,-20.0,-1.0,-32.0,-36.0,-20.0,10.0,0,1,0,1,0,0,1,4.0,-0.446175,0.5,0.0,1.0,0.0,1.0,0.0,1.0,0.3377096339682953,0.0,0.0,0.0,0.0,1.0,fear,0.0,1.0,0.0,0.0,1.0,1.0,0.0,0.0,1,1,0,0,1,1,1,0,0,0,0,0,0,0,0,0,1,0,0,1,0,1,1,1,1,0,1,1,1,0,0,0,0,0,0,1,0,0,0,0,0,0,0,0,0,0,0,0,0,0,1,1,0,0,1,1,0,0,1,1,0,1,0,0,0,1,0,0,0,1,1,0,0,0,0,0,1,1
2020-10-19,United Arab Emirates,-23.0,-4.0,-35.0,-36.0,-20.0,10.0,0,1,0,1,0,0,1,5.0,0.0662999999999999,0.2,0.2,0.0,0.0,1.0,1.0,0.0,0.4176492691242258,0.0,0.0,0.0,0.0,1.0,fear,0.0,1.0,0.0,0.0,1.0,0.0,0.0,1.0,0,0,0,0,1,1,1,1,0,0,0,0,0,0,0,0,1,1,0,1,1,1,1,0,0,1,0,0,0,0,0,0,0,0,0,0,0,0,0,0,0,0,0,0,0,0,0,0,0,0,1,1,0,0,1,1,0,0,1,1,1,1,1,1,0,0,0,0,0,1,0,0,0,0,1,0,1,1
2020-10-20,United Arab Emirates,-23.0,-5.0,-33.0,-37.0,-20.0,10.0,0,1,0,1,0,0,1,5.0,0.2345,0.2,0.4,0.0,0.0,0.0,0.0,0.0,0.5151241442603909,0.0,0.0,0.0,0.0,1.0,fear,0.0,1.0,0.0,0.0,1.0,0.0,1.0,1.0,0,0,0,0,1,1,1,0,0,0,0,0,1,1,0,1,0,1,0,1,1,0,1,1,1,0,0,0,1,1,1,0,0,1,0,0,1,0,0,1,0,0,0,0,0,0,0,0,0,0,1,1,0,0,1,1,0,0,1,1,1,1,0,0,1,1,0,0,1,1,1,1,1,0,1,0,1,1
2020-10-21,United Arab Emirates,-22.0,-3.0,-31.0,-37.0,-20.0,10.0,0,1,0,1,0,0,1,4.0,-0.1513499999999999,0.25,0.0,0.0,0.0,1.0,0.0,1.0,0.1514241311680539,0.0,0.0,0.0,0.0,1.0,fear,0.0,1.0,0.0,1.0,1.0,0.0,0.0,0.0,0,0,0,0,1,1,1,0,1,0,0,0,1,1,0,0,0,1,0,1,1,1,0,1,0,0,1,0,0,0,0,0,0,0,0,0,0,1,0,0,0,0,0,0,0,0,0,0,1,0,1,1,0,0,0,0,0,0,1,1,1,1,1,1,0,0,1,0,0,1,0,0,0,0,0,0,1,1
2020-10-22,United Arab Emirates,-21.0,-1.0,-25.0,-35.0,-19.0,10.0,0,1,0,1,0,0,1,7.0,0.5038857142857143,0.0,0.5714285714285714,0.0,1.0,1.0,1.0,0.0,0.4462621504662652,0.0,0.0,0.0,0.0,1.0,fear,0.0,1.0,0.0,1.0,1.0,1.0,0.0,1.0,0,0,0,0,1,1,1,0,0,0,0,0,0,0,1,0,0,0,0,1,1,0,1,1,1,1,0,1,0,1,0,0,0,0,1,0,1,0,0,0,0,0,0,0,0,0,0,0,0,0,1,1,0,1,0,1,0,0,1,1,1,0,0,0,1,0,0,0,0,1,0,0,1,0,0,1,1,0
2020-10-23,United Arab Emirates,-26.0,-5.0,-28.0,-40.0,-14.0,8.0,1,1,0,0,0,0,1,1.0,-0.5994,1.0,0.0,1.0,0.0,1.0,0.0,1.0,0.0,0.0,0.0,0.0,0.0,1.0,fear,0.0,1.0,0.0,0.0,1.0,0.0,0.0,0.0,0,1,0,0,1,1,1,0,0,0,1,0,0,1,1,0,1,0,1,1,1,1,1,0,0,0,0,0,1,0,0,0,0,0,1,0,0,0,1,0,0,0,0,0,0,0,0,0,0,0,1,1,0,0,1,0,0,0,1,1,1,0,0,0,1,0,0,0,1,1,0,0,0,0,0,0,1,0
2020-10-24,United Arab Emirates,-23.0,-4.0,-29.0,-38.0,-11.0,7.0,0,1,0,0,0,0,1,5.0,0.27176,0.2,0.4,0.0,0.0,1.0,1.0,0.0,0.5796405113516481,0.0,0.0,0.0,0.0,1.0,fear,0.0,1.0,0.0,0.0,1.0,1.0,1.0,0.0,1,0,0,0,1,1,1,1,0,0,0,0,0,0,0,0,0,0,1,1,1,1,1,1,1,1,1,0,0,0,1,0,0,0,0,1,0,0,0,0,0,0,0,0,0,0,0,0,0,0,1,1,0,0,1,0,0,0,1,1,1,1,1,1,0,0,0,0,1,0,0,0,0,0,0,0,1,1
2020-10-25,United Arab Emirates,-18.0,1.0,-25.0,-35.0,-18.0,9.0,0,1,0,1,0,0,1,1.0,0.9946,0.0,1.0,0.0,1.0,1.0,1.0,0.0,0.0,0.0,0.0,0.0,0.0,1.0,fear,0.0,1.0,0.0,0.0,1.0,0.0,0.0,0.0,1,0,0,0,1,1,1,0,0,1,0,1,0,0,1,0,1,1,1,1,1,1,1,1,1,0,0,1,1,1,0,0,0,0,0,1,0,1,0,0,0,0,0,0,0,0,0,0,0,0,1,1,0,0,1,0,0,0,1,1,1,1,0,0,1,1,0,0,1,1,1,1,0,0,0,0,1,1
2020-10-26,United Arab Emirates,-20.0,-1.0,-28.0,-35.0,-18.0,9.0,0,1,0,1,0,0,1,3.0,0.5786,0.0,0.6666666666666666,0.0,1.0,1.0,0.0,1.0,0.4177025097682161,0.0,0.0,0.0,0.0,1.0,fear,0.0,1.0,0.0,0.0,1.0,0.0,1.0,0.0,0,0,0,0,1,1,1,0,1,0,1,0,0,0,0,1,0,0,0,1,1,1,1,1,1,0,1,0,1,0,1,0,0,0,0,0,0,0,0,0,0,0,0,0,0,0,0,0,0,0,1,1,0,0,0,1,0,0,1,1,1,1,1,1,0,0,0,0,1,0,0,0,0,0,0,0,1,1
2020-10-27,United Arab Emirates,-19.0,0.0,-28.0,-35.0,-19.0,9.0,0,1,0,1,0,0,1,1.0,0.9719,0.0,1.0,0.0,1.0,1.0,1.0,0.0,0.0,0.0,0.0,0.0,0.0,1.0,fear,0.0,1.0,0.0,0.0,1.0,0.0,0.0,1.0,0,0,0,0,1,1,1,0,0,0,1,0,0,0,0,1,0,1,0,1,1,1,1,1,0,1,0,0,0,1,0,0,0,0,0,0,0,1,1,1,0,0,0,0,0,0,0,0,0,0,1,1,1,0,1,1,0,0,1,1,0,0,0,0,0,0,0,0,1,0,0,1,0,0,1,1,0,1
2020-10-28,United Arab Emirates,-13.0,7.0,-24.0,-32.0,-18.0,6.0,0,1,0,0,0,0,1,2.0,0.43115,0.0,0.5,0.0,1.0,1.0,0.0,1.0,0.43115,0.0,0.0,0.0,0.0,1.0,fear,0.0,0.0,1.0,0.0,1.0,0.0,0.0,0.0,0,0,0,0,1,1,1,0,0,0,1,1,0,1,0,0,0,0,0,1,1,1,1,1,1,0,0,1,1,1,0,0,0,0,0,0,1,0,0,0,0,0,0,0,0,0,0,0,0,0,1,1,0,0,0,1,0,0,1,1,0,0,0,0,0,0,0,0,1,0,0,0,0,0,0,0,0,1
2020-10-29,United Arab Emirates,-15.0,8.0,-4.0,-45.0,-59.0,20.0,0,1,1,1,0,0,1,1.0,0.5204,0.0,1.0,0.0,1.0,0.0,0.0,0.0,0.0,0.0,0.0,0.0,0.0,1.0,fear,0.0,1.0,0.0,1.0,0.0,0.0,0.0,0.0,0,0,0,0,1,1,1,0,0,0,1,1,1,0,0,1,0,0,1,1,1,1,1,1,1,1,1,0,0,0,1,1,0,0,0,0,1,0,1,0,0,0,0,0,0,0,0,0,0,0,1,1,0,0,0,1,0,0,1,1,1,1,1,0,0,1,0,0,0,1,0,1,0,1,0,0,1,0
2020-10-30,United Arab Emirates,-24.0,-7.0,-24.0,-40.0,-16.0,6.0,0,1,0,0,0,0,1,1.0,0.6298,0.0,1.0,0.0,1.0,0.0,0.0,0.0,0.0,0.0,0.0,0.0,0.0,1.0,fear,0.0,1.0,0.0,0.0,0.0,0.0,0.0,0.0,0,0,0,0,1,1,1,0,0,1,1,1,0,0,1,0,0,0,0,0,1,1,0,1,1,0,0,1,0,1,0,0,0,0,1,0,0,0,0,0,0,0,0,0,0,0,0,0,0,0,1,1,0,0,0,0,0,0,1,1,1,0,0,0,1,0,0,0,1,1,1,0,0,0,0,0,1,1
2020-10-31,United Arab Emirates,-22.0,-4.0,-30.0,-39.0,-12.0,6.0,0,1,0,0,0,0,1,2.0,0.0,0.0,0.0,0.0,0.0,1.0,0.0,1.0,0.0,0.0,0.0,0.0,0.0,1.0,fear,0.0,1.0,1.0,0.0,1.0,0.0,0.0,0.0,1,0,0,0,1,1,1,0,0,0,1,1,0,0,0,0,0,0,1,0,1,1,0,1,1,0,1,0,0,0,1,0,1,0,0,0,0,0,0,1,0,0,0,0,0,0,0,0,0,0,1,1,0,0,1,0,0,0,1,1,1,0,1,0,0,0,0,0,0,1,0,0,0,0,0,0,1,0
2020-11-01,United Arab Emirates,-17.0,3.0,-27.0,-35.0,-18.0,8.0,0,1,0,0,0,0,1,2.0,0.4151,0.0,0.5,0.0,1.0,1.0,1.0,0.0,0.4151,0.0,0.0,0.0,0.0,1.0,fear,0.0,1.0,1.0,0.0,1.0,0.0,0.0,1.0,1,0,0,0,1,1,1,0,0,0,0,1,1,0,0,0,0,0,0,1,0,1,1,0,1,1,0,0,0,0,1,1,0,0,0,1,0,0,0,0,0,0,0,0,0,0,0,0,0,0,1,1,0,0,1,1,0,0,1,1,0,0,0,0,0,0,0,0,0,0,1,0,0,0,1,0,1,0
2020-11-02,United Arab Emirates,-19.0,0.0,-31.0,-36.0,-19.0,9.0,0,1,0,1,0,0,1,2.0,-0.0129,0.0,0.0,0.0,0.0,1.0,0.0,1.0,0.0129,0.0,0.0,0.0,0.0,1.0,fear,0.0,1.0,1.0,0.0,1.0,0.0,0.0,0.0,0,0,0,0,1,1,1,0,0,0,1,1,1,1,0,0,0,0,0,1,0,1,1,0,1,0,0,1,1,0,0,1,0,0,0,0,0,0,0,1,0,0,0,0,0,0,0,0,0,0,1,1,0,0,1,1,0,0,1,1,0,1,0,1,0,0,0,0,0,0,0,1,0,1,0,0,1,1
2020-11-03,United Arab Emirates,-19.0,0.0,-30.0,-36.0,-19.0,9.0,0,1,0,1,0,0,1,6.0,-0.0203666666666666,0.3333333333333333,0.3333333333333333,0.0,0.0,0.0,0.0,0.0,0.6196126549887616,0.0,0.0,0.0,0.0,1.0,fear,0.0,1.0,0.0,1.0,1.0,0.0,1.0,1.0,0,0,0,0,1,1,1,0,0,0,0,0,1,0,0,1,0,0,0,1,1,1,1,1,1,1,1,0,0,0,1,1,1,0,0,0,0,0,0,0,0,0,0,0,0,0,0,0,0,0,1,1,0,0,1,1,0,0,1,1,1,0,0,0,1,0,0,0,1,0,1,0,1,0,0,0,0,1
2020-11-04,United Arab Emirates,-20.0,-1.0,-31.0,-36.0,-19.0,9.0,0,1,0,1,0,0,1,3.0,0.0299,0.3333333333333333,0.3333333333333333,0.0,0.0,0.0,0.0,0.0,0.5665941581061351,0.0,0.0,0.0,0.0,1.0,fear,0.0,1.0,0.0,0.0,1.0,0.0,1.0,0.0,0,0,0,0,1,1,1,0,0,0,0,1,1,1,1,0,0,0,0,1,1,1,0,1,1,0,0,1,0,1,0,0,1,1,1,0,0,1,0,0,0,0,0,0,0,0,0,0,0,0,1,1,0,0,0,1,0,0,1,1,0,1,0,0,0,1,0,0,1,1,0,1,0,0,0,1,1,0
2020-11-05,United Arab Emirates,-20.0,0.0,-29.0,-35.0,-19.0,9.0,0,1,0,1,0,0,1,2.0,0.5744,0.0,1.0,0.0,1.0,1.0,1.0,0.0,0.2423999999999999,0.0,0.0,0.0,0.0,1.0,fear,0.0,1.0,0.0,0.0,0.0,1.0,0.0,1.0,0,0,0,0,1,1,1,0,0,0,0,0,1,0,0,0,0,0,0,1,1,0,0,1,0,0,1,0,0,0,0,0,1,0,0,0,1,1,0,0,0,0,0,0,0,0,0,0,0,0,1,1,0,0,0,1,0,0,1,1,0,1,0,1,0,0,0,0,1,0,0,1,0,0,0,0,0,0
2020-11-06,United Arab Emirates,-23.0,-4.0,-28.0,-38.0,-15.0,7.0,0,1,0,0,0,0,1,2.0,0.4926,0.0,0.5,0.0,1.0,0.0,0.0,0.0,0.4926,0.0,0.0,0.0,0.0,1.0,fear,0.0,1.0,0.0,0.0,1.0,0.0,0.0,0.0,0,0,0,0,1,1,1,0,0,0,1,0,1,1,1,0,1,0,0,0,1,0,1,0,0,0,0,0,1,0,0,0,0,0,0,1,0,0,1,0,0,0,0,0,0,0,0,0,0,0,1,1,0,0,1,0,0,0,1,1,0,1,0,0,0,1,0,0,0,1,0,0,0,0,0,0,0,0
2020-11-07,United Arab Emirates,-20.0,-3.0,-30.0,-38.0,-12.0,7.0,0,1,0,0,0,0,1,1.0,0.3818,0.0,1.0,0.0,1.0,0.0,0.0,0.0,0.0,0.0,0.0,0.0,0.0,1.0,fear,0.0,1.0,0.0,0.0,0.0,0.0,0.0,0.0,1,0,0,0,1,1,1,0,0,0,1,0,0,0,0,0,0,0,0,1,1,1,0,0,1,0,0,1,0,0,0,0,0,1,0,0,0,0,1,0,0,0,0,0,0,0,0,0,0,0,1,1,0,0,1,0,0,0,1,1,1,0,1,0,0,0,0,0,0,1,1,0,1,0,0,0,1,0
2020-11-08,United Arab Emirates,-18.0,0.0,-28.0,-35.0,-18.0,9.0,0,1,0,1,0,0,1,0.0,0.0,0.0,0.0,0.0,0.0,0.0,0.0,0.0,0.0,0.0,0.0,0.0,0.0,0.0,0,0.0,0.0,0.0,0.0,0.0,0.0,0.0,0.0,1,0,0,0,1,1,1,0,0,0,1,1,1,0,1,1,0,1,0,0,0,1,0,1,1,0,0,0,0,1,1,0,0,1,0,0,0,0,0,0,0,0,0,0,0,0,0,0,0,0,1,1,0,0,1,1,0,0,1,1,0,1,0,0,0,1,0,0,0,1,0,1,0,1,0,0,1,0
2020-11-09,United Arab Emirates,-20.0,-2.0,-32.0,-36.0,-19.0,9.0,0,1,0,1,0,0,1,4.0,0.0558499999999999,0.25,0.25,0.0,0.0,1.0,0.0,1.0,0.6271499043291007,0.0,0.0,0.0,0.0,1.0,fear,0.0,1.0,0.0,0.0,1.0,1.0,0.0,1.0,0,0,0,0,0,1,1,0,0,0,0,1,0,0,0,0,0,0,0,0,1,1,0,0,1,0,0,1,0,0,0,0,0,1,0,0,0,0,0,0,0,0,0,0,0,0,0,0,0,0,1,1,0,0,1,1,0,0,1,1,1,1,0,1,1,0,0,0,1,0,1,0,0,1,1,0,0,1
2020-11-10,United Arab Emirates,-20.0,-2.0,-32.0,-36.0,-19.0,9.0,0,1,0,1,0,0,1,2.0,0.0,0.0,0.0,0.0,0.0,0.0,0.0,0.0,0.0,0.0,0.0,0.0,0.0,1.0,fear,0.0,1.0,0.0,0.0,1.0,0.0,0.0,0.0,0,0,0,0,1,1,1,0,0,0,0,1,0,1,0,1,1,0,0,1,0,1,1,0,0,1,0,0,0,0,0,0,0,0,0,0,1,0,0,1,0,0,0,0,0,0,0,0,0,0,1,1,0,0,1,1,0,0,1,1,1,1,1,1,0,0,0,1,0,0,1,1,0,1,0,1,0,0
2020-11-11,United Arab Emirates,-19.0,0.0,-31.0,-35.0,-19.0,9.0,0,1,0,1,0,0,1,1.0,0.7458,0.0,1.0,0.0,1.0,1.0,1.0,0.0,0.0,0.0,0.0,0.0,0.0,1.0,fear,0.0,1.0,0.0,1.0,0.0,0.0,0.0,1.0,0,0,0,0,1,0,1,0,0,0,0,0,0,0,0,0,0,0,0,1,0,1,0,0,0,0,0,0,0,0,0,0,0,0,0,0,0,0,0,1,0,0,0,0,0,0,0,0,0,0,1,1,0,0,0,1,0,0,1,1,1,1,0,0,1,1,0,0,1,0,0,0,0,0,0,0,0,0
2020-11-12,United Arab Emirates,-18.0,1.0,-28.0,-34.0,-19.0,9.0,0,1,0,1,0,0,1,4.0,0.159625,0.0,0.25,0.0,0.0,1.0,0.0,1.0,0.3553032815426843,0.0,0.0,0.0,0.0,1.0,fear,0.0,1.0,1.0,0.0,0.0,0.0,0.0,1.0,0,0,0,0,1,1,1,0,0,0,1,0,1,1,1,1,0,1,1,0,1,0,1,1,1,0,1,0,1,0,1,0,0,0,1,0,0,0,0,0,0,0,0,0,0,0,0,0,0,0,1,1,0,0,0,1,0,0,1,1,0,1,0,0,0,1,0,0,1,1,0,0,0,0,0,1,0,0
2020-11-13,United Arab Emirates,-21.0,0.0,-26.0,-37.0,-13.0,6.0,0,1,0,0,0,0,1,1.0,0.8881,0.0,1.0,0.0,1.0,1.0,1.0,0.0,0.0,0.0,0.0,0.0,0.0,1.0,fear,0.0,0.0,0.0,0.0,0.0,0.0,0.0,0.0,0,0,0,0,1,1,1,0,0,0,0,0,1,1,0,0,0,0,0,0,1,1,1,0,0,1,0,0,0,0,0,1,0,0,0,0,0,0,0,0,0,0,0,0,0,0,0,0,0,0,1,1,0,0,1,0,0,0,1,1,1,1,0,1,1,0,0,0,1,1,1,0,1,0,0,1,0,1
2020-11-14,United Arab Emirates,-18.0,-1.0,-28.0,-37.0,-13.0,7.0,0,1,0,0,0,0,1,1.0,0.7579,0.0,1.0,0.0,1.0,0.0,0.0,0.0,0.0,0.0,0.0,0.0,0.0,1.0,fear,0.0,1.0,0.0,0.0,0.0,0.0,0.0,0.0,1,0,0,0,1,1,1,0,0,0,1,1,1,0,1,0,0,0,0,0,0,0,1,1,0,0,0,0,1,1,0,0,0,0,0,1,0,0,0,0,0,0,0,0,0,0,0,0,0,0,1,1,0,0,1,0,0,0,1,1,1,0,1,0,0,0,0,0,0,1,0,0,1,1,0,0,1,1
2020-11-15,United Arab Emirates,-17.0,1.0,-25.0,-34.0,-19.0,9.0,0,1,0,1,0,0,1,2.0,0.9788,0.0,1.0,0.0,1.0,1.0,1.0,0.0,0.0201999999999999,1.0,0.0,0.0,0.0,1.0,fear,0.0,1.0,1.0,0.0,0.0,1.0,0.0,1.0,1,1,0,0,1,1,0,0,0,0,1,0,0,0,1,0,0,0,0,0,0,0,0,1,0,0,1,0,0,0,0,0,1,0,0,0,0,0,0,0,0,0,0,0,0,0,0,0,0,0,1,1,0,0,1,1,0,0,1,1,1,0,1,0,0,0,1,0,0,1,1,1,1,1,1,0,0,0
2020-11-16,United Arab Emirates,-20.0,-4.0,-29.0,-35.0,-19.0,9.0,0,1,0,1,0,0,1,6.0,-0.2329,0.3333333333333333,0.0,0.0,0.0,1.0,0.0,1.0,0.3890514918790741,0.0,0.0,0.0,0.0,1.0,fear,0.0,1.0,0.0,0.0,1.0,1.0,0.0,0.0,0,0,0,0,1,1,1,0,0,0,1,1,0,1,0,1,1,0,1,0,0,1,1,1,1,0,0,1,1,1,0,1,0,0,0,0,0,0,0,0,1,0,0,0,0,0,0,0,0,0,1,1,0,0,1,1,0,0,1,1,1,0,0,0,1,0,0,0,0,1,0,0,0,0,0,1,0,0
2020-11-17,United Arab Emirates,-21.0,-4.0,-29.0,-36.0,-19.0,9.0,0,1,0,1,0,0,1,2.0,-0.4785,1.0,0.0,1.0,0.0,1.0,0.0,1.0,0.0933999999999999,0.0,0.0,0.0,0.0,1.0,fear,0.0,1.0,0.0,1.0,0.0,1.0,0.0,1.0,0,1,0,0,1,1,1,0,0,0,0,1,0,0,0,0,1,0,0,1,0,1,1,0,0,1,0,0,0,0,0,0,0,0,0,0,0,0,0,0,0,0,0,0,0,0,0,0,0,0,1,1,0,0,1,1,0,0,1,1,1,0,0,0,1,0,0,0,1,1,0,0,0,0,1,0,0,0
2020-11-18,United Arab Emirates,-21.0,-3.0,-31.0,-36.0,-18.0,9.0,0,1,0,1,0,0,1,1.0,0.0772,0.0,0.0,0.0,0.0,1.0,1.0,0.0,0.0,0.0,0.0,0.0,0.0,1.0,fear,0.0,0.0,0.0,0.0,0.0,0.0,0.0,0.0,0,0,0,0,1,1,1,1,0,0,0,1,1,1,1,1,1,1,0,0,0,0,1,1,1,1,0,0,0,1,1,0,1,0,1,0,1,0,0,0,0,1,0,0,0,0,0,0,0,0,1,1,0,0,0,1,0,0,1,1,1,1,1,0,0,1,0,0,1,1,0,0,0,1,1,0,1,1
2020-11-19,United Arab Emirates,-20.0,-2.0,-29.0,-36.0,-18.0,9.0,0,1,0,1,0,0,1,1.0,0.8439,0.0,1.0,0.0,1.0,1.0,1.0,0.0,0.0,0.0,0.0,0.0,0.0,1.0,fear,0.0,0.0,0.0,1.0,0.0,0.0,0.0,0.0,0,0,0,0,1,1,1,0,0,0,0,0,0,0,0,1,0,1,0,0,1,0,1,1,1,0,1,1,1,0,0,0,0,1,0,0,0,0,0,0,0,0,0,0,0,0,0,0,0,0,1,1,0,0,0,1,0,0,1,1,0,1,0,1,0,0,0,0,1,0,0,1,1,0,0,1,1,1
2020-11-20,United Arab Emirates,-23.0,-6.0,-29.0,-39.0,-13.0,7.0,0,1,0,0,0,0,1,2.0,0.4455,0.0,0.5,0.0,1.0,1.0,0.0,1.0,0.4455,0.0,0.0,0.0,0.0,1.0,fear,0.0,1.0,0.0,1.0,1.0,0.0,0.0,0.0,0,0,0,0,1,1,1,0,1,0,1,0,1,0,1,0,0,1,0,0,0,0,1,1,1,0,1,0,1,0,1,0,0,0,1,1,0,0,0,0,0,0,0,0,0,0,0,0,0,0,1,1,0,0,1,0,0,0,1,1,0,0,0,0,0,0,0,0,1,0,1,0,1,0,0,0,0,0
2020-11-21,United Arab Emirates,-21.0,-5.0,-32.0,-38.0,-11.0,7.0,0,1,0,0,0,0,1,2.0,0.35205,0.0,0.5,0.0,1.0,0.0,0.0,0.0,0.35205,0.0,0.0,0.0,0.0,1.0,fear,0.0,1.0,0.0,0.0,1.0,1.0,0.0,0.0,1,0,0,0,1,1,1,0,0,0,1,0,1,0,0,0,0,0,0,1,0,0,1,1,0,1,0,0,0,1,0,0,0,0,1,0,0,0,0,0,0,0,0,0,0,0,0,0,0,0,1,1,0,0,1,0,0,0,1,1,0,1,0,0,0,1,0,0,1,1,0,1,0,1,1,0,0,0
2020-11-22,United Arab Emirates,-18.0,-2.0,-29.0,-35.0,-18.0,9.0,0,1,0,1,0,0,1,3.0,0.4735333333333333,0.0,0.6666666666666666,0.0,1.0,0.0,0.0,0.0,0.4254996853373951,0.0,0.0,0.0,0.0,1.0,fear,0.0,1.0,0.0,0.0,0.0,1.0,0.0,1.0,1,0,0,0,1,1,1,0,0,0,1,1,1,0,0,1,1,0,1,1,0,0,0,1,1,0,0,0,0,1,1,0,0,1,0,1,0,0,0,0,0,0,1,0,0,0,0,0,0,0,1,1,0,0,1,0,0,0,1,1,0,1,0,1,0,0,0,0,1,1,0,1,0,0,0,0,0,1
2020-11-23,United Arab Emirates,-21.0,-6.0,-32.0,-37.0,-18.0,9.0,0,1,0,1,0,0,1,3.0,0.3279,0.0,0.6666666666666666,0.0,1.0,0.0,0.0,0.0,0.3476991803269026,0.0,0.0,0.0,0.0,1.0,fear,0.0,1.0,0.0,1.0,0.0,0.0,0.0,0.0,0,0,0,0,1,1,1,0,0,0,1,1,0,1,0,0,1,0,1,0,1,1,0,1,1,0,1,1,0,0,0,0,0,0,0,1,0,0,0,0,0,0,0,0,0,0,0,0,0,0,1,0,0,0,1,0,0,0,1,0,1,1,0,1,1,0,0,0,1,0,0,0,1,1,0,0,1,0
2020-11-24,United Arab Emirates,-21.0,-5.0,-32.0,-37.0,-19.0,9.0,0,1,0,1,0,0,1,2.0,0.5085999999999999,0.0,0.5,0.0,1.0,0.0,0.0,0.0,0.2697,1.0,0.0,0.0,0.0,1.0,fear,0.0,1.0,0.0,0.0,0.0,0.0,1.0,0.0,0,1,0,0,1,1,1,0,0,1,1,1,0,0,0,1,0,1,1,0,1,0,0,0,1,0,0,1,0,0,0,0,0,0,1,0,1,0,0,0,0,0,0,0,0,0,0,1,0,0,1,1,0,1,1,1,0,0,1,1,1,0,1,0,0,0,0,0,0,0,1,0,0,0,1,0,1,0
2020-11-25,United Arab Emirates,-20.0,-3.0,-33.0,-35.0,-18.0,9.0,0,1,0,1,0,0,1,1.0,0.9427,0.0,1.0,0.0,1.0,1.0,1.0,0.0,0.0,0.0,0.0,0.0,0.0,1.0,fear,0.0,1.0,0.0,0.0,1.0,1.0,0.0,0.0,0,0,0,0,1,1,1,0,0,0,1,1,0,0,1,0,0,1,0,0,0,0,0,0,1,0,0,0,0,0,1,0,0,0,0,0,0,1,0,0,1,0,0,0,0,0,0,1,0,0,1,1,0,1,0,1,0,0,1,1,0,0,0,0,0,0,0,0,0,0,0,0,0,0,0,0,0,0
2020-11-26,United Arab Emirates,-18.0,0.0,-30.0,-33.0,-18.0,9.0,0,1,0,1,0,0,1,2.0,-0.06585,0.5,0.5,0.0,0.0,1.0,0.0,1.0,0.90145,0.0,0.0,0.0,0.0,1.0,fear,0.0,1.0,0.0,1.0,1.0,0.0,0.0,1.0,0,0,0,0,1,1,1,0,0,0,1,1,1,0,0,0,1,0,0,1,0,0,1,0,1,0,0,0,1,0,1,0,0,0,0,1,1,0,0,0,0,0,0,0,0,0,0,0,0,0,1,1,0,1,0,1,0,0,1,1,1,0,0,0,1,0,0,0,1,0,1,0,1,0,0,1,0,1
2020-11-27,United Arab Emirates,-20.0,-3.0,-30.0,-35.0,-11.0,6.0,0,1,0,0,0,0,1,0.0,0.0,0.0,0.0,0.0,0.0,0.0,0.0,0.0,0.0,0.0,0.0,0.0,0.0,0.0,0,0.0,0.0,0.0,0.0,0.0,0.0,0.0,0.0,0,0,0,0,1,1,1,0,0,0,0,1,1,1,0,0,0,0,0,1,0,1,1,0,1,1,0,1,0,0,0,0,0,0,1,0,1,0,1,0,0,1,0,0,0,0,0,0,0,0,1,1,0,0,0,0,0,0,1,1,1,0,1,0,0,0,0,0,1,0,1,0,0,0,0,0,1,0
2020-11-28,United Arab Emirates,-17.0,-1.0,-32.0,-35.0,-10.0,6.0,0,1,0,0,0,0,1,1.0,0.9008,0.0,1.0,0.0,1.0,1.0,1.0,0.0,0.0,0.0,0.0,0.0,0.0,1.0,fear,0.0,1.0,0.0,0.0,0.0,1.0,0.0,1.0,1,0,0,0,0,1,1,0,0,0,0,1,1,0,0,0,0,1,1,0,1,1,0,1,0,0,0,0,0,1,0,0,0,0,0,0,0,0,0,0,0,0,0,0,0,0,0,0,0,0,0,1,0,0,0,0,0,0,0,1,1,0,1,0,0,0,0,0,0,0,0,0,1,1,0,0,0,0
2020-11-29,United Arab Emirates,-13.0,4.0,-27.0,-32.0,-18.0,8.0,0,1,0,0,0,0,1,2.0,0.48815,0.0,0.5,0.0,1.0,1.0,0.0,1.0,0.48815,0.0,0.0,0.0,0.0,1.0,fear,0.0,1.0,0.0,0.0,1.0,0.0,0.0,1.0,1,0,0,0,1,1,1,0,0,0,1,0,1,1,1,1,1,0,1,0,1,0,1,1,0,0,1,0,1,0,0,0,0,0,0,1,0,0,0,0,0,0,0,0,0,0,1,0,0,0,1,1,1,0,1,0,0,0,1,1,0,0,0,0,0,0,0,0,0,0,0,0,0,0,0,0,0,0
2020-11-30,United Arab Emirates,-10.0,7.0,-25.0,-30.0,-18.0,6.0,0,0,0,0,0,0,0,2.0,-0.05925,0.5,0.5,0.0,0.0,1.0,0.0,1.0,0.55315,0.0,0.0,0.0,0.0,1.0,fear,0.0,0.0,0.0,0.0,0.0,1.0,0.0,0.0,0,0,0,1,1,0,1,0,0,0,1,0,1,1,0,0,0,0,0,1,0,0,1,0,0,1,0,0,0,0,0,0,0,0,0,0,1,0,0,0,0,0,0,0,0,0,1,0,0,0,1,1,1,0,1,0,0,0,1,1,0,0,0,0,0,0,0,0,0,1,0,1,0,0,0,0,0,1
2020-12-01,United Arab Emirates,-2.0,19.0,7.0,-38.0,-55.0,15.0,0,1,1,1,1,0,1,0.0,0.0,0.0,0.0,0.0,0.0,0.0,0.0,0.0,0.0,0.0,0.0,0.0,0.0,0.0,0,0.0,0.0,0.0,0.0,0.0,0.0,0.0,0.0,0,0,0,0,1,1,1,0,0,0,0,1,1,0,1,0,1,1,0,0,0,0,1,1,0,1,0,0,0,1,0,0,0,0,0,0,0,0,0,1,0,0,1,0,0,0,0,0,0,0,1,1,1,0,1,0,0,0,1,1,0,1,0,1,0,0,0,0,0,0,0,0,0,0,1,1,1,0
2020-12-02,United Arab Emirates,-2.0,19.0,31.0,-39.0,-64.0,18.0,0,1,1,1,1,0,1,0.0,0.0,0.0,0.0,0.0,0.0,0.0,0.0,0.0,0.0,0.0,0.0,0.0,0.0,0.0,0,0.0,0.0,0.0,0.0,0.0,0.0,0.0,0.0,0,0,0,0,0,1,1,0,0,0,0,1,1,0,1,0,0,0,1,0,1,1,0,1,1,0,1,0,0,0,1,0,0,0,0,0,0,0,0,0,0,0,0,0,0,0,0,0,0,0,1,1,0,0,0,0,0,0,1,1,0,1,0,0,0,1,0,0,0,0,0,0,0,0,0,1,0,1
2020-12-03,United Arab Emirates,-14.0,5.0,5.0,-42.0,-59.0,19.0,0,1,1,1,0,0,1,3.0,0.0037666666666666,0.3333333333333333,0.3333333333333333,0.0,0.0,0.0,0.0,0.0,0.5304436905920259,0.0,0.0,0.0,0.0,1.0,fear,0.0,1.0,1.0,1.0,1.0,0.0,0.0,0.0,0,0,0,0,0,1,1,0,0,0,0,0,0,0,0,1,0,1,0,0,0,1,0,1,1,0,1,1,0,0,0,0,0,0,0,0,1,0,0,0,0,0,0,0,0,0,0,0,0,0,1,1,0,0,0,1,0,0,1,1,0,1,0,1,0,0,0,0,0,0,0,0,1,0,0,1,0,0
2020-12-04,United Arab Emirates,-24.0,-7.0,-24.0,-37.0,-13.0,6.0,0,1,0,0,0,0,1,2.0,0.1154,0.0,0.5,0.0,0.0,0.0,0.0,0.0,0.3886,0.0,0.0,0.0,0.0,1.0,fear,0.0,0.0,0.0,0.0,0.0,0.0,0.0,0.0,0,0,0,0,1,0,0,0,0,0,0,0,0,0,0,0,0,0,0,1,0,0,0,0,0,0,0,0,0,0,0,1,0,0,1,0,0,0,0,0,0,0,0,0,0,0,0,0,0,0,1,1,0,0,0,0,0,0,1,1,0,1,0,0,0,1,0,0,0,1,0,1,0,0,0,1,0,1
2020-12-05,United Arab Emirates,-20.0,-4.0,-31.0,-36.0,-10.0,6.0,0,1,0,0,0,0,1,1.0,0.1406,0.0,0.0,0.0,0.0,0.0,0.0,0.0,0.0,0.0,0.0,0.0,0.0,1.0,fear,0.0,1.0,0.0,0.0,0.0,1.0,0.0,0.0,1,0,0,0,1,0,1,0,0,0,0,0,1,0,0,1,0,0,1,0,0,0,0,0,1,0,0,0,0,0,1,0,0,0,0,0,0,0,0,0,0,0,0,0,0,0,0,0,0,0,1,1,0,0,0,0,0,0,1,1,0,1,0,1,0,0,0,0,1,0,1,0,0,0,0,1,1,1
2020-12-06,United Arab Emirates,-15.0,2.0,-27.0,-32.0,-17.0,8.0,0,1,0,0,0,0,1,0.0,0.0,0.0,0.0,0.0,0.0,0.0,0.0,0.0,0.0,0.0,0.0,0.0,0.0,0.0,0,0.0,0.0,0.0,0.0,0.0,0.0,0.0,0.0,1,0,0,0,1,1,1,0,0,0,0,0,1,0,0,1,1,0,0,0,1,1,0,0,1,0,0,1,0,0,0,0,1,0,0,1,0,0,0,0,0,0,0,0,0,0,0,0,0,0,1,0,0,0,0,0,0,0,1,0,1,0,1,0,0,0,0,0,0,0,0,1,0,0,1,1,0,1
2020-12-07,United Arab Emirates,-17.0,0.0,-30.0,-34.0,-19.0,8.0,0,1,0,0,0,0,1,4.0,0.31405,0.25,0.5,0.0,1.0,0.0,0.0,0.0,0.492577356868949,1.0,0.0,0.0,0.0,1.0,fear,0.0,1.0,0.0,0.0,1.0,0.0,0.0,1.0,0,1,0,0,0,1,1,0,0,0,0,0,0,0,0,0,0,0,1,0,0,0,0,0,1,0,0,1,0,0,0,0,0,0,0,0,0,0,0,0,0,0,0,0,0,0,0,0,0,0,1,1,0,0,0,0,0,0,1,1,1,1,0,0,1,1,0,0,0,1,0,0,0,0,1,1,1,1
2020-12-08,United Arab Emirates,-18.0,-1.0,-29.0,-34.0,-17.0,8.0,0,1,0,0,0,0,1,2.0,-0.26335,0.5,0.0,0.0,0.0,1.0,0.0,1.0,0.26335,0.0,0.0,0.0,0.0,1.0,fear,0.0,1.0,0.0,1.0,0.0,0.0,0.0,0.0,0,0,0,0,1,1,0,0,0,0,1,0,0,1,0,0,0,1,0,1,0,0,0,0,0,0,0,0,0,0,0,0,0,0,0,0,0,0,0,0,1,0,0,0,0,0,0,0,0,0,1,1,0,0,1,0,0,0,1,1,1,1,1,1,0,0,0,0,0,1,0,1,0,1,1,0,0,1
2020-12-09,United Arab Emirates,-17.0,-1.0,-29.0,-34.0,-18.0,8.0,0,1,0,0,0,0,1,15.0,0.2282466666666666,0.0666666666666666,0.5333333333333333,0.0,0.0,1.0,1.0,0.0,0.2846403926984986,0.0,0.0,0.0,0.0,1.0,fear,0.0,1.0,0.0,1.0,1.0,0.0,1.0,0.0,0,0,0,0,1,0,0,0,0,0,0,0,0,0,0,0,0,0,0,0,0,0,1,0,0,1,0,0,0,0,0,0,0,0,1,0,0,0,0,0,0,0,0,0,0,0,0,0,0,0,1,1,0,0,0,0,0,0,1,1,1,0,0,0,1,0,0,0,1,1,1,1,0,0,1,0,1,0
2020-12-10,United Arab Emirates,-18.0,0.0,-25.0,-32.0,-18.0,9.0,0,1,0,1,0,0,1,2.0,0.0,0.0,0.0,0.0,0.0,1.0,0.0,1.0,0.0,0.0,0.0,0.0,0.0,1.0,fear,0.0,1.0,0.0,1.0,0.0,0.0,0.0,0.0,0,0,0,0,1,1,1,0,0,0,0,1,0,0,1,0,0,0,0,1,1,1,1,0,0,0,0,0,1,0,0,0,0,1,1,0,1,1,0,0,0,1,0,0,0,0,0,0,0,0,1,0,0,0,0,1,0,0,1,0,1,1,1,1,0,0,0,1,0,0,0,0,0,0,1,0,1,0
2020-12-11,United Arab Emirates,-21.0,-1.0,-22.0,-33.0,-10.0,6.0,0,1,0,0,0,0,1,3.0,0.3147666666666667,0.0,0.3333333333333333,0.0,1.0,1.0,1.0,0.0,0.4451472889829712,0.0,0.0,0.0,0.0,1.0,fear,0.0,1.0,0.0,1.0,1.0,0.0,1.0,1.0,0,0,0,0,1,1,1,0,0,0,0,0,0,0,0,0,0,0,0,0,0,0,1,1,0,1,1,0,0,0,0,0,0,0,1,1,0,0,0,0,0,0,0,0,0,0,0,0,0,0,0,0,0,0,0,0,0,0,0,0,0,0,0,0,0,0,0,0,0,0,1,0,0,0,1,0,1,0
2020-12-12,United Arab Emirates,-18.0,-1.0,-24.0,-33.0,-10.0,6.0,0,1,0,0,0,0,1,2.0,-0.13325,0.0,0.0,0.0,0.0,1.0,0.0,1.0,0.13325,0.0,0.0,0.0,0.0,1.0,fear,0.0,1.0,0.0,1.0,1.0,0.0,0.0,0.0,1,0,0,0,1,1,1,0,0,0,1,0,0,1,0,0,0,0,1,1,1,0,1,1,0,0,0,0,1,1,0,0,0,0,1,1,0,1,1,0,0,0,0,0,0,0,0,0,0,0,1,1,0,0,0,0,0,0,1,1,1,1,0,0,1,1,0,0,1,0,0,0,0,0,1,1,1,0
2020-12-13,United Arab Emirates,-12.0,3.0,-17.0,-30.0,-20.0,8.0,0,0,0,0,0,0,0,5.0,0.01814,0.4,0.4,0.0,0.0,0.0,0.0,0.0,0.6306556068092949,0.0,0.0,1.0,0.0,0.0,sadness,0.0,1.0,0.0,1.0,1.0,0.0,1.0,1.0,1,0,0,1,1,1,0,0,0,0,0,0,0,0,0,0,0,0,0,1,0,0,1,1,0,1,1,0,0,0,0,0,0,0,1,1,0,0,0,0,0,0,0,0,0,0,0,0,0,0,1,0,0,0,0,0,0,0,1,0,1,1,1,0,0,1,0,0,1,1,1,1,1,1,0,0,1,0
2020-12-14,United Arab Emirates,-15.0,-1.0,-22.0,-32.0,-20.0,8.0,0,1,0,0,0,0,1,1.0,0.9321,0.0,1.0,0.0,1.0,1.0,1.0,0.0,0.0,0.0,0.0,0.0,0.0,1.0,fear,0.0,1.0,0.0,1.0,1.0,0.0,0.0,0.0,0,0,0,0,0,1,1,0,0,0,0,1,1,1,1,1,0,0,0,1,1,1,0,1,0,0,0,0,0,1,0,0,0,0,1,1,0,1,1,0,0,0,1,0,0,0,0,0,0,0,1,0,0,0,0,0,0,0,1,0,0,0,0,0,0,0,0,0,1,1,1,1,0,0,0,1,0,1
2020-12-15,United Arab Emirates,-15.0,1.0,-22.0,-32.0,-21.0,8.0,0,1,0,0,0,0,1,2.0,0.6545000000000001,0.0,1.0,0.0,1.0,1.0,0.0,1.0,0.2031,0.0,0.0,0.0,0.0,1.0,fear,0.0,1.0,1.0,0.0,1.0,1.0,1.0,1.0,0,0,0,0,1,1,1,0,0,0,1,0,0,0,0,0,0,0,0,1,1,0,1,1,1,0,1,1,1,0,0,0,0,0,1,1,1,0,0,0,0,0,0,0,0,0,0,0,0,0,0,1,0,0,1,0,0,0,0,1,1,0,1,0,0,0,1,0,0,1,0,1,0,1,0,1,0,1
2020-12-16,United Arab Emirates,-15.0,1.0,-23.0,-31.0,-20.0,8.0,0,1,0,0,0,0,1,1.0,0.8299,0.0,1.0,0.0,1.0,0.0,0.0,0.0,0.0,0.0,0.0,0.0,0.0,1.0,fear,0.0,0.0,0.0,0.0,0.0,0.0,0.0,1.0,0,0,0,0,1,0,1,0,0,0,1,0,0,1,1,0,1,0,0,1,1,1,1,0,1,1,0,0,0,0,1,1,0,0,0,1,1,1,1,1,0,0,0,0,0,0,0,0,0,0,0,0,0,0,0,0,0,0,0,0,0,1,0,1,0,0,0,0,0,0,0,1,0,0,0,0,0,1
2020-12-17,United Arab Emirates,-16.0,1.0,-22.0,-30.0,-20.0,9.0,0,0,0,1,0,0,0,1.0,-0.4871,1.0,0.0,1.0,0.0,1.0,0.0,1.0,0.0,0.0,0.0,0.0,0.0,1.0,fear,0.0,1.0,0.0,0.0,0.0,0.0,0.0,0.0,0,0,1,0,1,1,1,0,0,0,1,1,0,1,0,0,0,0,0,0,1,0,0,1,1,0,0,1,0,1,0,0,0,0,0,1,1,0,0,0,0,0,0,0,0,0,0,0,0,0,1,0,0,0,0,1,0,0,1,0,1,1,0,0,1,1,0,0,0,1,0,0,0,1,1,0,0,1
2020-12-18,United Arab Emirates,-19.0,-1.0,-20.0,-30.0,-10.0,6.0,0,0,0,0,0,0,0,0.0,0.0,0.0,0.0,0.0,0.0,0.0,0.0,0.0,0.0,0.0,0.0,0.0,0.0,0.0,0,0.0,0.0,0.0,0.0,0.0,0.0,0.0,0.0,0,0,0,1,1,1,1,1,0,0,0,1,1,0,1,1,0,1,0,0,1,1,1,1,1,1,1,0,0,0,1,0,1,0,0,0,1,0,1,1,0,0,0,0,0,0,0,0,0,0,0,1,0,0,0,0,0,0,0,1,1,1,0,1,1,0,0,0,1,0,1,0,1,0,0,1,0,1
2020-12-19,United Arab Emirates,-17.0,-2.0,-22.0,-31.0,-10.0,6.0,0,1,0,0,0,0,1,2.0,0.23835,0.0,0.5,0.0,0.0,1.0,1.0,0.0,0.23835,0.0,0.0,0.0,0.0,1.0,fear,0.0,1.0,0.0,1.0,0.0,0.0,0.0,0.0,1,0,0,0,0,1,1,0,0,0,0,1,0,0,1,0,0,0,0,0,0,1,0,0,1,0,0,1,0,0,0,0,0,0,0,0,1,0,0,0,0,0,0,0,0,0,0,0,0,0,0,1,0,0,0,0,0,0,0,1,0,0,0,0,0,0,0,0,1,0,1,0,0,0,1,1,1,1
2020-12-20,United Arab Emirates,-11.0,4.0,-15.0,-28.0,-21.0,8.0,0,0,0,0,0,0,0,2.0,0.63285,0.0,1.0,0.0,1.0,1.0,1.0,0.0,0.31465,0.0,0.0,0.0,0.0,1.0,fear,0.0,1.0,1.0,0.0,0.0,1.0,0.0,1.0,1,0,0,1,1,1,0,0,1,0,0,0,0,0,0,1,0,0,0,0,0,1,1,1,0,0,1,0,1,0,0,0,0,0,1,0,1,0,0,1,0,0,0,0,0,0,0,0,0,0,1,0,0,0,0,0,0,0,1,0,0,1,0,0,0,1,0,0,1,1,1,0,1,0,1,1,1,0
2020-12-21,United Arab Emirates,-13.0,1.0,-20.0,-30.0,-21.0,8.0,0,0,0,0,0,0,0,4.0,0.452125,0.0,0.5,0.0,1.0,0.0,0.0,0.0,0.453240848638999,0.0,0.0,0.0,0.0,1.0,fear,0.0,1.0,0.0,1.0,1.0,0.0,0.0,1.0,0,0,0,1,1,0,1,0,0,0,1,0,1,1,0,0,1,0,0,0,0,1,1,0,1,0,0,0,1,0,1,1,0,0,0,0,1,0,0,0,0,0,0,0,0,0,0,0,0,0,0,1,0,0,0,0,0,0,0,1,1,0,1,0,0,0,0,0,0,1,1,1,0,1,0,1,1,1
2020-12-22,United Arab Emirates,-14.0,1.0,-21.0,-32.0,-22.0,8.0,0,1,0,0,0,0,1,6.0,0.49255,0.1666666666666666,0.8333333333333334,0.0,1.0,0.0,0.0,0.0,0.4022539361729934,0.0,0.0,0.0,0.0,1.0,fear,0.0,1.0,0.0,1.0,1.0,1.0,0.0,1.0,0,0,0,0,1,1,1,0,0,0,1,0,1,1,0,1,0,0,1,1,0,1,0,1,1,0,0,1,0,1,0,0,0,1,1,1,0,0,0,1,0,0,0,0,0,0,0,0,0,0,0,1,0,0,1,0,0,0,0,1,1,0,0,0,1,0,0,0,1,1,0,0,1,0,0,0,1,1
2020-12-23,United Arab Emirates,-12.0,5.0,-21.0,-30.0,-21.0,8.0,0,0,0,0,0,0,0,3.0,-0.1084999999999999,0.3333333333333333,0.3333333333333333,0.0,0.0,1.0,0.0,1.0,0.4176016842239344,0.0,0.0,0.0,0.0,1.0,fear,0.0,1.0,0.0,0.0,1.0,0.0,0.0,1.0,0,0,0,1,1,1,1,0,0,0,1,1,1,1,1,1,1,1,0,1,0,0,0,1,0,0,0,0,0,1,0,0,1,0,1,0,0,0,0,0,0,0,0,0,0,0,0,0,0,0,1,0,0,0,0,0,0,0,1,0,1,1,1,1,0,0,0,0,0,0,0,1,0,0,1,1,1,1
2020-12-24,United Arab Emirates,-13.0,7.0,-21.0,-30.0,-23.0,9.0,0,0,0,1,0,0,0,4.0,0.643725,0.0,0.75,0.0,1.0,1.0,1.0,0.0,0.3818882387230589,0.0,0.0,0.0,0.0,1.0,fear,0.0,1.0,0.0,0.0,1.0,1.0,1.0,0.0,0,0,0,1,1,1,1,0,0,1,0,1,0,1,1,0,0,0,0,1,1,0,1,0,1,1,0,1,0,0,0,0,0,0,0,1,0,0,0,0,0,0,0,0,0,0,0,1,0,0,1,0,0,0,0,1,0,0,1,0,0,0,0,0,0,0,0,0,0,0,0,0,0,0,1,0,1,1
2020-12-25,United Arab Emirates,-19.0,-4.0,-20.0,-32.0,-12.0,5.0,0,1,0,0,0,0,1,2.0,0.07385,0.0,0.0,0.0,0.0,1.0,0.0,1.0,0.07385,0.0,0.0,0.0,0.0,1.0,fear,0.0,1.0,0.0,1.0,1.0,0.0,0.0,0.0,0,0,0,0,1,1,0,0,0,0,1,1,0,0,1,0,1,1,0,1,1,0,1,0,0,0,0,0,1,0,0,0,0,0,0,1,0,1,0,0,0,0,0,0,0,0,0,0,0,0,0,1,0,0,0,0,0,0,0,1,1,1,0,0,1,1,0,0,1,0,0,0,0,0,1,1,0,1
2020-12-26,United Arab Emirates,-16.0,-1.0,-22.0,-31.0,-11.0,5.0,0,1,0,0,0,0,1,2.0,0.0,0.0,0.0,0.0,0.0,0.0,0.0,0.0,0.0,0.0,0.0,0.0,0.0,1.0,fear,0.0,1.0,0.0,1.0,1.0,0.0,0.0,0.0,1,0,0,0,1,1,1,0,0,0,0,0,0,0,1,0,0,0,0,1,1,0,1,1,1,1,1,0,0,0,1,0,0,0,1,0,1,0,0,0,0,0,0,0,0,0,0,0,0,0,1,1,0,0,0,0,0,0,1,1,0,1,0,1,0,0,0,0,1,0,1,0,1,0,1,1,1,1
2020-12-27,United Arab Emirates,-9.0,5.0,-16.0,-29.0,-22.0,8.0,0,0,0,0,0,0,0,4.0,0.5186499999999999,0.25,0.75,0.0,1.0,1.0,1.0,0.0,0.5673414954857435,0.0,0.0,0.0,0.0,1.0,fear,0.0,1.0,0.0,1.0,0.0,0.0,1.0,0.0,1,0,0,1,1,1,1,0,0,0,0,1,1,0,0,1,0,1,1,1,1,0,0,1,1,0,0,0,0,1,1,0,0,1,1,0,0,0,1,0,0,0,0,0,0,0,0,0,0,0,1,0,0,0,0,1,0,0,1,0,0,1,0,0,0,1,0,0,1,1,0,0,0,0,0,1,1,1
2020-12-28,United Arab Emirates,-10.0,4.0,-19.0,-31.0,-22.0,8.0,0,1,0,0,0,0,1,5.0,0.6175200000000001,0.0,0.8,0.0,1.0,0.0,0.0,0.0,0.3323971564258635,0.0,0.0,0.0,0.0,1.0,fear,0.0,1.0,0.0,1.0,1.0,1.0,1.0,1.0,0,0,0,0,1,1,1,0,0,0,1,0,1,0,0,1,0,0,0,0,1,1,1,1,0,0,1,0,1,0,0,0,0,0,1,1,1,1,0,0,0,0,0,0,0,0,0,0,0,0,0,1,0,0,0,1,0,0,0,1,1,0,1,0,0,0,0,0,0,1,1,1,0,0,1,1,1,1
2020-12-29,United Arab Emirates,-10.0,4.0,-17.0,-32.0,-23.0,8.0,0,1,0,0,0,0,1,2.0,0.47585,0.0,0.5,0.0,1.0,0.0,0.0,0.0,0.47585,0.0,0.0,0.0,0.0,1.0,fear,0.0,1.0,0.0,0.0,1.0,0.0,0.0,0.0,0,0,0,0,1,1,1,0,0,0,1,0,1,1,0,1,1,0,1,1,1,1,0,0,0,0,0,0,0,0,0,0,0,0,1,1,1,1,0,0,0,0,0,0,0,0,1,0,0,0,0,1,0,0,1,0,0,0,0,1,0,0,0,0,0,0,0,0,0,0,0,1,0,1,0,1,1,1
2020-12-30,United Arab Emirates,-7.0,9.0,-18.0,-29.0,-21.0,8.0,0,0,0,0,0,0,0,4.0,0.1554499999999999,0.25,0.5,0.0,0.0,1.0,0.0,1.0,0.6559623255187755,0.0,0.0,0.0,0.0,1.0,fear,0.0,1.0,0.0,1.0,1.0,0.0,0.0,1.0,0,0,0,1,1,1,1,0,0,0,1,1,0,0,0,1,0,0,0,1,0,1,0,1,1,0,0,1,0,1,0,0,0,0,0,1,0,0,1,0,0,0,0,0,0,0,0,0,0,0,1,1,0,0,0,1,0,0,1,1,1,0,0,0,1,0,0,0,0,0,0,0,0,1,1,1,1,0
2020-12-31,United Arab Emirates,-10.0,11.0,3.0,-30.0,-25.0,10.0,0,0,0,1,1,0,0,1.0,0.0,0.0,0.0,0.0,0.0,0.0,0.0,0.0,0.0,0.0,0.0,0.0,0.0,1.0,fear,0.0,1.0,0.0,0.0,1.0,0.0,0.0,0.0,0,0,0,1,1,1,1,0,0,0,0,1,1,1,1,0,0,1,1,1,1,1,1,0,1,1,0,0,0,0,1,0,0,0,1,1,0,0,1,1,0,0,0,0,0,0,0,0,0,0,1,1,0,0,0,1,0,0,1,1,1,1,1,0,0,1,0,0,0,1,0,1,0,0,1,1,1,1
2021-01-01,United Arab Emirates,-18.0,-2.0,-14.0,-31.0,-16.0,5.0,0,1,0,0,0,0,1,4.0,0.223975,0.0,0.5,0.0,0.0,1.0,1.0,0.0,0.3672707609856793,0.0,0.0,0.0,0.0,1.0,fear,0.0,1.0,0.0,1.0,1.0,0.0,0.0,0.0,0,0,0,0,1,1,1,0,0,0,0,1,0,0,0,0,0,0,0,1,1,1,0,0,1,0,0,1,0,0,0,0,0,0,0,0,1,0,0,0,0,0,0,0,0,0,0,0,0,0,0,1,0,0,1,0,0,0,0,1,1,0,0,0,1,0,0,0,1,1,0,0,0,1,1,1,1,1
2021-01-02,United Arab Emirates,-16.0,2.0,-24.0,-32.0,-11.0,6.0,0,1,0,0,0,0,1,5.0,-0.02358,0.0,0.0,0.0,0.0,1.0,0.0,1.0,0.04716,0.0,0.0,0.0,0.0,1.0,fear,0.0,1.0,1.0,1.0,1.0,0.0,0.0,0.0,1,0,0,0,1,1,1,0,0,0,0,0,0,0,1,0,0,0,0,1,1,1,1,1,0,0,1,0,1,0,0,0,0,0,1,1,1,0,0,0,0,0,0,0,0,0,0,0,0,0,1,1,0,0,1,0,0,0,1,1,0,0,0,0,0,0,0,0,1,1,1,0,0,0,1,1,1,1
2021-01-03,United Arab Emirates,-12.0,6.0,-22.0,-28.0,-18.0,9.0,0,0,0,1,0,0,0,7.0,0.381,0.1428571428571428,0.4285714285714285,0.0,1.0,1.0,1.0,0.0,0.482304930219758,0.0,0.0,0.0,0.0,1.0,fear,0.0,1.0,1.0,1.0,1.0,0.0,1.0,0.0,1,0,0,1,1,1,1,0,0,0,0,0,1,0,0,0,0,0,0,1,1,0,1,0,1,1,0,0,0,0,1,1,0,0,1,0,1,0,0,1,0,0,0,0,0,0,0,0,0,0,1,0,0,0,0,0,0,0,1,0,0,0,0,0,0,0,0,0,0,0,1,1,1,0,1,1,1,1
2021-01-04,United Arab Emirates,-16.0,2.0,-28.0,-31.0,-18.0,9.0,0,1,0,1,0,0,1,4.0,0.340425,0.0,0.5,0.0,1.0,0.0,0.0,0.0,0.3934408873960611,0.0,0.0,0.0,0.0,1.0,fear,0.0,1.0,0.0,1.0,1.0,0.0,1.0,1.0,0,0,0,0,1,1,1,0,0,0,1,0,1,0,0,1,0,0,1,1,1,1,1,1,0,0,0,0,1,1,0,1,0,0,1,1,1,1,0,1,0,0,0,0,0,0,0,0,0,0,1,1,0,0,1,0,0,0,1,1,0,0,0,0,0,0,0,0,0,0,0,1,1,1,1,1,0,1
2021-01-05,United Arab Emirates,-17.0,1.0,-28.0,-32.0,-18.0,8.0,0,1,0,0,0,0,1,10.0,0.29738,0.0,0.4,0.0,0.0,0.0,0.0,0.0,0.4246131340408584,0.0,0.0,1.0,0.0,0.0,sadness,0.0,1.0,1.0,1.0,1.0,1.0,1.0,1.0,0,0,0,0,1,1,1,0,0,0,1,0,1,1,0,0,0,0,0,1,1,1,0,1,0,0,1,0,0,0,0,0,1,0,1,1,0,1,0,0,0,0,0,0,0,0,0,0,0,0,1,1,0,0,1,0,0,0,1,1,1,0,0,0,1,0,0,0,1,0,1,1,0,0,1,1,1,1
2021-01-06,United Arab Emirates,-16.0,2.0,-29.0,-31.0,-18.0,9.0,0,1,0,1,0,0,1,8.0,0.1164375,0.125,0.125,0.0,0.0,0.0,0.0,0.0,0.3014522928155465,1.0,0.0,0.0,0.0,1.0,fear,0.0,1.0,0.0,1.0,0.0,1.0,0.0,0.0,0,1,0,0,0,1,1,0,0,0,0,1,0,1,0,1,1,0,0,1,1,1,0,1,1,0,0,1,0,1,0,1,1,0,1,1,1,1,1,0,0,0,0,0,0,0,0,0,0,0,1,1,0,0,0,0,0,0,1,1,0,0,0,0,0,0,0,0,1,0,0,1,1,1,1,1,1,1
2021-01-07,United Arab Emirates,-17.0,1.0,-28.0,-32.0,-18.0,10.0,0,1,0,1,0,0,1,8.0,0.5535625,0.0,0.75,0.0,1.0,1.0,1.0,0.0,0.3574206098474876,0.0,0.0,0.0,0.0,1.0,fear,0.0,1.0,1.0,1.0,1.0,0.0,0.0,1.0,0,0,0,0,1,1,1,0,0,0,0,1,0,0,1,0,1,0,0,0,1,1,0,0,0,0,0,0,0,0,0,0,0,0,1,1,0,0,1,0,1,0,0,0,0,0,0,0,0,0,1,1,0,0,0,0,0,0,1,1,0,0,0,0,0,0,0,0,1,0,0,0,0,0,1,1,1,1
2021-01-08,United Arab Emirates,-19.0,0.0,-25.0,-32.0,-11.0,6.0,0,1,0,0,0,0,1,6.0,0.3994,0.0,0.6666666666666666,0.0,1.0,0.0,0.0,0.0,0.3019573976573517,0.0,0.0,0.0,0.0,1.0,fear,0.0,1.0,0.0,1.0,1.0,1.0,0.0,0.0,0,0,0,0,1,0,1,0,0,0,1,0,0,1,1,0,0,1,0,1,1,1,1,0,1,0,0,0,1,0,1,1,1,0,1,1,1,0,1,0,0,0,0,0,0,0,0,0,0,0,0,1,0,0,0,0,0,0,0,1,0,1,0,0,0,1,0,0,0,1,1,1,0,0,1,1,1,1
2021-01-09,United Arab Emirates,-17.0,0.0,-27.0,-31.0,-10.0,6.0,0,1,0,0,0,0,1,3.0,0.4012666666666666,0.0,0.3333333333333333,0.0,1.0,0.0,0.0,0.0,0.4038108578145081,0.0,0.0,0.0,0.0,1.0,fear,0.0,1.0,0.0,1.0,1.0,0.0,0.0,0.0,1,0,0,0,1,1,1,0,0,0,1,0,0,0,0,0,1,1,0,1,0,1,0,0,1,0,0,1,0,0,0,0,0,1,1,1,1,0,0,0,0,1,0,0,0,0,0,0,0,0,1,1,0,0,0,0,0,0,1,1,0,1,0,1,0,0,0,0,0,0,1,1,1,0,1,1,1,1
2021-01-10,United Arab Emirates,-14.0,4.0,-26.0,-28.0,-18.0,8.0,0,0,0,0,0,0,0,6.0,0.2182833333333333,0.0,0.3333333333333333,0.0,0.0,0.0,0.0,0.0,0.3032241438093096,0.0,0.0,0.0,0.0,1.0,fear,0.0,1.0,1.0,1.0,1.0,0.0,0.0,1.0,1,0,0,1,1,1,1,0,0,0,1,1,1,0,1,0,0,0,0,1,1,1,0,1,1,0,0,0,0,1,1,0,1,1,1,1,1,0,0,1,0,0,0,0,0,0,0,0,0,0,1,1,0,0,0,0,0,0,1,1,0,1,0,0,0,1,0,0,0,0,1,0,0,1,1,1,1,1
2021-01-11,United Arab Emirates,-17.0,1.0,-29.0,-31.0,-18.0,8.0,0,1,0,0,0,0,1,6.0,0.2821333333333333,0.1666666666666666,0.5,0.0,0.0,0.0,0.0,0.0,0.556990693119932,0.0,0.0,0.0,0.0,1.0,fear,0.0,1.0,0.0,1.0,1.0,1.0,1.0,1.0,0,0,0,0,1,1,1,0,0,0,0,1,1,1,0,1,0,1,0,1,1,1,0,0,0,0,0,0,0,0,0,1,0,0,1,1,1,0,0,1,0,0,0,0,0,0,0,0,0,0,1,1,0,0,0,0,0,0,1,1,0,1,0,0,0,1,0,0,0,1,1,1,1,0,1,1,1,1
2021-01-12,United Arab Emirates,-18.0,-1.0,-29.0,-33.0,-19.0,8.0,0,1,0,0,0,0,1,12.0,0.296475,0.1666666666666666,0.4166666666666667,0.0,0.0,0.0,0.0,0.0,0.5377789634614455,1.0,0.0,0.0,0.0,1.0,fear,0.0,1.0,0.0,1.0,1.0,0.0,1.0,1.0,0,1,0,0,1,1,0,0,0,0,0,1,0,1,0,1,1,0,1,1,1,1,0,0,0,0,0,0,0,0,0,0,0,1,1,1,1,1,0,1,0,0,0,0,0,0,0,0,0,0,1,1,0,0,0,0,0,0,1,1,0,1,0,1,0,0,0,0,0,1,0,1,0,0,1,1,1,1
2021-01-13,United Arab Emirates,-18.0,-1.0,-31.0,-34.0,-20.0,7.0,0,1,0,0,0,0,1,6.0,0.2239666666666666,0.3333333333333333,0.5,0.0,0.0,0.0,0.0,0.0,0.6808719842150129,1.0,0.0,0.0,0.0,1.0,fear,0.0,1.0,1.0,1.0,1.0,1.0,1.0,1.0,0,1,0,0,1,1,1,0,0,0,0,0,0,1,1,0,0,0,1,1,1,0,0,0,0,0,0,0,0,0,0,0,1,0,1,1,1,1,0,0,1,0,1,0,0,0,0,0,0,0,1,1,0,0,0,0,0,0,1,1,1,0,0,0,1,0,0,0,1,1,1,1,0,1,1,1,1,1
2021-01-14,United Arab Emirates,-19.0,-3.0,-28.0,-34.0,-23.0,7.0,0,1,0,0,0,0,1,4.0,0.2103,0.0,0.25,0.0,0.0,0.0,0.0,0.0,0.3642502848317349,0.0,0.0,0.0,0.0,1.0,fear,0.0,1.0,0.0,1.0,1.0,0.0,0.0,0.0,0,0,0,0,1,1,1,0,0,0,0,0,1,1,1,1,1,1,0,1,1,1,0,0,1,0,0,0,0,0,1,1,0,1,1,1,1,1,1,0,1,0,0,0,0,0,0,0,0,0,1,1,0,0,0,1,0,0,1,1,1,0,1,0,0,0,0,0,0,1,1,0,0,0,1,1,1,1
2021-01-15,United Arab Emirates,-22.0,-6.0,-22.0,-36.0,-19.0,4.0,0,1,0,0,0,0,1,6.0,0.62,0.0,0.8333333333333334,0.0,1.0,1.0,1.0,0.0,0.3145085213471966,0.0,0.0,0.0,0.0,1.0,fear,0.0,1.0,0.0,1.0,1.0,0.0,1.0,1.0,0,0,0,0,1,1,1,0,0,0,0,0,1,0,1,0,0,0,1,1,1,1,0,0,0,0,0,0,0,0,0,0,0,0,1,1,1,0,1,0,0,1,0,0,0,0,0,0,0,0,1,1,0,0,0,0,0,0,1,1,1,0,0,0,1,0,0,0,0,1,0,1,1,1,1,1,1,1
2021-01-16,United Arab Emirates,-21.0,-7.0,-29.0,-36.0,-18.0,5.0,0,1,0,0,0,0,1,5.0,0.0366599999999999,0.2,0.2,0.0,0.0,1.0,0.0,1.0,0.4945040570106579,0.0,0.0,0.0,0.0,1.0,fear,0.0,1.0,0.0,1.0,1.0,0.0,0.0,1.0,1,0,0,0,1,1,1,0,0,0,1,0,1,1,1,0,0,1,0,1,1,1,1,0,0,0,0,0,1,0,0,0,1,0,1,1,1,1,1,0,0,1,0,0,0,0,0,0,0,0,1,1,0,0,0,0,0,0,1,1,1,1,0,1,1,0,0,0,1,0,1,1,0,0,1,1,1,1
2021-01-17,United Arab Emirates,-18.0,-3.0,-28.0,-34.0,-24.0,7.0,0,1,0,0,0,0,1,6.0,0.28575,0.1666666666666666,0.5,0.0,0.0,1.0,1.0,0.0,0.57177565166185,0.0,0.0,0.0,0.0,1.0,fear,0.0,1.0,0.0,1.0,1.0,1.0,1.0,0.0,1,0,0,0,1,1,1,0,0,0,0,0,0,1,0,1,0,0,0,1,1,1,1,0,0,1,0,0,0,0,0,0,0,1,1,1,1,0,0,0,0,0,0,0,0,0,0,0,0,0,1,1,0,0,0,1,0,0,1,1,1,0,1,0,0,0,0,0,1,0,1,0,0,0,1,1,1,0
2021-01-18,United Arab Emirates,-21.0,-6.0,-31.0,-36.0,-24.0,8.0,0,1,0,0,0,0,1,6.0,0.7010333333333333,0.0,0.8333333333333334,0.0,1.0,1.0,1.0,0.0,0.2761465713871691,1.0,0.0,0.0,0.0,1.0,fear,0.0,1.0,0.0,1.0,1.0,0.0,1.0,1.0,0,1,0,0,1,1,1,0,0,0,0,1,0,0,1,1,1,0,1,1,1,1,1,1,0,0,0,0,1,1,0,0,0,0,1,1,1,1,1,1,0,0,0,0,0,0,0,0,0,0,1,1,0,0,0,1,0,0,1,1,0,1,0,0,0,1,0,0,1,0,1,0,1,0,1,1,1,1
2021-01-19,United Arab Emirates,-22.0,-7.0,-30.0,-37.0,-25.0,8.0,0,1,0,0,0,0,1,11.0,0.3918,0.0,0.6363636363636364,0.0,1.0,1.0,0.0,1.0,0.348867018165427,0.0,0.0,0.0,0.0,1.0,fear,0.0,1.0,0.0,1.0,1.0,0.0,1.0,1.0,0,0,0,0,1,1,1,0,0,0,1,0,0,1,1,1,0,0,0,1,1,1,1,1,0,0,1,0,1,0,0,0,0,0,1,1,1,1,0,1,1,0,1,0,0,0,0,0,0,0,1,1,0,0,1,1,0,0,1,1,0,0,0,0,0,0,0,0,1,0,0,1,0,1,1,1,1,1
2021-01-20,United Arab Emirates,-22.0,-6.0,-31.0,-35.0,-24.0,8.0,0,1,0,0,0,0,1,11.0,0.3318,0.0909090909090909,0.5454545454545454,0.0,1.0,0.0,0.0,0.0,0.4776642506652935,0.0,0.0,0.0,0.0,1.0,fear,0.0,1.0,1.0,1.0,1.0,1.0,1.0,1.0,0,0,0,0,1,1,1,0,0,0,1,0,0,1,0,1,0,1,1,1,1,1,1,1,0,1,0,0,0,1,0,0,0,1,1,1,1,1,1,1,0,0,1,0,0,0,0,0,0,0,1,1,0,0,0,1,0,0,1,1,0,1,0,0,0,1,0,0,1,1,1,1,1,1,1,1,1,1
2021-01-21,United Arab Emirates,-22.0,-6.0,-29.0,-35.0,-24.0,9.0,0,1,0,1,0,0,1,5.0,0.41858,0.0,0.6,0.0,1.0,0.0,0.0,0.0,0.3769809406322818,0.0,0.0,0.0,0.0,1.0,fear,0.0,1.0,1.0,1.0,1.0,0.0,0.0,0.0,0,0,0,0,1,1,1,0,0,0,1,1,0,1,1,0,1,0,0,1,1,1,0,1,0,0,0,0,0,1,0,1,0,0,1,1,1,1,1,0,0,1,0,0,0,0,0,0,0,0,1,1,0,0,0,1,0,0,1,1,1,0,1,0,0,0,0,0,0,1,1,1,0,0,1,1,1,1
2021-01-22,United Arab Emirates,-24.0,-7.0,-24.0,-37.0,-17.0,6.0,0,1,0,0,0,0,1,7.0,0.4942714285714285,0.1428571428571428,0.7142857142857143,0.0,1.0,0.0,0.0,0.0,0.4728829988614995,0.0,0.0,0.0,0.0,1.0,fear,0.0,1.0,0.0,1.0,1.0,1.0,0.0,1.0,0,0,0,0,1,1,1,0,0,0,1,1,1,0,1,1,0,0,0,1,1,1,0,1,1,0,1,0,0,0,1,1,0,0,1,1,1,0,1,1,0,0,0,0,0,0,0,0,0,0,1,1,0,0,1,0,0,0,1,1,0,0,0,0,0,0,0,0,0,0,0,0,0,0,1,1,0,1
2021-01-23,United Arab Emirates,-22.0,-7.0,-32.0,-36.0,-16.0,6.0,0,1,0,0,0,0,1,5.0,0.0402,0.2,0.2,0.0,0.0,1.0,0.0,1.0,0.468116784574106,0.0,0.0,0.0,0.0,1.0,fear,0.0,1.0,1.0,1.0,1.0,0.0,0.0,1.0,1,0,0,0,1,1,1,0,0,0,1,1,0,1,1,1,1,1,0,1,1,1,0,0,1,0,0,1,0,0,0,0,1,0,1,1,1,0,1,0,0,0,0,0,0,0,0,0,0,0,1,1,0,0,1,0,0,0,1,1,1,1,0,1,1,0,0,0,0,0,0,0,0,0,1,1,1,1
2021-01-24,United Arab Emirates,-19.0,-3.0,-28.0,-34.0,-23.0,9.0,0,1,0,1,0,0,1,2.0,-0.0774,0.0,0.0,0.0,0.0,0.0,0.0,0.0,0.0774,0.0,0.0,0.0,0.0,1.0,fear,0.0,1.0,0.0,1.0,0.0,0.0,0.0,0.0,1,0,0,0,1,1,1,0,0,0,0,1,0,1,0,0,0,0,1,1,1,1,1,0,1,1,0,0,0,0,1,1,1,0,1,1,1,0,0,1,0,0,0,0,0,0,0,0,0,0,1,1,0,0,1,0,0,0,1,1,0,1,0,0,0,1,0,0,0,0,1,1,1,1,1,1,1,1
2021-01-25,United Arab Emirates,-22.0,-6.0,-31.0,-35.0,-24.0,9.0,0,1,0,1,0,0,1,4.0,0.149975,0.0,0.25,0.0,0.0,1.0,1.0,0.0,0.1220361498696185,0.0,0.0,0.0,0.0,1.0,fear,0.0,1.0,0.0,1.0,1.0,0.0,0.0,0.0,0,0,0,0,1,1,1,0,0,0,0,1,1,0,1,1,0,1,0,0,1,1,0,0,1,0,0,0,0,0,1,0,0,0,1,1,1,0,0,1,0,0,1,0,0,0,0,0,0,0,1,1,0,0,1,0,0,0,1,1,1,0,0,0,1,0,0,0,1,1,1,1,1,0,1,1,1,1
2021-01-26,United Arab Emirates,-21.0,-6.0,-31.0,-36.0,-25.0,9.0,0,1,0,1,0,0,1,9.0,0.1609333333333333,0.0,0.2222222222222222,0.0,0.0,0.0,0.0,0.0,0.3341198221530048,0.0,0.0,1.0,0.0,0.0,sadness,0.0,1.0,1.0,1.0,1.0,1.0,1.0,1.0,0,0,0,0,1,1,1,0,0,0,0,0,1,0,1,1,0,0,0,1,1,1,1,1,1,0,1,1,1,0,0,0,1,0,1,1,1,0,0,1,0,0,0,0,0,0,0,0,0,0,1,1,0,0,1,0,0,0,1,1,0,0,0,0,0,0,0,0,1,1,1,1,0,0,1,1,1,0
2021-01-27,United Arab Emirates,-20.0,-3.0,-32.0,-35.0,-24.0,9.0,0,1,0,1,0,0,1,4.0,0.42545,0.0,0.5,0.0,1.0,1.0,1.0,0.0,0.4377797477042536,0.0,0.0,1.0,0.0,0.0,sadness,0.0,1.0,1.0,1.0,1.0,1.0,1.0,1.0,0,0,0,0,0,1,1,0,0,0,0,0,1,1,0,1,1,0,1,1,0,1,0,0,0,0,0,0,0,0,0,1,0,1,1,1,1,1,0,1,0,0,0,0,0,0,0,0,0,0,1,1,0,0,0,0,0,0,1,1,0,1,0,0,0,1,0,0,0,1,0,0,0,1,1,1,1,1
2021-01-28,United Arab Emirates,-18.0,0.0,-28.0,-34.0,-24.0,9.0,0,1,0,1,0,0,1,7.0,0.3002142857142857,0.0,0.4285714285714285,0.0,1.0,0.0,0.0,0.0,0.3584288270795649,0.0,0.0,0.0,0.0,1.0,fear,0.0,1.0,0.0,1.0,1.0,0.0,0.0,1.0,0,0,0,0,0,1,1,0,0,0,1,0,1,1,0,0,1,0,0,1,1,1,1,1,0,0,0,0,1,1,0,1,0,1,1,1,1,1,0,0,0,0,0,0,0,0,0,0,0,0,1,1,0,0,0,1,0,0,1,1,1,1,1,1,0,0,0,0,0,1,0,0,0,0,1,1,1,0
2021-01-29,United Arab Emirates,-20.0,0.0,-25.0,-35.0,-16.0,5.0,0,1,0,0,0,0,1,4.0,0.17995,0.0,0.5,0.0,0.0,0.0,0.0,0.0,0.1804993282535976,0.0,1.0,0.0,0.0,0.0,anger,0.0,1.0,1.0,1.0,1.0,0.0,1.0,0.0,0,1,0,0,1,0,1,0,0,0,1,0,1,1,1,1,0,1,1,1,1,1,0,0,0,0,0,0,0,0,0,0,1,0,1,1,1,0,1,0,0,0,0,0,0,0,0,0,0,0,1,1,0,0,0,0,0,0,1,1,1,1,0,1,1,0,0,0,0,0,1,0,1,0,1,1,1,1
2021-01-30,United Arab Emirates,-16.0,1.0,-29.0,-34.0,-15.0,5.0,0,1,0,0,0,0,1,3.0,-0.1858,0.3333333333333333,0.0,0.0,0.0,1.0,0.0,1.0,0.262760879888921,0.0,0.0,0.0,0.0,1.0,fear,0.0,1.0,0.0,1.0,1.0,0.0,0.0,0.0,1,0,0,0,0,0,1,0,0,0,0,1,0,0,1,1,0,1,0,1,1,1,0,1,1,0,0,1,0,1,0,1,1,1,1,1,1,1,1,0,0,0,0,0,0,0,0,0,0,0,1,1,0,0,0,0,0,0,1,1,0,1,0,0,0,1,0,0,1,1,1,1,0,1,1,1,1,1
2021-01-31,United Arab Emirates,-14.0,6.0,-29.0,-33.0,-22.0,7.0,0,1,0,0,0,0,1,7.0,0.2289285714285714,0.1428571428571428,0.4285714285714285,0.0,0.0,1.0,1.0,0.0,0.4197252561048059,0.0,0.0,0.0,0.0,1.0,fear,0.0,1.0,0.0,1.0,1.0,1.0,1.0,1.0,1,0,0,0,1,1,1,0,0,0,0,1,0,0,1,0,0,0,0,1,1,0,1,0,0,1,0,0,0,0,0,0,0,0,1,1,1,0,0,0,0,0,0,0,0,0,0,0,0,0,1,1,0,0,0,0,0,0,1,1,0,1,0,1,0,0,0,0,1,0,1,0,0,0,1,1,0,0
2021-02-01,United Arab Emirates,-16.0,3.0,-31.0,-35.0,-24.0,8.0,0,1,0,0,0,0,1,5.0,0.41972,0.0,0.4,0.0,1.0,0.0,0.0,0.0,0.4358438683749032,0.0,0.0,0.0,0.0,1.0,fear,0.0,1.0,1.0,1.0,1.0,0.0,1.0,1.0,0,0,0,0,1,0,1,0,0,0,0,0,0,1,0,0,1,0,0,1,1,1,1,0,1,0,0,0,1,0,1,0,1,0,1,1,1,1,1,0,0,0,0,0,0,0,0,0,0,0,1,1,0,0,0,0,0,0,1,1,1,0,0,0,1,0,0,0,1,0,0,0,1,1,1,1,1,0
2021-02-02,United Arab Emirates,-16.0,3.0,-30.0,-36.0,-24.0,8.0,0,1,0,0,0,0,1,8.0,0.3073,0.0,0.375,0.0,1.0,0.0,0.0,0.0,0.3596498470735112,0.0,0.0,0.0,0.0,1.0,fear,0.0,1.0,1.0,1.0,0.0,0.0,0.0,1.0,0,0,0,0,1,1,0,0,0,0,1,0,0,1,0,1,0,0,1,1,1,1,0,1,0,0,1,0,0,0,0,1,0,1,1,1,1,1,0,1,0,0,0,0,0,0,0,0,0,0,1,1,0,0,1,0,0,0,1,1,1,1,1,0,0,1,0,0,1,1,0,0,0,1,1,1,0,1
2021-02-03,United Arab Emirates,-19.0,-2.0,-33.0,-38.0,-24.0,8.0,0,1,0,0,0,0,1,4.0,0.658325,0.0,0.75,0.0,1.0,1.0,1.0,0.0,0.3945881864361881,0.0,0.0,0.0,0.0,1.0,fear,0.0,1.0,1.0,1.0,1.0,1.0,0.0,0.0,0,0,0,0,1,1,0,0,0,0,1,0,1,1,1,1,0,1,1,0,1,1,0,1,1,0,0,0,0,1,1,1,0,1,1,1,1,0,1,1,0,0,0,0,0,0,0,0,0,0,1,1,0,0,0,0,0,0,1,1,1,0,1,0,0,0,0,0,0,0,0,1,0,1,1,1,1,1
2021-02-04,United Arab Emirates,-21.0,-3.0,-31.0,-38.0,-25.0,9.0,0,1,0,1,0,0,1,3.0,0.3101666666666666,0.0,0.6666666666666666,0.0,1.0,1.0,0.0,1.0,0.2222109858270338,0.0,0.0,0.0,0.0,1.0,fear,0.0,1.0,0.0,1.0,0.0,0.0,0.0,0.0,0,0,0,0,1,1,1,0,0,0,1,1,1,0,1,1,1,0,0,1,1,1,1,0,0,0,0,0,1,0,0,1,1,0,1,1,1,0,1,0,0,0,0,0,0,0,0,0,0,0,1,1,0,0,0,1,0,0,1,1,1,0,0,0,1,0,0,0,1,1,1,1,1,1,1,1,1,1
2021-02-05,United Arab Emirates,-23.0,-3.0,-26.0,-38.0,-18.0,5.0,0,1,0,0,0,0,1,2.0,-0.2427,0.5,0.0,0.0,0.0,1.0,0.0,1.0,0.2427,0.0,0.0,0.0,0.0,1.0,fear,0.0,1.0,0.0,1.0,1.0,0.0,0.0,0.0,0,0,0,0,1,1,0,0,0,0,1,1,0,0,1,0,0,0,0,0,0,1,1,0,0,1,0,0,0,0,0,0,1,1,1,1,1,0,0,1,0,0,0,0,0,0,0,0,0,0,1,1,0,0,0,0,0,0,1,1,1,0,1,0,0,0,0,0,0,1,0,1,0,0,1,1,0,0
2021-02-06,United Arab Emirates,-21.0,-4.0,-30.0,-38.0,-16.0,5.0,0,1,0,0,0,0,1,12.0,0.3244333333333333,0.1666666666666666,0.4166666666666667,0.0,1.0,1.0,1.0,0.0,0.4916957296495014,0.0,0.0,1.0,0.0,0.0,sadness,0.0,1.0,1.0,1.0,1.0,1.0,1.0,1.0,1,0,0,0,1,1,1,0,0,0,0,1,0,0,0,0,0,1,0,1,1,1,1,1,1,1,0,1,0,1,0,0,1,0,1,1,1,0,0,0,0,0,0,0,0,0,0,0,0,0,1,1,0,0,0,0,0,0,1,1,0,1,0,1,0,0,0,0,0,0,0,0,1,0,1,0,0,0
2021-02-07,United Arab Emirates,-18.0,-2.0,-29.0,-37.0,-24.0,8.0,0,1,0,0,0,0,1,1.0,0.0,0.0,0.0,0.0,0.0,1.0,0.0,1.0,0.0,0.0,0.0,0.0,0.0,1.0,fear,0.0,0.0,0.0,1.0,0.0,0.0,0.0,0.0,1,0,0,0,0,1,1,0,0,0,1,1,0,1,0,1,1,0,1,1,0,1,1,1,1,0,1,0,1,0,1,1,0,0,1,1,1,1,0,1,0,0,0,0,0,0,0,0,0,0,1,1,0,0,0,0,0,0,1,1,1,1,0,1,1,0,0,0,1,0,0,0,1,1,1,1,1,1
2021-02-08,United Arab Emirates,-19.0,-3.0,-32.0,-37.0,-25.0,8.0,0,1,0,0,0,0,1,6.0,0.0634166666666666,0.1666666666666666,0.3333333333333333,0.0,0.0,0.0,0.0,0.0,0.5576679311103417,0.0,0.0,0.0,0.0,1.0,fear,0.0,1.0,1.0,1.0,0.0,1.0,1.0,0.0,0,0,0,0,1,1,1,0,0,0,0,0,1,0,0,1,0,0,0,0,1,1,1,1,0,1,1,0,0,0,0,0,0,1,1,1,1,0,0,1,0,0,0,0,0,0,0,0,0,0,1,1,0,0,0,0,0,0,1,1,0,0,0,0,0,0,0,0,0,0,1,1,1,0,1,1,1,0
2021-02-09,United Arab Emirates,-18.0,1.0,-30.0,-36.0,-25.0,8.0,0,1,0,0,0,0,1,7.0,0.3591285714285714,0.0,0.5714285714285714,0.0,1.0,1.0,1.0,0.0,0.2828475395195173,0.0,0.0,0.0,0.0,1.0,fear,0.0,1.0,0.0,1.0,1.0,1.0,0.0,0.0,0,0,0,0,1,0,1,0,0,0,0,1,1,0,1,1,1,1,0,0,1,0,0,1,0,0,0,0,0,1,0,1,1,1,1,1,1,1,1,0,0,0,0,0,0,0,0,0,0,0,1,1,0,0,1,0,0,0,1,1,0,1,0,0,0,1,0,0,1,0,1,1,1,0,1,1,1,1
2021-02-10,United Arab Emirates,-18.0,1.0,-31.0,-35.0,-24.0,8.0,0,1,0,0,0,0,1,7.0,0.2470857142857143,0.2857142857142857,0.5714285714285714,0.0,0.0,0.0,0.0,0.0,0.6748781063031657,0.0,0.0,0.0,0.0,1.0,fear,0.0,1.0,1.0,1.0,1.0,1.0,0.0,1.0,0,0,0,0,1,1,1,0,0,0,1,0,1,0,0,0,1,0,1,1,0,1,1,1,1,0,1,0,1,0,1,0,0,1,1,1,1,0,0,0,0,0,0,0,0,0,0,0,0,0,1,1,0,0,0,0,0,0,1,1,0,0,0,0,0,0,0,0,1,0,1,1,0,1,1,1,0,1
2021-02-11,United Arab Emirates,-18.0,1.0,-28.0,-35.0,-24.0,9.0,0,1,0,1,0,0,1,7.0,0.3079428571428572,0.1428571428571428,0.4285714285714285,0.0,1.0,0.0,0.0,0.0,0.5833327789696102,0.0,0.0,0.0,0.0,1.0,fear,0.0,1.0,1.0,1.0,1.0,1.0,0.0,1.0,0,0,0,0,1,1,1,0,0,0,0,0,1,1,0,0,1,1,0,1,0,0,0,0,1,0,0,1,0,0,0,1,1,0,1,1,1,0,1,0,0,0,0,0,0,0,0,0,0,0,1,1,0,0,0,1,0,0,1,1,1,1,1,1,0,0,0,0,0,0,0,0,0,0,0,1,0,1
2021-02-12,United Arab Emirates,-20.0,-1.0,-24.0,-35.0,-16.0,5.0,0,1,0,0,0,0,1,3.0,0.3119333333333333,0.0,0.3333333333333333,0.0,1.0,0.0,0.0,0.0,0.4411403505562474,0.0,0.0,0.0,0.0,1.0,fear,0.0,1.0,0.0,1.0,0.0,0.0,0.0,1.0,0,0,0,0,1,1,1,0,0,0,1,1,0,1,0,0,1,1,0,1,1,1,0,1,1,0,0,1,0,1,0,1,0,0,1,1,1,0,0,0,0,0,0,0,0,0,0,0,0,0,1,1,0,0,0,0,0,0,1,1,1,0,1,0,0,0,0,0,0,0,0,0,1,0,1,1,1,0
2021-02-13,United Arab Emirates,-16.0,0.0,-28.0,-34.0,-15.0,5.0,0,1,0,0,0,0,1,2.0,0.0,0.0,0.0,0.0,0.0,1.0,0.0,1.0,0.0,0.0,0.0,0.0,0.0,1.0,fear,0.0,0.0,1.0,0.0,0.0,0.0,0.0,0.0,1,0,0,0,1,1,0,0,0,0,1,0,1,1,1,1,0,1,1,0,1,1,0,0,1,0,0,0,0,0,1,0,1,1,1,1,1,0,0,1,0,0,0,0,0,0,0,0,0,0,1,1,0,0,0,0,0,0,1,1,0,1,0,0,0,1,0,0,0,1,1,0,0,0,1,1,0,0
2021-02-14,United Arab Emirates,-9.0,7.0,-23.0,-32.0,-22.0,8.0,0,1,0,0,0,0,1,3.0,-0.2471999999999999,0.3333333333333333,0.0,0.0,0.0,1.0,0.0,1.0,0.4795348371077955,0.0,0.0,0.0,0.0,1.0,fear,0.0,1.0,0.0,1.0,1.0,1.0,1.0,0.0,1,0,0,0,1,1,1,0,0,0,0,1,0,0,1,0,0,1,0,0,1,0,1,0,1,1,0,1,0,0,0,1,1,0,0,1,1,0,0,0,0,0,0,0,0,0,0,0,0,0,1,0,0,0,0,0,0,0,1,0,1,0,0,0,1,0,0,0,0,1,1,0,0,1,1,0,1,1
2021-02-15,United Arab Emirates,-16.0,1.0,-29.0,-34.0,-24.0,8.0,0,1,0,0,0,0,1,6.0,-0.0771,0.3333333333333333,0.1666666666666666,0.0,0.0,0.0,0.0,0.0,0.6208318183426704,0.0,0.0,0.0,1.0,0.0,anxiety,0.0,1.0,1.0,1.0,0.0,0.0,1.0,1.0,0,0,0,0,1,1,1,0,0,0,0,1,0,0,1,0,1,0,1,1,0,0,1,0,0,1,0,0,0,0,0,0,0,1,1,1,1,1,0,1,0,0,0,0,0,0,0,0,0,0,1,1,0,0,0,0,0,0,1,1,0,1,0,1,0,0,0,0,0,0,1,1,1,0,1,1,1,0
2021-02-16,United Arab Emirates,-16.0,2.0,-26.0,-35.0,-24.0,8.0,0,1,0,0,0,0,1,5.0,0.1786,0.2,0.6,0.0,0.0,1.0,1.0,0.0,0.5065625528994421,0.0,0.0,0.0,0.0,1.0,fear,0.0,1.0,1.0,1.0,1.0,0.0,0.0,1.0,0,0,0,0,0,1,1,0,0,0,0,0,1,1,0,0,0,0,1,0,0,1,0,1,1,0,1,0,0,0,1,1,1,0,1,0,1,1,0,0,0,0,0,1,0,0,0,0,0,0,1,1,0,0,1,0,0,0,1,1,1,1,1,0,0,1,0,0,0,1,0,1,0,0,1,1,1,1
2021-02-17,United Arab Emirates,-15.0,4.0,-27.0,-33.0,-23.0,8.0,0,1,0,0,0,0,1,6.0,0.2790333333333333,0.1666666666666666,0.6666666666666666,0.0,0.0,0.0,0.0,0.0,0.5585448315837225,0.0,0.0,0.0,0.0,1.0,fear,0.0,1.0,1.0,1.0,1.0,1.0,0.0,1.0,0,0,0,0,1,1,1,0,0,0,0,0,0,1,0,1,0,1,1,1,1,1,1,1,0,0,1,0,1,0,0,1,0,1,1,1,1,0,1,0,0,0,0,0,0,0,0,0,0,0,1,1,0,0,0,0,0,0,1,1,0,0,0,0,0,0,0,0,0,0,0,0,0,1,1,1,0,1
2021-02-18,United Arab Emirates,-16.0,4.0,-24.0,-32.0,-23.0,9.0,0,1,0,1,0,0,1,3.0,0.0257333333333333,0.0,0.0,0.0,0.0,1.0,0.0,1.0,0.0363924290050676,0.0,0.0,0.0,0.0,1.0,fear,0.0,1.0,0.0,1.0,1.0,0.0,0.0,0.0,0,0,0,0,1,0,1,0,0,0,0,0,1,1,1,1,1,0,1,1,0,1,0,0,0,0,0,0,0,0,0,1,1,1,1,1,1,0,1,0,0,0,0,0,1,0,0,0,0,0,1,1,0,0,0,0,0,0,1,1,1,1,0,0,1,1,0,0,1,1,0,1,0,1,1,1,0,1
2021-02-19,United Arab Emirates,-19.0,2.0,-20.0,-33.0,-14.0,5.0,0,1,0,0,0,0,1,2.0,0.08805,0.0,0.0,0.0,0.0,0.0,0.0,0.0,0.08805,0.0,0.0,0.0,0.0,1.0,fear,0.0,1.0,0.0,1.0,0.0,0.0,0.0,0.0,0,0,0,0,1,1,1,0,0,0,0,0,1,0,1,1,0,0,0,1,1,0,1,1,0,1,0,0,0,1,0,0,1,0,1,1,1,0,0,0,0,0,0,0,0,0,0,0,0,0,0,1,0,0,0,0,0,0,0,1,0,0,0,0,0,0,0,0,1,0,0,0,1,0,0,0,1,0
2021-02-20,United Arab Emirates,-16.0,3.0,-25.0,-32.0,-13.0,5.0,0,1,0,0,0,0,1,3.0,0.5829666666666666,0.0,0.6666666666666666,0.0,1.0,1.0,1.0,0.0,0.2626768906639655,0.0,0.0,0.0,0.0,1.0,fear,0.0,0.0,0.0,1.0,0.0,0.0,0.0,0.0,1,0,0,0,1,1,1,0,0,0,0,0,0,0,1,0,0,1,0,0,1,0,0,0,1,0,0,1,0,0,0,0,1,1,1,1,0,0,0,0,0,0,0,0,0,0,0,0,0,0,1,0,0,0,0,0,0,0,1,0,1,0,1,0,0,0,0,0,0,1,1,1,0,0,1,1,0,0
2021-02-21,United Arab Emirates,-12.0,6.0,-23.0,-30.0,-21.0,7.0,0,0,0,0,0,0,0,3.0,0.4967333333333333,0.0,0.6666666666666666,0.0,1.0,0.0,0.0,0.0,0.3610008433354261,0.0,0.0,0.0,0.0,1.0,fear,0.0,1.0,0.0,0.0,1.0,1.0,0.0,0.0,1,0,0,1,1,1,1,0,0,0,1,0,0,0,0,0,0,0,1,0,1,1,1,1,1,0,1,1,1,0,0,0,0,0,1,1,1,0,0,1,0,0,0,0,0,0,0,1,0,0,1,0,0,0,0,0,0,0,1,0,1,0,0,0,1,0,0,0,1,1,1,1,0,1,1,1,1,1
2021-02-22,United Arab Emirates,-16.0,2.0,-28.0,-33.0,-21.0,8.0,0,1,0,0,0,0,1,5.0,-0.1230199999999999,0.6,0.2,0.0,0.0,1.0,0.0,1.0,0.5390106321771398,0.0,0.0,0.0,0.0,1.0,fear,0.0,1.0,0.0,1.0,0.0,0.0,0.0,1.0,0,0,0,0,1,1,0,0,0,0,1,0,0,0,0,1,1,0,0,1,0,0,0,0,0,0,0,0,0,0,0,0,0,1,0,1,1,0,0,1,0,0,0,0,0,1,0,1,0,0,1,0,0,0,0,0,0,0,1,0,0,1,0,1,0,0,0,0,0,0,0,1,1,0,1,1,1,1
2021-02-23,United Arab Emirates,-16.0,2.0,-27.0,-33.0,-21.0,8.0,0,1,0,0,0,0,1,5.0,0.391,0.0,0.4,0.0,1.0,1.0,1.0,0.0,0.478878519042147,0.0,0.0,0.0,0.0,1.0,fear,0.0,1.0,1.0,1.0,1.0,0.0,1.0,1.0,0,0,0,0,1,1,1,0,0,0,0,1,0,1,0,1,0,0,0,0,0,1,1,1,1,1,0,0,0,1,1,0,0,1,1,1,1,0,0,0,0,0,0,0,0,0,0,1,0,0,1,0,0,0,0,0,0,0,1,0,1,0,0,0,1,0,0,0,1,0,1,0,1,0,1,1,1,0
2021-02-24,United Arab Emirates,-15.0,3.0,-28.0,-33.0,-21.0,8.0,0,1,0,0,0,0,1,5.0,0.26758,0.2,0.6,0.0,0.0,0.0,0.0,0.0,0.6396664143129605,0.0,0.0,0.0,0.0,1.0,fear,0.0,1.0,1.0,1.0,1.0,1.0,1.0,0.0,0,0,0,0,1,1,1,0,0,0,1,1,0,1,0,1,0,1,1,1,1,1,1,0,0,0,0,0,1,0,0,1,0,1,1,0,1,1,0,0,0,0,0,0,0,0,0,1,0,0,1,0,0,0,0,0,0,0,1,0,0,1,0,0,0,1,0,0,0,0,0,1,0,1,0,1,0,1
2021-02-25,United Arab Emirates,-13.0,6.0,-24.0,-31.0,-21.0,8.0,0,1,0,0,0,0,1,3.0,0.574,0.0,0.6666666666666666,0.0,1.0,1.0,1.0,0.0,0.4150044176471699,1.0,0.0,0.0,0.0,1.0,fear,0.0,1.0,0.0,1.0,1.0,1.0,0.0,1.0,0,1,0,0,1,1,1,0,0,0,0,0,0,0,1,0,1,0,0,1,0,1,0,1,1,0,1,1,0,0,0,1,0,0,1,1,1,1,0,0,0,0,0,0,0,0,0,0,0,0,0,0,0,0,0,0,0,0,0,0,0,0,0,0,0,0,0,0,1,0,1,1,0,0,1,1,0,1
2021-02-26,United Arab Emirates,-16.0,5.0,-21.0,-32.0,-13.0,5.0,0,1,0,0,0,0,1,0.0,0.0,0.0,0.0,0.0,0.0,0.0,0.0,0.0,0.0,0.0,0.0,0.0,0.0,0.0,0,0.0,0.0,0.0,0.0,0.0,0.0,0.0,0.0,0,0,0,0,1,1,1,0,0,0,1,1,0,1,1,0,1,0,0,1,1,0,1,1,0,0,0,0,1,1,0,0,1,0,1,1,1,0,1,0,1,0,0,0,0,0,1,0,0,0,0,0,0,0,0,0,0,0,0,0,0,1,0,0,0,1,0,0,1,1,1,0,1,0,1,1,1,0
2021-02-27,United Arab Emirates,-12.0,8.0,-25.0,-30.0,-12.0,4.0,0,0,0,0,0,0,0,5.0,0.51816,0.0,0.6,0.0,1.0,0.0,0.0,0.0,0.4309854271318231,0.0,0.0,0.0,0.0,1.0,fear,0.0,0.0,1.0,1.0,0.0,0.0,0.0,1.0,1,0,0,1,0,1,1,0,0,0,0,0,1,0,0,0,0,1,0,0,1,0,0,0,1,0,0,0,0,0,1,0,1,0,0,1,1,0,1,0,0,0,0,0,0,0,1,0,0,0,0,0,0,0,0,0,0,0,0,0,1,1,1,1,0,0,0,0,0,0,1,0,0,1,1,0,1,1
2021-02-28,United Arab Emirates,-8.0,14.0,-23.0,-27.0,-19.0,6.0,0,0,0,0,1,0,0,6.0,0.3692166666666667,0.1666666666666666,0.6666666666666666,0.0,1.0,0.0,0.0,0.0,0.3962609847758868,0.0,0.0,0.0,0.0,1.0,fear,0.0,1.0,0.0,1.0,1.0,1.0,0.0,1.0,1,0,0,1,1,1,1,0,0,0,1,1,1,1,1,0,0,1,1,0,1,1,0,1,0,0,0,0,0,1,0,1,0,0,1,1,0,0,0,0,0,1,0,0,0,0,1,1,0,0,0,0,0,0,0,0,0,0,0,0,0,0,0,0,0,0,0,0,0,0,0,0,0,0,1,0,0,0
2021-03-01,United Arab Emirates,-11.0,11.0,-26.0,-29.0,-20.0,7.0,0,0,0,0,1,0,0,4.0,-0.088725,0.25,0.0,0.0,0.0,1.0,0.0,1.0,0.1536762079015486,0.0,0.0,0.0,0.0,1.0,fear,0.0,1.0,0.0,1.0,1.0,0.0,0.0,1.0,0,0,0,1,1,0,1,0,0,0,1,0,0,1,0,1,1,0,0,1,0,0,0,0,1,0,0,1,0,0,0,0,0,0,1,0,1,0,0,0,0,0,0,0,0,0,1,0,0,0,0,0,0,0,0,0,0,0,0,0,1,1,0,0,1,1,0,0,0,1,1,1,1,0,1,0,1,1
2021-03-02,United Arab Emirates,-11.0,12.0,-25.0,-30.0,-21.0,7.0,0,0,0,0,1,0,0,3.0,-0.1073666666666666,0.0,0.0,0.0,0.0,0.0,0.0,0.0,0.2017139944464824,0.0,0.0,0.0,0.0,1.0,fear,0.0,1.0,0.0,1.0,0.0,0.0,0.0,0.0,0,0,0,1,1,1,1,0,0,0,0,1,1,1,1,1,0,0,0,1,0,1,1,0,1,1,0,0,0,0,1,0,1,1,1,1,1,0,0,1,0,0,0,0,0,0,0,0,0,0,0,0,0,0,0,0,0,0,0,0,0,1,0,1,0,0,0,0,0,0,1,0,0,0,1,0,1,0
2021-03-03,United Arab Emirates,-11.0,11.0,-27.0,-30.0,-20.0,7.0,0,0,0,0,1,0,0,5.0,0.2961399999999999,0.0,0.4,0.0,0.0,1.0,1.0,0.0,0.3633843673027225,0.0,0.0,0.0,0.0,1.0,fear,0.0,1.0,1.0,1.0,1.0,1.0,0.0,1.0,0,0,0,1,1,1,1,0,0,0,0,1,0,0,1,0,0,1,1,0,1,1,0,0,0,0,0,0,0,0,0,0,0,1,1,1,1,0,0,1,0,0,0,0,0,0,0,0,0,0,0,0,0,0,0,0,0,0,0,0,1,0,0,0,1,0,0,0,1,0,0,0,0,1,1,1,0,1
2021-03-04,United Arab Emirates,-11.0,10.0,-23.0,-29.0,-20.0,8.0,0,0,0,0,0,0,0,6.0,0.1224333333333333,0.0,0.1666666666666666,0.0,0.0,0.0,0.0,0.0,0.3994681366795382,0.0,0.0,0.0,0.0,1.0,fear,0.0,1.0,0.0,1.0,1.0,0.0,1.0,1.0,0,0,0,1,1,1,1,0,0,0,0,0,1,1,1,1,1,0,1,1,1,1,1,1,1,0,1,0,1,0,1,1,0,0,1,1,1,0,0,0,0,0,1,0,0,0,0,0,0,0,0,0,0,0,0,0,0,0,0,0,1,0,1,0,0,0,0,0,0,0,0,0,1,0,0,0,1,0
2021-03-05,United Arab Emirates,-13.0,9.0,-20.0,-29.0,-13.0,5.0,0,0,0,0,0,0,0,2.0,0.4084,0.0,0.5,0.0,1.0,1.0,1.0,0.0,0.4084,0.0,0.0,0.0,0.0,1.0,fear,0.0,1.0,0.0,1.0,0.0,0.0,0.0,0.0,0,0,0,1,1,1,0,0,0,0,0,0,0,1,0,0,0,0,0,1,0,0,0,0,0,0,0,0,0,0,0,0,0,0,1,1,0,1,0,0,0,0,0,0,0,0,1,0,0,0,0,0,0,0,0,0,0,0,0,0,0,1,0,0,0,1,0,0,0,0,0,1,0,1,0,1,0,1
2021-03-06,United Arab Emirates,-11.0,9.0,-24.0,-29.0,-12.0,4.0,0,0,0,0,0,0,0,2.0,0.0,0.0,0.0,0.0,0.0,1.0,0.0,1.0,0.0,0.0,0.0,0.0,0.0,1.0,fear,0.0,1.0,0.0,0.0,1.0,1.0,0.0,0.0,1,0,0,1,1,1,1,0,0,0,1,0,1,0,1,1,0,1,0,0,1,0,1,1,0,0,0,0,1,1,0,0,1,1,1,1,1,0,0,0,0,0,0,0,0,0,0,0,0,0,0,0,0,0,0,0,0,0,0,0,1,1,0,0,1,1,0,0,1,1,1,1,0,1,0,1,1,1
2021-03-07,United Arab Emirates,-8.0,12.0,-22.0,-27.0,-19.0,7.0,0,0,0,0,1,0,0,0.0,0.0,0.0,0.0,0.0,0.0,0.0,0.0,0.0,0.0,0.0,0.0,0.0,0.0,0.0,0,0.0,0.0,0.0,0.0,0.0,0.0,0.0,0.0,1,0,0,1,1,1,1,0,0,0,0,0,1,0,1,1,1,0,1,1,1,1,1,0,0,1,0,0,0,0,0,0,0,0,0,1,1,0,1,0,0,0,0,0,0,0,0,1,0,0,0,0,0,0,0,0,0,0,0,0,1,1,1,1,0,0,0,0,0,0,0,0,0,0,0,1,0,0
2021-03-08,United Arab Emirates,-11.0,8.0,-26.0,-30.0,-20.0,7.0,0,0,0,0,0,0,0,2.0,0.39255,0.0,0.5,0.0,1.0,1.0,1.0,0.0,0.39255,0.0,0.0,0.0,0.0,1.0,fear,0.0,1.0,0.0,0.0,1.0,0.0,1.0,1.0,0,0,0,1,0,1,1,0,0,0,0,1,0,0,0,1,0,0,0,0,0,1,0,1,1,0,0,1,0,1,0,0,0,0,0,1,1,0,0,0,0,0,0,0,0,0,0,0,0,0,0,0,0,0,0,0,0,0,0,0,0,1,0,1,0,0,0,1,0,0,0,0,1,1,1,0,1,1
2021-03-09,United Arab Emirates,-12.0,8.0,-24.0,-30.0,-20.0,7.0,0,0,0,0,0,0,0,1.0,0.0,0.0,0.0,0.0,0.0,1.0,0.0,1.0,0.0,0.0,0.0,0.0,0.0,1.0,fear,0.0,0.0,0.0,0.0,0.0,0.0,0.0,0.0,0,0,0,1,1,1,1,0,0,0,1,0,0,1,0,0,0,1,0,1,1,0,1,1,0,0,1,0,1,0,0,0,0,0,0,0,1,1,0,0,0,0,0,0,0,0,0,0,0,0,0,0,0,0,0,0,0,0,0,0,0,1,0,0,0,1,0,0,0,0,0,1,0,0,0,1,0,1
2021-03-10,United Arab Emirates,-11.0,10.0,-26.0,-28.0,-19.0,7.0,0,0,0,0,0,0,0,4.0,0.0620999999999999,0.25,0.5,0.0,0.0,0.0,0.0,0.0,0.6469058393614947,0.0,0.0,1.0,0.0,0.0,sadness,0.0,1.0,1.0,1.0,1.0,1.0,1.0,0.0,0,0,0,1,1,0,1,0,0,0,0,0,0,0,0,1,0,0,1,0,0,1,1,0,1,1,0,0,0,0,1,0,0,1,0,0,1,0,0,0,0,0,0,0,0,0,0,0,0,0,0,0,0,0,0,0,0,0,0,0,1,1,0,0,1,1,0,0,0,1,1,1,1,1,1,1,1,1
2021-03-11,United Arab Emirates,-12.0,10.0,-22.0,-27.0,-19.0,8.0,0,0,0,0,0,0,0,2.0,-0.05135,0.0,0.0,0.0,0.0,0.0,0.0,0.0,0.05135,0.0,0.0,0.0,0.0,1.0,fear,0.0,1.0,0.0,0.0,0.0,0.0,0.0,0.0,0,0,0,1,0,1,1,0,0,0,0,1,0,0,1,1,1,0,0,1,1,1,0,1,0,0,0,0,0,1,0,1,0,0,1,0,1,1,1,1,0,0,0,0,0,0,0,0,0,0,0,0,0,0,0,0,0,0,0,0,1,1,0,1,1,0,0,0,1,0,1,0,1,0,1,1,1,1
2021-03-12,United Arab Emirates,-13.0,8.0,-20.0,-30.0,-12.0,5.0,0,0,0,0,0,0,0,4.0,0.1873749999999999,0.25,0.5,0.0,0.0,1.0,1.0,0.0,0.6146397822098729,0.0,0.0,0.0,0.0,1.0,fear,0.0,1.0,1.0,1.0,1.0,1.0,0.0,1.0,0,0,0,1,1,1,1,0,0,0,0,0,1,0,0,0,0,0,0,0,0,0,0,1,1,0,1,0,0,0,1,0,0,0,0,0,1,0,0,0,0,0,0,0,0,0,1,0,0,0,0,0,0,0,0,0,0,0,0,0,1,0,1,0,0,0,0,0,0,0,0,0,0,0,1,1,0,1
2021-03-13,United Arab Emirates,-11.0,9.0,-26.0,-29.0,-11.0,4.0,0,0,0,0,0,0,0,4.0,0.479525,0.0,0.5,0.0,1.0,1.0,1.0,0.0,0.4798951311224151,0.0,0.0,1.0,1.0,0.0,sadness,1.0,1.0,0.0,1.0,1.0,1.0,1.0,1.0,1,0,0,1,1,0,1,0,0,0,0,0,0,1,0,0,1,1,1,1,1,1,1,0,1,0,0,1,1,0,0,1,1,0,1,1,0,0,1,0,0,0,0,0,0,0,0,0,0,0,0,0,0,0,0,0,0,0,0,0,1,0,1,0,0,0,1,0,0,0,0,0,1,0,0,1,1,0
2021-03-14,United Arab Emirates,-8.0,13.0,-21.0,-26.0,-18.0,7.0,0,0,0,0,1,0,0,4.0,0.21265,0.0,0.5,0.0,0.0,1.0,0.0,1.0,0.2210386108805428,0.0,0.0,0.0,0.0,1.0,fear,0.0,1.0,0.0,1.0,0.0,0.0,0.0,0.0,1,0,0,1,0,1,0,0,0,0,1,0,0,1,0,0,1,0,0,1,0,0,1,0,0,0,0,0,1,0,0,0,0,0,1,0,0,1,0,0,0,0,0,1,0,0,0,1,0,0,0,0,0,0,0,0,0,0,0,0,1,0,0,0,1,0,0,0,0,0,1,1,0,0,1,1,1,1
2021-03-15,United Arab Emirates,-11.0,9.0,-25.0,-28.0,-18.0,7.0,0,0,0,0,0,0,0,3.0,-0.4559999999999999,0.6666666666666666,0.0,1.0,0.0,1.0,0.0,1.0,0.5111679632632181,1.0,0.0,1.0,1.0,1.0,fear,1.0,1.0,0.0,0.0,1.0,1.0,0.0,0.0,0,0,1,0,1,1,1,0,0,0,0,0,1,0,1,1,0,1,0,0,1,1,1,1,1,1,0,0,0,1,1,0,1,0,1,1,0,0,0,1,0,0,0,0,0,0,0,0,0,0,0,0,0,0,0,0,0,0,0,0,1,0,0,0,1,0,0,0,1,0,1,0,1,0,1,1,1,1
2021-03-16,United Arab Emirates,-12.0,9.0,-23.0,-28.0,-19.0,7.0,0,0,0,0,0,0,0,5.0,0.0309599999999999,0.0,0.0,0.0,0.0,1.0,1.0,0.0,0.0619199999999999,0.0,0.0,0.0,0.0,1.0,fear,0.0,1.0,0.0,1.0,1.0,0.0,0.0,1.0,0,0,0,1,1,0,1,1,0,0,0,1,0,0,1,0,1,1,0,1,1,0,1,1,1,1,0,1,0,1,0,0,0,0,0,1,0,0,1,0,1,0,0,1,1,0,0,0,0,0,0,0,0,0,0,0,0,0,0,0,1,1,1,0,0,1,0,0,0,1,0,0,0,0,1,1,1,1
2021-03-17,United Arab Emirates,-11.0,10.0,-25.0,-27.0,-17.0,7.0,0,0,0,0,0,0,0,4.0,0.4246999999999999,0.0,0.5,0.0,1.0,1.0,1.0,0.0,0.4368017513701152,0.0,0.0,0.0,0.0,1.0,fear,0.0,1.0,1.0,1.0,1.0,1.0,0.0,1.0,0,0,0,1,1,1,0,0,0,0,0,0,0,1,0,0,0,0,1,1,0,1,1,1,0,0,1,0,1,0,0,0,0,1,1,1,1,0,0,1,0,0,0,0,0,0,0,0,0,0,0,0,0,0,0,0,0,0,0,0,0,1,0,1,0,0,0,0,0,0,0,1,0,1,1,1,1,1
2021-03-18,United Arab Emirates,-11.0,10.0,-22.0,-26.0,-17.0,8.0,0,0,0,0,0,0,0,4.0,0.138175,0.0,0.25,0.0,0.0,1.0,0.0,1.0,0.2393261203358296,0.0,0.0,0.0,0.0,1.0,fear,0.0,1.0,0.0,1.0,1.0,0.0,1.0,0.0,0,0,0,1,1,1,1,0,1,0,1,0,0,1,0,0,1,1,0,1,1,0,1,1,0,0,1,0,1,0,0,1,0,0,1,0,0,0,0,0,0,1,0,0,1,0,0,1,0,0,0,0,0,0,0,0,0,0,0,0,0,1,0,1,0,0,0,0,0,0,0,0,0,0,1,1,0,1
2021-03-19,United Arab Emirates,-13.0,9.0,-20.0,-28.0,-10.0,5.0,0,0,0,0,0,0,0,2.0,0.0,0.0,0.0,0.0,0.0,0.0,0.0,0.0,0.0,0.0,0.0,0.0,0.0,1.0,fear,0.0,1.0,0.0,1.0,1.0,0.0,0.0,0.0,0,0,0,1,1,1,1,0,0,0,0,0,0,0,1,1,0,0,1,1,1,1,1,1,1,1,0,0,0,1,1,0,0,1,1,1,1,1,0,0,0,0,0,0,0,0,1,0,0,0,0,0,0,0,0,0,0,0,0,0,0,1,0,1,0,0,0,1,0,0,1,0,0,1,1,1,1,0
2021-03-20,United Arab Emirates,-11.0,9.0,-23.0,-26.0,-9.0,4.0,0,0,0,0,0,0,0,1.0,0.0,0.0,0.0,0.0,0.0,0.0,0.0,0.0,0.0,0.0,0.0,0.0,0.0,1.0,fear,0.0,1.0,0.0,1.0,0.0,0.0,0.0,0.0,1,0,0,1,1,1,0,0,0,0,0,1,1,0,1,1,0,1,1,1,1,1,0,1,1,0,0,0,0,1,1,0,1,0,1,1,1,0,0,1,0,0,0,0,0,1,0,1,0,0,0,0,0,0,0,0,0,0,0,0,0,1,0,0,0,1,0,0,0,0,0,1,0,1,1,1,1,1
2021-03-21,United Arab Emirates,-7.0,14.0,-21.0,-24.0,-16.0,7.0,0,0,0,0,1,0,0,9.0,0.1909,0.1111111111111111,0.4444444444444444,0.0,0.0,0.0,0.0,0.0,0.3744561923643406,0.0,0.0,0.0,0.0,1.0,fear,0.0,1.0,0.0,1.0,1.0,0.0,1.0,1.0,1,0,0,1,1,1,1,0,0,0,0,0,0,0,0,0,0,0,0,0,1,0,0,1,1,0,1,1,0,0,0,0,0,0,1,1,1,0,1,0,0,0,0,0,0,0,0,1,0,0,0,0,0,0,0,0,0,0,0,0,1,0,0,0,1,0,0,0,1,0,0,0,0,0,1,1,1,1
2021-03-22,United Arab Emirates,-11.0,9.0,-24.0,-27.0,-17.0,7.0,0,0,0,0,0,0,0,6.0,0.2153166666666666,0.0,0.3333333333333333,0.0,0.0,0.0,0.0,0.0,0.3155204822546743,1.0,0.0,0.0,0.0,1.0,fear,0.0,1.0,0.0,1.0,1.0,0.0,0.0,0.0,0,0,1,0,1,1,1,0,0,1,0,0,0,1,0,0,0,0,1,1,1,1,0,0,1,0,0,1,0,0,0,0,0,0,1,1,0,1,0,0,0,0,1,0,0,1,0,1,0,0,0,0,0,0,0,0,0,0,0,0,1,0,1,0,0,0,0,0,0,0,1,0,1,0,1,1,1,1
2021-03-23,United Arab Emirates,-11.0,8.0,-23.0,-28.0,-17.0,7.0,0,0,0,0,0,0,0,4.0,0.479975,0.0,0.5,0.0,1.0,1.0,1.0,0.0,0.4803673093321401,0.0,0.0,0.0,0.0,1.0,fear,0.0,1.0,1.0,1.0,1.0,0.0,1.0,0.0,0,0,0,1,1,1,1,0,0,0,0,0,0,0,0,1,0,0,0,1,0,1,0,0,1,0,0,0,0,0,1,0,0,0,1,1,1,0,0,0,1,0,0,0,0,0,1,1,0,0,0,0,0,0,0,0,0,0,0,0,1,1,1,0,0,1,0,0,0,1,0,0,0,0,1,0,1,0
2021-03-24,United Arab Emirates,-10.0,10.0,-25.0,-26.0,-17.0,7.0,0,0,0,0,0,0,0,7.0,0.2555142857142857,0.1428571428571428,0.4285714285714285,0.0,0.0,1.0,0.0,1.0,0.5668306888268475,0.0,0.0,0.0,0.0,1.0,fear,0.0,1.0,1.0,1.0,1.0,1.0,1.0,1.0,0,0,0,1,1,1,1,0,0,0,1,0,1,0,1,1,0,0,1,1,1,1,1,0,1,0,0,0,1,0,1,1,0,1,1,1,1,1,1,0,0,0,0,0,0,0,0,1,0,0,0,0,0,0,0,0,0,0,0,0,1,1,1,1,0,0,1,0,0,1,0,1,1,1,1,1,0,0
2021-03-25,United Arab Emirates,-9.0,13.0,-22.0,-25.0,-19.0,8.0,0,0,0,0,1,0,0,2.0,0.0,0.0,0.0,0.0,0.0,1.0,0.0,1.0,0.0,0.0,0.0,0.0,0.0,1.0,fear,0.0,1.0,0.0,1.0,1.0,0.0,0.0,0.0,0,0,0,1,1,1,1,0,0,0,0,0,0,1,0,0,1,0,0,1,1,1,1,0,1,1,0,1,0,0,0,1,0,0,1,1,1,1,0,1,0,1,0,0,0,0,1,1,0,0,0,0,0,0,0,0,0,0,0,0,1,1,0,1,1,0,0,0,0,0,1,1,1,0,1,1,1,1
2021-03-26,United Arab Emirates,-12.0,9.0,-23.0,-26.0,-10.0,5.0,0,0,0,0,0,0,0,2.0,-0.4383,0.5,0.0,1.0,0.0,1.0,0.0,1.0,0.4383,0.0,0.0,0.0,0.0,1.0,fear,0.0,1.0,0.0,1.0,0.0,1.0,1.0,0.0,0,0,1,0,1,1,1,0,0,0,0,1,0,0,0,0,0,0,0,1,1,1,1,1,0,1,0,0,0,1,0,0,1,0,1,1,1,0,1,0,0,0,0,0,0,0,1,1,0,0,0,0,0,0,0,0,0,0,0,0,0,1,0,0,0,1,0,0,0,0,0,1,0,0,1,1,1,1
2021-03-27,United Arab Emirates,-8.0,11.0,-23.0,-25.0,-9.0,4.0,0,0,0,0,1,0,0,4.0,0.08745,0.25,0.25,0.0,0.0,1.0,1.0,0.0,0.5352593973953189,0.0,0.0,0.0,0.0,1.0,fear,0.0,1.0,0.0,1.0,1.0,1.0,1.0,1.0,1,0,0,1,1,1,1,1,0,0,0,0,0,0,1,0,1,1,0,0,1,0,1,1,0,1,1,0,0,0,0,0,1,0,1,1,1,1,1,0,0,0,0,0,0,0,1,1,0,0,0,0,0,0,0,0,0,0,0,0,0,0,0,0,0,0,0,0,0,0,0,1,0,1,1,1,1,0
2021-03-28,United Arab Emirates,-4.0,17.0,-17.0,-23.0,-18.0,6.0,0,0,0,0,1,0,0,4.0,-0.074,0.0,0.0,0.0,0.0,0.0,0.0,0.0,0.1281717597600969,0.0,0.0,0.0,0.0,1.0,fear,0.0,1.0,0.0,1.0,1.0,0.0,0.0,0.0,1,0,0,1,1,1,1,0,0,0,0,0,0,1,0,1,1,0,0,1,1,1,1,1,0,0,1,0,1,0,0,0,0,0,1,1,1,1,0,1,0,0,0,0,0,0,1,1,0,0,0,0,0,0,0,0,0,0,0,0,1,1,0,1,1,0,0,0,1,0,0,0,0,0,0,1,0,0
2021-03-29,United Arab Emirates,-6.0,14.0,-20.0,-25.0,-19.0,7.0,0,0,0,0,1,0,0,6.0,-0.0195166666666666,0.1666666666666666,0.1666666666666666,0.0,0.0,0.0,0.0,0.0,0.4511660168078069,0.0,0.0,0.0,0.0,1.0,fear,0.0,1.0,0.0,1.0,1.0,0.0,1.0,0.0,0,0,0,1,1,1,1,0,1,0,0,0,0,0,0,0,0,1,0,1,0,1,0,1,0,0,1,0,0,0,0,0,0,0,1,1,1,0,1,0,0,0,1,0,0,0,1,1,0,0,0,0,0,0,0,0,0,0,0,0,1,1,1,1,0,0,0,1,1,0,1,0,1,0,1,0,0,0
2021-03-30,United Arab Emirates,-6.0,14.0,-19.0,-24.0,-19.0,6.0,0,0,0,0,1,0,0,4.0,0.579175,0.0,0.75,0.0,1.0,1.0,1.0,0.0,0.335206931424456,0.0,0.0,0.0,0.0,1.0,fear,0.0,1.0,0.0,0.0,0.0,0.0,1.0,0.0,0,0,0,1,1,1,1,0,0,0,0,0,1,0,1,0,0,1,0,1,1,1,0,1,1,0,0,0,0,1,1,0,0,1,1,1,1,1,1,1,0,0,0,0,0,0,1,1,0,0,0,0,0,0,0,0,0,0,0,0,1,1,1,0,0,1,0,0,0,1,1,0,0,0,1,1,1,0
2021-03-31,United Arab Emirates,-4.0,16.0,-20.0,-22.0,-19.0,6.0,0,0,0,0,1,0,0,7.0,0.3678285714285714,0.0,0.4285714285714285,0.0,1.0,1.0,0.0,1.0,0.3616536334840905,0.0,0.0,0.0,0.0,1.0,fear,0.0,1.0,1.0,1.0,0.0,1.0,1.0,1.0,0,0,0,1,1,1,1,0,0,0,1,0,0,0,0,1,0,0,1,0,1,1,1,0,1,0,0,1,1,0,0,0,0,1,0,1,1,1,0,1,0,0,0,0,0,0,1,1,0,0,0,0,0,0,0,0,0,0,0,0,1,0,0,0,1,0,0,0,0,1,1,1,0,1,1,1,1,1
2021-04-01,United Arab Emirates,-6.0,16.0,-19.0,-22.0,-18.0,7.0,0,0,0,0,1,0,0,2.0,0.0,0.0,0.0,0.0,0.0,1.0,0.0,1.0,0.0,0.0,0.0,0.0,0.0,1.0,fear,0.0,1.0,0.0,1.0,1.0,0.0,1.0,1.0,0,0,0,1,1,1,1,0,0,0,1,0,0,1,0,0,1,0,0,0,1,1,1,0,1,1,0,1,0,0,0,1,0,0,1,1,1,1,1,0,0,0,0,0,0,0,1,1,0,0,0,0,0,0,0,0,0,0,0,0,0,0,0,0,0,0,0,0,0,0,1,1,1,1,1,1,0,1
2021-04-02,United Arab Emirates,-9.0,14.0,-20.0,-24.0,-9.0,4.0,0,0,0,0,1,0,0,5.0,0.2845,0.0,0.4,0.0,0.0,1.0,1.0,0.0,0.3484637943890297,0.0,0.0,0.0,0.0,1.0,fear,0.0,1.0,0.0,1.0,1.0,0.0,1.0,1.0,0,0,0,1,1,1,1,0,0,1,0,1,0,1,0,0,0,0,1,1,0,0,1,1,1,1,0,1,0,1,0,0,0,0,1,0,1,1,1,1,0,0,0,0,0,0,1,1,0,0,0,0,0,0,0,0,0,0,0,0,1,0,1,0,0,0,0,0,0,0,0,1,0,0,1,1,0,0
2021-04-03,United Arab Emirates,-5.0,17.0,-21.0,-23.0,-8.0,3.0,0,0,0,0,1,0,0,3.0,0.1436333333333333,0.3333333333333333,0.3333333333333333,0.0,0.0,0.0,0.0,0.0,0.4960386566477343,0.0,0.0,0.0,0.0,1.0,fear,0.0,1.0,0.0,1.0,0.0,1.0,1.0,1.0,1,0,0,1,1,1,1,0,0,0,0,1,0,1,1,1,0,1,1,1,0,1,1,1,1,0,1,0,1,0,1,0,1,0,1,1,1,1,1,1,0,0,0,0,0,0,1,1,0,0,0,0,0,0,0,0,0,0,0,0,1,0,1,0,0,0,1,0,0,0,0,0,0,0,0,0,0,1
2021-04-04,United Arab Emirates,1.0,23.0,-12.0,-20.0,-20.0,6.0,0,0,0,0,1,0,0,2.0,-0.27115,0.5,0.0,0.0,0.0,1.0,0.0,1.0,0.27115,0.0,0.0,0.0,0.0,1.0,fear,0.0,1.0,0.0,1.0,0.0,0.0,1.0,0.0,1,0,0,1,1,1,1,0,0,0,0,0,0,1,1,0,1,0,0,0,1,1,0,1,0,0,1,0,0,0,0,0,0,0,1,1,1,1,1,0,0,0,0,0,0,0,1,1,0,0,0,0,0,0,0,0,0,0,0,0,1,0,0,0,1,0,0,0,1,0,0,0,0,1,1,1,0,0
2021-04-05,United Arab Emirates,-4.0,17.0,-17.0,-23.0,-18.0,6.0,0,0,0,0,1,0,0,1.0,-0.8957,1.0,0.0,1.0,0.0,1.0,0.0,1.0,0.0,0.0,0.0,1.0,1.0,0.0,sadness,1.0,1.0,0.0,0.0,0.0,0.0,0.0,0.0,0,0,1,0,1,1,1,0,0,0,0,0,0,0,1,0,0,0,0,0,1,1,1,1,0,1,0,0,0,1,0,0,0,0,1,1,1,1,1,1,0,0,0,0,0,0,1,1,0,0,0,0,0,0,0,0,0,0,0,0,0,0,0,0,0,0,0,0,1,0,1,0,1,0,1,0,1,1
2021-04-06,United Arab Emirates,-4.0,16.0,-16.0,-24.0,-18.0,6.0,0,0,0,0,1,0,0,3.0,0.4956666666666667,0.0,0.6666666666666666,0.0,1.0,1.0,1.0,0.0,0.3597817239506322,0.0,0.0,0.0,0.0,1.0,fear,0.0,1.0,0.0,1.0,0.0,0.0,1.0,0.0,0,0,0,1,0,1,1,1,0,0,0,0,1,0,1,0,0,1,0,0,0,0,1,0,1,1,0,0,0,0,1,0,0,0,0,1,0,0,1,1,0,0,0,1,0,0,1,1,0,0,0,0,0,0,0,1,0,0,0,0,0,0,0,0,0,0,0,0,0,0,1,0,1,1,1,1,1,1
2021-04-07,United Arab Emirates,-4.0,17.0,-17.0,-23.0,-18.0,6.0,0,0,0,0,1,0,0,3.0,0.3968333333333333,0.0,0.6666666666666666,0.0,1.0,0.0,0.0,0.0,0.2945647448166343,1.0,0.0,0.0,0.0,1.0,fear,0.0,1.0,1.0,1.0,1.0,1.0,1.0,1.0,0,0,1,0,1,1,1,0,0,0,1,0,1,0,0,1,0,0,1,0,0,0,1,1,1,0,1,1,1,0,0,0,0,1,1,1,1,1,1,1,0,0,0,0,0,0,1,1,0,0,0,0,0,0,0,1,0,0,0,0,0,1,0,0,0,1,0,0,0,1,1,1,0,1,1,1,0,0
2021-04-08,United Arab Emirates,-5.0,16.0,-16.0,-21.0,-18.0,7.0,0,0,0,0,1,0,0,4.0,0.22305,0.0,0.25,0.0,0.0,0.0,0.0,0.0,0.386333932628238,0.0,0.0,0.0,0.0,1.0,fear,0.0,1.0,0.0,1.0,1.0,1.0,1.0,1.0,0,0,0,1,1,0,1,0,1,0,1,0,0,1,0,1,1,0,0,1,0,1,0,1,1,0,1,1,0,0,0,1,0,0,1,0,1,1,0,1,1,0,0,0,1,0,1,1,0,0,0,0,0,0,0,1,0,0,0,0,0,1,0,1,0,0,0,0,0,0,0,1,0,0,0,1,1,1
2021-04-09,United Arab Emirates,-9.0,14.0,-18.0,-24.0,-8.0,4.0,0,0,0,0,1,0,0,5.0,0.17018,0.2,0.4,0.0,0.0,0.0,0.0,0.0,0.5666869837926402,0.0,0.0,0.0,0.0,1.0,fear,0.0,1.0,1.0,1.0,0.0,0.0,1.0,1.0,0,0,0,1,1,1,1,0,0,0,0,1,0,1,0,1,1,0,0,1,0,1,0,1,1,0,0,0,0,1,1,0,0,0,1,1,1,1,1,1,0,0,0,0,0,0,1,0,0,0,0,1,0,0,0,1,0,0,0,1,0,1,0,1,0,0,0,1,0,0,0,0,1,1,1,1,0,1
2021-04-10,United Arab Emirates,-5.0,16.0,-21.0,-23.0,-7.0,3.0,0,0,0,0,1,0,0,4.0,0.009975,0.25,0.25,0.0,0.0,0.0,0.0,0.0,0.5288331796275646,0.0,0.0,0.0,0.0,1.0,fear,0.0,1.0,0.0,0.0,1.0,0.0,0.0,0.0,1,0,0,1,1,1,1,0,0,0,0,1,0,1,1,1,0,1,1,0,1,0,0,0,0,0,0,0,0,0,0,1,1,0,1,1,1,1,1,1,0,1,0,0,0,0,1,0,0,0,0,0,0,0,0,1,0,0,0,0,0,1,0,0,0,1,0,0,0,0,0,0,0,0,0,0,1,1
2021-04-11,United Arab Emirates,-1.0,23.0,-17.0,-20.0,-15.0,5.0,0,0,0,0,1,0,0,3.0,0.0886333333333333,0.3333333333333333,0.6666666666666666,0.0,0.0,0.0,0.0,0.0,0.6981453828219131,0.0,0.0,1.0,0.0,0.0,sadness,0.0,1.0,0.0,1.0,0.0,1.0,0.0,0.0,1,0,0,1,1,1,1,0,0,0,0,0,0,0,1,0,0,1,0,1,1,0,0,0,1,0,0,1,0,0,0,0,0,0,0,1,1,0,1,1,0,0,0,0,0,0,1,1,0,0,0,0,0,0,1,1,0,0,0,0,0,0,0,0,0,0,0,0,0,0,0,1,1,1,1,1,1,1
2021-04-12,United Arab Emirates,-2.0,30.0,-24.0,-23.0,-15.0,5.0,0,0,0,0,1,0,0,1.0,0.0,0.0,0.0,0.0,0.0,0.0,0.0,0.0,0.0,0.0,0.0,0.0,0.0,1.0,fear,0.0,1.0,0.0,0.0,1.0,0.0,0.0,0.0,0,0,0,1,0,1,0,0,0,1,0,0,0,0,1,0,1,0,0,0,0,0,0,0,1,0,0,1,0,0,0,0,1,0,1,1,0,0,1,0,0,0,0,0,0,1,1,1,0,0,0,0,0,0,1,1,0,0,0,0,1,0,0,0,1,0,0,0,1,0,1,0,1,0,1,1,0,1
2021-04-13,United Arab Emirates,-21.0,22.0,-33.0,-29.0,-18.0,13.0,0,0,0,1,1,0,0,3.0,0.1976666666666666,0.0,0.3333333333333333,0.0,0.0,0.0,0.0,0.0,0.2795428808290818,0.0,0.0,0.0,0.0,1.0,fear,0.0,1.0,0.0,1.0,1.0,1.0,1.0,0.0,0,0,0,1,1,1,1,0,0,0,0,0,1,0,0,0,0,0,0,1,1,0,0,0,1,0,0,0,0,0,1,0,0,0,0,0,1,0,0,1,0,0,0,0,0,0,1,1,0,0,0,0,0,0,1,1,0,0,0,0,1,0,1,0,0,0,0,0,0,0,1,0,0,0,1,1,1,1
2021-04-14,United Arab Emirates,-20.0,15.0,-32.0,-28.0,-18.0,13.0,0,0,0,1,1,0,0,2.0,0.6517999999999999,0.0,1.0,0.0,1.0,1.0,1.0,0.0,0.0531999999999999,0.0,0.0,0.0,0.0,1.0,fear,0.0,1.0,1.0,1.0,0.0,1.0,0.0,1.0,0,0,0,1,1,0,1,0,0,0,0,0,1,0,0,1,1,1,1,1,0,1,0,0,0,0,0,0,0,0,0,0,0,1,1,1,1,1,0,1,0,0,1,0,0,0,0,1,0,0,1,0,0,0,1,1,0,0,1,0,1,1,1,0,0,1,1,0,0,1,0,1,1,1,1,1,1,1
2021-04-15,United Arab Emirates,-20.0,12.0,-30.0,-28.0,-17.0,14.0,0,0,0,1,1,0,0,3.0,0.2541333333333333,0.0,0.3333333333333333,0.0,0.0,1.0,0.0,1.0,0.3593988066510825,0.0,0.0,0.0,0.0,1.0,fear,0.0,1.0,0.0,1.0,1.0,0.0,1.0,1.0,0,0,0,1,1,1,1,0,0,0,1,0,0,1,0,1,1,0,1,0,1,1,1,0,0,0,0,0,1,0,0,1,0,0,1,0,1,0,0,1,0,0,0,0,0,0,0,1,0,0,0,0,0,0,1,1,0,0,0,0,1,1,0,1,1,0,0,0,0,0,0,0,0,0,0,1,1,1
2021-04-16,United Arab Emirates,-25.0,6.0,-42.0,-36.0,-9.0,10.0,0,1,0,1,0,0,1,3.0,-0.3107333333333333,0.3333333333333333,0.0,1.0,0.0,1.0,0.0,1.0,0.4394432942813997,0.0,0.0,1.0,0.0,0.0,sadness,0.0,1.0,0.0,1.0,1.0,1.0,1.0,0.0,0,1,0,0,1,1,1,0,0,0,0,0,0,1,0,1,0,1,0,1,1,0,1,0,0,1,0,0,0,0,0,0,0,1,1,1,1,1,1,1,0,0,0,0,0,0,1,0,0,0,0,1,0,0,1,1,0,0,0,1,0,1,0,0,0,1,0,0,0,1,1,0,1,0,1,1,1,1
2021-04-17,United Arab Emirates,-19.0,10.0,-32.0,-30.0,-8.0,10.0,0,0,0,1,0,0,0,1.0,0.0,0.0,0.0,0.0,0.0,1.0,1.0,0.0,0.0,0.0,0.0,0.0,0.0,1.0,fear,0.0,1.0,0.0,0.0,1.0,0.0,0.0,0.0,1,0,0,1,0,1,1,1,0,0,0,1,0,0,1,0,1,1,0,1,0,1,1,1,0,1,0,0,0,1,0,0,1,0,1,1,0,1,0,0,0,0,0,0,0,0,1,0,0,0,0,0,0,0,1,1,0,0,0,0,0,0,0,0,0,0,0,0,0,1,0,1,0,0,1,0,1,0
2021-04-18,United Arab Emirates,-14.0,18.0,-23.0,-25.0,-15.0,12.0,0,0,0,1,1,0,0,3.0,0.0260999999999999,0.3333333333333333,0.3333333333333333,0.0,0.0,0.0,0.0,0.0,0.7793604087113142,0.0,0.0,1.0,0.0,0.0,sadness,0.0,1.0,0.0,1.0,1.0,1.0,1.0,1.0,1,0,0,1,1,1,0,0,0,0,0,0,0,0,1,0,0,0,1,1,1,0,1,1,0,0,1,0,1,0,0,0,0,0,0,1,1,0,1,0,0,0,0,0,0,0,1,1,0,0,0,0,0,0,1,1,0,0,0,0,0,0,0,0,0,0,0,0,0,0,0,0,0,0,1,0,1,0
2021-04-19,United Arab Emirates,-17.0,15.0,-27.0,-28.0,-16.0,13.0,0,0,0,1,1,0,0,3.0,0.1838,0.0,0.3333333333333333,0.0,0.0,0.0,0.0,0.0,0.2599324527641748,0.0,0.0,0.0,0.0,1.0,fear,0.0,1.0,0.0,1.0,1.0,0.0,1.0,0.0,0,0,0,1,0,0,1,0,1,0,0,0,0,1,0,0,1,1,0,1,1,1,0,1,0,0,1,0,0,0,0,0,0,0,1,1,0,1,1,0,0,0,0,0,0,0,1,1,0,0,0,0,0,0,1,1,0,0,0,0,1,1,0,1,1,0,0,0,1,1,1,1,1,0,1,1,1,0
2021-04-20,United Arab Emirates,-16.0,15.0,-26.0,-28.0,-16.0,13.0,0,0,0,1,1,0,0,6.0,0.0981666666666666,0.1666666666666666,0.3333333333333333,0.0,0.0,0.0,0.0,0.0,0.4446225840217995,0.0,0.0,0.0,0.0,1.0,fear,0.0,1.0,0.0,1.0,1.0,0.0,1.0,0.0,0,0,0,1,1,1,1,0,0,0,0,0,0,0,0,0,0,0,1,1,1,1,0,1,0,0,0,0,0,1,0,0,0,0,1,0,1,1,0,1,0,0,0,0,0,0,1,1,0,0,0,0,0,0,1,1,0,0,0,0,1,0,1,0,0,0,0,0,0,1,0,1,0,0,1,0,1,1
2021-04-21,United Arab Emirates,-16.0,15.0,-28.0,-27.0,-16.0,13.0,0,0,0,1,1,0,0,6.0,0.3480166666666666,0.0,0.5,0.0,1.0,1.0,1.0,0.0,0.3861365147917968,0.0,1.0,0.0,0.0,0.0,anger,0.0,1.0,1.0,1.0,1.0,1.0,1.0,1.0,0,0,1,0,1,0,1,0,0,0,0,0,1,0,1,1,0,1,1,1,1,0,0,0,1,0,0,0,0,0,1,0,0,1,1,1,1,1,1,0,0,0,0,0,0,0,0,1,0,0,1,0,0,0,1,1,0,0,1,0,1,1,0,0,1,1,0,0,1,1,0,0,0,1,1,1,1,0
2021-04-22,United Arab Emirates,-17.0,13.0,-26.0,-28.0,-16.0,14.0,0,0,0,1,1,0,0,3.0,-0.0279999999999999,0.0,0.0,0.0,0.0,1.0,0.0,1.0,0.208333066666496,0.0,0.0,0.0,0.0,1.0,fear,0.0,1.0,1.0,1.0,1.0,0.0,0.0,0.0,0,0,0,1,0,1,1,0,0,0,1,0,0,1,0,1,1,0,0,1,1,1,1,0,1,0,0,1,1,0,0,1,0,0,1,1,1,1,1,1,0,0,0,0,0,0,0,1,0,0,0,0,0,0,1,1,0,0,0,0,0,1,0,1,0,0,0,1,1,0,1,0,0,0,0,0,0,0
2021-04-23,United Arab Emirates,-23.0,6.0,-39.0,-35.0,-8.0,10.0,0,1,0,1,0,0,1,2.0,0.79365,0.0,1.0,0.0,1.0,1.0,1.0,0.0,0.13095,0.0,0.0,0.0,0.0,1.0,fear,0.0,1.0,0.0,1.0,1.0,0.0,0.0,0.0,0,0,0,0,1,1,0,0,0,1,0,0,0,0,0,0,0,0,1,1,1,1,1,0,1,1,0,1,0,0,0,1,0,0,1,1,1,0,1,1,0,0,0,0,0,0,1,1,0,0,0,1,0,0,1,1,0,0,0,1,0,1,0,0,0,1,0,0,0,0,0,1,0,0,0,1,0,0
2021-04-24,United Arab Emirates,-18.0,9.0,-31.0,-28.0,-7.0,10.0,0,0,0,1,0,0,0,1.0,0.9919,0.0,1.0,0.0,1.0,0.0,0.0,0.0,0.0,0.0,0.0,0.0,0.0,1.0,fear,0.0,1.0,0.0,0.0,0.0,0.0,0.0,1.0,1,0,0,1,1,0,1,0,0,0,1,1,0,0,1,0,0,1,0,1,1,1,1,1,1,0,0,0,1,1,1,0,1,0,1,1,0,0,1,0,0,0,0,0,0,0,1,1,0,0,0,0,0,0,1,1,0,0,0,0,1,1,1,0,0,1,0,0,1,1,1,1,0,0,1,0,0,1
2021-04-25,United Arab Emirates,-12.0,18.0,-22.0,-27.0,-14.0,12.0,0,0,0,1,1,0,0,0.0,0.0,0.0,0.0,0.0,0.0,0.0,0.0,0.0,0.0,0.0,0.0,0.0,0.0,0.0,0,0.0,0.0,0.0,0.0,0.0,0.0,0.0,0.0,1,0,0,1,1,1,0,0,0,0,1,0,0,1,0,1,0,0,1,0,1,1,0,1,0,0,1,0,0,0,0,0,1,0,0,1,1,0,0,1,0,0,0,0,0,0,1,1,0,0,0,0,0,0,1,1,0,0,0,0,0,0,0,0,0,0,0,0,1,1,1,0,0,0,0,0,1,1
2021-04-26,United Arab Emirates,-14.0,16.0,-25.0,-29.0,-15.0,13.0,0,0,0,1,1,0,0,8.0,0.4788,0.0,0.625,0.0,1.0,1.0,0.0,1.0,0.4614132068981121,0.0,0.0,0.0,0.0,1.0,fear,0.0,1.0,1.0,1.0,0.0,0.0,1.0,1.0,0,0,0,1,0,1,1,0,0,0,0,1,0,0,0,0,0,0,0,0,1,1,0,1,0,0,0,0,0,1,0,0,0,0,0,1,1,0,0,1,0,0,0,0,0,0,1,1,0,0,0,0,0,0,1,1,0,0,0,0,1,0,0,0,1,0,0,0,1,0,0,1,1,0,1,1,0,1
2021-04-27,United Arab Emirates,-14.0,17.0,-26.0,-30.0,-15.0,12.0,0,0,0,1,1,0,0,6.0,0.4686166666666667,0.0,0.6666666666666666,0.0,1.0,0.0,0.0,0.0,0.3825821455002253,0.0,0.0,0.0,0.0,1.0,fear,0.0,1.0,0.0,0.0,1.0,0.0,0.0,1.0,0,0,0,1,1,1,1,0,0,0,1,1,0,1,1,0,0,0,0,0,0,1,1,0,0,1,0,0,0,0,0,1,0,0,1,0,1,1,0,1,0,0,0,0,0,0,1,1,0,0,0,0,0,0,1,1,0,0,0,0,1,0,1,0,0,0,1,0,0,0,0,0,0,1,0,1,0,1
2021-04-28,United Arab Emirates,-13.0,19.0,-28.0,-29.0,-15.0,12.0,0,0,0,1,1,0,0,3.0,0.7284,0.0,1.0,0.0,1.0,1.0,1.0,0.0,0.0584045089583558,0.0,0.0,0.0,0.0,1.0,fear,0.0,1.0,1.0,1.0,0.0,1.0,0.0,0.0,0,0,0,1,1,0,0,0,0,0,1,0,1,1,0,1,0,0,1,1,0,1,0,0,1,0,0,0,0,0,1,0,0,1,0,0,1,0,0,1,0,0,0,0,0,0,1,1,0,0,1,0,0,0,1,1,0,0,1,0,1,1,0,0,1,1,0,0,0,1,1,1,0,1,1,1,0,1
2021-04-29,United Arab Emirates,-12.0,18.0,-26.0,-27.0,-15.0,13.0,0,0,0,1,1,0,0,1.0,-0.5423,1.0,0.0,1.0,0.0,1.0,0.0,1.0,0.0,0.0,0.0,0.0,0.0,1.0,fear,0.0,1.0,0.0,0.0,0.0,0.0,0.0,0.0,0,0,1,0,1,1,1,0,0,0,1,1,0,0,1,0,1,0,0,0,0,1,1,1,1,0,1,1,1,0,0,1,1,1,1,1,1,0,1,0,0,0,0,0,0,0,1,1,0,0,0,0,0,0,1,1,0,0,0,0,1,1,0,1,1,0,0,0,1,1,1,0,0,0,0,0,1,1
2021-04-30,United Arab Emirates,-17.0,14.0,-38.0,-33.0,-6.0,9.0,0,1,0,1,1,0,1,3.0,-0.0327333333333333,0.3333333333333333,0.6666666666666666,0.0,0.0,1.0,1.0,0.0,0.6052923279062953,0.0,0.0,0.0,0.0,1.0,fear,0.0,1.0,0.0,1.0,0.0,0.0,0.0,1.0,0,0,0,0,1,1,1,1,0,0,0,1,1,0,1,0,0,0,0,0,1,1,1,0,1,1,0,0,0,0,1,0,0,0,0,0,1,0,0,0,0,0,0,0,0,0,1,1,0,0,0,1,0,0,1,1,0,0,0,1,0,1,0,1,0,0,0,1,1,0,0,0,0,1,0,1,1,1
2021-05-01,United Arab Emirates,-11.0,18.0,-28.0,-29.0,-7.0,9.0,0,0,0,1,1,0,0,2.0,0.48565,0.0,0.5,0.0,1.0,1.0,1.0,0.0,0.48565,0.0,0.0,0.0,0.0,1.0,fear,0.0,1.0,0.0,0.0,1.0,0.0,0.0,1.0,1,0,0,1,1,1,1,0,0,0,0,1,1,1,0,1,0,1,0,0,0,0,1,1,0,0,0,0,1,1,0,0,1,0,1,1,0,0,0,0,0,0,0,0,0,0,1,1,0,0,0,0,0,0,1,1,0,0,0,0,0,1,0,0,0,1,0,0,0,0,1,0,0,0,1,0,1,1
2021-05-02,United Arab Emirates,-7.0,25.0,-19.0,-25.0,-15.0,12.0,0,0,0,1,1,0,0,2.0,0.3715,0.0,0.5,0.0,1.0,0.0,0.0,0.0,0.3715,0.0,0.0,0.0,0.0,1.0,fear,0.0,1.0,0.0,0.0,1.0,0.0,0.0,0.0,1,0,0,1,1,1,0,0,1,0,1,0,0,1,0,0,0,0,0,1,0,0,1,1,0,0,1,0,1,0,0,0,0,0,0,0,0,0,0,0,0,0,0,0,0,0,1,1,0,0,0,0,0,0,1,1,0,0,0,0,0,0,0,0,0,0,0,0,0,0,0,0,1,0,1,0,1,0
2021-05-03,United Arab Emirates,-9.0,23.0,-26.0,-27.0,-15.0,12.0,0,0,0,1,1,0,0,5.0,0.23052,0.0,0.2,0.0,0.0,0.0,0.0,0.0,0.3634526786254299,0.0,0.0,0.0,0.0,1.0,fear,0.0,1.0,0.0,1.0,1.0,0.0,0.0,1.0,0,0,0,1,1,1,1,0,0,0,1,0,1,0,1,1,0,0,0,1,0,0,0,1,1,0,0,1,0,1,0,0,0,1,0,1,1,0,0,1,0,0,0,0,0,0,1,1,0,0,0,0,0,0,1,1,0,0,0,0,1,1,0,0,1,1,0,0,1,1,1,1,1,1,1,1,1,1
2021-05-04,United Arab Emirates,-10.0,22.0,-27.0,-27.0,-16.0,12.0,0,0,0,1,1,0,0,6.0,0.03665,0.0,0.1666666666666666,0.0,0.0,0.0,0.0,0.0,0.284321530137976,0.0,0.0,0.0,0.0,1.0,fear,0.0,1.0,0.0,1.0,1.0,1.0,0.0,0.0,0,0,0,1,1,1,1,0,0,0,0,1,1,1,1,1,0,0,0,1,1,1,0,1,0,0,0,0,0,1,0,0,0,0,1,0,0,0,0,0,0,0,0,0,0,0,1,1,0,0,0,1,0,1,1,1,0,0,0,1,1,1,1,1,0,0,0,0,1,0,0,1,0,1,0,0,1,1
2021-05-05,United Arab Emirates,-9.0,23.0,-28.0,-27.0,-15.0,12.0,0,0,0,1,1,0,0,4.0,0.718225,0.0,1.0,0.0,1.0,1.0,1.0,0.0,0.1893014708738418,1.0,0.0,0.0,0.0,1.0,fear,0.0,1.0,1.0,1.0,1.0,1.0,1.0,1.0,0,0,1,0,1,1,1,0,0,0,0,1,1,0,0,0,1,0,1,1,1,0,0,0,1,0,0,0,0,0,1,0,0,1,1,0,1,0,0,0,0,0,0,0,0,0,1,1,0,0,1,1,0,1,1,1,0,0,1,1,1,0,1,0,0,0,1,0,0,0,0,0,1,1,1,1,1,1
2021-05-06,United Arab Emirates,-11.0,20.0,-28.0,-27.0,-16.0,13.0,0,0,0,1,1,0,0,2.0,0.425,0.0,0.5,0.0,1.0,1.0,0.0,1.0,0.425,0.0,0.0,0.0,0.0,1.0,fear,0.0,1.0,0.0,0.0,1.0,0.0,0.0,0.0,0,0,0,1,1,1,1,0,0,1,1,0,0,1,1,0,1,0,0,1,1,0,1,0,1,0,0,1,1,0,0,1,0,0,1,1,0,1,0,0,1,0,0,0,0,0,1,1,0,0,0,1,0,1,1,1,0,0,0,1,1,0,0,0,1,0,0,0,0,0,0,0,0,0,0,1,1,1
2021-05-07,United Arab Emirates,-16.0,15.0,-42.0,-33.0,-5.0,9.0,0,1,0,1,1,0,1,4.0,-0.3355,0.5,0.0,1.0,0.0,1.0,0.0,1.0,0.3753745529467867,0.0,0.0,0.0,0.0,1.0,fear,0.0,1.0,0.0,1.0,1.0,1.0,1.0,0.0,0,1,0,0,1,1,1,0,0,0,1,0,0,0,0,1,0,1,0,1,1,0,1,0,1,1,0,0,0,0,1,0,0,0,0,1,1,0,0,0,0,0,0,0,0,0,1,1,0,0,0,0,0,0,1,0,0,0,0,0,0,0,0,0,0,0,0,0,0,0,0,0,0,0,0,0,0,0
2021-05-08,United Arab Emirates,-12.0,16.0,-33.0,-30.0,-6.0,9.0,0,0,0,1,1,0,0,1.0,0.0,0.0,0.0,0.0,0.0,1.0,1.0,0.0,0.0,0.0,0.0,0.0,0.0,1.0,fear,0.0,1.0,0.0,0.0,1.0,0.0,0.0,0.0,1,0,0,1,1,1,1,1,0,0,0,1,1,0,1,1,1,1,0,1,1,1,1,1,1,1,0,0,0,1,1,0,1,0,1,1,0,1,1,0,0,1,0,0,0,0,1,1,0,0,0,1,0,1,1,1,0,0,0,1,1,1,0,1,1,0,0,0,1,0,1,0,1,0,1,1,1,1
2021-05-09,United Arab Emirates,-3.0,27.0,-23.0,-25.0,-14.0,11.0,0,0,0,1,1,0,0,0.0,0.0,0.0,0.0,0.0,0.0,0.0,0.0,0.0,0.0,0.0,0.0,0.0,0.0,0.0,0,0.0,0.0,0.0,0.0,0.0,0.0,0.0,0.0,1,0,0,1,1,1,1,0,0,0,0,1,1,0,0,0,0,0,0,1,1,1,1,1,0,0,1,0,1,0,0,0,0,0,0,0,0,0,0,0,0,0,0,0,0,0,1,1,0,0,1,0,1,0,1,0,0,0,1,0,1,0,1,0,0,0,0,0,0,0,1,0,1,0,0,0,1,0
2021-05-10,United Arab Emirates,0.0,30.0,-23.0,-24.0,-15.0,10.0,0,0,0,1,1,0,0,4.0,0.6231,0.0,0.75,0.0,1.0,1.0,1.0,0.0,0.4097155903794728,0.0,0.0,0.0,0.0,1.0,fear,0.0,1.0,0.0,1.0,1.0,1.0,0.0,1.0,0,0,0,1,0,1,1,0,1,0,0,0,0,0,0,1,0,1,0,0,1,1,0,1,0,0,1,0,0,0,0,0,0,0,0,1,1,0,1,0,0,0,0,0,0,0,1,1,0,0,1,0,1,0,1,0,0,0,1,0,0,1,0,0,0,1,0,0,0,1,0,1,1,0,1,1,1,0
2021-05-11,United Arab Emirates,6.0,45.0,-19.0,-33.0,-48.0,17.0,0,1,1,1,1,0,1,4.0,0.174225,0.0,0.25,0.0,0.0,1.0,0.0,1.0,0.4878649934920521,0.0,0.0,0.0,0.0,1.0,fear,0.0,1.0,0.0,0.0,1.0,1.0,0.0,1.0,0,0,0,0,1,1,1,0,0,0,1,0,0,1,0,0,1,0,1,1,1,1,1,1,0,0,0,0,1,1,0,0,0,0,1,0,1,0,0,0,0,0,0,0,0,0,1,1,0,0,1,0,1,0,1,0,0,0,1,0,0,0,0,0,0,0,0,0,0,1,0,1,0,0,1,1,1,0
2021-05-12,United Arab Emirates,9.0,57.0,-15.0,-34.0,-58.0,20.0,0,1,1,1,1,0,1,3.0,0.235,0.0,0.3333333333333333,0.0,0.0,0.0,0.0,0.0,0.3323401871576773,0.0,0.0,0.0,0.0,1.0,fear,0.0,1.0,1.0,1.0,1.0,1.0,1.0,0.0,0,0,0,0,1,0,1,0,0,0,0,0,1,1,0,1,1,0,1,1,0,1,1,0,1,1,0,0,0,0,1,0,0,1,0,0,1,0,0,1,0,0,1,0,0,0,1,1,0,0,0,0,0,0,0,0,0,0,0,0,0,0,0,0,0,0,0,0,0,1,0,0,0,1,0,1,0,0
2021-05-13,United Arab Emirates,0.0,24.0,20.0,-31.0,-69.0,21.0,0,1,1,1,1,0,1,3.0,0.2467333333333334,0.3333333333333333,0.6666666666666666,0.0,0.0,0.0,0.0,0.0,0.4463412545973715,0.0,0.0,0.0,0.0,1.0,fear,0.0,1.0,0.0,1.0,1.0,0.0,0.0,0.0,0,0,0,0,1,1,1,0,0,0,0,1,1,0,1,0,1,1,0,1,1,1,0,1,1,0,0,1,0,1,0,1,0,0,1,1,0,1,0,0,0,0,0,0,0,0,1,1,0,0,1,0,1,0,1,1,0,0,1,0,1,1,1,1,0,0,0,0,0,0,0,0,0,0,1,0,1,0
2021-05-14,United Arab Emirates,-4.0,14.0,-13.0,-26.0,-18.0,5.0,0,0,0,0,1,0,0,0.0,0.0,0.0,0.0,0.0,0.0,0.0,0.0,0.0,0.0,0.0,0.0,0.0,0.0,0.0,0,0.0,0.0,0.0,0.0,0.0,0.0,0.0,0.0,0,0,0,1,1,1,1,0,0,1,0,0,0,0,1,0,0,1,1,1,1,1,0,1,1,0,1,1,0,0,0,0,0,0,1,0,1,0,0,1,0,0,0,0,0,0,1,1,0,0,0,1,0,0,0,0,0,0,0,1,0,0,0,0,0,0,0,0,0,0,0,0,0,0,0,0,0,0
2021-05-15,United Arab Emirates,-6.0,17.0,-23.0,-33.0,-29.0,10.0,0,1,1,1,1,0,1,2.0,0.0,0.0,0.0,0.0,0.0,1.0,0.0,1.0,0.0,0.0,0.0,0.0,0.0,1.0,fear,0.0,1.0,0.0,1.0,1.0,0.0,1.0,0.0,1,0,0,0,0,1,1,0,0,0,0,0,0,0,0,0,0,1,0,0,1,1,0,0,1,0,0,0,0,0,1,0,1,0,0,1,0,0,1,0,0,0,0,0,0,0,1,1,0,0,0,0,0,0,0,0,0,0,0,0,1,0,0,0,1,0,0,0,1,0,1,1,0,0,1,0,0,1
2021-05-16,United Arab Emirates,-4.0,24.0,-23.0,-24.0,-11.0,7.0,0,0,0,0,1,0,0,1.0,0.0,0.0,0.0,0.0,0.0,0.0,0.0,0.0,0.0,0.0,0.0,0.0,0.0,1.0,fear,0.0,0.0,0.0,0.0,0.0,0.0,0.0,0.0,1,0,0,1,1,1,0,0,0,0,0,0,0,0,0,0,0,0,0,1,1,0,1,0,0,1,0,0,0,0,0,0,0,0,1,1,0,1,0,0,0,0,0,0,0,0,1,1,0,0,0,0,0,0,0,0,0,0,0,0,0,0,0,0,0,0,0,0,1,0,1,1,0,0,1,1,0,1
2021-05-17,United Arab Emirates,-6.0,21.0,-27.0,-26.0,-12.0,8.0,0,0,0,0,1,0,0,4.0,0.463825,0.0,0.75,0.0,1.0,1.0,1.0,0.0,0.3418077264705992,0.0,0.0,0.0,0.0,1.0,fear,0.0,1.0,0.0,1.0,0.0,0.0,0.0,1.0,0,0,0,1,1,0,1,0,0,0,0,0,1,0,0,1,0,0,1,0,0,1,0,0,1,0,0,0,0,0,1,0,0,0,0,0,1,0,0,0,0,0,0,0,0,0,1,1,0,0,0,0,0,0,0,0,0,0,0,0,0,1,0,0,0,1,0,0,1,1,0,0,1,0,1,1,0,0
2021-05-18,United Arab Emirates,-6.0,21.0,-26.0,-27.0,-13.0,8.0,0,0,0,0,1,0,0,5.0,0.38008,0.0,0.4,0.0,1.0,0.0,0.0,0.0,0.465703302114125,0.0,0.0,0.0,0.0,1.0,fear,0.0,1.0,0.0,1.0,0.0,0.0,1.0,1.0,0,0,0,1,1,1,1,0,0,0,1,0,0,1,0,1,0,0,1,0,1,1,1,1,1,0,1,1,1,0,0,0,0,0,1,1,0,0,1,0,0,0,0,0,0,0,1,1,0,0,0,0,0,0,1,0,0,0,0,0,1,0,1,0,0,0,0,0,0,0,0,0,0,0,0,1,0,0
2021-05-19,United Arab Emirates,-6.0,20.0,-28.0,-28.0,-12.0,8.0,0,0,0,0,1,0,0,2.0,0.30115,0.0,0.5,0.0,1.0,0.0,0.0,0.0,0.40385,0.0,0.0,0.0,0.0,1.0,fear,0.0,1.0,1.0,1.0,0.0,1.0,0.0,0.0,0,0,0,1,1,1,1,0,0,0,1,0,0,1,0,0,0,0,1,0,0,1,0,0,0,0,0,0,0,0,0,0,0,1,1,0,1,1,0,1,0,0,0,0,0,0,1,1,0,0,1,0,0,0,0,0,0,0,1,0,0,1,0,0,0,1,0,0,0,1,0,1,0,1,0,1,0,0
2021-05-20,United Arab Emirates,-5.0,20.0,-27.0,-29.0,-11.0,9.0,0,0,0,1,1,0,0,1.0,0.0,0.0,0.0,0.0,0.0,1.0,0.0,1.0,0.0,0.0,0.0,0.0,0.0,1.0,fear,0.0,1.0,0.0,0.0,0.0,0.0,0.0,0.0,0,0,0,1,1,1,1,0,0,0,1,1,0,0,1,0,1,0,0,0,0,1,0,1,0,0,0,0,0,1,0,1,0,0,1,1,1,0,0,0,0,0,0,0,0,0,1,1,0,0,0,0,0,0,0,0,0,0,0,0,0,1,0,1,0,0,0,0,0,0,1,0,0,0,0,1,1,0
2021-05-21,United Arab Emirates,-10.0,15.0,-36.0,-36.0,-4.0,8.0,0,1,0,0,1,0,1,0.0,0.0,0.0,0.0,0.0,0.0,0.0,0.0,0.0,0.0,0.0,0.0,0.0,0.0,0.0,0,0.0,0.0,0.0,0.0,0.0,0.0,0.0,0.0,0,0,0,0,1,1,0,0,0,0,0,1,0,0,1,0,0,0,0,0,0,0,1,0,0,1,0,0,0,0,0,0,0,0,0,1,0,0,1,0,0,0,0,0,0,0,1,1,0,0,0,0,0,0,0,0,0,0,0,0,0,1,0,1,0,0,0,1,0,0,1,1,0,0,1,0,1,1
2021-05-22,United Arab Emirates,-7.0,17.0,-33.0,-30.0,-2.0,6.0,0,0,0,0,1,0,0,3.0,-0.0206333333333333,0.3333333333333333,0.3333333333333333,0.0,0.0,0.0,0.0,0.0,0.3032306089797371,0.0,0.0,0.0,0.0,1.0,fear,0.0,1.0,0.0,0.0,1.0,0.0,0.0,1.0,1,0,0,1,0,1,1,0,0,0,0,1,0,0,0,0,0,1,0,0,0,1,0,0,1,0,0,1,0,0,0,0,1,0,0,1,1,0,0,1,0,0,0,0,0,0,1,1,0,0,0,0,0,0,0,0,0,0,0,0,1,1,0,0,1,1,0,0,1,1,0,0,0,0,1,1,0,1
2021-05-23,United Arab Emirates,-4.0,21.0,-26.0,-25.0,-10.0,8.0,0,0,0,0,1,0,0,6.0,-0.1523833333333333,0.3333333333333333,0.1666666666666666,0.0,0.0,0.0,0.0,0.0,0.3499564564183505,0.0,0.0,0.0,0.0,1.0,fear,0.0,1.0,0.0,1.0,1.0,0.0,1.0,1.0,1,0,0,1,1,1,1,0,0,0,0,0,0,1,0,0,0,0,0,1,0,0,0,1,0,0,1,0,0,0,0,0,0,0,0,0,0,0,0,0,0,0,0,0,0,0,1,1,0,0,0,0,0,0,0,0,0,0,0,0,0,0,0,0,0,0,0,0,0,1,0,0,0,1,1,1,0,1
2021-05-24,United Arab Emirates,-7.0,18.0,-29.0,-28.0,-11.0,8.0,0,0,0,0,1,0,0,1.0,0.4199,0.0,1.0,0.0,1.0,1.0,1.0,0.0,0.0,0.0,0.0,0.0,0.0,1.0,fear,0.0,0.0,0.0,1.0,0.0,0.0,0.0,0.0,0,0,0,1,1,0,1,0,0,0,0,0,1,1,0,1,0,0,0,1,0,0,0,0,1,0,0,0,0,0,1,0,0,0,1,0,1,1,0,0,0,0,0,0,0,0,1,1,0,0,0,0,0,0,0,0,0,0,0,0,1,1,0,1,1,0,0,0,1,0,1,0,1,0,1,0,0,1
2021-05-25,United Arab Emirates,-7.0,19.0,-28.0,-28.0,-11.0,8.0,0,0,0,0,1,0,0,3.0,0.2800666666666666,0.0,0.3333333333333333,0.0,0.0,0.0,0.0,0.0,0.3960740783686248,0.0,0.0,0.0,0.0,1.0,fear,0.0,1.0,0.0,1.0,0.0,0.0,1.0,0.0,0,0,0,1,1,1,1,0,0,0,1,0,1,0,1,1,0,0,0,0,1,0,1,0,0,0,0,0,1,0,0,0,0,0,1,0,1,0,0,1,0,0,0,0,0,0,1,1,0,0,0,0,0,0,0,0,0,0,0,0,1,1,1,0,0,1,0,0,0,0,0,0,0,0,1,0,0,1
2021-05-26,United Arab Emirates,-5.0,20.0,-30.0,-28.0,-11.0,8.0,0,0,0,0,1,0,0,3.0,0.5645666666666667,0.0,0.6666666666666666,0.0,1.0,1.0,1.0,0.0,0.4156705934056705,0.0,0.0,0.0,0.0,1.0,fear,0.0,1.0,1.0,1.0,0.0,1.0,1.0,1.0,0,0,0,1,1,1,1,0,0,0,0,0,1,0,1,0,0,0,1,0,1,0,0,0,0,0,0,0,0,0,0,0,0,1,1,1,1,1,1,0,0,0,0,0,0,0,1,1,0,0,0,0,0,0,0,0,0,0,0,0,1,0,1,0,0,0,1,0,0,0,1,1,0,1,0,1,1,0
2021-05-27,United Arab Emirates,-1.0,24.0,-28.0,-25.0,-10.0,8.0,0,0,0,0,1,0,0,1.0,-0.0258,0.0,0.0,0.0,0.0,1.0,0.0,1.0,0.0,0.0,0.0,0.0,0.0,1.0,fear,0.0,1.0,0.0,1.0,0.0,0.0,0.0,0.0,0,0,0,1,1,1,1,0,0,0,1,1,0,1,0,0,1,0,0,0,0,0,1,1,1,0,0,1,1,1,0,1,0,0,1,1,0,1,0,0,0,0,0,0,0,0,1,1,0,0,0,0,0,0,0,0,0,0,0,0,1,0,0,0,1,0,0,0,1,0,0,1,0,1,1,1,1,1
2021-05-28,United Arab Emirates,-5.0,20.0,-38.0,-30.0,-3.0,6.0,0,0,0,0,1,0,0,2.0,-0.48745,0.5,0.0,1.0,0.0,1.0,0.0,1.0,0.48745,0.0,0.0,0.0,0.0,1.0,fear,0.0,1.0,0.0,0.0,1.0,0.0,0.0,1.0,0,0,1,0,1,1,0,0,0,0,0,0,0,0,0,0,0,0,0,0,0,0,1,0,0,1,0,0,0,0,0,0,0,0,1,1,0,0,1,0,0,0,0,0,0,0,1,1,0,0,0,1,0,0,0,0,0,0,0,1,0,0,0,0,0,0,0,0,1,0,0,0,1,0,1,1,1,1
2021-05-29,United Arab Emirates,-1.0,25.0,-33.0,-26.0,-1.0,5.0,0,0,0,0,1,0,0,4.0,0.4954,0.0,0.5,0.0,1.0,1.0,1.0,0.0,0.4954,0.0,0.0,0.0,0.0,1.0,fear,0.0,1.0,0.0,1.0,1.0,0.0,0.0,0.0,1,0,0,1,1,1,1,1,0,0,0,1,0,1,1,1,0,1,0,1,0,1,1,1,0,1,0,0,0,1,0,0,1,0,0,1,0,0,1,0,0,0,0,0,0,0,1,1,0,0,0,0,0,0,0,0,0,0,0,0,1,0,1,0,0,0,0,0,0,0,0,0,0,0,0,1,1,1
2021-05-30,United Arab Emirates,0.0,28.0,-26.0,-24.0,-8.0,7.0,0,0,0,0,1,0,0,2.0,0.4862,0.0,0.5,0.0,1.0,0.0,0.0,0.0,0.4862,0.0,0.0,0.0,0.0,1.0,fear,0.0,1.0,0.0,1.0,1.0,1.0,0.0,0.0,1,0,0,1,1,1,1,0,0,0,1,0,0,0,0,1,0,0,0,1,0,1,1,1,0,0,1,0,1,0,0,0,0,0,1,1,1,0,0,1,0,0,0,0,0,0,1,1,0,0,0,0,0,0,0,0,0,0,0,0,1,1,0,0,1,1,0,0,0,1,0,0,0,0,0,0,1,1
2021-05-31,United Arab Emirates,-2.0,25.0,-30.0,-26.0,-9.0,7.0,0,0,0,0,1,0,0,1.0,0.0,0.0,0.0,0.0,0.0,1.0,0.0,1.0,0.0,0.0,0.0,0.0,0.0,1.0,fear,0.0,1.0,0.0,0.0,1.0,0.0,0.0,0.0,0,0,0,1,1,1,1,0,1,0,1,0,1,0,1,0,1,0,0,1,1,0,0,1,1,0,1,0,0,0,1,0,0,0,1,0,1,0,0,0,0,0,0,0,0,0,1,1,0,0,0,0,0,0,0,0,0,0,0,0,0,1,0,0,0,1,0,0,0,1,1,1,1,0,1,1,0,1
2021-06-01,United Arab Emirates,-1.0,28.0,-28.0,-25.0,-10.0,7.0,0,0,0,0,1,0,0,5.0,0.2536,0.0,0.4,0.0,0.0,1.0,1.0,0.0,0.2972260823009986,0.0,0.0,0.0,0.0,1.0,fear,0.0,1.0,1.0,0.0,1.0,0.0,0.0,0.0,0,0,0,1,1,1,1,0,0,0,0,1,0,0,0,0,0,0,0,1,1,0,1,1,0,1,0,0,0,1,0,0,0,0,0,1,1,0,0,1,0,0,0,0,0,0,1,1,0,0,0,0,0,0,0,0,0,0,0,0,0,0,0,0,0,0,0,0,0,0,1,0,1,0,1,0,1,0
2021-06-02,United Arab Emirates,-1.0,27.0,-30.0,-26.0,-10.0,7.0,0,0,0,0,1,0,0,2.0,0.0608499999999999,0.5,0.5,0.0,0.0,0.0,0.0,0.0,0.64415,0.0,0.0,0.0,0.0,1.0,fear,0.0,1.0,1.0,1.0,0.0,1.0,0.0,1.0,0,0,0,1,1,1,1,0,0,0,0,1,1,0,0,1,0,1,1,1,1,0,1,0,1,0,0,0,1,0,1,1,0,1,0,1,1,0,0,1,0,0,0,0,0,0,1,1,0,0,1,0,0,0,0,0,0,0,1,0,0,1,0,1,0,0,0,0,0,1,0,1,0,1,1,1,1,1
2021-06-03,United Arab Emirates,-1.0,26.0,-31.0,-25.0,-9.0,8.0,0,0,0,0,1,0,0,6.0,0.0287666666666666,0.1666666666666666,0.1666666666666666,0.0,0.0,0.0,0.0,0.0,0.4260107106113127,0.0,0.0,0.0,0.0,1.0,fear,0.0,1.0,0.0,1.0,1.0,1.0,0.0,1.0,0,0,0,1,1,1,1,0,0,0,0,0,0,1,0,0,1,0,0,0,1,0,0,1,1,0,1,1,0,0,0,1,0,0,1,0,1,0,0,0,0,0,0,0,0,0,1,1,0,0,0,0,0,0,0,0,0,0,0,0,0,0,0,0,0,0,0,0,0,0,0,1,0,0,1,1,1,1
2021-06-04,United Arab Emirates,-6.0,22.0,-43.0,-31.0,-4.0,7.0,0,1,0,0,1,0,1,4.0,0.1235749999999999,0.25,0.25,0.0,0.0,0.0,0.0,0.0,0.526545526877781,0.0,0.0,1.0,0.0,0.0,sadness,0.0,1.0,0.0,1.0,1.0,0.0,0.0,0.0,0,0,0,0,1,1,1,0,0,1,0,0,0,1,0,1,1,0,0,1,1,1,0,1,1,0,0,1,0,1,0,0,1,0,1,0,0,0,0,0,0,0,0,0,0,0,1,1,0,0,0,1,0,0,0,0,0,0,0,1,1,1,0,0,1,1,0,0,1,1,0,0,0,0,0,1,1,0
2021-06-05,United Arab Emirates,-3.0,24.0,-36.0,-28.0,-1.0,6.0,0,0,0,0,1,0,0,2.0,0.0,0.0,0.0,0.0,0.0,0.0,0.0,0.0,0.0,0.0,0.0,0.0,0.0,1.0,fear,0.0,1.0,0.0,1.0,1.0,0.0,0.0,0.0,1,0,0,1,0,1,1,0,0,0,0,0,1,0,1,0,0,1,0,1,0,1,0,0,1,0,0,0,0,0,1,0,1,0,1,1,1,0,0,0,0,0,0,0,0,0,1,1,0,0,0,0,0,0,0,0,0,0,0,0,1,1,0,1,1,0,0,0,1,0,1,0,0,0,1,0,1,0
2021-06-06,United Arab Emirates,-1.0,27.0,-29.0,-25.0,-8.0,7.0,0,0,0,0,1,0,0,3.0,0.3907666666666666,0.0,0.6666666666666666,0.0,1.0,1.0,1.0,0.0,0.283115692881118,0.0,0.0,0.0,0.0,1.0,fear,0.0,1.0,0.0,0.0,1.0,0.0,0.0,0.0,1,0,0,1,1,1,1,0,0,0,0,0,1,0,1,0,0,1,1,1,1,1,0,0,0,0,0,0,0,0,0,0,0,0,1,1,1,0,0,0,0,0,0,0,0,0,1,1,0,0,0,0,0,0,0,0,0,0,0,0,0,1,0,0,0,1,0,0,0,1,0,0,0,0,0,0,0,1
2021-06-07,United Arab Emirates,-4.0,23.0,-32.0,-27.0,-9.0,8.0,0,0,0,0,1,0,0,1.0,0.9937,0.0,1.0,0.0,1.0,1.0,1.0,0.0,0.0,0.0,0.0,0.0,0.0,1.0,fear,0.0,1.0,0.0,1.0,1.0,0.0,0.0,1.0,0,0,0,1,1,0,1,0,0,0,1,0,0,0,0,0,0,0,0,1,1,1,1,0,1,0,0,1,1,0,0,0,0,0,0,1,0,0,0,0,0,0,0,0,0,0,1,1,0,0,0,0,0,0,0,0,0,0,0,0,1,1,1,1,0,0,0,0,1,0,1,0,1,0,1,1,1,0
2021-06-08,United Arab Emirates,-4.0,24.0,-31.0,-27.0,-10.0,8.0,0,0,0,0,1,0,0,0.0,0.0,0.0,0.0,0.0,0.0,0.0,0.0,0.0,0.0,0.0,0.0,0.0,0.0,0.0,0,0.0,0.0,0.0,0.0,0.0,0.0,0.0,0.0,0,0,0,1,1,1,1,0,0,0,1,0,0,1,0,0,0,0,0,1,1,1,1,0,1,0,0,0,1,0,1,0,0,1,1,1,0,0,0,0,0,0,0,0,0,0,1,1,0,0,0,0,0,0,0,0,0,0,0,0,0,1,0,0,0,1,0,0,0,1,1,1,0,0,1,0,1,0
2021-06-09,United Arab Emirates,-3.0,23.0,-32.0,-27.0,-9.0,8.0,0,0,0,0,1,0,0,5.0,0.39166,0.2,0.8,0.0,1.0,1.0,0.0,1.0,0.492844655444289,1.0,0.0,0.0,0.0,1.0,fear,0.0,1.0,1.0,1.0,1.0,1.0,1.0,1.0,0,0,1,0,0,1,1,0,0,0,0,1,0,0,0,1,0,0,1,0,1,0,0,1,0,0,0,0,0,1,0,0,0,1,0,0,1,0,0,0,0,0,0,0,0,0,1,1,0,0,1,0,0,0,0,0,0,0,1,0,1,1,0,1,1,0,0,0,1,1,0,0,0,1,1,1,0,0
2021-06-10,United Arab Emirates,-2.0,24.0,-32.0,-26.0,-9.0,8.0,0,0,0,0,1,0,0,6.0,0.2067166666666666,0.0,0.1666666666666666,0.0,0.0,0.0,0.0,0.0,0.3621241518994402,0.0,1.0,0.0,0.0,0.0,anger,0.0,1.0,0.0,1.0,1.0,0.0,0.0,1.0,0,0,1,0,1,1,1,0,0,0,1,1,0,1,1,1,1,0,1,1,1,1,1,1,0,1,0,0,0,1,0,1,0,0,1,1,1,1,0,0,1,0,0,0,0,0,1,1,0,0,0,0,0,0,0,0,0,0,0,0,1,1,1,1,0,0,0,0,0,0,0,0,0,1,0,1,0,1
2021-06-11,United Arab Emirates,-8.0,19.0,-43.0,-33.0,-5.0,7.0,0,1,0,0,1,0,1,4.0,0.5820500000000001,0.0,1.0,0.0,1.0,1.0,1.0,0.0,0.1237550302007962,0.0,0.0,0.0,0.0,1.0,fear,0.0,1.0,0.0,1.0,0.0,0.0,1.0,0.0,0,0,0,0,0,0,0,0,0,0,0,0,0,1,0,0,0,0,0,1,0,1,0,0,0,0,0,0,0,0,0,0,0,0,1,0,1,0,0,0,0,0,0,0,0,0,1,1,0,0,0,1,0,0,0,0,0,0,0,1,1,0,0,0,1,0,0,0,1,0,0,1,0,0,0,1,1,1
2021-06-12,United Arab Emirates,-6.0,20.0,-37.0,-30.0,-4.0,6.0,0,0,0,0,1,0,0,1.0,0.0,0.0,0.0,0.0,0.0,1.0,0.0,1.0,0.0,0.0,0.0,0.0,0.0,1.0,fear,0.0,0.0,0.0,0.0,0.0,0.0,0.0,0.0,1,0,0,1,1,1,1,0,0,0,1,1,0,0,1,0,0,1,0,0,1,1,1,1,0,0,1,0,1,0,0,0,1,0,1,1,1,1,1,0,0,1,0,0,0,0,1,1,0,0,0,1,0,0,0,0,0,0,0,1,1,1,1,0,0,1,0,0,0,0,0,1,0,1,1,1,0,1
2021-06-13,United Arab Emirates,-3.0,23.0,-29.0,-26.0,-10.0,7.0,0,0,0,0,1,0,0,3.0,0.4942333333333333,0.0,0.6666666666666666,0.0,1.0,1.0,1.0,0.0,0.380383616308005,0.0,0.0,0.0,0.0,1.0,fear,0.0,1.0,0.0,0.0,1.0,0.0,0.0,0.0,1,0,0,1,1,0,1,0,0,0,0,0,1,0,1,0,0,0,0,0,1,1,1,0,1,1,0,0,0,0,1,0,0,0,0,1,0,0,0,0,0,0,0,0,0,0,1,1,0,0,0,0,0,0,0,0,0,0,0,0,1,1,0,1,1,0,0,0,1,0,1,0,0,0,0,0,0,1
2021-06-14,United Arab Emirates,-5.0,22.0,-32.0,-28.0,-11.0,7.0,0,0,0,0,1,0,0,2.0,0.2874,0.5,0.5,0.0,0.0,1.0,0.0,1.0,0.5932000000000001,0.0,0.0,0.0,0.0,1.0,fear,0.0,1.0,0.0,1.0,0.0,0.0,1.0,0.0,0,0,0,1,1,1,1,0,0,0,1,1,1,0,0,1,0,0,0,1,0,1,1,1,1,0,0,0,1,1,1,0,0,0,0,1,1,0,1,0,0,0,0,0,0,0,1,1,0,0,0,0,0,0,0,0,0,0,0,0,1,1,1,0,0,1,0,0,1,1,0,0,1,1,1,0,0,1
2021-06-15,United Arab Emirates,-6.0,20.0,-31.0,-28.0,-10.0,7.0,0,0,0,0,1,0,0,1.0,0.9666,0.0,1.0,0.0,1.0,1.0,1.0,0.0,0.0,0.0,0.0,0.0,0.0,1.0,fear,0.0,0.0,0.0,0.0,0.0,0.0,0.0,1.0,0,0,0,1,1,1,0,0,0,0,0,0,0,0,0,0,0,0,0,0,0,0,1,1,0,1,1,0,0,0,0,0,0,0,1,0,0,1,0,0,0,0,0,0,0,0,1,1,0,0,0,0,0,0,0,0,0,0,0,0,1,1,1,1,0,0,0,0,0,0,0,0,1,0,1,1,1,1
2021-06-16,United Arab Emirates,-5.0,20.0,-31.0,-28.0,-11.0,7.0,0,0,0,0,1,0,0,4.0,0.638525,0.0,1.0,0.0,1.0,1.0,0.0,1.0,0.0710860526052755,0.0,0.0,0.0,0.0,1.0,fear,0.0,1.0,1.0,1.0,0.0,1.0,1.0,0.0,0,0,0,1,1,1,1,0,0,0,1,1,1,1,0,1,0,0,1,0,1,1,1,1,1,0,0,1,1,1,0,0,0,1,0,0,1,0,0,1,0,0,1,0,0,0,1,1,0,0,1,0,0,0,0,0,0,0,1,0,0,1,0,0,0,1,0,0,0,1,1,0,0,1,1,1,1,0
2021-06-17,United Arab Emirates,-7.0,18.0,-33.0,-29.0,-12.0,7.0,0,0,0,0,1,0,0,3.0,-0.0566,0.3333333333333333,0.3333333333333333,0.0,0.0,1.0,0.0,1.0,0.7373219830350013,0.0,0.0,1.0,0.0,0.0,sadness,0.0,1.0,1.0,1.0,1.0,1.0,1.0,0.0,0,0,0,1,1,1,0,0,0,0,1,0,0,0,0,1,1,0,0,0,0,1,1,1,0,1,1,0,0,0,0,1,0,0,1,1,1,1,1,0,0,0,0,0,0,0,1,1,0,0,1,0,0,0,0,0,0,0,1,0,1,1,0,1,1,0,0,0,0,0,1,0,1,0,1,1,1,1
2021-06-18,United Arab Emirates,-12.0,13.0,-44.0,-35.0,-8.0,7.0,0,1,0,0,1,0,1,3.0,0.0295666666666666,0.3333333333333333,0.3333333333333333,0.0,0.0,0.0,0.0,0.0,0.4744779189335955,0.0,0.0,0.0,0.0,1.0,fear,0.0,1.0,1.0,1.0,1.0,0.0,0.0,1.0,0,0,0,0,0,1,1,0,0,0,0,1,1,0,1,0,1,0,0,1,0,0,1,1,1,1,0,0,0,1,1,1,0,0,1,0,1,1,0,1,0,0,0,0,0,0,1,1,0,0,0,1,0,0,0,0,0,0,0,1,1,1,1,0,0,1,0,0,0,0,0,1,0,0,0,1,1,1
2021-06-19,United Arab Emirates,-9.0,14.0,-39.0,-31.0,-6.0,5.0,0,1,0,0,1,0,1,7.0,0.2517714285714286,0.1428571428571428,0.5714285714285714,0.0,0.0,1.0,1.0,0.0,0.5318118940116372,0.0,0.0,0.0,1.0,0.0,anxiety,0.0,1.0,1.0,1.0,1.0,1.0,0.0,1.0,1,0,0,0,1,1,1,0,0,0,0,1,0,1,0,0,0,1,0,1,0,0,0,1,1,0,1,1,0,0,0,1,1,0,1,1,0,0,1,0,0,0,0,0,0,0,1,1,0,0,0,0,0,0,0,0,0,0,0,0,1,1,0,1,1,0,0,0,1,0,0,0,1,0,0,1,1,0
2021-06-20,United Arab Emirates,-5.0,20.0,-31.0,-27.0,-12.0,7.0,0,0,0,0,1,0,0,1.0,0.0,0.0,0.0,0.0,0.0,1.0,0.0,1.0,0.0,0.0,0.0,0.0,0.0,1.0,fear,0.0,1.0,0.0,0.0,1.0,0.0,0.0,0.0,1,0,0,1,0,0,1,0,0,0,0,0,1,1,0,0,1,1,0,1,1,1,1,1,1,0,1,0,1,0,1,1,1,0,1,1,0,0,1,0,0,0,0,1,0,0,1,1,0,0,0,0,0,0,0,0,0,0,0,0,1,1,1,0,0,1,0,0,0,1,0,0,0,0,1,0,1,1
2021-06-21,United Arab Emirates,-8.0,16.0,-35.0,-30.0,-13.0,7.0,0,0,0,0,1,0,0,3.0,0.4784666666666666,0.0,0.6666666666666666,0.0,1.0,1.0,1.0,0.0,0.4014671869807322,0.0,0.0,0.0,0.0,1.0,fear,0.0,1.0,1.0,0.0,1.0,1.0,1.0,0.0,0,0,0,1,1,1,1,0,0,0,0,0,0,0,1,0,0,0,0,1,1,0,1,0,1,1,0,1,0,0,0,0,1,0,0,1,1,0,0,1,0,0,0,0,0,0,1,1,0,0,0,0,0,0,0,0,0,0,0,0,1,1,0,1,1,0,0,0,1,0,0,0,1,1,1,0,0,1
2021-06-22,United Arab Emirates,-8.0,16.0,-33.0,-30.0,-12.0,7.0,0,0,0,0,1,0,0,2.0,0.2553,0.0,0.5,0.0,0.0,1.0,0.0,1.0,0.2553,0.0,0.0,0.0,0.0,1.0,fear,0.0,1.0,0.0,1.0,1.0,0.0,0.0,0.0,0,0,0,1,1,0,1,0,0,0,1,0,1,0,1,1,1,1,0,1,1,0,1,1,1,0,0,0,1,1,1,1,1,0,0,1,0,1,0,0,0,0,0,0,1,0,1,1,0,0,0,0,0,0,0,0,0,0,0,0,1,1,1,0,0,1,0,0,0,1,0,1,0,0,1,1,1,1
2021-06-23,United Arab Emirates,-8.0,16.0,-35.0,-29.0,-12.0,7.0,0,0,0,0,1,0,0,4.0,0.611775,0.0,1.0,0.0,1.0,1.0,1.0,0.0,0.209306215567049,0.0,0.0,0.0,0.0,1.0,fear,0.0,1.0,1.0,1.0,0.0,1.0,0.0,0.0,0,0,0,1,1,1,1,0,0,0,0,0,1,0,0,0,0,0,1,1,1,0,1,1,1,1,1,1,0,0,0,0,0,1,1,0,1,0,0,1,0,0,0,0,0,0,1,1,0,0,1,0,0,0,0,0,0,0,1,0,1,0,0,0,1,0,0,0,0,1,1,0,0,1,1,1,1,0
2021-06-24,United Arab Emirates,-6.0,18.0,-34.0,-28.0,-11.0,8.0,0,0,0,0,1,0,0,3.0,-0.1589,0.3333333333333333,0.0,0.0,0.0,1.0,0.0,1.0,0.2247185350610848,0.0,0.0,0.0,0.0,1.0,fear,0.0,1.0,0.0,1.0,1.0,0.0,0.0,0.0,0,0,0,1,1,1,0,0,0,0,1,1,0,0,0,0,1,1,1,0,1,1,1,1,1,0,0,1,1,1,0,1,1,1,1,0,1,0,1,1,0,0,0,0,0,0,1,1,0,0,0,0,0,0,0,0,0,0,0,0,1,1,1,1,0,0,0,0,0,0,0,0,0,0,1,1,0,1
2021-06-25,United Arab Emirates,-12.0,13.0,-45.0,-35.0,-7.0,7.0,0,1,0,0,1,0,1,6.0,0.29585,0.0,0.3333333333333333,0.0,0.0,1.0,1.0,0.0,0.3558958169183785,0.0,0.0,0.0,0.0,1.0,fear,0.0,1.0,1.0,1.0,1.0,0.0,0.0,1.0,0,0,0,0,1,1,1,0,0,0,0,0,0,0,0,1,0,0,0,1,1,1,1,1,0,1,1,0,0,0,0,0,0,1,1,1,1,0,0,0,0,0,0,0,0,0,1,1,0,0,0,0,0,0,0,0,0,0,0,0,1,1,0,0,1,1,0,0,1,0,0,1,0,0,0,1,1,0
2021-06-26,United Arab Emirates,-7.0,16.0,-38.0,-30.0,-4.0,5.0,0,0,0,0,1,0,0,2.0,0.0,0.0,0.0,0.0,0.0,1.0,0.0,1.0,0.0,0.0,0.0,0.0,0.0,1.0,fear,0.0,0.0,0.0,1.0,0.0,0.0,0.0,0.0,1,0,0,1,1,1,0,0,0,0,0,1,0,1,0,1,0,1,1,1,0,1,1,1,1,0,0,0,1,1,1,1,1,1,1,1,1,0,0,0,0,0,0,0,0,1,1,1,0,0,0,0,0,0,0,0,0,0,0,0,1,0,1,0,0,0,0,0,0,1,0,1,1,0,0,0,1,0
2021-06-27,United Arab Emirates,-3.0,22.0,-30.0,-26.0,-10.0,6.0,0,0,0,0,1,0,0,2.0,0.3715,0.0,0.5,0.0,1.0,1.0,1.0,0.0,0.3715,0.0,0.0,0.0,0.0,1.0,fear,0.0,1.0,0.0,0.0,1.0,0.0,0.0,0.0,1,0,0,1,1,1,1,0,0,0,0,0,0,0,0,0,0,0,0,0,1,1,1,1,1,1,1,1,0,0,0,0,0,0,1,1,0,0,0,0,0,0,0,0,0,0,1,1,0,0,0,0,0,0,0,0,0,0,0,0,1,1,0,1,1,0,0,0,1,0,1,0,0,1,1,1,1,0
2021-06-28,United Arab Emirates,-5.0,20.0,-33.0,-28.0,-11.0,6.0,0,0,0,0,1,0,0,7.0,0.0519285714285714,0.2857142857142857,0.2857142857142857,0.0,0.0,1.0,0.0,1.0,0.4141851439506103,0.0,0.0,0.0,0.0,1.0,fear,0.0,1.0,0.0,0.0,1.0,1.0,0.0,0.0,0,0,0,1,1,1,1,0,0,0,1,0,1,0,1,0,0,0,1,1,1,1,1,1,1,0,0,0,1,1,1,0,1,1,0,1,0,0,0,1,0,0,0,0,0,0,1,1,0,0,0,0,0,0,0,0,0,0,0,0,0,0,0,0,0,0,0,0,1,0,0,0,1,0,1,1,0,0
2021-06-29,United Arab Emirates,-7.0,18.0,-34.0,-29.0,-12.0,6.0,0,0,0,0,1,0,0,8.0,0.436875,0.125,0.625,0.0,1.0,1.0,1.0,0.0,0.4576954575643066,0.0,0.0,0.0,0.0,1.0,fear,0.0,1.0,1.0,1.0,1.0,0.0,0.0,1.0,0,0,0,1,1,1,1,0,0,0,0,0,0,0,0,0,1,0,0,1,0,1,1,1,1,1,1,1,0,0,0,0,0,0,0,1,1,0,0,0,0,0,0,0,0,0,1,1,0,0,0,0,0,0,0,0,0,0,0,0,1,0,1,0,0,0,0,0,0,0,0,0,0,0,1,1,1,0
2021-06-30,United Arab Emirates,-4.0,22.0,-35.0,-28.0,-12.0,5.0,0,0,0,0,1,0,0,3.0,0.5731666666666667,0.0,0.6666666666666666,0.0,1.0,0.0,0.0,0.0,0.2089639894548553,1.0,1.0,0.0,0.0,1.0,fear,1.0,1.0,1.0,1.0,0.0,1.0,0.0,0.0,0,0,1,0,1,1,1,0,0,0,1,1,1,1,0,0,0,0,1,1,1,0,1,1,1,0,0,0,1,1,1,1,0,1,1,0,1,0,0,0,0,0,0,0,0,0,1,1,0,0,0,0,0,0,0,0,0,0,0,0,1,0,0,0,1,0,0,0,0,0,1,1,0,1,1,1,0,1
2021-07-01,United Arab Emirates,-2.0,25.0,-35.0,-23.0,-12.0,7.0,0,0,0,0,1,0,0,4.0,0.06005,0.25,0.25,0.0,0.0,1.0,0.0,1.0,0.3156888460177204,1.0,1.0,0.0,0.0,1.0,fear,1.0,1.0,0.0,1.0,1.0,0.0,0.0,0.0,0,0,1,0,1,1,1,0,0,0,1,0,0,0,0,0,1,1,0,0,1,1,0,1,1,0,1,1,0,0,0,1,0,0,1,0,1,0,0,0,1,0,0,0,0,0,1,1,0,0,0,0,0,0,0,0,0,0,0,0,0,1,0,1,0,0,0,1,1,0,1,0,0,1,0,1,0,1
2021-07-02,United Arab Emirates,-7.0,19.0,-46.0,-29.0,-6.0,6.0,0,0,0,0,1,0,0,2.0,0.2656,0.0,0.5,0.0,0.0,1.0,1.0,0.0,0.2656,0.0,0.0,0.0,0.0,1.0,fear,0.0,0.0,0.0,1.0,0.0,0.0,0.0,1.0,0,0,0,1,1,1,1,0,0,0,0,1,0,0,1,1,0,0,0,1,1,1,1,1,1,1,0,0,0,1,1,0,1,1,1,1,1,0,0,0,1,0,0,0,0,0,1,1,0,0,0,1,0,0,0,0,0,0,0,1,1,1,1,0,0,1,0,0,0,0,0,1,1,0,1,1,0,0
2021-07-03,United Arab Emirates,-4.0,22.0,-39.0,-25.0,-4.0,5.0,0,0,0,0,1,0,0,3.0,0.3343,0.3333333333333333,0.6666666666666666,0.0,1.0,0.0,0.0,0.0,0.6433458997045576,0.0,0.0,0.0,0.0,1.0,fear,0.0,1.0,0.0,0.0,0.0,0.0,0.0,1.0,1,0,0,1,1,1,1,0,0,0,0,1,0,1,0,0,0,1,0,0,0,0,1,0,1,0,0,1,1,0,0,0,1,0,1,1,1,0,0,0,0,1,0,0,0,0,1,1,0,0,0,0,0,0,0,0,0,0,0,0,0,1,0,0,0,1,0,0,0,1,0,1,0,0,1,1,0,1
2021-07-04,United Arab Emirates,-1.0,27.0,-31.0,-23.0,-12.0,6.0,0,0,0,0,1,0,0,2.0,0.0129,0.0,0.0,0.0,0.0,1.0,0.0,1.0,0.0129,0.0,0.0,0.0,0.0,1.0,fear,0.0,0.0,0.0,1.0,0.0,1.0,0.0,0.0,1,0,0,1,1,1,1,0,0,0,1,0,1,1,0,0,0,0,0,0,1,1,0,1,1,0,1,0,0,0,1,0,0,0,0,1,0,0,0,0,0,1,0,0,0,0,1,1,0,0,0,0,0,0,0,0,0,0,0,0,0,1,0,1,0,0,0,0,0,0,0,1,0,0,1,1,0,1
2021-07-05,United Arab Emirates,-4.0,23.0,-34.0,-26.0,-12.0,7.0,0,0,0,0,1,0,0,3.0,-0.0062666666666666,0.3333333333333333,0.3333333333333333,0.0,0.0,0.0,0.0,0.0,0.4717168736529242,0.0,0.0,0.0,0.0,1.0,fear,0.0,0.0,0.0,1.0,0.0,0.0,0.0,0.0,0,0,0,1,1,1,1,0,0,0,0,0,0,0,1,0,1,0,1,0,0,1,1,1,1,1,0,1,0,1,0,0,0,0,1,1,0,0,0,0,0,0,0,0,0,0,1,1,0,0,0,0,0,0,0,0,0,0,0,0,0,0,0,0,0,0,0,0,0,0,1,0,1,0,1,0,1,0
2021-07-06,United Arab Emirates,-4.0,23.0,-34.0,-27.0,-13.0,7.0,0,0,0,0,1,0,0,1.0,0.0,0.0,0.0,0.0,0.0,0.0,0.0,0.0,0.0,0.0,0.0,0.0,0.0,1.0,fear,0.0,0.0,0.0,1.0,0.0,0.0,0.0,0.0,0,0,0,1,1,1,1,0,0,0,0,1,1,0,1,1,0,0,0,0,0,1,0,0,1,0,0,0,0,0,1,0,0,1,1,0,1,0,0,0,0,0,0,0,0,0,1,1,0,0,0,0,0,0,0,0,0,0,0,0,1,0,1,0,0,0,1,0,0,0,0,1,1,1,1,0,1,1
2021-07-07,United Arab Emirates,-4.0,22.0,-35.0,-26.0,-13.0,7.0,0,0,0,0,1,0,0,6.0,0.0937499999999999,0.3333333333333333,0.3333333333333333,0.0,0.0,0.0,0.0,0.0,0.4929162462663746,0.0,0.0,0.0,0.0,1.0,fear,0.0,1.0,1.0,1.0,1.0,1.0,1.0,1.0,0,0,0,1,1,1,1,0,0,0,0,0,1,0,0,0,0,1,1,0,0,0,0,1,0,0,1,0,0,0,0,0,0,1,1,1,1,0,0,0,0,0,1,0,0,0,1,1,0,0,1,0,0,0,0,0,0,0,1,0,1,0,0,0,1,0,0,0,0,0,1,1,0,1,1,1,0,1
2021-07-08,United Arab Emirates,-4.0,22.0,-35.0,-26.0,-13.0,8.0,0,0,0,0,1,0,0,3.0,-0.5116666666666667,0.6666666666666666,0.0,1.0,0.0,1.0,0.0,1.0,0.374474719514623,0.0,0.0,0.0,0.0,1.0,fear,0.0,1.0,0.0,1.0,1.0,1.0,1.0,0.0,0,0,1,0,1,1,1,0,0,0,0,0,0,1,0,0,1,0,0,1,0,1,0,0,1,0,0,1,0,0,0,1,0,0,1,1,1,1,0,0,0,0,1,0,0,0,1,1,0,0,0,0,0,0,0,0,0,0,0,0,1,0,0,0,1,0,0,0,1,0,1,1,0,1,1,0,1,1
2021-07-09,United Arab Emirates,-10.0,16.0,-48.0,-31.0,-5.0,7.0,0,1,0,0,1,0,1,2.0,-0.1012,0.0,0.0,0.0,0.0,1.0,1.0,0.0,0.1012,0.0,0.0,0.0,0.0,1.0,fear,0.0,1.0,0.0,1.0,0.0,0.0,1.0,1.0,0,0,0,0,1,1,1,1,0,0,0,0,0,0,0,1,1,0,0,1,0,0,1,0,1,1,0,0,0,0,1,0,0,0,1,1,1,1,0,0,0,0,0,0,0,0,1,1,0,0,0,1,0,0,0,0,0,0,0,1,1,0,1,0,0,0,0,0,0,0,1,0,0,0,1,0,1,0
2021-07-10,United Arab Emirates,-6.0,19.0,-40.0,-26.0,-4.0,5.0,0,0,0,0,1,0,0,3.0,0.7060666666666666,0.0,0.6666666666666666,0.0,1.0,1.0,1.0,0.0,0.3901532718760097,1.0,0.0,0.0,0.0,1.0,fear,0.0,1.0,0.0,1.0,1.0,0.0,0.0,1.0,1,0,1,0,1,1,1,0,0,0,0,0,1,1,1,1,0,1,0,0,1,0,1,0,0,0,0,0,1,0,0,0,1,0,1,1,0,1,1,0,0,0,0,0,0,0,1,1,0,0,0,0,0,0,0,0,0,0,0,0,0,1,0,1,0,0,0,0,0,0,0,1,0,0,0,0,0,1
2021-07-11,United Arab Emirates,-3.0,23.0,-33.0,-25.0,-13.0,7.0,0,0,0,0,1,0,0,4.0,0.2619,0.25,0.5,0.0,0.0,1.0,0.0,1.0,0.6609785813473837,0.0,0.0,1.0,0.0,0.0,sadness,0.0,1.0,0.0,1.0,1.0,0.0,0.0,1.0,1,0,0,1,1,1,1,0,1,0,1,0,0,1,0,0,0,1,1,1,1,0,1,1,1,0,1,1,1,0,0,0,0,0,1,1,1,0,1,0,1,0,0,0,0,0,1,1,0,0,0,0,0,0,0,0,0,0,0,0,0,1,0,1,0,0,0,0,0,0,1,0,1,0,0,0,1,1
2021-07-12,United Arab Emirates,-6.0,20.0,-36.0,-27.0,-15.0,7.0,0,0,0,0,1,0,0,0.0,0.0,0.0,0.0,0.0,0.0,0.0,0.0,0.0,0.0,0.0,0.0,0.0,0.0,0.0,0,0.0,0.0,0.0,0.0,0.0,0.0,0.0,0.0,0,0,0,1,0,1,1,0,0,0,0,0,0,1,1,0,0,0,0,1,0,0,1,1,0,1,0,0,0,1,0,0,0,0,1,1,1,0,1,0,0,0,0,0,0,0,1,1,0,0,0,1,0,1,0,1,0,0,0,1,0,0,0,0,0,0,0,0,0,0,1,0,1,0,1,0,1,0
2021-07-13,United Arab Emirates,-6.0,21.0,-35.0,-27.0,-15.0,7.0,0,0,0,0,1,0,0,4.0,0.149925,0.25,0.5,0.0,0.0,0.0,0.0,0.0,0.6994798402205742,0.0,0.0,0.0,0.0,1.0,fear,0.0,1.0,0.0,0.0,1.0,1.0,0.0,1.0,0,0,0,1,0,1,1,0,0,0,0,1,0,0,1,0,0,0,0,0,1,0,0,1,0,0,0,0,0,1,0,0,0,0,0,1,1,0,0,0,0,1,0,0,0,0,1,1,0,0,0,1,0,1,0,1,0,0,0,1,0,0,0,0,0,0,0,0,0,0,1,0,1,0,0,0,1,0
2021-07-14,United Arab Emirates,-5.0,22.0,-37.0,-27.0,-14.0,7.0,0,0,0,0,1,0,0,6.0,0.1293166666666666,0.1666666666666666,0.5,0.0,0.0,0.0,0.0,0.0,0.434858472826377,0.0,0.0,0.0,0.0,1.0,fear,0.0,1.0,1.0,1.0,1.0,1.0,1.0,1.0,0,0,0,1,1,0,1,0,0,0,0,0,0,1,1,1,1,0,1,1,1,1,0,1,0,0,1,0,0,0,0,0,0,1,0,1,1,0,0,1,0,0,0,0,0,0,1,1,0,0,1,1,0,1,0,1,0,0,1,1,0,1,0,0,0,1,0,0,0,1,0,0,0,1,0,1,0,0
2021-07-15,United Arab Emirates,-6.0,20.0,-38.0,-26.0,-14.0,8.0,0,0,0,0,1,0,0,6.0,0.0710666666666666,0.1666666666666666,0.3333333333333333,0.0,0.0,0.0,0.0,0.0,0.4878062172169964,0.0,0.0,0.0,0.0,1.0,fear,0.0,1.0,0.0,0.0,1.0,1.0,0.0,1.0,0,0,0,1,1,0,1,0,0,1,0,0,0,1,0,0,1,0,1,1,0,1,0,0,1,0,0,1,0,0,0,1,0,0,1,0,1,1,0,1,0,0,0,0,0,0,1,1,0,0,0,1,0,1,0,1,0,0,0,1,1,1,1,0,0,1,0,0,0,1,1,0,0,0,0,1,1,0
2021-07-16,United Arab Emirates,-13.0,14.0,-49.0,-31.0,-3.0,7.0,0,1,0,0,1,0,1,5.0,0.24402,0.0,0.4,0.0,0.0,0.0,0.0,0.0,0.2820067687130931,0.0,0.0,0.0,0.0,1.0,fear,0.0,0.0,1.0,0.0,0.0,0.0,1.0,0.0,0,0,0,0,1,1,1,0,0,0,0,0,0,1,1,1,1,1,0,1,1,0,0,0,1,0,0,0,0,0,1,0,0,0,0,0,1,0,0,1,0,0,0,0,0,0,1,0,0,0,0,1,0,0,0,0,0,0,0,1,1,0,1,0,0,0,0,0,0,0,0,0,0,0,0,0,1,0
2021-07-17,United Arab Emirates,-7.0,16.0,-38.0,-27.0,-3.0,4.0,0,0,0,0,1,0,0,2.0,0.0052999999999999,0.5,0.5,0.0,0.0,1.0,0.0,1.0,0.9668,0.0,0.0,0.0,0.0,1.0,fear,0.0,1.0,1.0,0.0,1.0,0.0,0.0,1.0,1,0,0,1,1,1,1,0,0,0,0,0,1,0,1,1,0,1,0,0,1,1,0,0,1,0,0,0,0,0,1,1,1,0,0,1,1,1,1,0,0,0,1,0,0,0,1,0,0,0,1,1,1,0,1,0,0,0,1,1,0,1,0,1,0,0,0,0,0,1,0,0,0,0,0,0,0,0
2021-07-18,United Arab Emirates,6.0,33.0,-29.0,-22.0,-16.0,5.0,0,0,0,0,1,0,0,3.0,-0.1998,0.3333333333333333,0.0,0.0,0.0,1.0,0.0,1.0,0.2825598697621444,0.0,0.0,0.0,0.0,1.0,fear,0.0,1.0,0.0,0.0,1.0,0.0,0.0,0.0,1,0,0,1,1,1,0,0,0,0,0,0,0,1,1,1,0,1,0,1,1,1,1,0,1,1,0,1,0,0,0,1,0,0,0,0,1,0,0,0,0,0,0,0,0,0,1,1,0,0,1,0,1,0,1,0,0,0,1,0,0,0,0,0,0,0,0,0,0,0,0,0,0,0,0,0,0,0
2021-07-19,United Arab Emirates,2.0,44.0,-35.0,-36.0,-56.0,18.0,0,1,1,1,1,0,1,0.0,0.0,0.0,0.0,0.0,0.0,0.0,0.0,0.0,0.0,0.0,0.0,0.0,0.0,0.0,0,0.0,0.0,0.0,0.0,0.0,0.0,0.0,0.0,0,0,0,0,1,1,0,0,0,0,0,0,0,0,0,0,0,0,0,1,0,0,1,0,0,1,0,0,0,0,0,0,1,0,0,0,0,0,1,0,0,0,0,0,0,0,1,1,0,0,1,1,1,0,1,0,0,0,1,1,1,1,0,0,1,1,0,0,1,1,0,0,1,1,1,1,0,0
2021-07-20,United Arab Emirates,-4.0,23.0,-2.0,-36.0,-72.0,20.0,0,1,1,1,1,0,1,0.0,0.0,0.0,0.0,0.0,0.0,0.0,0.0,0.0,0.0,0.0,0.0,0.0,0.0,0.0,0,0.0,0.0,0.0,0.0,0.0,0.0,0.0,0.0,0,0,0,0,0,1,1,0,0,0,0,0,0,0,1,1,0,0,1,0,1,1,0,1,0,0,1,0,0,0,0,0,1,0,0,0,0,0,0,0,0,0,0,0,0,0,1,1,0,0,1,1,1,0,1,0,0,0,1,1,1,1,0,1,1,0,0,0,1,0,0,1,0,0,1,1,0,0
2021-07-21,United Arab Emirates,-2.0,23.0,-3.0,-40.0,-68.0,20.0,0,1,1,1,1,0,1,3.0,0.6094666666666667,0.0,1.0,0.0,1.0,1.0,1.0,0.0,0.0976137057771886,0.0,0.0,0.0,0.0,1.0,fear,0.0,1.0,1.0,1.0,0.0,1.0,0.0,0.0,0,0,0,0,0,1,1,0,0,0,0,0,0,0,0,1,0,0,1,0,1,1,0,1,0,0,1,0,0,0,0,0,0,1,0,0,1,0,0,1,0,0,0,0,0,0,0,1,0,0,1,1,0,0,0,0,0,0,1,1,0,0,0,0,0,0,0,0,0,0,0,1,0,1,0,1,0,1
2021-07-22,United Arab Emirates,-12.0,11.0,-21.0,-44.0,-59.0,21.0,0,1,1,1,1,0,1,3.0,0.8244333333333334,0.0,1.0,0.0,1.0,1.0,1.0,0.0,0.0721028123969901,0.0,0.0,0.0,0.0,1.0,fear,0.0,1.0,0.0,1.0,0.0,0.0,0.0,0.0,0,0,0,0,1,0,1,0,0,0,1,0,0,0,0,1,1,0,1,0,0,1,1,0,0,0,0,0,1,0,0,1,0,0,1,0,0,0,0,0,0,0,0,0,0,0,0,1,0,0,1,0,0,0,0,0,0,0,1,0,1,0,1,0,0,0,0,0,1,0,0,0,0,0,0,1,0,0
2021-07-23,United Arab Emirates,-23.0,-2.0,-45.0,-40.0,-6.0,8.0,0,1,0,0,0,0,1,0.0,0.0,0.0,0.0,0.0,0.0,0.0,0.0,0.0,0.0,0.0,0.0,0.0,0.0,0.0,0,0.0,0.0,0.0,0.0,0.0,0.0,0.0,0.0,0,0,0,0,1,0,1,0,0,0,1,0,0,0,0,0,0,0,0,0,0,0,1,0,0,0,0,0,1,0,0,0,0,1,1,0,0,0,0,1,0,0,0,0,0,0,1,0,0,0,0,1,0,0,0,0,0,0,0,1,0,0,0,0,0,0,0,0,0,0,0,0,0,0,0,0,0,0
2021-07-24,United Arab Emirates,-17.0,5.0,-43.0,-33.0,-5.0,6.0,0,1,0,0,0,0,1,2.0,0.4471,0.0,0.5,0.0,1.0,1.0,0.0,1.0,0.4471,0.0,0.0,0.0,0.0,1.0,fear,0.0,1.0,1.0,0.0,0.0,0.0,0.0,0.0,1,0,0,0,0,1,1,0,0,0,0,1,0,0,0,1,0,1,0,0,0,1,0,1,1,0,0,1,0,1,0,0,1,1,0,1,0,0,0,0,0,0,0,0,0,0,1,1,0,0,1,0,0,0,0,0,0,0,1,0,1,1,0,0,1,1,0,0,1,1,0,1,1,0,1,1,0,0
2021-07-25,United Arab Emirates,-10.0,14.0,-34.0,-29.0,-14.0,8.0,0,0,0,0,1,0,0,0.0,0.0,0.0,0.0,0.0,0.0,0.0,0.0,0.0,0.0,0.0,0.0,0.0,0.0,0.0,0,0.0,0.0,0.0,0.0,0.0,0.0,0.0,0.0,1,0,0,1,1,1,1,0,0,0,1,1,0,0,0,0,0,0,0,0,0,1,1,1,1,1,0,1,0,1,0,1,0,0,0,1,0,0,0,0,0,0,0,0,0,0,1,1,0,0,1,0,0,0,0,0,0,0,1,0,1,0,1,0,0,0,0,0,0,0,1,1,0,1,1,1,0,1
2021-07-26,United Arab Emirates,-11.0,13.0,-37.0,-31.0,-15.0,8.0,0,1,0,0,1,0,1,2.0,0.88165,0.0,1.0,0.0,1.0,1.0,1.0,0.0,0.06905,0.0,0.0,0.0,0.0,1.0,fear,0.0,0.0,0.0,1.0,0.0,1.0,0.0,0.0,0,0,0,0,0,0,0,0,0,0,0,0,0,0,0,0,0,0,0,0,0,0,0,0,0,0,0,0,0,0,0,0,0,0,0,0,0,0,0,0,0,0,0,0,0,0,1,1,0,0,1,0,0,0,0,0,0,0,1,0,0,0,0,0,0,0,0,0,0,0,1,0,1,0,1,1,1,0
2021-07-27,United Arab Emirates,-10.0,15.0,-36.0,-32.0,-15.0,7.0,0,1,0,0,1,0,1,3.0,0.2977333333333333,0.0,0.3333333333333333,0.0,0.0,1.0,0.0,1.0,0.3046687417872438,0.0,0.0,0.0,0.0,1.0,fear,0.0,1.0,0.0,1.0,0.0,0.0,0.0,1.0,0,0,0,0,1,1,0,0,0,0,1,1,0,0,0,0,1,0,0,0,0,0,1,1,0,0,1,0,1,0,0,0,1,0,1,0,0,0,0,0,0,0,0,0,0,0,1,1,0,0,0,0,0,0,0,0,0,0,0,0,0,1,0,0,0,1,0,0,0,1,0,0,0,0,1,1,0,1
2021-07-28,United Arab Emirates,-9.0,15.0,-37.0,-31.0,-14.0,7.0,0,1,0,0,1,0,1,7.0,0.1107428571428571,0.2857142857142857,0.2857142857142857,0.0,0.0,0.0,0.0,0.0,0.4881696744170086,0.0,0.0,0.0,0.0,1.0,fear,0.0,1.0,1.0,1.0,1.0,1.0,1.0,1.0,0,0,0,0,1,0,1,0,0,0,0,0,1,1,0,0,0,0,1,0,0,0,1,0,1,1,0,0,0,0,1,0,0,1,1,0,1,0,0,0,0,0,0,0,0,0,0,1,0,0,1,0,0,0,0,0,0,0,1,0,0,0,0,0,0,0,0,0,0,0,0,1,0,1,0,1,0,1
2021-07-29,United Arab Emirates,-10.0,15.0,-39.0,-30.0,-14.0,8.0,0,0,0,0,1,0,0,2.0,0.00945,0.5,0.5,0.0,0.0,0.0,0.0,0.0,0.43095,0.0,0.0,0.0,0.0,1.0,fear,0.0,0.0,0.0,1.0,0.0,0.0,0.0,0.0,0,0,0,1,1,1,1,0,0,0,0,1,1,1,0,0,1,1,0,1,0,0,0,1,1,0,0,0,0,1,1,1,0,0,1,1,1,1,0,0,0,0,0,0,0,0,1,1,0,0,0,0,0,0,0,0,0,0,0,0,1,0,0,0,1,0,0,0,1,0,1,0,0,0,1,0,0,1
2021-07-30,United Arab Emirates,-17.0,8.0,-51.0,-37.0,-2.0,7.0,0,1,0,0,0,0,1,0.0,0.0,0.0,0.0,0.0,0.0,0.0,0.0,0.0,0.0,0.0,0.0,0.0,0.0,0.0,0,0.0,0.0,0.0,0.0,0.0,0.0,0.0,0.0,0,0,0,0,1,1,0,0,0,0,0,0,0,0,1,0,0,0,0,0,0,0,0,1,0,0,1,0,0,0,0,0,0,0,1,1,0,0,0,0,0,0,0,0,0,0,1,0,0,0,0,1,0,0,0,0,0,0,0,1,0,0,0,0,0,0,0,0,0,0,1,0,1,0,1,0,1,1
2021-07-31,United Arab Emirates,-11.0,13.0,-44.0,-30.0,-3.0,5.0,0,0,0,0,1,0,0,2.0,0.35465,0.0,0.5,0.0,1.0,1.0,1.0,0.0,0.64155,0.0,0.0,1.0,0.0,0.0,sadness,0.0,1.0,1.0,1.0,0.0,0.0,0.0,1.0,1,0,0,1,0,1,1,0,0,0,0,0,1,0,1,0,0,1,0,0,1,0,0,0,1,0,0,1,0,0,0,0,1,1,0,1,0,0,1,0,0,0,0,0,0,0,1,1,0,0,0,1,0,0,0,0,0,0,0,1,0,0,0,0,0,0,0,0,0,0,0,1,0,0,1,0,0,1
2021-08-01,United Arab Emirates,-5.0,21.0,-34.0,-27.0,-14.0,7.0,0,0,0,0,1,0,0,4.0,0.19265,0.0,0.25,0.0,0.0,0.0,0.0,0.0,0.3952037733878561,1.0,0.0,0.0,0.0,1.0,fear,0.0,1.0,0.0,1.0,1.0,1.0,1.0,1.0,1,0,1,0,0,1,0,0,0,0,1,0,0,1,0,0,0,0,0,0,0,0,1,0,0,0,0,0,1,0,0,1,0,0,1,1,0,0,0,0,0,0,0,0,0,0,1,1,0,0,0,0,0,0,0,0,0,0,0,0,1,0,0,0,1,0,0,0,1,1,0,0,0,0,1,1,1,0
2021-08-02,United Arab Emirates,-8.0,18.0,-37.0,-30.0,-15.0,7.0,0,0,0,0,1,0,0,4.0,0.210575,0.0,0.5,0.0,0.0,0.0,0.0,0.0,0.2110144826190847,0.0,0.0,0.0,0.0,1.0,fear,0.0,1.0,0.0,1.0,0.0,0.0,0.0,0.0,0,0,0,1,1,0,1,0,0,0,0,0,1,1,0,0,1,0,1,1,0,0,0,0,1,0,0,0,0,0,1,0,0,0,1,0,1,1,0,0,1,0,0,0,0,0,1,1,0,0,0,0,0,0,0,0,0,0,0,0,0,0,0,0,0,0,0,0,0,1,1,1,1,1,1,1,1,1
2021-08-03,United Arab Emirates,-8.0,18.0,-36.0,-30.0,-15.0,7.0,0,0,0,0,1,0,0,4.0,0.416475,0.0,0.75,0.0,1.0,1.0,1.0,0.0,0.2563055732421751,0.0,0.0,0.0,0.0,1.0,fear,0.0,1.0,0.0,1.0,1.0,0.0,1.0,0.0,0,0,0,1,1,0,1,0,0,0,0,1,0,0,1,1,0,0,0,0,0,0,0,1,1,0,0,1,0,1,0,0,1,0,1,1,1,0,0,0,0,0,0,0,0,0,1,1,0,0,0,0,0,0,0,0,0,0,0,0,0,1,0,1,0,0,0,0,0,1,0,1,0,0,0,1,1,1
2021-08-04,United Arab Emirates,-8.0,17.0,-37.0,-30.0,-15.0,7.0,0,0,0,0,1,0,0,6.0,0.2537333333333333,0.1666666666666666,0.5,0.0,0.0,0.0,0.0,0.0,0.6361349900418586,0.0,0.0,0.0,0.0,1.0,fear,0.0,1.0,1.0,1.0,1.0,1.0,0.0,1.0,0,0,0,1,1,1,1,0,0,0,1,0,0,0,1,1,0,1,1,1,1,1,1,0,0,0,0,0,1,0,0,0,0,1,1,1,1,1,1,1,0,1,0,0,0,0,0,1,0,0,1,0,0,0,0,0,0,0,1,0,0,1,0,0,0,1,0,0,0,1,0,1,0,1,0,1,1,1
2021-08-05,United Arab Emirates,-9.0,16.0,-39.0,-30.0,-14.0,8.0,0,0,0,0,1,0,0,2.0,0.21945,0.0,0.5,0.0,0.0,0.0,0.0,0.0,0.21945,0.0,0.0,0.0,0.0,1.0,fear,0.0,1.0,0.0,0.0,1.0,0.0,0.0,0.0,0,0,0,1,1,1,1,0,0,0,0,0,0,1,0,0,1,0,0,1,0,0,0,0,0,0,0,0,0,0,0,1,0,0,1,1,1,0,0,0,0,0,0,0,0,0,1,1,0,0,1,1,0,1,0,1,0,0,1,1,0,1,0,1,0,0,0,0,0,0,1,0,0,0,0,0,1,1
2021-08-06,United Arab Emirates,-15.0,10.0,-51.0,-35.0,-4.0,7.0,0,1,0,0,0,0,1,2.0,0.252,0.0,0.5,0.0,0.0,0.0,0.0,0.0,0.252,0.0,0.0,0.0,0.0,1.0,fear,0.0,1.0,1.0,0.0,1.0,0.0,0.0,0.0,0,0,0,0,1,1,0,0,0,0,0,1,0,0,0,0,0,0,0,1,1,0,0,1,0,0,0,0,0,1,0,0,0,0,0,1,0,0,1,0,0,0,0,0,0,0,1,0,0,0,0,1,0,0,0,0,0,0,0,1,0,1,0,0,0,1,0,0,1,1,0,0,0,0,1,1,0,0
2021-08-07,United Arab Emirates,-11.0,13.0,-43.0,-31.0,-4.0,5.0,0,1,0,0,1,0,1,3.0,0.2666,0.0,0.3333333333333333,0.0,0.0,0.0,0.0,0.0,0.2533508239576102,0.0,0.0,0.0,0.0,1.0,fear,0.0,1.0,0.0,0.0,1.0,0.0,0.0,1.0,1,0,0,0,1,1,0,0,0,0,0,0,1,0,1,1,0,1,0,1,1,0,0,0,1,0,0,0,0,0,1,1,1,1,0,1,1,0,0,0,0,0,0,0,0,0,1,1,0,0,0,0,0,0,0,0,0,0,0,0,0,1,0,1,0,0,0,0,1,0,1,0,1,0,1,1,1,1
2021-08-08,United Arab Emirates,-6.0,18.0,-34.0,-27.0,-14.0,7.0,0,0,0,0,1,0,0,2.0,0.39245,0.0,0.5,0.0,1.0,0.0,0.0,0.0,0.39245,0.0,0.0,0.0,0.0,1.0,fear,0.0,1.0,0.0,1.0,0.0,0.0,1.0,0.0,1,0,0,1,1,1,1,0,0,0,0,0,0,1,0,1,0,0,1,1,1,1,0,0,0,0,0,0,0,0,0,0,0,0,0,0,1,0,0,1,0,0,1,0,0,0,1,1,0,0,0,0,0,0,0,0,0,0,0,0,1,0,1,0,0,0,0,0,1,0,1,0,0,1,1,1,1,1
2021-08-09,United Arab Emirates,-8.0,16.0,-38.0,-29.0,-15.0,7.0,0,0,0,0,1,0,0,9.0,0.5530666666666666,0.0,0.7777777777777778,0.0,1.0,0.0,0.0,0.0,0.3563842900889744,0.0,0.0,0.0,0.0,1.0,fear,0.0,1.0,0.0,1.0,1.0,1.0,1.0,1.0,0,0,0,1,1,1,1,0,0,0,1,0,0,0,0,0,0,0,0,0,1,0,0,0,0,0,0,0,0,0,0,0,1,0,1,0,1,1,0,0,0,0,0,0,0,0,1,1,0,0,0,0,0,0,0,0,0,0,0,0,1,0,0,0,1,0,0,0,1,1,1,0,1,0,1,1,1,0
2021-08-10,United Arab Emirates,-8.0,16.0,-37.0,-28.0,-15.0,7.0,0,0,0,0,1,0,0,5.0,0.31372,0.0,0.4,0.0,1.0,1.0,0.0,1.0,0.4856067355381306,0.0,0.0,0.0,0.0,1.0,fear,0.0,1.0,0.0,1.0,1.0,0.0,0.0,1.0,0,0,0,1,1,1,1,0,0,0,1,0,1,1,1,0,1,0,0,1,1,1,0,0,1,0,0,0,0,0,1,0,0,0,1,0,1,1,0,1,0,0,0,0,0,0,1,1,0,0,1,0,1,0,1,0,0,0,1,0,1,0,1,0,0,0,0,0,0,1,0,0,0,1,0,1,1,0
2021-08-11,United Arab Emirates,-2.0,22.0,-36.0,-25.0,-15.0,5.0,0,0,0,0,1,0,0,6.0,0.57125,0.0,0.8333333333333334,0.0,1.0,1.0,1.0,0.0,0.298991280530609,0.0,0.0,0.0,0.0,1.0,fear,0.0,1.0,1.0,1.0,1.0,1.0,1.0,1.0,0,0,0,1,1,1,1,0,0,0,1,1,0,1,0,1,0,0,1,1,0,1,1,0,0,1,0,0,0,0,0,0,0,1,1,1,1,0,1,0,0,0,0,0,0,0,0,1,0,0,1,0,0,0,0,0,0,0,1,0,1,0,0,0,1,0,0,0,1,1,0,1,0,1,1,1,0,1
2021-08-12,United Arab Emirates,-7.0,21.0,-36.0,-41.0,-55.0,20.0,0,1,1,1,1,0,1,2.0,0.19695,0.0,0.5,0.0,0.0,1.0,0.0,1.0,0.19695,0.0,0.0,0.0,0.0,1.0,fear,0.0,1.0,0.0,0.0,1.0,0.0,1.0,0.0,0,0,0,0,1,1,1,0,0,0,1,1,0,1,1,0,1,1,0,1,1,1,1,0,0,0,0,0,1,0,0,1,0,0,1,1,0,1,1,0,0,0,0,0,0,0,1,1,0,0,0,0,0,0,0,0,0,0,0,0,1,1,1,1,0,0,0,0,0,0,0,0,0,1,1,1,1,1
2021-08-13,United Arab Emirates,-17.0,7.0,-49.0,-36.0,-7.0,7.0,0,1,0,0,0,0,1,1.0,0.5023,0.0,1.0,0.0,1.0,1.0,1.0,0.0,0.0,0.0,0.0,0.0,0.0,1.0,fear,0.0,1.0,0.0,1.0,0.0,0.0,0.0,0.0,0,0,0,0,1,1,1,0,0,0,0,1,0,0,1,0,0,0,0,1,1,1,1,1,0,1,1,0,0,0,0,0,0,1,0,1,0,1,0,0,0,0,0,0,0,0,1,1,0,0,0,1,0,0,0,0,0,0,0,1,0,0,0,0,0,0,0,0,0,0,0,0,1,1,1,1,1,1
2021-08-14,United Arab Emirates,-12.0,11.0,-43.0,-30.0,-6.0,5.0,0,0,0,0,1,0,0,6.0,0.1808166666666666,0.1666666666666666,0.3333333333333333,0.0,0.0,1.0,0.0,1.0,0.4106308740489714,0.0,0.0,0.0,0.0,1.0,fear,0.0,1.0,0.0,1.0,1.0,0.0,1.0,0.0,1,0,0,1,1,1,1,0,0,0,1,1,0,0,1,1,0,1,0,0,1,1,1,1,0,0,0,0,1,1,0,0,1,0,1,1,0,0,1,0,0,0,0,0,0,0,1,1,0,0,0,0,0,0,0,0,0,0,0,0,0,1,0,0,0,1,0,0,1,1,0,0,0,1,1,1,0,1
2021-08-15,United Arab Emirates,-6.0,18.0,-35.0,-25.0,-14.0,7.0,0,0,0,0,1,0,0,5.0,0.12072,0.2,0.2,0.0,0.0,0.0,0.0,0.0,0.3965782162449168,0.0,0.0,0.0,0.0,1.0,fear,0.0,1.0,1.0,1.0,1.0,1.0,0.0,0.0,1,0,0,1,1,1,1,0,0,0,0,0,1,0,0,0,0,0,0,1,1,0,1,1,0,1,1,0,0,0,0,0,0,0,1,0,1,1,1,1,0,0,0,0,0,0,1,1,0,0,0,0,0,0,0,0,0,0,0,0,0,0,0,0,0,0,0,0,1,0,0,1,1,0,1,1,0,1
2021-08-16,United Arab Emirates,-9.0,15.0,-38.0,-28.0,-16.0,7.0,0,0,0,0,1,0,0,1.0,0.3182,0.0,1.0,0.0,1.0,0.0,0.0,0.0,0.0,0.0,0.0,0.0,0.0,1.0,fear,0.0,1.0,0.0,1.0,0.0,0.0,0.0,0.0,0,0,0,1,1,1,1,0,0,0,0,1,1,0,0,1,1,0,1,1,0,1,0,1,0,0,0,0,0,1,0,1,0,0,1,1,1,0,0,1,0,0,0,0,0,0,1,1,0,0,0,0,0,0,0,0,0,0,0,0,0,1,0,1,0,0,0,0,1,0,1,0,1,0,1,1,1,1
2021-08-17,United Arab Emirates,-8.0,17.0,-36.0,-28.0,-16.0,7.0,0,0,0,0,1,0,0,5.0,0.377,0.2,0.8,0.0,1.0,0.0,0.0,0.0,0.4185243123165009,0.0,0.0,0.0,0.0,1.0,fear,0.0,1.0,1.0,1.0,0.0,1.0,1.0,0.0,0,0,0,1,1,1,1,0,0,0,1,0,1,0,0,1,0,0,0,0,1,1,0,1,1,0,1,1,0,0,0,0,0,0,1,1,1,0,1,0,0,0,0,0,0,0,1,1,0,0,0,0,0,0,0,0,0,0,0,0,1,1,1,0,0,1,0,0,0,1,0,0,1,1,1,1,1,0
2021-08-18,United Arab Emirates,-9.0,16.0,-36.0,-28.0,-15.0,7.0,0,0,0,0,1,0,0,7.0,0.4178714285714285,0.0,0.5714285714285714,0.0,1.0,0.0,0.0,0.0,0.3994399640721484,0.0,0.0,0.0,0.0,1.0,fear,0.0,1.0,1.0,1.0,1.0,1.0,0.0,1.0,0,0,0,1,1,1,1,0,0,0,1,0,1,0,0,1,1,1,1,0,1,1,0,0,1,0,0,0,0,0,1,1,1,1,1,1,1,1,0,1,0,0,0,0,0,0,1,1,0,0,1,0,0,0,0,0,0,0,1,0,0,1,0,0,0,1,0,0,0,1,0,1,1,1,1,1,1,1
2021-08-19,United Arab Emirates,-9.0,17.0,-38.0,-28.0,-15.0,8.0,0,0,0,0,1,0,0,4.0,-0.0129,0.0,0.0,0.0,0.0,1.0,0.0,1.0,0.0223434554176385,0.0,0.0,0.0,0.0,1.0,fear,0.0,1.0,1.0,1.0,1.0,1.0,0.0,0.0,0,0,0,1,1,1,1,0,0,0,1,1,0,1,0,0,1,0,0,1,0,1,0,0,1,0,0,1,0,0,0,1,0,0,1,1,0,0,0,1,0,0,0,0,0,0,1,1,0,0,0,0,0,0,0,0,0,0,0,0,1,1,0,1,1,0,0,0,1,0,0,0,1,0,1,0,1,1
2021-08-20,United Arab Emirates,-15.0,12.0,-48.0,-33.0,-5.0,7.0,0,1,0,0,1,0,1,3.0,0.1430333333333333,0.0,0.0,0.0,0.0,0.0,0.0,0.0,0.1210454551902805,0.0,0.0,0.0,0.0,1.0,fear,0.0,1.0,0.0,1.0,1.0,1.0,0.0,0.0,0,0,0,0,1,1,1,0,0,0,0,1,1,0,0,0,1,1,0,1,0,0,1,0,1,1,0,0,0,0,1,1,1,0,1,1,1,0,1,0,0,0,0,0,0,0,1,1,0,0,0,1,0,0,0,0,0,0,0,1,0,1,0,1,0,0,0,1,0,0,1,0,0,0,1,1,1,1
2021-08-21,United Arab Emirates,-9.0,14.0,-39.0,-28.0,-8.0,5.0,0,0,0,0,1,0,0,4.0,0.46855,0.25,0.75,0.0,1.0,1.0,1.0,0.0,0.5060796009522613,0.0,1.0,0.0,0.0,0.0,anger,0.0,1.0,0.0,1.0,1.0,1.0,1.0,0.0,1,0,1,0,1,1,1,0,0,0,0,1,0,0,1,0,1,1,0,1,1,1,0,0,1,0,0,1,0,0,0,0,1,0,1,1,1,0,0,1,0,0,0,0,0,0,1,1,0,0,0,0,0,0,0,0,0,0,0,0,1,1,1,0,0,1,0,0,0,0,0,0,0,0,1,1,1,0
2021-08-22,United Arab Emirates,-6.0,17.0,-33.0,-25.0,-13.0,7.0,0,0,0,0,1,0,0,5.0,0.29244,0.0,0.4,0.0,0.0,0.0,0.0,0.0,0.4723186449845062,0.0,0.0,0.0,0.0,1.0,fear,0.0,1.0,0.0,1.0,1.0,0.0,0.0,1.0,1,0,0,1,0,1,1,0,0,0,1,0,0,0,0,0,1,1,1,1,1,1,1,1,0,0,1,0,1,0,0,0,1,1,1,1,1,1,0,0,0,0,0,0,0,0,1,1,0,0,0,0,0,0,0,0,0,0,0,0,1,0,0,0,1,0,0,0,1,0,0,0,1,1,1,1,0,1
2021-08-23,United Arab Emirates,-8.0,15.0,-36.0,-28.0,-14.0,7.0,0,0,0,0,1,0,0,3.0,0.0,0.0,0.0,0.0,0.0,1.0,0.0,1.0,0.0,0.0,0.0,0.0,0.0,1.0,fear,0.0,1.0,0.0,1.0,1.0,0.0,0.0,0.0,0,0,0,1,1,1,1,0,0,0,0,0,1,1,0,0,0,1,0,1,1,0,0,0,0,0,0,0,0,0,0,0,0,0,1,1,1,0,0,0,0,0,0,0,0,0,1,1,0,0,0,0,0,0,0,0,0,0,0,0,1,0,0,0,1,0,0,0,1,0,1,1,1,0,1,1,1,0
2021-08-24,United Arab Emirates,-7.0,16.0,-34.0,-27.0,-14.0,6.0,0,0,0,0,1,0,0,2.0,0.30845,0.0,0.5,0.0,1.0,1.0,1.0,0.0,0.60445,0.0,0.0,0.0,0.0,1.0,fear,0.0,1.0,0.0,1.0,0.0,1.0,0.0,0.0,0,0,0,1,1,0,1,0,0,0,0,1,1,0,0,0,0,1,1,1,1,0,1,1,0,1,0,0,0,1,0,0,0,1,1,1,1,0,1,1,0,0,0,0,0,0,1,1,0,0,0,0,0,0,0,0,0,0,0,0,1,1,1,1,0,0,0,1,0,0,0,0,0,1,0,0,1,0
2021-08-25,United Arab Emirates,-5.0,18.0,-36.0,-26.0,-13.0,6.0,0,0,0,0,1,0,0,5.0,0.60748,0.0,0.8,0.0,1.0,1.0,1.0,0.0,0.3248923908004003,0.0,0.0,0.0,0.0,1.0,fear,0.0,1.0,1.0,1.0,1.0,1.0,0.0,1.0,0,0,0,1,1,1,1,0,0,0,1,0,1,0,1,1,1,0,1,0,1,1,1,0,0,0,0,0,1,0,0,0,0,1,1,1,1,0,0,0,0,0,0,0,0,0,1,1,0,0,1,0,0,0,0,0,0,0,1,0,1,1,1,0,0,1,1,0,0,1,0,1,0,1,1,1,1,1
2021-08-26,United Arab Emirates,-4.0,20.0,-37.0,-25.0,-13.0,7.0,0,0,0,0,1,0,0,1.0,0.0,0.0,0.0,0.0,0.0,1.0,0.0,1.0,0.0,0.0,0.0,0.0,0.0,1.0,fear,0.0,1.0,0.0,0.0,1.0,0.0,0.0,0.0,0,0,0,1,1,1,1,0,0,0,1,0,0,1,0,0,1,0,1,1,1,1,1,1,1,0,1,1,1,0,0,1,0,1,1,1,1,0,0,0,0,0,0,0,0,0,1,1,0,0,0,0,0,0,0,0,0,0,0,0,1,1,0,1,1,0,0,1,0,0,0,0,0,0,1,0,0,1
2021-08-27,United Arab Emirates,-8.0,16.0,-47.0,-31.0,-5.0,6.0,0,1,0,0,1,0,1,2.0,-0.7577,1.0,0.0,1.0,0.0,1.0,0.0,1.0,0.1718,0.0,0.0,0.0,0.0,1.0,fear,0.0,1.0,0.0,1.0,1.0,0.0,1.0,0.0,0,1,0,0,1,1,1,0,0,0,0,1,0,0,0,0,0,1,1,1,0,1,1,1,0,1,0,0,0,1,0,0,0,0,0,1,1,0,0,0,0,0,0,0,0,0,1,1,0,0,0,0,0,0,0,0,0,0,0,0,0,1,0,0,0,1,0,0,0,0,0,0,1,0,1,1,1,1
2021-08-28,United Arab Emirates,-4.0,22.0,-41.0,-26.0,-5.0,4.0,0,0,0,0,1,0,0,4.0,0.00505,0.5,0.5,0.0,0.0,1.0,1.0,0.0,0.6967318799222553,0.0,0.0,0.0,0.0,1.0,fear,0.0,1.0,0.0,1.0,0.0,0.0,0.0,0.0,1,0,0,1,1,1,0,1,0,0,0,1,1,0,1,0,0,1,1,1,1,1,1,1,1,1,0,0,0,1,1,0,1,0,1,1,1,1,0,1,0,0,0,0,0,0,1,1,0,0,0,0,0,0,0,0,0,0,0,0,0,0,0,0,0,0,0,0,0,0,1,0,0,0,1,1,0,1
2021-08-29,United Arab Emirates,0.0,26.0,-32.0,-22.0,-12.0,6.0,0,0,0,0,1,0,0,4.0,0.0,0.0,0.0,0.0,0.0,0.0,0.0,0.0,0.0,0.0,0.0,0.0,0.0,1.0,fear,0.0,1.0,0.0,1.0,1.0,1.0,0.0,0.0,1,0,0,1,1,1,1,0,0,0,0,0,0,0,0,1,0,0,0,0,1,1,1,1,0,0,1,0,1,0,0,0,0,0,1,0,1,0,0,0,0,0,0,0,0,0,1,1,0,0,0,0,0,0,0,0,0,0,0,0,1,1,1,0,0,1,1,0,0,1,0,1,1,0,0,0,0,1
2021-08-30,United Arab Emirates,-3.0,23.0,-34.0,-24.0,-13.0,6.0,0,0,0,0,1,0,0,4.0,0.045625,0.5,0.5,0.0,0.0,0.0,0.0,0.0,0.4793296849507654,0.0,0.0,0.0,0.0,1.0,fear,0.0,1.0,0.0,1.0,0.0,0.0,0.0,1.0,0,0,0,1,1,1,1,0,1,0,0,0,0,0,0,0,1,0,0,1,1,1,0,1,1,0,1,1,0,0,0,0,0,0,1,1,1,0,1,0,0,0,0,0,0,0,1,1,0,0,0,0,0,0,0,0,0,0,0,0,1,0,0,0,1,0,0,0,1,1,1,1,1,0,1,1,1,0
2021-08-31,United Arab Emirates,-2.0,25.0,-33.0,-23.0,-13.0,5.0,0,0,0,0,1,0,0,1.0,-0.4019,1.0,0.0,1.0,0.0,1.0,0.0,1.0,0.0,0.0,0.0,0.0,0.0,1.0,fear,0.0,1.0,0.0,0.0,0.0,1.0,0.0,0.0,0,0,1,0,1,1,1,0,0,0,0,0,1,1,0,0,0,0,1,0,0,0,0,1,1,0,0,0,0,1,1,0,0,0,1,1,1,0,0,0,0,0,0,0,0,0,1,1,0,0,0,0,0,0,0,0,0,0,0,0,1,0,1,0,0,0,1,0,0,1,0,1,0,0,0,1,1,0
2021-09-01,United Arab Emirates,0.0,27.0,-34.0,-22.0,-13.0,5.0,0,0,0,0,1,0,0,3.0,0.5591,0.0,1.0,0.0,1.0,1.0,1.0,0.0,0.0397955608914696,0.0,0.0,0.0,0.0,1.0,fear,0.0,1.0,1.0,1.0,1.0,1.0,0.0,1.0,0,0,0,1,1,1,1,1,0,0,0,0,1,0,0,1,1,1,1,0,1,1,1,0,1,1,0,0,0,0,1,0,0,1,0,1,1,0,0,0,0,0,0,0,0,0,1,1,0,0,0,0,0,0,0,0,0,0,0,0,1,0,0,0,1,0,0,0,0,1,0,0,0,1,1,1,1,1
2021-09-02,United Arab Emirates,0.0,26.0,-34.0,-22.0,-12.0,6.0,0,0,0,0,1,0,0,4.0,-0.3524,0.25,0.0,1.0,0.0,1.0,0.0,1.0,0.0976876655468846,0.0,0.0,0.0,0.0,1.0,fear,0.0,1.0,0.0,0.0,1.0,0.0,0.0,0.0,0,0,1,0,1,1,1,0,0,0,1,0,0,1,1,0,1,0,0,1,0,1,1,0,1,0,0,1,1,0,0,1,0,0,1,1,0,0,0,0,0,0,0,0,0,0,1,1,0,0,0,0,0,0,0,0,0,0,0,0,0,1,0,1,0,0,0,1,0,0,0,0,0,0,1,1,1,1
2021-09-03,United Arab Emirates,-4.0,23.0,-43.0,-26.0,-6.0,6.0,0,0,0,0,1,0,0,2.0,0.0,0.0,0.0,0.0,0.0,1.0,1.0,0.0,0.0,0.0,0.0,0.0,0.0,1.0,fear,0.0,1.0,0.0,1.0,1.0,0.0,1.0,0.0,0,0,0,1,1,1,1,1,1,1,0,0,0,0,0,0,0,1,0,1,0,1,1,1,1,1,1,1,0,0,0,0,0,0,0,0,1,0,0,1,0,0,0,0,0,0,1,1,0,0,0,0,0,0,0,0,0,0,0,0,1,1,0,0,1,1,0,0,1,1,1,1,0,0,0,0,1,0
2021-09-04,United Arab Emirates,0.0,27.0,-37.0,-23.0,-6.0,4.0,0,0,0,0,1,0,0,3.0,0.0658666666666666,0.3333333333333333,0.3333333333333333,0.0,0.0,0.0,0.0,0.0,0.5719773033570088,0.0,0.0,0.0,0.0,1.0,fear,0.0,1.0,0.0,1.0,1.0,0.0,0.0,0.0,1,0,0,1,1,1,1,0,0,0,0,1,0,0,1,0,0,1,0,1,1,0,1,1,1,0,0,0,1,1,1,0,1,0,1,1,1,1,0,0,0,0,0,0,0,0,1,1,0,0,0,0,0,0,0,0,0,0,0,0,0,1,0,1,0,0,0,0,1,0,1,1,0,1,1,1,0,0
2021-09-05,United Arab Emirates,2.0,29.0,-29.0,-20.0,-12.0,5.0,0,0,0,0,1,0,0,2.0,0.36915,0.0,0.5,0.0,1.0,1.0,1.0,0.0,0.36915,0.0,0.0,0.0,0.0,1.0,fear,0.0,1.0,0.0,0.0,1.0,0.0,0.0,1.0,1,0,0,1,1,1,1,0,1,0,0,0,0,0,0,0,0,0,1,1,1,1,0,1,0,0,1,0,0,0,0,0,0,0,1,0,1,0,0,0,0,0,0,0,0,0,1,1,0,0,0,0,0,0,0,0,0,0,0,0,0,1,0,0,0,1,0,0,1,1,1,1,0,0,1,0,0,1
2021-09-06,United Arab Emirates,-1.0,25.0,-33.0,-22.0,-13.0,5.0,0,0,0,0,1,0,0,4.0,0.499125,0.0,0.75,0.0,1.0,0.0,0.0,0.0,0.3623477292256707,1.0,0.0,0.0,0.0,1.0,fear,0.0,1.0,0.0,1.0,0.0,0.0,0.0,1.0,0,0,1,0,1,1,1,0,0,0,1,0,0,1,0,1,0,0,0,1,1,0,1,1,0,0,0,0,1,1,0,0,0,0,0,1,1,0,1,0,0,0,0,0,0,0,1,1,0,0,0,0,0,0,0,0,0,0,0,0,0,1,0,1,0,0,0,0,1,0,0,1,1,1,1,0,1,1
2021-09-07,United Arab Emirates,-2.0,25.0,-32.0,-22.0,-13.0,5.0,0,0,0,0,1,0,0,6.0,0.5404333333333333,0.0,0.8333333333333334,0.0,1.0,0.0,0.0,0.0,0.2826486491899243,0.0,0.0,0.0,0.0,1.0,fear,0.0,1.0,0.0,1.0,0.0,0.0,0.0,1.0,0,0,0,1,1,1,1,0,0,1,1,0,0,1,0,0,0,0,1,0,1,0,0,0,1,0,0,1,0,0,0,0,0,0,1,1,0,0,0,0,1,0,0,0,0,0,1,1,0,0,0,0,0,0,0,0,0,0,0,0,1,0,1,0,0,0,1,0,0,0,0,0,0,0,1,0,1,0
2021-09-08,United Arab Emirates,-1.0,25.0,-33.0,-22.0,-12.0,5.0,0,0,0,0,1,0,0,5.0,0.43064,0.0,0.8,0.0,1.0,0.0,0.0,0.0,0.3305487715905173,0.0,0.0,0.0,0.0,1.0,fear,0.0,1.0,1.0,1.0,1.0,1.0,1.0,0.0,0,0,0,1,1,1,1,0,0,0,1,1,1,1,1,1,0,0,1,0,1,1,0,1,1,0,0,0,0,1,1,0,0,1,1,0,1,0,0,0,0,0,0,0,0,0,1,1,0,0,0,0,0,0,0,0,0,0,0,0,1,1,0,0,1,1,0,0,1,1,1,0,0,1,0,1,0,1
2021-09-09,United Arab Emirates,0.0,26.0,-33.0,-21.0,-12.0,5.0,0,0,0,0,1,0,0,2.0,-0.44855,0.5,0.0,1.0,0.0,1.0,0.0,1.0,0.44855,0.0,0.0,0.0,0.0,1.0,fear,0.0,1.0,0.0,1.0,1.0,0.0,0.0,0.0,0,0,1,0,1,1,1,0,0,1,1,1,0,0,1,0,1,0,0,1,0,1,0,0,1,0,0,1,0,0,0,1,0,0,1,1,0,1,0,0,0,1,0,0,0,0,1,1,0,0,0,0,0,0,0,0,0,0,0,0,1,0,1,0,0,0,0,0,0,1,1,1,1,0,1,1,0,0
2021-09-10,United Arab Emirates,-4.0,22.0,-42.0,-26.0,-7.0,6.0,0,0,0,0,1,0,0,1.0,0.9216,0.0,1.0,0.0,1.0,1.0,1.0,0.0,0.0,0.0,0.0,0.0,0.0,1.0,fear,0.0,1.0,0.0,0.0,0.0,0.0,0.0,1.0,0,0,0,1,1,1,1,1,0,0,0,1,0,0,1,0,0,0,0,1,0,1,1,0,1,1,0,0,0,0,1,0,0,0,1,1,1,0,0,1,0,0,0,0,0,0,1,1,0,0,0,0,0,0,0,0,0,0,0,0,1,1,0,1,1,0,0,0,1,1,1,0,0,0,0,0,1,0
2021-09-11,United Arab Emirates,-1.0,25.0,-35.0,-22.0,-6.0,4.0,0,0,0,0,1,0,0,2.0,0.1675999999999999,0.5,0.5,0.0,0.0,1.0,0.0,1.0,0.725,0.0,0.0,0.0,0.0,1.0,fear,0.0,0.0,0.0,1.0,0.0,1.0,1.0,1.0,1,0,0,1,1,1,1,0,0,0,1,1,0,1,0,0,0,1,0,0,1,1,1,0,0,0,0,0,1,0,0,0,1,0,0,1,1,0,1,0,0,0,0,0,0,0,1,1,0,0,0,0,0,0,0,0,0,0,0,0,1,1,1,1,0,0,0,0,0,0,1,1,1,1,0,1,1,1
2021-09-12,United Arab Emirates,2.0,28.0,-27.0,-18.0,-11.0,5.0,0,0,0,0,1,0,0,1.0,0.9891,0.0,1.0,0.0,1.0,1.0,1.0,0.0,0.0,0.0,0.0,1.0,0.0,0.0,sadness,0.0,1.0,0.0,0.0,1.0,0.0,0.0,1.0,1,0,0,1,1,1,1,0,1,0,0,0,1,1,0,1,1,0,0,0,1,1,1,1,1,1,1,0,0,0,1,0,0,0,1,1,0,1,0,0,0,0,0,0,0,0,1,1,0,0,0,0,0,0,0,0,0,0,0,0,0,1,0,0,0,1,0,0,0,1,0,0,0,0,0,0,0,0
2021-09-13,United Arab Emirates,-1.0,24.0,-30.0,-21.0,-12.0,5.0,0,0,0,0,1,0,0,3.0,-0.2527,0.6666666666666666,0.3333333333333333,0.0,0.0,1.0,0.0,1.0,0.87485933726514,1.0,1.0,1.0,0.0,1.0,fear,1.0,1.0,1.0,0.0,1.0,1.0,0.0,1.0,0,0,1,0,0,1,1,0,0,0,1,1,1,1,1,1,0,0,0,1,0,0,1,1,0,0,0,0,1,1,0,0,0,0,0,0,1,0,0,0,0,0,1,0,0,0,1,1,0,0,0,0,0,0,0,0,0,0,0,0,1,1,0,1,1,0,0,0,1,1,0,0,1,0,1,0,1,1
2021-09-14,United Arab Emirates,-1.0,25.0,-29.0,-21.0,-13.0,5.0,0,0,0,0,1,0,0,0.0,0.0,0.0,0.0,0.0,0.0,0.0,0.0,0.0,0.0,0.0,0.0,0.0,0.0,0.0,0,0.0,0.0,0.0,0.0,0.0,0.0,0.0,0.0,0,0,0,1,1,1,1,0,0,0,0,0,1,1,1,1,1,1,0,1,0,0,1,1,0,1,1,0,0,0,0,1,0,0,0,1,1,0,1,0,1,0,0,0,0,0,1,1,0,0,0,0,0,0,0,0,0,0,0,0,0,1,0,1,0,0,0,0,1,0,1,0,0,1,1,1,0,0
2021-09-15,United Arab Emirates,0.0,26.0,-31.0,-20.0,-12.0,5.0,0,0,0,0,1,0,0,2.0,0.6526000000000001,0.0,1.0,0.0,1.0,1.0,1.0,0.0,0.1157999999999999,0.0,0.0,0.0,0.0,1.0,fear,0.0,1.0,1.0,1.0,1.0,1.0,0.0,0.0,0,0,0,1,0,0,1,0,0,0,0,1,1,0,1,0,0,0,1,0,1,1,0,1,0,0,0,0,0,1,0,0,0,1,0,0,1,0,0,1,0,0,0,0,0,0,1,1,0,0,0,0,0,0,0,0,0,0,0,0,1,0,1,0,0,0,0,0,1,0,0,0,0,1,0,1,0,1
2021-09-16,United Arab Emirates,1.0,26.0,-29.0,-17.0,-12.0,5.0,0,0,0,0,1,0,0,1.0,0.8452,0.0,1.0,0.0,1.0,0.0,0.0,0.0,0.0,0.0,0.0,0.0,0.0,1.0,fear,0.0,0.0,0.0,1.0,0.0,0.0,0.0,1.0,0,0,0,1,1,1,1,0,0,1,1,0,0,0,1,0,1,1,0,1,1,1,1,1,1,0,1,1,1,0,0,1,1,0,1,0,1,0,0,0,0,1,0,0,0,0,1,1,0,0,0,0,0,0,0,0,0,0,0,0,1,1,1,0,0,1,0,0,0,1,1,1,1,0,1,1,1,0
2021-09-17,United Arab Emirates,-2.0,24.0,-39.0,-23.0,-8.0,6.0,0,0,0,0,1,0,0,3.0,0.4658666666666666,0.0,0.6666666666666666,0.0,1.0,1.0,0.0,1.0,0.3696511628849857,0.0,0.0,0.0,0.0,1.0,fear,0.0,1.0,0.0,0.0,0.0,0.0,0.0,0.0,0,0,0,1,1,0,1,0,0,0,1,0,1,1,0,1,0,0,0,0,0,0,0,0,1,0,0,0,0,0,1,0,0,0,1,0,0,0,0,0,0,0,0,0,0,0,1,1,0,0,0,0,0,0,0,0,0,0,0,0,1,0,0,0,1,0,0,0,1,0,0,0,0,0,0,0,0,0
2021-09-18,United Arab Emirates,0.0,25.0,-34.0,-20.0,-7.0,4.0,0,0,0,0,1,0,0,4.0,-0.0253499999999999,0.5,0.25,0.0,0.0,1.0,0.0,1.0,0.5339769774999668,0.0,0.0,0.0,0.0,1.0,fear,0.0,1.0,0.0,1.0,1.0,1.0,1.0,1.0,1,0,0,1,1,1,1,0,0,0,1,1,0,0,0,1,0,1,1,0,1,0,1,1,1,1,0,1,0,1,0,0,1,0,0,1,1,0,0,1,0,0,0,0,0,0,1,1,0,0,0,0,0,0,0,0,0,0,0,0,1,0,1,0,0,0,0,0,1,0,0,0,0,0,0,0,1,0
2021-09-19,United Arab Emirates,2.0,27.0,-25.0,-17.0,-11.0,5.0,0,0,0,0,1,0,0,1.0,0.743,0.0,1.0,0.0,1.0,1.0,1.0,0.0,0.0,0.0,0.0,0.0,0.0,1.0,fear,0.0,1.0,0.0,0.0,0.0,0.0,0.0,0.0,1,0,0,1,1,1,0,0,0,0,0,1,1,1,1,1,1,0,0,1,0,1,1,0,1,1,0,0,0,0,1,0,0,0,1,1,0,1,0,0,0,0,0,0,0,0,1,1,0,0,0,0,0,0,0,0,0,0,0,0,1,0,1,0,0,0,0,0,0,1,0,0,1,0,1,0,0,0
2021-09-20,United Arab Emirates,-1.0,24.0,-29.0,-18.0,-11.0,5.0,0,0,0,0,1,0,0,2.0,0.48295,0.0,0.5,0.0,1.0,1.0,0.0,1.0,0.48295,0.0,0.0,0.0,0.0,1.0,fear,0.0,1.0,0.0,0.0,1.0,0.0,0.0,0.0,0,0,0,1,1,1,1,0,0,0,1,1,0,0,0,1,0,0,1,0,0,1,1,1,1,0,1,1,1,0,0,0,0,1,0,0,0,0,0,0,0,0,1,0,0,0,1,1,0,0,0,0,0,0,0,0,0,0,0,0,0,1,0,1,0,0,0,0,0,1,0,1,1,0,1,1,1,1
2021-09-21,United Arab Emirates,-1.0,24.0,-27.0,-19.0,-11.0,5.0,0,0,0,0,1,0,0,4.0,0.208275,0.0,0.25,0.0,0.0,1.0,0.0,1.0,0.3607428819464078,0.0,0.0,0.0,0.0,1.0,fear,0.0,1.0,0.0,1.0,0.0,1.0,0.0,0.0,0,0,0,1,1,1,0,0,0,0,1,0,0,0,1,0,0,1,0,1,1,0,1,1,0,1,1,0,0,0,0,0,0,0,0,1,0,0,1,0,0,0,0,0,0,0,1,1,0,0,0,0,0,0,0,0,0,0,0,0,1,1,0,0,1,1,0,0,1,1,1,1,0,0,1,1,0,1
2021-09-22,United Arab Emirates,0.0,24.0,-28.0,-18.0,-8.0,5.0,0,0,0,0,1,0,0,2.0,0.2398,0.0,0.5,0.0,0.0,0.0,0.0,0.0,0.297,0.0,0.0,0.0,0.0,1.0,fear,0.0,1.0,1.0,1.0,1.0,1.0,0.0,0.0,0,0,0,1,1,1,1,0,0,0,0,1,1,0,0,0,1,0,1,0,0,1,1,1,1,1,0,0,0,1,1,0,0,1,1,0,1,0,0,0,0,0,0,0,0,0,1,1,0,0,0,0,0,0,0,0,0,0,0,0,0,1,0,1,0,0,0,0,0,1,0,0,0,1,0,1,0,1
2021-09-23,United Arab Emirates,2.0,26.0,-24.0,-15.0,-8.0,5.0,0,0,0,0,1,0,0,1.0,0.7319,0.0,1.0,0.0,1.0,1.0,1.0,0.0,0.0,0.0,0.0,0.0,0.0,1.0,fear,0.0,0.0,0.0,1.0,0.0,0.0,0.0,1.0,0,0,0,1,1,1,1,0,0,0,0,1,1,0,0,1,1,0,0,1,1,0,0,1,0,0,1,0,0,0,0,1,0,0,1,0,1,0,0,0,0,0,0,0,0,0,1,1,0,0,0,0,0,0,0,0,0,0,0,0,0,1,0,0,0,1,0,0,0,1,0,0,0,0,0,0,0,1
2021-09-24,United Arab Emirates,-1.0,22.0,-35.0,-20.0,-5.0,5.0,0,0,0,0,1,0,0,0.0,0.0,0.0,0.0,0.0,0.0,0.0,0.0,0.0,0.0,0.0,0.0,0.0,0.0,0.0,0,0.0,0.0,0.0,0.0,0.0,0.0,0.0,0.0,0,0,0,1,1,1,1,0,0,0,1,0,1,1,0,0,0,1,0,0,0,0,1,1,1,0,1,1,1,0,0,0,0,0,1,1,0,0,0,0,0,0,0,0,0,0,1,1,0,0,0,0,0,0,0,0,0,0,0,0,0,0,0,0,0,0,0,0,1,1,0,0,0,0,0,1,0,0
2021-09-25,United Arab Emirates,1.0,25.0,-31.0,-16.0,-4.0,4.0,0,0,0,0,1,0,0,0.0,0.0,0.0,0.0,0.0,0.0,0.0,0.0,0.0,0.0,0.0,0.0,0.0,0.0,0.0,0,0.0,0.0,0.0,0.0,0.0,0.0,0.0,0.0,1,0,0,1,0,1,1,0,0,0,0,0,0,0,0,1,0,1,1,0,1,1,0,0,1,0,0,1,0,0,0,0,1,0,0,1,1,0,0,1,0,0,0,0,0,0,1,1,0,0,0,0,0,0,0,0,0,0,0,0,1,1,1,0,0,1,0,0,1,1,1,1,0,0,1,1,1,0
2021-09-26,United Arab Emirates,4.0,29.0,-24.0,-13.0,-7.0,4.0,0,0,0,0,1,0,0,2.0,0.92025,0.0,1.0,0.0,1.0,0.0,0.0,0.0,0.0668499999999999,0.0,0.0,0.0,0.0,1.0,fear,0.0,1.0,0.0,0.0,0.0,0.0,0.0,0.0,1,0,0,1,0,1,1,0,0,0,0,1,1,0,1,0,0,0,0,0,0,0,0,1,1,0,0,0,0,1,1,0,0,0,0,1,0,0,0,0,0,0,0,0,0,0,1,1,0,0,0,0,0,0,0,0,0,0,0,0,1,1,0,1,1,0,0,0,1,0,1,0,0,0,1,0,1,0
2021-09-27,United Arab Emirates,3.0,28.0,-26.0,-15.0,-8.0,4.0,0,0,0,0,1,0,0,4.0,0.409525,0.0,0.5,0.0,1.0,1.0,0.0,1.0,0.4135452053584952,0.0,0.0,0.0,0.0,1.0,fear,0.0,1.0,0.0,1.0,1.0,0.0,0.0,1.0,0,0,0,1,1,0,1,0,0,0,1,0,1,0,0,0,0,0,0,0,0,1,0,0,1,0,0,1,0,0,0,0,0,0,0,0,0,0,0,0,0,0,0,0,0,0,1,1,0,0,0,0,0,0,0,0,0,0,0,0,1,1,1,0,0,1,0,0,1,0,0,0,1,0,1,1,1,1
2021-09-28,United Arab Emirates,3.0,29.0,-26.0,-15.0,-8.0,4.0,0,0,0,0,1,0,0,1.0,0.8002,0.0,1.0,0.0,1.0,1.0,1.0,0.0,0.0,0.0,0.0,0.0,0.0,1.0,fear,0.0,1.0,0.0,1.0,1.0,0.0,0.0,1.0,0,0,0,1,1,0,1,0,0,0,1,0,0,1,0,0,0,0,1,1,0,0,1,0,1,1,0,1,0,0,0,0,0,0,1,0,1,0,0,0,0,0,0,0,0,0,1,1,0,0,0,0,0,0,0,0,0,0,0,0,1,1,0,1,1,0,0,1,1,0,0,0,0,0,0,0,1,1
2021-09-29,United Arab Emirates,5.0,31.0,-27.0,-14.0,-8.0,4.0,0,0,0,0,1,0,0,1.0,0.5368,0.0,1.0,0.0,1.0,1.0,0.0,1.0,0.0,0.0,0.0,0.0,0.0,1.0,fear,0.0,1.0,1.0,1.0,1.0,1.0,0.0,0.0,0,0,0,1,1,1,1,0,0,0,1,1,0,1,0,0,0,0,1,1,0,1,1,0,0,0,0,0,1,0,0,0,0,1,1,0,1,0,0,0,0,0,0,0,0,0,1,1,0,0,0,0,0,0,0,0,0,0,0,0,0,1,0,0,0,1,0,0,1,0,0,0,0,1,1,1,0,1
2021-09-30,United Arab Emirates,7.0,32.0,-25.0,-9.0,-7.0,4.0,0,0,0,0,1,0,0,2.0,0.79345,0.0,1.0,0.0,1.0,1.0,1.0,0.0,0.02215,0.0,0.0,0.0,0.0,1.0,fear,0.0,1.0,0.0,0.0,1.0,0.0,0.0,0.0,0,0,0,1,1,1,1,0,0,0,1,1,1,0,1,1,1,0,0,1,1,0,1,1,1,1,1,0,0,0,1,1,0,0,1,1,1,0,0,0,0,0,0,0,0,0,1,1,0,0,0,0,0,0,0,0,0,0,0,0,1,1,0,1,1,0,0,1,1,0,1,0,0,1,1,0,0,1
2021-10-01,United Arab Emirates,6.0,32.0,-30.0,-9.0,-4.0,4.0,0,0,0,0,1,0,0,1.0,0.7519,0.0,1.0,0.0,1.0,0.0,0.0,0.0,0.0,0.0,0.0,0.0,0.0,1.0,fear,0.0,0.0,0.0,1.0,0.0,0.0,0.0,0.0,0,0,0,1,1,1,0,0,0,0,1,1,0,0,1,0,0,0,0,1,1,0,1,1,0,0,0,0,1,1,0,0,0,0,0,1,0,0,0,0,0,0,0,0,0,0,1,1,0,0,0,0,0,0,0,0,0,0,0,0,1,0,1,0,0,0,0,0,0,0,0,0,0,0,0,0,0,0
2021-10-02,United Arab Emirates,8.0,36.0,-28.0,-8.0,-4.0,3.0,0,0,0,0,1,0,0,1.0,0.9971,0.0,1.0,0.0,1.0,1.0,1.0,0.0,0.0,0.0,0.0,0.0,0.0,1.0,fear,0.0,1.0,0.0,1.0,0.0,0.0,0.0,1.0,1,0,0,1,1,1,0,0,0,0,1,1,0,0,0,0,0,1,0,0,1,0,0,1,0,0,1,0,0,0,0,0,1,0,1,1,0,0,0,0,0,0,0,0,0,0,1,1,0,0,0,0,0,0,0,0,0,0,0,0,1,0,0,0,1,0,0,0,0,0,0,0,0,0,1,0,1,0
2021-10-03,United Arab Emirates,10.0,38.0,-20.0,-6.0,-6.0,4.0,0,0,0,0,1,0,0,2.0,0.0,0.0,0.0,0.0,0.0,1.0,0.0,1.0,0.0,0.0,0.0,0.0,0.0,1.0,fear,0.0,1.0,0.0,0.0,0.0,0.0,0.0,0.0,1,0,0,1,1,1,1,0,0,0,1,1,1,1,0,0,0,0,0,0,1,0,1,1,0,0,0,0,1,1,0,0,0,0,1,0,0,0,0,0,0,0,0,0,0,0,1,1,0,0,0,0,0,0,0,0,0,0,0,0,1,1,1,0,0,1,1,0,0,1,0,1,0,0,0,1,1,0
2021-10-04,United Arab Emirates,7.0,34.0,-22.0,-9.0,-8.0,4.0,0,0,0,0,1,0,0,3.0,0.2128999999999999,0.3333333333333333,0.6666666666666666,0.0,0.0,1.0,1.0,0.0,0.5228494493318958,0.0,0.0,0.0,0.0,1.0,fear,0.0,0.0,0.0,1.0,1.0,0.0,0.0,0.0,0,0,0,1,1,1,1,0,0,0,0,1,1,0,0,1,0,0,0,0,0,1,1,0,1,1,0,1,0,0,0,0,0,0,0,1,1,0,0,0,0,0,0,0,0,0,1,1,0,0,0,0,0,0,0,0,0,0,0,0,1,1,0,1,1,0,0,0,0,1,0,0,1,1,1,0,1,1
2021-10-05,United Arab Emirates,6.0,34.0,-22.0,-9.0,-8.0,4.0,0,0,0,0,1,0,0,1.0,-0.5994,1.0,0.0,1.0,0.0,1.0,0.0,1.0,0.0,0.0,0.0,0.0,0.0,1.0,fear,0.0,1.0,0.0,0.0,1.0,0.0,0.0,0.0,0,0,1,0,1,1,1,0,0,0,0,1,1,0,1,1,0,0,0,1,0,1,1,1,1,0,0,0,1,1,1,0,0,0,1,1,1,0,0,0,0,0,0,0,0,0,1,1,0,0,0,0,0,0,0,0,0,0,0,0,1,1,1,1,0,0,1,0,0,0,0,0,1,0,0,1,1,0
2021-10-06,United Arab Emirates,7.0,34.0,-23.0,-9.0,-6.0,4.0,0,0,0,0,1,0,0,2.0,-0.0440499999999999,0.5,0.5,0.0,0.0,1.0,1.0,0.0,0.5808500000000001,0.0,0.0,0.0,0.0,1.0,fear,0.0,1.0,1.0,1.0,1.0,1.0,1.0,0.0,0,0,0,1,1,1,1,1,0,0,0,0,1,0,0,0,0,0,1,1,0,1,1,1,1,1,1,1,0,0,0,0,0,1,0,0,1,0,0,0,0,0,0,0,0,0,1,1,0,0,0,0,0,0,0,0,0,0,0,0,0,1,0,0,0,1,0,0,0,1,0,0,0,1,0,1,0,1
2021-10-07,United Arab Emirates,8.0,33.0,-20.0,-6.0,-6.0,4.0,0,0,0,0,1,0,0,1.0,-0.6186,1.0,0.0,1.0,0.0,1.0,0.0,1.0,0.0,0.0,1.0,0.0,0.0,0.0,anger,0.0,1.0,0.0,0.0,1.0,1.0,0.0,0.0,0,0,1,0,1,1,1,0,0,0,0,0,1,0,0,0,1,0,0,1,1,1,1,1,1,0,0,0,1,1,1,1,0,0,1,1,0,1,0,0,0,0,0,0,0,0,1,1,0,0,0,0,0,0,0,0,0,0,0,0,0,1,0,1,0,0,0,1,0,0,0,0,0,1,0,0,0,1
2021-10-08,United Arab Emirates,6.0,32.0,-25.0,-6.0,-5.0,4.0,0,0,0,0,1,0,0,0.0,0.0,0.0,0.0,0.0,0.0,0.0,0.0,0.0,0.0,0.0,0.0,0.0,0.0,0.0,0,0.0,0.0,0.0,0.0,0.0,0.0,0.0,0.0,0,0,0,1,0,1,1,1,1,0,0,0,1,0,0,0,1,0,0,1,1,0,1,1,0,1,1,0,0,0,0,0,0,0,0,0,1,0,0,0,0,0,0,0,0,0,1,1,0,0,0,0,0,0,0,0,0,0,0,0,1,0,0,0,1,0,0,0,1,0,1,0,0,0,1,0,0,0
2021-10-09,United Arab Emirates,8.0,34.0,-25.0,-6.0,-4.0,3.0,0,0,0,0,1,0,0,0.0,0.0,0.0,0.0,0.0,0.0,0.0,0.0,0.0,0.0,0.0,0.0,0.0,0.0,0.0,0,0.0,0.0,0.0,0.0,0.0,0.0,0.0,0.0,1,0,0,1,0,1,1,0,0,0,0,0,1,0,0,1,0,1,0,0,1,0,0,1,1,0,0,0,0,1,1,0,1,0,0,1,1,0,1,0,0,0,0,0,0,0,1,1,0,0,0,0,0,0,0,0,0,0,0,0,1,1,1,0,0,1,0,0,1,1,0,1,1,1,0,0,1,0
2021-10-10,United Arab Emirates,10.0,37.0,-18.0,-3.0,-5.0,4.0,0,0,0,0,1,0,0,2.0,0.9586,0.0,1.0,0.0,1.0,1.0,1.0,0.0,0.0379,0.0,0.0,0.0,0.0,1.0,fear,0.0,0.0,0.0,1.0,0.0,0.0,0.0,1.0,1,0,0,1,0,0,1,0,1,0,0,0,0,0,0,0,0,1,0,0,1,0,0,1,1,0,1,1,0,0,0,0,0,0,0,0,0,0,0,0,0,0,0,0,0,0,1,1,0,0,0,0,0,0,0,0,0,0,0,0,1,1,1,1,0,0,0,0,0,0,0,0,0,0,1,0,0,1
2021-10-11,United Arab Emirates,7.0,34.0,-19.0,-5.0,-5.0,4.0,0,0,0,0,1,0,0,2.0,0.55345,0.0,0.5,0.0,1.0,1.0,0.0,1.0,0.41035,0.0,0.0,0.0,0.0,1.0,fear,0.0,1.0,0.0,0.0,1.0,1.0,1.0,0.0,0,0,0,1,1,0,1,0,0,0,1,0,0,1,0,0,0,0,0,0,0,1,1,0,1,0,0,0,1,0,1,0,0,0,1,0,1,0,0,0,0,0,0,0,0,0,1,1,0,0,0,0,0,0,0,0,0,0,0,0,1,0,0,0,1,0,0,0,1,0,0,0,1,0,1,0,1,1
2021-10-12,United Arab Emirates,7.0,35.0,-17.0,-6.0,-5.0,4.0,0,0,0,0,1,0,0,1.0,0.2824,0.0,0.0,0.0,0.0,1.0,0.0,1.0,0.0,0.0,0.0,0.0,0.0,1.0,fear,0.0,0.0,0.0,1.0,0.0,0.0,0.0,0.0,0,0,0,1,1,0,1,0,0,1,1,0,0,0,0,0,1,0,0,1,0,1,1,0,1,1,0,1,0,0,0,0,0,0,0,0,0,1,0,0,0,0,0,0,0,0,1,1,0,0,0,0,0,0,0,0,0,0,0,0,1,1,1,0,0,1,1,0,0,1,0,0,1,0,0,0,1,0
2021-10-13,United Arab Emirates,8.0,35.0,-18.0,-6.0,-5.0,4.0,0,0,0,0,1,0,0,2.0,0.7254,0.0,1.0,0.0,1.0,1.0,1.0,0.0,0.1886,0.0,0.0,0.0,0.0,1.0,fear,0.0,1.0,1.0,1.0,1.0,1.0,1.0,0.0,0,0,0,1,1,1,1,0,0,0,0,1,0,0,1,0,0,0,1,0,0,1,1,1,1,1,0,0,0,1,1,0,0,1,1,1,1,0,0,1,0,0,0,0,0,0,1,1,0,0,0,0,0,0,0,0,0,0,0,0,0,1,0,1,0,0,0,0,0,0,0,1,0,1,0,1,0,1
2021-10-14,United Arab Emirates,9.0,35.0,-15.0,-4.0,-5.0,4.0,0,0,0,0,1,0,0,3.0,-0.4567666666666667,0.6666666666666666,0.0,1.0,0.0,1.0,0.0,1.0,0.4671530964850341,0.0,0.0,0.0,0.0,1.0,fear,0.0,1.0,0.0,0.0,1.0,1.0,0.0,0.0,0,0,1,0,1,1,0,0,0,1,1,1,0,0,0,0,1,1,1,1,1,1,1,1,1,0,1,1,1,0,0,1,0,0,1,0,0,1,1,0,0,0,0,0,0,0,1,1,0,0,0,0,0,1,0,1,0,0,0,1,1,0,0,0,1,0,0,0,1,0,1,0,1,0,0,0,0,0
2021-10-15,United Arab Emirates,6.0,31.0,-18.0,-2.0,-4.0,4.0,0,0,0,0,1,0,0,0.0,0.0,0.0,0.0,0.0,0.0,0.0,0.0,0.0,0.0,0.0,0.0,0.0,0.0,0.0,0,0.0,0.0,0.0,0.0,0.0,0.0,0.0,0.0,0,0,0,1,1,1,0,1,0,0,0,0,0,0,0,0,1,0,0,1,0,0,1,1,0,1,1,0,0,0,0,0,0,0,0,1,0,0,0,0,0,0,0,0,0,0,1,1,0,0,0,0,0,0,0,0,0,0,0,0,1,0,1,0,0,0,0,0,0,0,0,0,0,0,0,0,1,0
2021-10-16,United Arab Emirates,8.0,34.0,-19.0,-3.0,-3.0,3.0,0,0,0,0,1,0,0,1.0,0.9752,0.0,1.0,0.0,1.0,1.0,1.0,0.0,0.0,0.0,0.0,0.0,0.0,1.0,fear,0.0,1.0,0.0,0.0,0.0,1.0,0.0,1.0,1,0,0,1,0,1,0,0,0,0,0,1,0,0,0,0,0,1,0,0,1,0,0,1,0,0,0,0,0,1,0,0,1,0,0,1,0,0,1,0,0,0,0,0,0,0,1,1,0,0,0,0,0,0,0,0,0,0,0,0,0,1,0,0,0,1,0,0,0,1,0,1,0,0,0,1,1,0
2021-10-17,United Arab Emirates,12.0,38.0,-11.0,0.0,-6.0,4.0,0,0,0,0,1,0,0,1.0,0.0,0.0,0.0,0.0,0.0,1.0,0.0,1.0,0.0,0.0,0.0,0.0,0.0,1.0,fear,0.0,1.0,0.0,0.0,1.0,0.0,0.0,0.0,1,0,0,1,1,1,1,0,1,0,1,0,1,1,0,1,1,1,0,0,1,0,1,1,1,0,1,0,1,0,1,0,0,0,0,0,1,0,0,0,0,0,0,0,0,0,1,1,0,0,0,0,0,0,0,0,0,0,0,0,1,1,0,1,1,0,0,0,1,1,0,0,0,0,0,1,0,0
2021-10-18,United Arab Emirates,9.0,34.0,-13.0,-3.0,-7.0,4.0,0,0,0,0,1,0,0,2.0,0.1031499999999999,0.0,0.5,0.0,0.0,0.0,0.0,0.0,0.39915,0.0,0.0,0.0,0.0,1.0,fear,0.0,1.0,0.0,0.0,1.0,0.0,0.0,0.0,0,0,0,1,1,0,1,0,0,0,0,0,1,0,0,0,0,0,1,1,0,1,1,0,1,1,0,1,0,0,0,0,0,0,0,0,0,0,0,1,0,0,0,0,0,0,1,1,0,0,0,0,0,0,0,0,0,0,0,0,1,0,1,0,0,0,0,0,0,1,1,0,1,0,1,1,1,0
2021-10-19,United Arab Emirates,10.0,34.0,-12.0,-3.0,-8.0,4.0,0,0,0,0,1,0,0,2.0,0.6978,0.0,1.0,0.0,1.0,1.0,1.0,0.0,0.2574,0.0,0.0,0.0,0.0,1.0,fear,0.0,1.0,0.0,0.0,0.0,0.0,0.0,0.0,0,0,0,1,1,1,1,0,0,0,0,1,0,0,1,0,0,1,0,1,0,0,0,1,1,0,0,1,0,1,0,0,0,0,0,0,1,0,0,0,0,0,0,0,0,0,1,1,0,0,0,0,1,0,1,0,0,0,1,0,0,0,0,0,0,0,0,0,0,0,0,0,0,0,0,0,0,0
2021-10-20,United Arab Emirates,18.0,41.0,-6.0,3.0,-7.0,2.0,0,0,0,0,1,0,0,4.0,0.07525,0.0,0.25,0.0,0.0,1.0,0.0,1.0,0.2961272150613651,0.0,0.0,0.0,1.0,0.0,anxiety,0.0,1.0,1.0,1.0,1.0,1.0,0.0,1.0,0,0,0,1,1,1,1,0,0,0,1,0,1,0,0,0,0,0,1,0,1,1,1,1,1,0,1,0,1,0,1,0,0,1,0,0,1,0,0,1,0,0,0,0,0,0,1,1,0,0,0,0,0,0,0,0,0,0,0,0,0,1,0,1,0,0,0,0,0,0,0,0,0,1,0,1,0,1
2021-10-21,United Arab Emirates,16.0,44.0,18.0,-11.0,-56.0,17.0,0,0,1,1,1,0,1,0.0,0.0,0.0,0.0,0.0,0.0,0.0,0.0,0.0,0.0,0.0,0.0,0.0,0.0,0.0,0,0.0,0.0,0.0,0.0,0.0,0.0,0.0,0.0,0,0,0,0,0,1,1,0,0,1,0,0,0,1,0,0,1,0,1,1,1,1,1,0,1,1,0,1,0,0,0,1,0,0,1,0,0,0,0,0,0,0,0,1,0,0,1,1,0,0,0,0,0,0,0,0,0,0,0,0,1,1,0,0,1,1,0,0,1,1,1,1,0,0,1,0,0,0
2021-10-22,United Arab Emirates,5.0,29.0,-6.0,-3.0,-5.0,3.0,0,0,0,0,1,0,0,0.0,0.0,0.0,0.0,0.0,0.0,0.0,0.0,0.0,0.0,0.0,0.0,0.0,0.0,0.0,0,0.0,0.0,0.0,0.0,0.0,0.0,0.0,0.0,0,0,0,1,0,1,0,0,0,0,0,1,0,0,0,0,0,0,0,0,0,0,0,1,0,0,0,0,0,1,0,0,0,0,0,0,0,0,0,0,0,0,0,0,0,0,1,1,0,0,0,0,0,0,0,0,0,0,0,0,1,1,1,1,0,0,0,0,1,0,0,0,0,0,1,1,0,1
2021-10-23,United Arab Emirates,6.0,32.0,-14.0,-3.0,-2.0,3.0,0,0,0,0,1,0,0,1.0,0.9911,0.0,1.0,0.0,1.0,1.0,1.0,0.0,0.0,0.0,0.0,0.0,0.0,1.0,fear,0.0,0.0,0.0,1.0,0.0,0.0,0.0,1.0,1,0,0,1,0,0,1,0,0,0,0,0,1,0,1,1,0,1,1,0,1,0,0,1,1,0,1,0,0,0,1,0,1,0,0,1,0,0,0,0,0,0,0,0,1,0,1,1,0,0,0,0,0,0,0,0,0,0,0,0,0,1,0,0,0,1,0,0,1,1,0,0,0,0,1,1,0,0
2021-10-24,United Arab Emirates,8.0,32.0,-12.0,-1.0,-4.0,4.0,0,0,0,0,1,0,0,3.0,0.3747333333333333,0.0,0.6666666666666666,0.0,1.0,1.0,0.0,1.0,0.3381031828040402,0.0,0.0,0.0,0.0,1.0,fear,0.0,0.0,1.0,1.0,0.0,0.0,0.0,0.0,1,0,0,1,1,0,1,0,0,0,1,0,0,1,0,0,0,0,0,0,0,1,1,0,1,0,0,1,1,0,0,0,0,0,1,0,0,0,0,0,0,0,0,0,0,0,1,1,0,0,0,0,0,0,0,0,0,0,0,0,0,0,0,0,0,0,0,0,0,0,0,0,0,0,0,0,0,0
2021-10-25,United Arab Emirates,8.0,35.0,-12.0,-3.0,-4.0,4.0,0,0,0,0,1,0,0,3.0,0.5052666666666666,0.0,0.6666666666666666,0.0,1.0,0.0,0.0,0.0,0.3879603444798049,0.0,0.0,0.0,0.0,1.0,fear,0.0,1.0,1.0,1.0,0.0,0.0,0.0,0.0,0,0,0,1,1,0,1,0,0,0,1,0,0,0,0,0,0,0,0,0,0,1,1,0,0,1,0,0,0,0,0,1,0,0,1,0,0,0,0,0,0,0,0,0,0,0,1,1,0,0,0,0,0,0,0,0,0,0,0,0,1,1,1,0,0,1,0,0,0,1,0,1,1,1,1,1,1,1
2021-10-26,United Arab Emirates,9.0,35.0,-11.0,-3.0,-4.0,4.0,0,0,0,0,1,0,0,0.0,0.0,0.0,0.0,0.0,0.0,0.0,0.0,0.0,0.0,0.0,0.0,0.0,0.0,0.0,0,0.0,0.0,0.0,0.0,0.0,0.0,0.0,0.0,0,0,0,1,1,1,1,0,0,0,1,1,1,0,1,0,0,0,0,0,0,0,0,1,1,0,0,0,0,1,1,1,0,0,1,1,0,0,0,0,0,0,0,0,0,0,1,1,0,0,0,0,0,0,0,0,0,0,0,0,1,0,0,0,1,0,0,0,1,0,1,0,0,0,0,0,0,0
2021-10-27,United Arab Emirates,12.0,39.0,-11.0,-1.0,-3.0,3.0,0,0,0,0,1,0,0,2.0,0.2684,0.0,0.5,0.0,0.0,1.0,0.0,1.0,0.2684,0.0,0.0,0.0,0.0,1.0,fear,0.0,1.0,1.0,1.0,1.0,1.0,0.0,0.0,0,0,0,1,0,1,0,0,0,0,0,1,0,0,0,1,0,0,1,0,0,1,0,1,1,0,1,1,0,0,0,0,1,1,0,1,1,0,0,0,0,0,0,0,0,1,1,1,0,0,0,0,0,0,0,0,0,0,0,0,1,0,1,0,0,0,0,0,0,1,0,1,0,1,1,1,1,1
2021-10-28,United Arab Emirates,13.0,40.0,-5.0,0.0,-3.0,3.0,0,0,0,0,1,0,0,1.0,0.8765,0.0,1.0,0.0,1.0,1.0,1.0,0.0,0.0,0.0,0.0,0.0,0.0,1.0,fear,0.0,0.0,0.0,0.0,0.0,0.0,0.0,1.0,0,0,0,1,1,1,0,0,0,0,0,1,0,0,0,0,1,0,0,1,0,0,1,0,0,1,0,0,0,0,0,1,1,0,1,1,0,0,0,0,0,0,0,0,0,0,1,1,0,0,0,0,0,0,0,0,0,0,0,0,1,1,0,1,1,0,0,0,1,1,0,0,0,0,1,1,0,0
2021-10-29,United Arab Emirates,10.0,35.0,-8.0,1.0,0.0,3.0,0,0,0,0,1,0,0,2.0,-0.2418,0.5,0.0,0.0,0.0,1.0,0.0,1.0,0.2418,0.0,0.0,0.0,0.0,1.0,fear,0.0,1.0,0.0,1.0,1.0,0.0,0.0,0.0,0,0,0,1,1,0,0,0,0,0,1,0,0,1,0,0,0,0,0,0,0,0,1,0,0,0,0,0,1,0,0,0,0,0,0,0,0,0,0,0,0,0,0,0,0,0,1,1,0,0,0,0,0,0,0,0,0,0,0,0,0,0,0,0,0,0,0,0,0,0,0,0,0,0,0,1,0,0
2021-10-30,United Arab Emirates,13.0,41.0,-11.0,3.0,0.0,2.0,0,0,0,0,1,0,0,1.0,0.3094,0.0,1.0,0.0,1.0,1.0,1.0,0.0,0.0,0.0,0.0,0.0,0.0,1.0,fear,0.0,1.0,1.0,1.0,0.0,0.0,0.0,0.0,1,0,0,1,1,1,1,0,0,0,0,0,1,0,0,1,0,1,0,1,1,0,1,1,1,1,1,0,0,0,1,0,1,0,1,1,1,0,0,0,0,0,0,0,0,0,1,1,0,0,0,0,0,0,0,0,0,0,0,0,1,0,0,0,1,0,0,0,1,0,1,0,1,0,1,0,1,0
2021-10-31,United Arab Emirates,17.0,45.0,-7.0,5.0,-2.0,3.0,0,0,0,0,1,0,0,0.0,0.0,0.0,0.0,0.0,0.0,0.0,0.0,0.0,0.0,0.0,0.0,0.0,0.0,0.0,0,0.0,0.0,0.0,0.0,0.0,0.0,0.0,0.0,1,0,0,1,1,1,1,0,0,0,1,1,1,0,1,0,0,0,0,0,0,0,1,1,1,0,0,1,1,1,0,1,0,1,1,0,1,0,0,0,0,0,0,0,0,0,1,1,0,0,0,0,0,0,0,0,0,0,0,0,0,1,0,1,0,0,0,0,0,0,0,1,0,0,0,1,0,0
2021-11-01,United Arab Emirates,15.0,45.0,-9.0,2.0,-3.0,3.0,0,0,0,0,1,0,0,4.0,0.552475,0.0,0.75,0.0,1.0,1.0,1.0,0.0,0.3472715247108521,0.0,0.0,0.0,0.0,1.0,fear,0.0,1.0,1.0,1.0,1.0,1.0,1.0,1.0,0,0,0,1,0,1,1,0,0,0,0,0,1,0,0,0,0,0,0,0,1,0,0,1,0,0,1,0,0,0,0,0,0,1,0,1,1,0,0,0,0,0,0,0,0,0,1,1,0,0,0,0,0,0,0,0,0,0,0,0,0,1,0,0,0,1,0,0,1,1,1,1,1,0,1,1,1,0
2021-11-02,United Arab Emirates,17.0,48.0,-8.0,2.0,-3.0,3.0,0,0,0,0,1,0,0,0.0,0.0,0.0,0.0,0.0,0.0,0.0,0.0,0.0,0.0,0.0,0.0,0.0,0.0,0.0,0,0.0,0.0,0.0,0.0,0.0,0.0,0.0,0.0,0,0,0,1,1,1,0,0,0,0,1,1,0,1,0,0,1,0,0,1,0,0,1,1,0,0,0,0,1,1,0,1,1,0,1,1,0,1,0,0,0,0,0,0,0,0,1,1,0,0,0,0,0,0,0,0,0,0,0,0,1,1,1,1,0,0,0,0,1,1,0,1,0,1,1,1,0,1
2021-11-03,United Arab Emirates,16.0,45.0,-8.0,3.0,-3.0,3.0,0,0,0,0,1,0,0,2.0,0.6903,0.0,1.0,0.0,1.0,0.0,0.0,0.0,0.1534999999999999,0.0,0.0,0.0,0.0,1.0,fear,0.0,1.0,1.0,1.0,1.0,1.0,0.0,1.0,0,0,0,1,0,0,1,0,0,0,0,0,0,0,0,0,0,0,1,0,0,1,0,0,1,0,0,1,0,0,0,0,0,1,0,0,1,0,0,0,0,0,0,0,0,0,1,1,0,0,0,0,0,0,0,0,0,0,0,0,0,0,0,0,0,0,0,0,0,1,0,0,0,1,1,1,0,1
2021-11-04,United Arab Emirates,18.0,45.0,-1.0,4.0,-6.0,5.0,0,0,0,0,1,0,0,2.0,0.44945,0.0,0.5,0.0,1.0,1.0,0.0,1.0,0.2471499999999999,0.0,0.0,0.0,0.0,1.0,fear,0.0,1.0,0.0,1.0,0.0,0.0,0.0,0.0,0,0,0,1,1,1,1,0,0,0,1,1,1,1,1,1,1,1,0,1,1,0,0,1,1,0,0,0,0,1,1,1,1,0,1,1,0,0,1,0,0,0,0,0,0,0,1,1,0,0,0,0,0,0,0,0,0,0,0,0,0,0,0,0,0,0,0,0,0,1,0,0,0,0,0,0,0,0
2021-11-05,United Arab Emirates,13.0,37.0,-3.0,2.0,-2.0,3.0,0,0,0,0,1,0,0,1.0,0.2732,0.0,0.0,0.0,0.0,0.0,0.0,0.0,0.0,0.0,0.0,0.0,0.0,1.0,fear,0.0,1.0,0.0,1.0,0.0,0.0,0.0,0.0,0,0,0,1,1,0,1,0,0,0,1,0,0,0,0,0,0,0,0,0,0,1,1,0,1,1,0,1,0,0,0,0,0,0,1,0,1,0,0,0,0,0,0,0,0,0,1,1,0,0,0,0,0,0,0,0,0,0,0,0,1,0,1,0,0,0,0,0,0,0,1,0,0,0,1,0,0,0
2021-11-06,United Arab Emirates,14.0,40.0,-7.0,3.0,-1.0,3.0,0,0,0,0,1,0,0,0.0,0.0,0.0,0.0,0.0,0.0,0.0,0.0,0.0,0.0,0.0,0.0,0.0,0.0,0.0,0,0.0,0.0,0.0,0.0,0.0,0.0,0.0,0.0,1,0,0,1,1,1,1,0,0,0,0,1,1,0,1,0,0,1,0,0,1,0,0,0,1,0,0,0,0,0,1,0,1,1,1,1,1,0,0,0,0,0,0,0,0,0,1,1,0,0,0,0,0,0,0,0,0,0,0,0,1,1,0,0,1,1,0,0,1,1,1,0,0,0,1,1,0,1
2021-11-07,United Arab Emirates,17.0,44.0,-2.0,7.0,-2.0,4.0,0,0,0,0,1,0,0,2.0,-0.09505,0.0,0.0,0.0,0.0,1.0,0.0,1.0,0.09505,0.0,0.0,0.0,0.0,1.0,fear,0.0,1.0,0.0,1.0,0.0,0.0,0.0,1.0,1,0,0,1,0,1,0,0,0,0,0,1,0,0,0,0,0,0,0,0,0,0,0,1,0,0,1,0,0,0,0,0,0,0,0,1,0,0,0,0,0,0,0,0,0,0,1,1,0,0,0,0,0,0,0,0,0,0,0,0,1,0,1,0,0,0,0,0,1,0,1,0,1,0,1,0,1,0
2021-11-08,United Arab Emirates,14.0,40.0,-5.0,4.0,-3.0,4.0,0,0,0,0,1,0,0,1.0,0.8611,0.0,1.0,0.0,1.0,1.0,1.0,0.0,0.0,0.0,0.0,0.0,0.0,1.0,fear,0.0,0.0,0.0,1.0,0.0,0.0,0.0,1.0,0,0,0,1,1,1,1,0,0,0,0,0,1,1,0,1,0,0,1,0,0,1,1,0,1,1,0,0,0,0,1,0,0,1,1,1,1,0,0,1,0,0,0,0,0,0,1,1,0,0,0,0,0,0,0,0,0,0,0,0,0,1,0,1,0,0,0,0,1,0,0,0,1,0,1,0,1,0
2021-11-09,United Arab Emirates,15.0,41.0,-2.0,3.0,-3.0,4.0,0,0,0,0,1,0,0,3.0,0.3380333333333333,0.3333333333333333,0.6666666666666666,0.0,1.0,1.0,0.0,1.0,0.612924880298466,0.0,0.0,0.0,0.0,1.0,fear,0.0,1.0,0.0,1.0,1.0,1.0,1.0,1.0,0,0,0,1,1,0,0,0,0,0,1,0,0,1,0,0,0,0,0,0,0,0,1,0,0,0,0,0,1,0,0,0,0,0,1,0,0,0,0,0,0,0,0,0,0,0,1,1,0,0,0,0,0,0,0,0,0,0,0,0,0,1,0,0,0,1,0,0,1,0,0,1,0,0,0,1,0,0
2021-11-10,United Arab Emirates,16.0,42.0,-3.0,5.0,-2.0,3.0,0,0,0,0,1,0,0,3.0,0.4247666666666667,0.0,1.0,0.0,1.0,0.0,0.0,0.0,0.0901708132133428,0.0,0.0,0.0,0.0,1.0,fear,0.0,1.0,1.0,1.0,1.0,1.0,0.0,0.0,0,0,0,1,1,1,1,0,0,0,1,0,1,1,1,1,1,0,1,1,0,1,1,1,0,1,1,0,0,0,0,0,0,1,1,1,1,1,0,0,0,0,0,0,0,0,1,1,0,0,0,0,0,0,0,0,0,0,0,0,0,1,0,0,0,1,0,0,0,1,0,1,0,1,0,1,0,1
2021-11-11,United Arab Emirates,16.0,39.0,2.0,6.0,-2.0,4.0,0,0,0,0,1,0,0,1.0,0.4215,0.0,1.0,0.0,1.0,0.0,0.0,0.0,0.0,0.0,0.0,0.0,0.0,1.0,fear,0.0,0.0,0.0,0.0,0.0,0.0,0.0,0.0,0,0,0,1,1,1,1,0,0,0,1,1,1,0,1,0,1,0,0,1,0,0,0,1,1,0,0,1,0,1,0,1,0,0,1,1,1,0,0,0,0,0,0,0,0,0,1,1,0,0,0,0,0,0,0,0,0,0,0,0,1,0,0,0,1,0,0,0,1,0,0,0,0,0,1,0,1,0
2021-11-12,United Arab Emirates,17.0,39.0,4.0,7.0,1.0,2.0,0,0,0,0,1,0,0,2.0,0.2795499999999999,0.0,0.5,0.0,0.0,0.0,0.0,0.0,0.2408499999999999,0.0,0.0,0.0,0.0,1.0,fear,0.0,1.0,1.0,0.0,0.0,0.0,0.0,0.0,0,0,0,1,1,1,1,0,0,0,1,1,0,0,1,0,0,1,0,0,1,0,0,1,0,0,1,0,0,0,0,0,0,0,0,1,1,0,1,0,0,0,0,0,0,0,1,1,0,0,0,0,0,0,0,0,0,0,0,0,0,1,0,1,0,0,0,0,0,0,0,1,0,1,0,1,0,1
2021-11-13,United Arab Emirates,16.0,40.0,-2.0,7.0,0.0,3.0,0,0,0,0,1,0,0,3.0,0.5233333333333333,0.0,0.6666666666666666,0.0,1.0,1.0,1.0,0.0,0.3352868854511843,1.0,0.0,0.0,0.0,1.0,fear,0.0,1.0,0.0,1.0,1.0,0.0,0.0,0.0,1,0,1,0,1,1,0,0,0,0,0,1,0,0,0,0,0,1,0,0,1,0,0,0,0,0,0,0,0,0,0,1,1,0,0,1,0,0,0,0,0,0,0,0,0,0,1,1,0,0,0,0,0,0,0,0,0,0,0,0,1,1,1,0,0,1,0,0,0,0,0,0,0,1,0,0,0,0
2021-11-14,United Arab Emirates,19.0,43.0,2.0,12.0,-1.0,4.0,0,0,0,0,1,0,0,0.0,0.0,0.0,0.0,0.0,0.0,0.0,0.0,0.0,0.0,0.0,0.0,0.0,0.0,0.0,0,0.0,0.0,0.0,0.0,0.0,0.0,0.0,0.0,1,0,0,1,1,1,1,0,0,0,1,1,0,0,0,1,0,0,0,1,0,0,1,0,1,0,0,1,1,0,0,0,0,0,1,0,1,0,0,0,1,0,0,0,0,0,1,1,0,0,0,0,0,0,0,0,0,0,0,0,1,1,0,0,1,1,0,0,0,1,1,1,0,0,1,1,0,0
2021-11-15,United Arab Emirates,16.0,41.0,-1.0,9.0,-2.0,4.0,0,0,0,0,1,0,0,1.0,-0.1804,0.0,0.0,0.0,0.0,1.0,0.0,1.0,0.0,1.0,0.0,0.0,0.0,1.0,fear,0.0,1.0,0.0,0.0,0.0,0.0,0.0,0.0,0,0,1,0,0,1,1,0,0,0,0,0,1,0,0,1,0,0,0,0,0,0,0,0,1,0,0,0,0,0,1,0,1,0,0,0,1,0,0,0,0,0,0,0,0,0,1,1,0,0,0,0,0,0,0,0,0,0,0,0,1,1,0,1,1,0,0,0,1,0,1,0,1,0,1,0,1,0
2021-11-16,United Arab Emirates,17.0,42.0,2.0,8.0,-2.0,4.0,0,0,0,0,1,0,0,1.0,0.2805,0.0,0.0,0.0,0.0,1.0,1.0,0.0,0.0,0.0,0.0,0.0,0.0,1.0,fear,0.0,1.0,0.0,1.0,0.0,0.0,0.0,1.0,0,0,0,1,1,1,1,0,0,0,0,1,1,0,0,1,0,0,1,0,1,1,1,1,1,1,0,1,0,1,0,0,0,0,0,1,1,0,0,1,1,1,0,0,0,0,1,1,0,0,0,0,0,0,0,0,0,0,0,0,0,1,0,0,0,1,0,0,0,1,0,1,0,0,0,1,0,0
2021-11-17,United Arab Emirates,17.0,42.0,1.0,7.0,-2.0,4.0,0,0,0,0,1,0,0,3.0,0.8009000000000001,0.0,1.0,0.0,1.0,1.0,1.0,0.0,0.1930141100196217,0.0,0.0,0.0,0.0,1.0,fear,0.0,1.0,1.0,1.0,1.0,1.0,0.0,1.0,0,0,0,1,1,0,1,0,0,0,0,0,1,1,0,0,0,0,1,0,0,1,1,0,0,0,0,0,1,0,0,0,0,1,1,0,1,0,0,0,0,0,0,0,0,0,1,1,0,0,0,0,0,0,0,0,0,0,0,0,1,0,1,0,0,0,0,0,0,0,1,0,1,0,1,0,1,0
2021-11-18,United Arab Emirates,17.0,41.0,6.0,10.0,-2.0,4.0,0,0,0,0,1,0,0,0.0,0.0,0.0,0.0,0.0,0.0,0.0,0.0,0.0,0.0,0.0,0.0,0.0,0.0,0.0,0,0.0,0.0,0.0,0.0,0.0,0.0,0.0,0.0,0,0,0,1,1,1,1,0,0,0,1,0,1,1,0,0,1,0,0,1,0,0,1,1,0,0,1,0,1,0,0,1,0,0,1,0,0,0,0,0,0,1,0,0,0,0,1,1,0,0,0,0,0,0,0,0,0,0,0,0,1,0,0,0,1,0,0,0,0,1,0,0,1,0,0,1,0,0
2021-11-19,United Arab Emirates,13.0,38.0,7.0,7.0,3.0,3.0,0,0,0,0,1,0,0,2.0,-0.2113999999999999,0.5,0.5,0.0,0.0,1.0,0.0,1.0,0.681,0.0,0.0,0.0,0.0,1.0,fear,0.0,1.0,0.0,1.0,1.0,1.0,1.0,1.0,0,0,0,1,0,1,1,0,0,0,0,0,0,0,1,0,0,0,0,0,0,0,0,1,0,0,0,0,0,1,0,0,0,1,0,1,0,0,0,0,0,0,0,0,0,0,1,1,0,0,0,0,0,0,0,0,0,0,0,0,1,1,0,1,1,0,0,0,1,0,1,1,0,0,1,1,0,1
2021-11-20,United Arab Emirates,14.0,39.0,0.0,7.0,3.0,3.0,0,0,0,0,1,0,0,3.0,0.2870999999999999,0.0,0.3333333333333333,0.0,0.0,1.0,1.0,0.0,0.236358301454945,0.0,0.0,0.0,0.0,1.0,fear,0.0,1.0,0.0,0.0,0.0,1.0,0.0,0.0,1,0,0,1,1,1,1,0,0,0,0,1,1,1,1,0,1,1,0,1,1,1,1,1,1,1,0,0,0,1,1,0,1,0,1,1,1,1,0,0,0,0,1,0,0,0,1,1,0,0,0,0,0,0,0,0,0,0,0,0,1,0,1,0,0,0,0,0,0,0,0,0,0,0,0,1,0,1
2021-11-21,United Arab Emirates,18.0,43.0,4.0,10.0,0.0,4.0,0,0,0,0,1,0,0,2.0,0.57955,0.0,1.0,0.0,1.0,1.0,1.0,0.0,0.17765,0.0,0.0,0.0,0.0,1.0,fear,0.0,1.0,0.0,1.0,0.0,0.0,0.0,1.0,1,0,0,1,1,0,0,0,0,0,0,0,0,0,0,0,1,0,0,0,0,0,1,0,0,0,0,0,1,0,0,0,0,0,0,0,0,0,0,0,0,0,0,0,0,0,1,1,0,0,0,0,0,0,0,0,0,0,0,0,1,1,0,1,1,0,0,1,1,0,1,0,0,0,1,1,0,0
2021-11-22,United Arab Emirates,15.0,40.0,1.0,6.0,-1.0,4.0,0,0,0,0,1,0,0,1.0,-0.1506,0.0,0.0,0.0,0.0,1.0,0.0,1.0,0.0,0.0,0.0,0.0,0.0,1.0,fear,0.0,1.0,0.0,0.0,0.0,0.0,0.0,0.0,0,0,0,1,1,1,1,0,0,0,1,0,0,1,1,0,0,1,0,0,1,0,1,1,1,0,1,1,1,0,0,0,0,0,1,1,0,0,1,0,0,0,1,0,0,0,1,1,0,0,0,0,0,0,0,0,0,0,0,0,0,1,0,0,0,1,0,0,0,0,0,0,0,0,0,1,0,0
2021-11-23,United Arab Emirates,15.0,41.0,2.0,5.0,-1.0,4.0,0,0,0,0,1,0,0,2.0,0.5747,0.0,1.0,0.0,1.0,1.0,1.0,0.0,0.048,0.0,0.0,0.0,0.0,1.0,fear,0.0,1.0,0.0,1.0,0.0,0.0,0.0,1.0,0,0,0,1,1,1,1,0,0,0,0,0,0,0,0,1,0,1,0,0,0,0,1,1,1,1,0,0,0,1,1,0,0,0,0,0,1,0,0,0,0,0,0,0,0,0,1,1,0,0,0,0,0,0,0,0,0,0,0,0,0,0,0,0,0,0,0,0,1,0,0,0,0,0,1,0,0,0
2021-11-24,United Arab Emirates,17.0,42.0,2.0,6.0,0.0,4.0,0,0,0,0,1,0,0,0.0,0.0,0.0,0.0,0.0,0.0,0.0,0.0,0.0,0.0,0.0,0.0,0.0,0.0,0.0,0,0.0,0.0,0.0,0.0,0.0,0.0,0.0,0.0,0,0,0,1,1,1,1,0,0,0,1,1,1,1,1,1,0,0,1,0,0,1,1,1,1,0,0,0,1,1,1,0,0,1,1,1,1,0,0,0,0,0,0,0,0,0,1,1,0,0,0,0,0,1,0,1,0,0,0,1,1,1,1,0,0,1,0,0,0,1,1,0,0,1,1,1,1,1
2021-11-25,United Arab Emirates,19.0,44.0,7.0,11.0,-1.0,4.0,0,0,0,0,1,0,0,1.0,0.6416,0.0,1.0,0.0,1.0,0.0,0.0,0.0,0.0,0.0,0.0,0.0,0.0,1.0,fear,0.0,0.0,0.0,1.0,0.0,0.0,0.0,0.0,0,0,0,1,0,1,0,0,0,0,0,0,0,0,0,0,0,0,0,0,0,0,0,1,0,0,1,0,0,0,0,0,0,0,0,0,0,0,0,0,0,0,0,0,0,0,1,1,0,0,0,0,0,1,0,1,0,0,0,1,0,0,0,0,0,0,0,0,0,0,0,0,0,0,1,0,1,0
2021-11-26,United Arab Emirates,19.0,44.0,8.0,16.0,5.0,2.0,0,0,0,0,1,0,0,4.0,0.2131,0.25,0.5,0.0,0.0,1.0,0.0,1.0,0.7123535884657282,0.0,0.0,0.0,0.0,1.0,fear,0.0,1.0,0.0,1.0,1.0,0.0,1.0,1.0,0,0,0,1,1,1,1,0,0,0,1,1,0,0,1,1,0,0,1,0,0,1,0,1,1,0,0,1,0,1,0,0,0,0,1,1,1,0,0,1,0,0,0,0,0,0,1,1,0,0,0,0,0,0,0,0,0,0,0,0,1,0,1,0,0,0,1,0,0,0,0,0,0,0,1,1,0,0
2021-11-27,United Arab Emirates,20.0,45.0,2.0,12.0,5.0,2.0,0,0,0,0,1,0,0,4.0,0.2996999999999999,0.25,0.5,0.0,0.0,0.0,0.0,0.0,0.5370198180700597,0.0,0.0,0.0,0.0,1.0,fear,0.0,1.0,1.0,1.0,1.0,0.0,0.0,0.0,1,0,0,1,1,0,1,0,0,0,0,0,0,1,0,0,0,0,1,1,0,0,1,0,1,1,0,0,0,0,1,0,0,0,1,0,0,1,0,0,0,0,0,0,0,0,1,1,0,0,0,0,0,0,0,0,0,0,0,0,1,0,0,0,1,0,0,0,0,0,0,0,0,0,1,0,0,0
2021-11-28,United Arab Emirates,24.0,51.0,7.0,14.0,0.0,3.0,0,0,0,0,1,0,0,2.0,-0.3863499999999999,0.5,0.0,1.0,0.0,1.0,0.0,1.0,0.09035,0.0,0.0,0.0,0.0,1.0,fear,0.0,1.0,1.0,1.0,0.0,0.0,0.0,0.0,1,0,1,0,1,1,1,0,0,0,0,1,1,0,0,1,0,0,0,1,0,0,0,0,1,0,0,0,0,0,1,1,0,0,1,1,1,0,0,0,0,0,0,0,0,0,1,1,0,0,0,0,0,0,0,0,0,0,0,0,0,1,0,0,0,1,0,0,0,1,0,1,0,1,0,0,0,1
2021-11-29,United Arab Emirates,22.0,46.0,5.0,11.0,-1.0,3.0,0,0,0,0,1,0,0,2.0,-0.0302999999999999,0.5,0.5,0.0,0.0,1.0,1.0,0.0,0.7512,0.0,0.0,0.0,0.0,1.0,fear,0.0,1.0,1.0,1.0,0.0,0.0,0.0,0.0,0,0,0,1,1,1,1,1,0,0,0,0,0,0,1,0,0,0,0,0,1,0,1,1,1,1,1,1,0,0,0,1,0,0,1,1,0,0,1,0,0,0,0,0,0,0,1,1,0,0,0,0,1,0,1,0,0,0,1,0,1,1,0,1,1,0,0,0,1,0,0,0,1,0,1,1,1,0
2021-11-30,United Arab Emirates,30.0,56.0,14.0,16.0,-2.0,1.0,0,0,0,0,1,0,0,0.0,0.0,0.0,0.0,0.0,0.0,0.0,0.0,0.0,0.0,0.0,0.0,0.0,0.0,0.0,0,0.0,0.0,0.0,0.0,0.0,0.0,0.0,0.0,0,0,0,1,1,1,1,0,0,0,0,0,1,0,0,1,0,0,0,0,1,0,1,0,1,0,0,0,1,0,1,1,1,0,1,1,1,0,0,0,0,0,0,0,0,0,1,1,0,0,0,0,1,0,1,0,0,0,1,0,0,0,0,0,0,0,0,0,0,0,0,0,0,0,0,0,0,0
2021-12-01,United Arab Emirates,42.0,74.0,60.0,5.0,-52.0,11.0,0,0,1,1,1,0,1,2.0,0.46935,0.0,1.0,0.0,1.0,1.0,1.0,0.0,0.06745,0.0,0.0,0.0,0.0,1.0,fear,0.0,1.0,1.0,1.0,1.0,1.0,0.0,0.0,0,0,0,0,0,1,0,0,1,0,0,0,0,0,0,0,0,0,0,0,0,0,0,1,0,0,1,0,0,0,0,0,1,0,0,1,0,0,0,0,0,0,0,0,0,0,1,1,0,0,0,0,0,0,0,0,0,0,0,0,0,1,0,0,0,1,0,0,0,1,0,0,0,1,1,1,0,1
2021-12-02,United Arab Emirates,30.0,55.0,86.0,4.0,-62.0,15.0,0,0,1,1,1,0,1,0.0,0.0,0.0,0.0,0.0,0.0,0.0,0.0,0.0,0.0,0.0,0.0,0.0,0.0,0.0,0,0.0,0.0,0.0,0.0,0.0,0.0,0.0,0.0,0,0,0,0,1,1,1,0,0,0,1,0,1,0,0,0,1,0,0,1,0,0,1,1,0,0,0,0,1,1,0,1,1,0,1,1,1,0,0,0,0,0,0,0,0,0,1,1,0,0,0,0,0,0,0,0,0,0,0,0,0,0,0,0,0,0,0,0,0,0,0,1,0,0,0,1,0,0
2021-12-03,United Arab Emirates,15.0,38.0,20.0,11.0,1.0,1.0,0,0,0,0,1,0,0,2.0,0.28345,0.0,0.5,0.0,0.0,0.0,0.0,0.0,0.28345,0.0,0.0,0.0,0.0,1.0,fear,0.0,1.0,0.0,1.0,0.0,0.0,0.0,0.0,0,0,0,1,0,0,1,0,0,0,0,0,0,0,0,1,0,0,0,0,0,1,0,0,1,0,0,1,0,0,0,0,0,0,0,0,1,0,0,1,0,0,0,0,0,0,1,1,0,0,0,0,0,0,0,0,0,0,0,0,1,0,0,0,1,0,0,0,1,0,1,0,1,0,0,0,1,0
2021-12-04,United Arab Emirates,16.0,41.0,3.0,10.0,2.0,3.0,0,0,0,0,1,0,0,0.0,0.0,0.0,0.0,0.0,0.0,0.0,0.0,0.0,0.0,0.0,0.0,0.0,0.0,0.0,0,0.0,0.0,0.0,0.0,0.0,0.0,0.0,0.0,1,0,0,1,1,1,1,0,0,0,0,1,0,0,0,0,0,1,0,0,1,1,0,1,0,0,0,0,0,1,0,0,1,1,1,1,1,0,0,0,0,0,0,0,0,0,1,1,0,0,0,0,0,0,0,0,0,0,0,0,1,0,1,0,0,0,0,0,0,0,0,0,0,0,1,0,0,0
2021-12-05,United Arab Emirates,22.0,50.0,7.0,15.0,0.0,4.0,0,0,0,0,1,0,0,3.0,0.7154666666666666,0.0,1.0,0.0,1.0,1.0,1.0,0.0,0.201054028117375,0.0,1.0,1.0,1.0,0.0,anger,1.0,1.0,0.0,0.0,1.0,1.0,1.0,1.0,1,0,1,0,0,0,1,0,0,1,0,0,0,0,0,0,0,0,0,0,0,0,0,0,1,0,0,1,0,0,0,0,0,1,0,0,1,0,0,0,0,0,0,0,0,0,1,1,0,0,0,0,0,0,0,0,0,0,0,0,0,1,0,1,0,0,0,0,0,0,0,0,0,0,0,1,0,0
2021-12-06,United Arab Emirates,19.0,46.0,3.0,10.0,-1.0,4.0,0,0,0,0,1,0,0,1.0,0.0,0.0,0.0,0.0,0.0,1.0,0.0,1.0,0.0,0.0,0.0,0.0,0.0,1.0,fear,0.0,0.0,0.0,1.0,0.0,0.0,0.0,0.0,0,0,0,1,0,1,1,0,0,0,1,0,0,1,0,0,1,0,0,1,0,0,1,0,1,0,0,0,1,0,1,0,0,1,0,1,1,1,0,0,0,0,0,1,0,0,1,1,0,0,0,0,0,0,0,0,0,0,0,0,1,1,0,0,1,1,0,0,1,1,0,1,1,1,1,0,1,0
2021-12-07,United Arab Emirates,19.0,47.0,5.0,9.0,0.0,4.0,0,0,0,0,1,0,0,0.0,0.0,0.0,0.0,0.0,0.0,0.0,0.0,0.0,0.0,0.0,0.0,0.0,0.0,0.0,0,0.0,0.0,0.0,0.0,0.0,0.0,0.0,0.0,0,0,0,1,1,0,0,0,0,0,0,0,0,0,0,0,0,0,0,0,0,0,1,0,0,1,0,0,0,0,0,0,0,0,1,0,0,0,0,0,0,0,0,0,0,0,1,1,0,0,0,0,0,0,0,0,0,0,0,0,0,1,0,1,0,0,0,0,0,0,1,0,0,0,1,0,0,0
2021-12-08,United Arab Emirates,22.0,48.0,6.0,10.0,2.0,4.0,0,0,0,0,1,0,0,4.0,0.38255,0.0,0.75,0.0,1.0,1.0,1.0,0.0,0.2413081587928597,0.0,0.0,0.0,0.0,1.0,fear,0.0,1.0,1.0,1.0,1.0,1.0,0.0,0.0,0,0,0,1,0,0,1,0,0,0,0,1,1,0,1,0,0,1,1,0,1,1,0,1,1,0,0,0,0,1,1,0,0,1,0,0,1,0,1,0,0,0,0,0,1,0,1,1,0,0,0,0,0,0,0,0,0,0,0,0,0,0,0,0,0,0,0,0,0,0,0,1,0,1,0,1,0,1
2021-12-09,United Arab Emirates,18.0,44.0,9.0,11.0,2.0,4.0,0,0,0,0,1,0,0,2.0,0.24705,0.5,0.5,0.0,0.0,0.0,0.0,0.0,0.70585,0.0,0.0,0.0,0.0,1.0,fear,0.0,1.0,0.0,1.0,0.0,0.0,0.0,1.0,0,0,0,1,1,1,0,0,0,0,1,0,0,0,0,0,1,0,0,1,0,0,1,1,0,0,1,0,1,0,0,1,0,0,1,1,0,0,0,0,0,0,0,0,0,0,1,1,0,0,0,0,0,0,0,0,0,0,0,0,0,1,0,0,0,1,0,0,0,1,0,0,0,0,0,1,0,0
2021-12-10,United Arab Emirates,14.0,41.0,12.0,10.0,11.0,3.0,0,0,0,0,1,0,0,0.0,0.0,0.0,0.0,0.0,0.0,0.0,0.0,0.0,0.0,0.0,0.0,0.0,0.0,0.0,0,0.0,0.0,0.0,0.0,0.0,0.0,0.0,0.0,0,0,0,1,1,0,1,0,0,0,0,0,0,1,0,0,0,0,0,0,0,0,0,0,0,0,0,0,0,0,0,0,0,0,1,0,1,0,0,0,0,0,0,0,0,0,1,1,0,0,0,0,0,0,0,0,0,0,0,0,1,1,1,1,0,0,0,1,0,0,0,0,0,0,1,0,0,0
2021-12-11,United Arab Emirates,18.0,42.0,9.0,11.0,8.0,3.0,0,0,0,0,1,0,0,0.0,0.0,0.0,0.0,0.0,0.0,0.0,0.0,0.0,0.0,0.0,0.0,0.0,0.0,0.0,0,0.0,0.0,0.0,0.0,0.0,0.0,0.0,0.0,1,0,0,1,0,1,0,0,0,0,0,1,0,0,0,0,0,1,0,0,1,0,0,1,0,0,0,0,0,1,0,0,1,0,0,1,0,0,0,0,0,0,0,0,0,0,1,1,0,0,0,0,0,0,0,0,0,0,0,0,1,0,0,0,1,0,0,0,1,0,1,0,1,0,0,0,0,0
2021-12-12,United Arab Emirates,25.0,50.0,18.0,14.0,-2.0,4.0,0,0,0,0,1,0,0,4.0,-0.0443,0.25,0.25,0.0,0.0,1.0,0.0,1.0,0.2954046292799082,1.0,0.0,0.0,0.0,1.0,fear,0.0,1.0,0.0,1.0,0.0,0.0,0.0,0.0,1,0,1,0,0,1,0,0,0,0,0,0,1,0,1,1,0,0,1,0,0,1,0,0,1,0,0,0,0,0,1,0,0,0,0,1,0,0,0,1,0,0,0,0,0,1,1,1,0,0,0,0,0,0,0,0,0,0,0,0,1,0,1,0,0,0,0,0,0,0,0,0,0,0,0,0,0,0
2021-12-13,United Arab Emirates,21.0,46.0,10.0,10.0,-3.0,5.0,0,0,0,0,1,0,0,2.0,0.4934,0.0,0.5,0.0,1.0,1.0,1.0,0.0,0.4934,0.0,0.0,0.0,0.0,1.0,fear,0.0,1.0,1.0,0.0,0.0,1.0,0.0,1.0,0,0,0,1,1,0,1,0,0,0,0,0,0,0,0,0,0,0,0,0,0,0,1,0,1,1,0,1,0,0,0,0,0,0,1,0,1,0,0,0,1,0,0,0,0,0,1,1,0,0,0,0,0,0,0,0,0,0,0,0,0,1,0,0,0,1,0,0,0,1,1,1,1,0,1,1,1,0
2021-12-14,United Arab Emirates,21.0,47.0,12.0,10.0,-3.0,5.0,0,0,0,0,1,0,0,1.0,0.0734,0.0,0.0,0.0,0.0,1.0,0.0,1.0,0.0,0.0,0.0,0.0,0.0,1.0,fear,0.0,1.0,0.0,0.0,0.0,0.0,0.0,0.0,0,0,0,1,1,0,0,0,0,0,1,0,0,1,0,0,1,0,0,0,0,0,1,0,0,0,0,0,1,0,0,1,0,0,0,0,0,0,0,0,0,0,0,0,0,0,1,1,0,0,0,0,0,0,0,0,0,0,0,0,1,1,0,1,1,0,0,0,1,0,0,1,0,0,1,1,0,0
2021-12-15,United Arab Emirates,22.0,48.0,11.0,11.0,-2.0,5.0,0,0,0,0,1,0,0,3.0,0.0383666666666666,0.3333333333333333,0.6666666666666666,0.0,0.0,0.0,0.0,0.0,0.6998767240656664,0.0,0.0,0.0,0.0,1.0,fear,0.0,1.0,1.0,1.0,1.0,1.0,0.0,1.0,0,0,0,1,1,1,1,0,0,0,0,0,1,0,0,0,0,0,1,0,0,1,1,1,1,1,1,0,0,0,1,0,0,1,0,1,1,0,0,0,0,1,0,0,0,0,1,1,0,0,0,0,0,0,0,0,0,0,0,0,1,1,1,0,0,1,1,0,0,1,0,0,0,1,0,1,0,1
2021-12-16,United Arab Emirates,20.0,45.0,12.0,11.0,-3.0,5.0,0,0,0,0,1,0,0,1.0,0.4865,0.0,1.0,0.0,1.0,1.0,1.0,0.0,0.0,0.0,0.0,0.0,0.0,1.0,fear,0.0,1.0,0.0,1.0,0.0,0.0,1.0,0.0,0,0,0,1,1,1,1,0,0,0,0,1,0,1,1,1,1,1,0,1,0,0,0,1,0,0,0,0,0,1,0,1,1,0,1,0,1,0,0,0,0,0,0,0,0,0,1,1,0,0,0,0,0,0,0,0,0,0,0,0,0,1,0,1,0,0,0,1,0,0,0,1,0,1,0,0,0,1
2021-12-17,United Arab Emirates,16.0,41.0,16.0,11.0,12.0,2.0,0,0,0,0,1,0,0,1.0,-0.5873,1.0,0.0,1.0,0.0,1.0,0.0,1.0,0.0,0.0,0.0,0.0,0.0,1.0,fear,0.0,1.0,0.0,0.0,0.0,0.0,0.0,0.0,0,0,1,0,1,1,0,0,0,0,1,0,0,0,0,0,0,0,0,0,0,0,1,1,0,0,1,0,1,0,0,0,0,0,1,0,0,1,0,0,0,0,0,0,0,0,1,1,0,0,0,0,0,0,0,0,0,0,0,0,0,1,0,0,0,1,0,1,0,0,0,0,0,0,0,1,0,1
2021-12-18,United Arab Emirates,18.0,40.0,9.0,10.0,8.0,2.0,0,0,0,0,1,0,0,0.0,0.0,0.0,0.0,0.0,0.0,0.0,0.0,0.0,0.0,0.0,0.0,0.0,0.0,0.0,0,0.0,0.0,0.0,0.0,0.0,0.0,0.0,0.0,1,0,0,1,1,1,0,1,0,0,0,0,0,0,1,0,0,1,0,0,1,0,1,0,0,1,0,0,0,0,0,0,1,0,0,1,0,0,0,0,0,0,0,0,0,0,1,1,0,0,0,0,0,0,0,0,0,0,0,0,1,0,0,0,1,0,0,0,1,0,1,0,0,0,1,0,0,0
2021-12-19,United Arab Emirates,24.0,49.0,15.0,12.0,-4.0,5.0,0,0,0,0,1,0,0,0.0,0.0,0.0,0.0,0.0,0.0,0.0,0.0,0.0,0.0,0.0,0.0,0.0,0.0,0.0,0,0.0,0.0,0.0,0.0,0.0,0.0,0.0,0.0,1,0,0,1,0,1,1,0,0,0,0,1,0,0,0,0,0,0,0,0,0,0,0,1,1,0,0,1,0,1,0,0,0,0,0,1,1,0,1,0,0,0,1,0,0,0,1,1,0,0,0,0,0,0,0,0,0,0,0,0,1,1,1,0,0,1,0,0,0,0,1,0,0,1,1,0,0,0
2021-12-20,United Arab Emirates,21.0,45.0,12.0,8.0,-5.0,5.0,0,0,0,0,1,0,0,2.0,0.5433,0.0,1.0,0.0,1.0,1.0,1.0,0.0,0.1103999999999999,0.0,0.0,0.0,0.0,1.0,fear,0.0,1.0,0.0,1.0,0.0,0.0,0.0,1.0,0,0,0,1,0,1,1,0,1,0,0,0,1,0,0,1,0,0,1,0,0,0,0,1,1,0,1,0,0,0,1,0,0,1,0,0,0,0,0,0,0,0,0,0,0,0,1,1,0,0,0,0,0,0,0,0,0,0,0,0,1,0,0,0,1,0,0,0,1,1,0,0,1,0,1,1,1,1
2021-12-21,United Arab Emirates,21.0,46.0,14.0,7.0,-5.0,5.0,0,0,0,0,1,0,0,2.0,0.1762999999999999,0.0,0.5,0.0,0.0,1.0,0.0,1.0,0.4722999999999999,0.0,0.0,0.0,0.0,1.0,fear,0.0,0.0,0.0,1.0,0.0,0.0,0.0,1.0,0,0,0,1,1,0,1,0,0,0,1,0,0,1,0,0,0,0,0,0,0,0,1,0,1,0,0,1,1,0,0,0,0,0,1,0,0,0,0,0,0,0,0,0,0,0,1,1,0,0,0,0,0,0,0,0,0,0,0,0,1,0,1,0,0,0,1,0,0,1,1,0,1,0,0,1,1,0
2021-12-22,United Arab Emirates,23.0,48.0,12.0,8.0,-5.0,5.0,0,0,0,0,1,0,0,2.0,0.43185,0.0,1.0,0.0,1.0,1.0,1.0,0.0,0.10495,0.0,0.0,0.0,0.0,1.0,fear,0.0,1.0,1.0,1.0,1.0,1.0,0.0,0.0,0,0,0,1,1,0,1,0,0,0,0,0,0,1,0,1,0,0,1,0,0,1,1,0,0,1,0,0,0,0,0,0,0,1,1,0,1,0,0,0,0,0,0,0,0,0,1,1,0,0,0,0,0,0,0,0,0,0,0,0,1,1,0,0,1,1,1,0,0,1,0,1,0,1,1,1,1,1
2021-12-23,United Arab Emirates,20.0,49.0,13.0,8.0,-5.0,6.0,0,0,0,0,1,0,0,1.0,-0.9924,1.0,0.0,1.0,0.0,1.0,0.0,1.0,0.0,1.0,0.0,0.0,1.0,1.0,fear,1.0,1.0,1.0,0.0,1.0,1.0,0.0,1.0,0,0,1,0,1,1,1,0,0,0,1,1,1,0,1,0,1,0,0,1,0,0,1,1,1,0,0,0,1,1,1,1,0,0,1,1,1,0,0,1,0,0,0,0,0,0,1,1,0,0,0,0,0,0,0,0,0,0,0,0,0,0,0,0,0,0,0,0,0,0,0,0,0,0,0,0,0,0
2021-12-24,United Arab Emirates,15.0,44.0,11.0,8.0,14.0,2.0,0,0,0,0,1,0,0,2.0,-0.3083,0.5,0.0,1.0,0.0,1.0,1.0,0.0,0.2911,0.0,0.0,0.0,0.0,1.0,fear,0.0,1.0,0.0,1.0,1.0,0.0,0.0,0.0,0,0,1,0,1,1,1,1,0,1,0,0,0,1,1,0,1,0,0,1,0,0,1,1,1,1,1,1,0,0,0,1,0,0,0,1,0,0,0,0,1,0,0,1,0,0,1,1,0,0,0,0,0,0,0,0,0,0,0,0,1,0,0,0,1,0,0,0,0,0,0,0,1,0,0,0,0,0
