premise,conclusion,support,support_pct,confidence,lift,leverage,cross_domain
mobility_drop_retail,mobility_drop_retail_lead2,141,21.461187214611872,85.1063829787234,3.965595291987325,0.136590146160422,False
mobility_drop_retail,mobility_drop_retail_lead7,141,21.461187214611872,91.48936170212765,4.263014938886374,0.1502887762974083,False
mobility_drop_retail,mobility_drop_transit_lead2,141,21.461187214611872,100.0,1.8099173553719008,0.09603636287817184,False
mobility_drop_retail,mobility_drop_transit_lead7,141,21.461187214611872,100.0,1.8099173553719008,0.09603636287817184,False
mobility_drop_retail,residential_increase_lead2,141,21.461187214611872,97.87234042553192,2.2249871162482515,0.1156425706998047,False
mobility_drop_retail,residential_increase_lead7,141,21.461187214611872,96.45390070921985,2.1927409261576973,0.1125984306693633,False
mobility_drop_workplace,mobility_drop_retail_lead2,107,16.28614916286149,81.30841121495327,3.78862596937761,0.09746808170527442,False
mobility_drop_workplace,mobility_drop_retail_lead7,107,16.28614916286149,81.30841121495327,3.78862596937761,0.09746808170527442,False
mobility_drop_workplace,mobility_drop_workplace_lead2,107,16.28614916286149,79.43925233644859,4.87771857804175,0.10285208583826211,False
mobility_drop_workplace,residential_increase_lead2,107,16.28614916286149,89.7196261682243,2.039646864793196,0.07447949607204002,False
mobility_drop_workplace,residential_increase_lead7,107,16.28614916286149,87.85046728971963,1.9971542217766711,0.07143535604159862,False
residential_increase,residential_increase_lead2,289,43.987823439878234,83.39100346020761,1.895774715341052,0.17332601257039865,False
residential_increase,residential_increase_lead7,289,43.987823439878234,87.88927335640139,1.9980364219777065,0.19311292276826775,False
grocery_spike,calm_mobile_baseline,279,42.465753424657535,77.41935483870968,2.0025400050800104,0.16459206438564666,False
grocery_spike,grocery_spike_lead2,279,42.465753424657535,92.47311827956989,2.162093904258983,0.21106732553533078,False
grocery_spike,grocery_spike_lead7,279,42.465753424657535,94.98207885304659,2.181930972253553,0.21849002314380433,False
severe_lockdown_behavior,mobility_drop_retail_lead2,87,13.24200913242009,100.0,4.659574468085107,0.10400116761535413,False
severe_lockdown_behavior,mobility_drop_retail_lead7,87,13.24200913242009,100.0,4.659574468085107,0.10400116761535413,False
severe_lockdown_behavior,mobility_drop_transit_lead2,87,13.24200913242009,100.0,1.8099173553719008,0.059256479222701774,False
severe_lockdown_behavior,mobility_drop_transit_lead7,87,13.24200913242009,100.0,1.8099173553719008,0.059256479222701774,False
severe_lockdown_behavior,mobility_drop_workplace_lead2,87,13.24200913242009,90.80459770114942,5.575572027070577,0.09867739760777854,False
severe_lockdown_behavior,mobility_drop_workplace_lead7,87,13.24200913242009,91.95402298850574,5.646148888172736,0.10019946762299924,False
severe_lockdown_behavior,residential_increase_lead2,87,13.24200913242009,100.0,2.273356401384083,0.0741713753535859,False
severe_lockdown_behavior,residential_increase_lead7,87,13.24200913242009,100.0,2.273356401384083,0.0741713753535859,False
severe_lockdown_behavior,severe_lockdown_behavior_lead2,87,13.24200913242009,90.80459770114942,6.857312722948871,0.1027084506161256,False
severe_lockdown_behavior,severe_lockdown_behavior_lead7,87,13.24200913242009,91.95402298850574,6.944114149821641,0.1042305206313463,False
partial_restrictions,partial_restrictions_lead2,279,42.465753424657535,82.79569892473118,1.949705168227541,0.17126415212360044,False
partial_restrictions,partial_restrictions_lead7,279,42.465753424657535,86.73835125448028,2.042548271476471,0.18800692229102814,False
calm_mobile_baseline,grocery_spike,254,38.660578386605785,85.03937007874016,2.0025400050800104,0.16459206438564666,False
calm_mobile_baseline,grocery_spike_lead2,254,38.660578386605785,83.46456692913385,1.9514669207274358,0.15732690218209702,False
calm_mobile_baseline,grocery_spike_lead7,254,38.660578386605785,85.03937007874016,1.9535267881724576,0.16047297688631273,False
grocery_spike_lead2,grocery_spike,281,42.77016742770167,91.81494661921708,2.1620939042589833,0.21106732553533078,False
grocery_spike_lead2,calm_mobile_baseline,281,42.77016742770167,75.44483985765125,1.951466920727436,0.15732690218209702,False
grocery_spike_lead2,grocery_spike_lead7,281,42.77016742770167,92.17081850533808,2.11735062090934,0.20803245229341433,False
grocery_spike_lead7,grocery_spike,286,43.531202435312025,92.65734265734265,2.181930972253553,0.21849002314380433,False
grocery_spike_lead7,calm_mobile_baseline,286,43.531202435312025,75.52447552447552,1.9535267881724574,0.16047297688631273,False
grocery_spike_lead7,grocery_spike_lead2,286,43.531202435312025,90.55944055944056,2.11735062090934,0.20803245229341433,False
mobility_drop_retail_lead2,mobility_drop_retail,141,21.461187214611872,85.1063829787234,3.965595291987325,0.136590146160422,False
mobility_drop_retail_lead2,residential_increase,141,21.461187214611872,100.0,2.273356401384083,0.1202087807454668,False
mobility_drop_retail_lead2,mobility_drop_retail_lead7,141,21.461187214611872,82.26950354609929,3.8334087822544136,0.1305018660995392,False
mobility_drop_retail_lead2,mobility_drop_transit_lead2,141,21.461187214611872,100.0,1.8099173553719008,0.09603636287817184,False
mobility_drop_retail_lead2,mobility_drop_transit_lead7,141,21.461187214611872,100.0,1.8099173553719008,0.09603636287817184,False
mobility_drop_retail_lead2,residential_increase_lead2,141,21.461187214611872,97.16312056737588,2.208864021202974,0.114120500684584,False
mobility_drop_retail_lead2,residential_increase_lead7,141,21.461187214611872,99.29078014184397,2.257233306338806,0.1186867107302461,False
mobility_drop_retail_lead7,mobility_drop_retail,141,21.461187214611872,91.48936170212765,4.263014938886374,0.1502887762974083,False
mobility_drop_retail_lead7,residential_increase,141,21.461187214611872,94.32624113475178,2.144371641021866,0.1080322206237012,False
mobility_drop_retail_lead7,mobility_drop_retail_lead2,141,21.461187214611872,82.26950354609929,3.8334087822544136,0.1305018660995392,False
mobility_drop_retail_lead7,mobility_drop_transit_lead7,141,21.461187214611872,100.0,1.8099173553719008,0.09603636287817184,False
mobility_drop_retail_lead7,residential_increase_lead2,141,21.461187214611872,95.74468085106383,2.17661783111242,0.1110763606541426,False
mobility_drop_retail_lead7,residential_increase_lead7,141,21.461187214611872,97.16312056737588,2.208864021202974,0.114120500684584,False
mobility_drop_workplace_lead2,mobility_drop_retail,107,16.28614916286149,83.17757009345794,3.8757208192483596,0.10051222173571582,False
mobility_drop_workplace_lead2,mobility_drop_workplace,107,16.28614916286149,79.43925233644859,4.87771857804175,0.10285208583826211,False
mobility_drop_workplace_lead2,residential_increase,107,16.28614916286149,92.5233644859813,2.1033858293179835,0.07904570611770212,False
mobility_drop_workplace_lead2,mobility_drop_retail_lead2,107,16.28614916286149,81.30841121495327,3.78862596937761,0.09746808170527442,False
mobility_drop_workplace_lead2,mobility_drop_retail_lead7,107,16.28614916286149,83.17757009345794,3.8757208192483596,0.10051222173571582,False
mobility_drop_workplace_lead2,residential_increase_lead2,107,16.28614916286149,100.0,2.273356401384083,0.09122226623946772,False
mobility_drop_workplace_lead2,residential_increase_lead7,107,16.28614916286149,86.91588785046729,1.9759079002684088,0.06991328602637792,False
mobility_drop_workplace_lead2,severe_lockdown_behavior_lead2,107,16.28614916286149,81.30841121495327,6.140186915887851,0.11085395772954414,False
mobility_drop_workplace_lead7,mobility_drop_retail,107,16.28614916286149,79.43925233644859,3.70153111950686,0.09442394167483302,False
mobility_drop_workplace_lead7,residential_increase,107,16.28614916286149,91.58878504672897,2.082139507809721,0.07752363610248142,False
mobility_drop_workplace_lead7,mobility_drop_retail_lead2,107,16.28614916286149,80.37383177570094,3.745078544442235,0.09594601169005372,False
mobility_drop_workplace_lead7,mobility_drop_retail_lead7,107,16.28614916286149,81.30841121495327,3.78862596937761,0.09746808170527442,False
mobility_drop_workplace_lead7,residential_increase_lead2,107,16.28614916286149,89.7196261682243,2.039646864793196,0.07447949607204002,False
mobility_drop_workplace_lead7,residential_increase_lead7,107,16.28614916286149,100.0,2.273356401384083,0.09122226623946772,False
mobility_drop_workplace_lead7,severe_lockdown_behavior_lead7,107,16.28614916286149,81.30841121495327,6.140186915887851,0.11085395772954414,False
residential_increase_lead2,residential_increase,289,43.987823439878234,83.39100346020761,1.895774715341052,0.17332601257039865,False
residential_increase_lead2,residential_increase_lead7,289,43.987823439878234,79.58477508650519,1.8092455789561908,0.15658324240297095,False
residential_increase_lead7,residential_increase,289,43.987823439878234,87.88927335640139,1.9980364219777065,0.19311292276826775,False
residential_increase_lead7,residential_increase_lead2,289,43.987823439878234,79.58477508650519,1.8092455789561908,0.15658324240297095,False
severe_lockdown_behavior_lead2,mobility_drop_retail,87,13.24200913242009,100.0,4.659574468085107,0.10400116761535413,False
severe_lockdown_behavior_lead2,mobility_drop_transit,87,13.24200913242009,100.0,1.8099173553719008,0.059256479222701774,False
severe_lockdown_behavior_lead2,mobility_drop_workplace,87,13.24200913242009,90.80459770114942,5.575572027070577,0.09867739760777854,False
severe_lockdown_behavior_lead2,residential_increase,87,13.24200913242009,100.0,2.273356401384083,0.0741713753535859,False
severe_lockdown_behavior_lead2,severe_lockdown_behavior,87,13.24200913242009,90.80459770114942,6.857312722948871,0.1027084506161256,False
severe_lockdown_behavior_lead2,mobility_drop_retail_lead2,87,13.24200913242009,100.0,4.659574468085107,0.10400116761535413,False
severe_lockdown_behavior_lead2,mobility_drop_retail_lead7,87,13.24200913242009,100.0,4.659574468085107,0.10400116761535413,False
severe_lockdown_behavior_lead2,mobility_drop_transit_lead2,87,13.24200913242009,100.0,1.8099173553719008,0.059256479222701774,False
severe_lockdown_behavior_lead2,mobility_drop_transit_lead7,87,13.24200913242009,100.0,1.8099173553719008,0.059256479222701774,False
severe_lockdown_behavior_lead2,mobility_drop_workplace_lead2,87,13.24200913242009,100.0,6.140186915887851,0.11085395772954414,False
severe_lockdown_behavior_lead2,mobility_drop_workplace_lead7,87,13.24200913242009,88.50574712643679,5.434418304866259,0.09563325757733714,False
severe_lockdown_behavior_lead2,residential_increase_lead2,87,13.24200913242009,100.0,2.273356401384083,0.0741713753535859,False
severe_lockdown_behavior_lead2,residential_increase_lead7,87,13.24200913242009,100.0,2.273356401384083,0.0741713753535859,False
severe_lockdown_behavior_lead2,severe_lockdown_behavior_lead7,87,13.24200913242009,88.50574712643679,6.68370986920333,0.0996643105856842,False
severe_lockdown_behavior_lead7,mobility_drop_retail,87,13.24200913242009,96.55172413793103,4.498899486427,0.09943495756969203,False
severe_lockdown_behavior_lead7,mobility_drop_workplace,87,13.24200913242009,91.95402298850574,5.646148888172736,0.10019946762299924,False
severe_lockdown_behavior_lead7,residential_increase,87,13.24200913242009,98.85057471264368,2.2472258680348407,0.0726493053383652,False
severe_lockdown_behavior_lead7,severe_lockdown_behavior,87,13.24200913242009,91.95402298850574,6.944114149821641,0.1042305206313463,False
severe_lockdown_behavior_lead7,mobility_drop_retail_lead2,87,13.24200913242009,98.85057471264368,4.606016140865738,0.10247909760013343,False
severe_lockdown_behavior_lead7,mobility_drop_retail_lead7,87,13.24200913242009,100.0,4.659574468085107,0.10400116761535413,False
severe_lockdown_behavior_lead7,mobility_drop_transit_lead2,87,13.24200913242009,100.0,1.8099173553719008,0.059256479222701774,False
severe_lockdown_behavior_lead7,mobility_drop_transit_lead7,87,13.24200913242009,100.0,1.8099173553719008,0.059256479222701774,False
severe_lockdown_behavior_lead7,mobility_drop_workplace_lead2,87,13.24200913242009,88.50574712643679,5.434418304866259,0.09563325757733714,False
severe_lockdown_behavior_lead7,mobility_drop_workplace_lead7,87,13.24200913242009,100.0,6.140186915887851,0.11085395772954414,False
severe_lockdown_behavior_lead7,residential_increase_lead2,87,13.24200913242009,100.0,2.273356401384083,0.0741713753535859,False
severe_lockdown_behavior_lead7,residential_increase_lead7,87,13.24200913242009,100.0,2.273356401384083,0.0741713753535859,False
severe_lockdown_behavior_lead7,severe_lockdown_behavior_lead2,87,13.24200913242009,88.50574712643679,6.68370986920333,0.0996643105856842,False
partial_restrictions_lead2,partial_restrictions,279,42.465753424657535,82.79569892473118,1.949705168227541,0.17126415212360044,False
partial_restrictions_lead2,partial_restrictions_lead7,279,42.465753424657535,80.28673835125448,1.8906231934327669,0.16060966201705554,False
partial_restrictions_lead7,partial_restrictions,279,42.465753424657535,86.73835125448028,2.042548271476471,0.18800692229102814,False
partial_restrictions_lead7,partial_restrictions_lead2,279,42.465753424657535,80.28673835125448,1.8906231934327669,0.16060966201705554,False
"mobility_drop_retail, mobility_drop_transit",mobility_drop_retail_lead2,141,21.461187214611872,85.1063829787234,3.965595291987325,0.136590146160422,False
"mobility_drop_retail, mobility_drop_transit",mobility_drop_retail_lead7,141,21.461187214611872,91.48936170212765,4.263014938886374,0.1502887762974083,False
"mobility_drop_retail, mobility_drop_transit",mobility_drop_transit_lead2,141,21.461187214611872,100.0,1.8099173553719008,0.09603636287817184,False
"mobility_drop_retail, mobility_drop_transit",mobility_drop_transit_lead7,141,21.461187214611872,100.0,1.8099173553719008,0.09603636287817184,False
"mobility_drop_retail, mobility_drop_transit",residential_increase_lead2,141,21.461187214611872,97.87234042553192,2.2249871162482515,0.1156425706998047,False
"mobility_drop_retail, mobility_drop_transit",residential_increase_lead7,141,21.461187214611872,96.45390070921985,2.1927409261576973,0.1125984306693633,False
"mobility_drop_retail, mobility_drop_workplace",mobility_drop_retail_lead2,87,13.24200913242009,100.0,4.659574468085107,0.10400116761535413,False
"mobility_drop_retail, mobility_drop_workplace",mobility_drop_retail_lead7,87,13.24200913242009,100.0,4.659574468085107,0.10400116761535413,False
"mobility_drop_retail, mobility_drop_workplace",mobility_drop_transit_lead2,87,13.24200913242009,100.0,1.8099173553719008,0.059256479222701774,False
"mobility_drop_retail, mobility_drop_workplace",mobility_drop_transit_lead7,87,13.24200913242009,100.0,1.8099173553719008,0.059256479222701774,False
"mobility_drop_retail, mobility_drop_workplace",mobility_drop_workplace_lead2,87,13.24200913242009,90.80459770114942,5.575572027070577,0.09867739760777854,False
"mobility_drop_retail, mobility_drop_workplace",mobility_drop_workplace_lead7,87,13.24200913242009,91.95402298850574,5.646148888172736,0.10019946762299924,False
"mobility_drop_retail, mobility_drop_workplace",residential_increase_lead2,87,13.24200913242009,100.0,2.273356401384083,0.0741713753535859,False
"mobility_drop_retail, mobility_drop_workplace",residential_increase_lead7,87,13.24200913242009,100.0,2.273356401384083,0.0741713753535859,False
"mobility_drop_retail, mobility_drop_workplace",severe_lockdown_behavior_lead2,87,13.24200913242009,90.80459770114942,6.857312722948871,0.1027084506161256,False
"mobility_drop_retail, mobility_drop_workplace",severe_lockdown_behavior_lead7,87,13.24200913242009,91.95402298850574,6.944114149821641,0.1042305206313463,False
"mobility_drop_retail, residential_increase",mobility_drop_retail_lead2,137,20.85235920852359,87.59124087591242,4.08137909613294,0.13789676334243794,False
"mobility_drop_retail, residential_increase",mobility_drop_retail_lead7,137,20.85235920852359,92.7007299270073,4.319459543407362,0.14855125344898285,False
"mobility_drop_retail, residential_increase",mobility_drop_transit_lead2,137,20.85235920852359,100.0,1.8099173553719008,0.09331192705184072,False
"mobility_drop_retail, residential_increase",mobility_drop_transit_lead7,137,20.85235920852359,100.0,1.8099173553719008,0.09331192705184072,False
"mobility_drop_retail, residential_increase",residential_increase_lead2,137,20.85235920852359,98.54014598540147,2.2401687166923447,0.11375446253784904,False
"mobility_drop_retail, residential_increase",residential_increase_lead7,137,20.85235920852359,98.54014598540147,2.2401687166923447,0.11375446253784904,False
"mobility_drop_retail, severe_lockdown_behavior",mobility_drop_retail_lead2,87,13.24200913242009,100.0,4.659574468085107,0.10400116761535413,False
"mobility_drop_retail, severe_lockdown_behavior",mobility_drop_retail_lead7,87,13.24200913242009,100.0,4.659574468085107,0.10400116761535413,False
"mobility_drop_retail, severe_lockdown_behavior",mobility_drop_transit_lead2,87,13.24200913242009,100.0,1.8099173553719008,0.059256479222701774,False
"mobility_drop_retail, severe_lockdown_behavior",mobility_drop_transit_lead7,87,13.24200913242009,100.0,1.8099173553719008,0.059256479222701774,False
"mobility_drop_retail, severe_lockdown_behavior",mobility_drop_workplace_lead2,87,13.24200913242009,90.80459770114942,5.575572027070577,0.09867739760777854,False
"mobility_drop_retail, severe_lockdown_behavior",mobility_drop_workplace_lead7,87,13.24200913242009,91.95402298850574,5.646148888172736,0.10019946762299924,False
"mobility_drop_retail, severe_lockdown_behavior",residential_increase_lead2,87,13.24200913242009,100.0,2.273356401384083,0.0741713753535859,False
"mobility_drop_retail, severe_lockdown_behavior",residential_increase_lead7,87,13.24200913242009,100.0,2.273356401384083,0.0741713753535859,False
"mobility_drop_retail, severe_lockdown_behavior",severe_lockdown_behavior_lead2,87,13.24200913242009,90.80459770114942,6.857312722948871,0.1027084506161256,False
"mobility_drop_retail, severe_lockdown_behavior",severe_lockdown_behavior_lead7,87,13.24200913242009,91.95402298850574,6.944114149821641,0.1042305206313463,False
"mobility_drop_retail, sentiment_shift_detected",mobility_drop_retail_lead2,87,13.24200913242009,83.9080459770115,3.90975788701394,0.08269218740226433,True
"mobility_drop_retail, sentiment_shift_detected",mobility_drop_retail_lead7,87,13.24200913242009,89.65517241379311,4.177549523110786,0.09030253747836783,True
"mobility_drop_retail, sentiment_shift_detected",mobility_drop_transit_lead2,87,13.24200913242009,100.0,1.8099173553719008,0.059256479222701774,True
"mobility_drop_retail, sentiment_shift_detected",mobility_drop_transit_lead7,87,13.24200913242009,100.0,1.8099173553719008,0.059256479222701774,True
"mobility_drop_retail, sentiment_shift_detected",residential_increase_lead2,87,13.24200913242009,97.70114942528735,2.2210953346855984,0.0711272353231445,True
"mobility_drop_retail, sentiment_shift_detected",residential_increase_lead7,87,13.24200913242009,96.55172413793103,2.194964801336356,0.0696051653079238,True
"mobility_drop_retail, dominant_emotion_fear",mobility_drop_retail_lead2,124,18.87366818873668,83.06451612903226,3.8704529855868226,0.11626807892523786,True
"mobility_drop_retail, dominant_emotion_fear",mobility_drop_retail_lead7,124,18.87366818873668,91.93548387096774,4.283802333562114,0.13301084909266556,True
"mobility_drop_retail, dominant_emotion_fear",mobility_drop_transit_lead2,124,18.87366818873668,100.0,1.8099173553719008,0.0844575106162646,True
"mobility_drop_retail, dominant_emotion_fear",mobility_drop_transit_lead7,124,18.87366818873668,100.0,1.8099173553719008,0.0844575106162646,True
"mobility_drop_retail, dominant_emotion_fear",residential_increase_lead2,124,18.87366818873668,98.38709677419355,2.236689362652082,0.10267138346202585,True
"mobility_drop_retail, dominant_emotion_fear",residential_increase_lead7,124,18.87366818873668,95.96774193548387,2.18168880455408,0.09810517341636375,True
"mobility_drop_retail, covid_topic_detected",mobility_drop_retail_lead2,134,20.395738203957382,85.07462686567165,3.964115592251509,0.12974430613762572,True
"mobility_drop_retail, covid_topic_detected",mobility_drop_retail_lead7,134,20.395738203957382,91.04477611940298,4.2422991425849474,0.14192086625939132,True
"mobility_drop_retail, covid_topic_detected",mobility_drop_transit_lead2,134,20.395738203957382,100.0,1.8099173553719008,0.09126860018209239,True
"mobility_drop_retail, covid_topic_detected",mobility_drop_transit_lead7,134,20.395738203957382,100.0,1.8099173553719008,0.09126860018209239,True
"mobility_drop_retail, covid_topic_detected",residential_increase_lead2,134,20.395738203957382,97.76119402985076,2.222460362547126,0.10967475888974607,True
"mobility_drop_retail, covid_topic_detected",residential_increase_lead7,134,20.395738203957382,96.26865671641791,2.1885296699891548,0.10663061885930467,True
"mobility_drop_retail, lockdown_mentioned",mobility_drop_workplace,80,12.1765601217656,77.5,4.758644859813084,0.07453741350032086,True
"mobility_drop_retail, lockdown_mentioned",mobility_drop_retail_lead2,80,12.1765601217656,93.75,4.368351063829787,0.08802290750123364,True
"mobility_drop_retail, lockdown_mentioned",mobility_drop_retail_lead7,80,12.1765601217656,97.5,4.5430851063829785,0.09258911754689574,True
"mobility_drop_retail, lockdown_mentioned",mobility_drop_transit_lead2,80,12.1765601217656,100.0,1.8099173553719008,0.05448871652662232,True
"mobility_drop_retail, lockdown_mentioned",mobility_drop_transit_lead7,80,12.1765601217656,100.0,1.8099173553719008,0.05448871652662232,True
"mobility_drop_retail, lockdown_mentioned",mobility_drop_workplace_lead2,80,12.1765601217656,76.25,4.681892523364486,0.07301534348510016,True
"mobility_drop_retail, lockdown_mentioned",mobility_drop_workplace_lead7,80,12.1765601217656,77.5,4.758644859813084,0.07453741350032086,True
"mobility_drop_retail, lockdown_mentioned",residential_increase_lead2,80,12.1765601217656,98.75,2.244939446366782,0.06668149352830657,True
"mobility_drop_retail, lockdown_mentioned",residential_increase_lead7,80,12.1765601217656,100.0,2.273356401384083,0.06820356354352727,True
"mobility_drop_retail, lockdown_mentioned",severe_lockdown_behavior_lead2,80,12.1765601217656,75.0,5.663793103448276,0.07519998887985377,True
"mobility_drop_retail, lockdown_mentioned",severe_lockdown_behavior_lead7,80,12.1765601217656,77.5,5.852586206896552,0.07824412891029517,True
"mobility_drop_retail, health_concern",mobility_drop_retail_lead2,91,13.850837138508371,85.71428571428571,3.9939209726443767,0.0889959202963519,True
"mobility_drop_retail, health_concern",mobility_drop_retail_lead7,91,13.850837138508371,92.3076923076923,4.301145662847791,0.0981283403876761,True
"mobility_drop_retail, health_concern",mobility_drop_transit_lead2,91,13.850837138508371,100.0,1.8099173553719008,0.061980915049032886,True
"mobility_drop_retail, health_concern",mobility_drop_transit_lead7,91,13.850837138508371,100.0,1.8099173553719008,0.061980915049032886,True
"mobility_drop_retail, health_concern",residential_increase_lead2,91,13.850837138508371,96.7032967032967,2.1984105859538388,0.07301534348510016,True
"mobility_drop_retail, health_concern",residential_increase_lead7,91,13.850837138508371,95.6043956043956,2.1734286474770905,0.07149327346987946,True
"mobility_drop_retail, solidarity_messages",mobility_drop_retail_lead2,86,13.08980213089802,86.04651162790698,4.009401286491836,0.08454091171298903,True
"mobility_drop_retail, solidarity_messages",mobility_drop_retail_lead7,86,13.08980213089802,89.53488372093024,4.171944581890154,0.08910712175865113,True
"mobility_drop_retail, solidarity_messages",mobility_drop_transit_lead2,86,13.08980213089802,100.0,1.8099173553719008,0.05857537026611899,True
"mobility_drop_retail, solidarity_messages",mobility_drop_transit_lead7,86,13.08980213089802,100.0,1.8099173553719008,0.05857537026611899,True
"mobility_drop_retail, solidarity_messages",residential_increase_lead2,86,13.08980213089802,96.51162790697676,2.194053271103243,0.0687526207636297,True
"mobility_drop_retail, solidarity_messages",residential_increase_lead7,86,13.08980213089802,96.51162790697676,2.194053271103243,0.0687526207636297,True
"mobility_drop_retail, dominant_emotion_fear_lag1",mobility_drop_retail_lead2,122,18.56925418569254,85.24590163934425,3.9720962678758283,0.11844345753146654,False
"mobility_drop_retail, dominant_emotion_fear_lag1",mobility_drop_retail_lead7,122,18.56925418569254,90.98360655737704,4.239448901290548,0.12909794763801144,False
"mobility_drop_retail, dominant_emotion_fear_lag1",mobility_drop_transit_lead2,122,18.56925418569254,100.0,1.8099173553719008,0.08309529270309904,False
"mobility_drop_retail, dominant_emotion_fear_lag1",mobility_drop_transit_lead7,122,18.56925418569254,100.0,1.8099173553719008,0.08309529270309904,False
"mobility_drop_retail, dominant_emotion_fear_lag1",residential_increase_lead2,122,18.56925418569254,97.54098360655738,2.2174541947926714,0.09944422435821698,False
"mobility_drop_retail, dominant_emotion_fear_lag1",residential_increase_lead7,122,18.56925418569254,96.72131147540983,2.1988201259288673,0.09792215434299628,False
"mobility_drop_retail, dominant_emotion_fear_lag3",mobility_drop_retail_lead2,122,18.56925418569254,85.24590163934425,3.9720962678758283,0.11844345753146654,False
"mobility_drop_retail, dominant_emotion_fear_lag3",mobility_drop_retail_lead7,122,18.56925418569254,91.80327868852459,4.277642134635508,0.13062001765323214,False
"mobility_drop_retail, dominant_emotion_fear_lag3",mobility_drop_transit_lead2,122,18.56925418569254,100.0,1.8099173553719008,0.08309529270309904,False
"mobility_drop_retail, dominant_emotion_fear_lag3",mobility_drop_transit_lead7,122,18.56925418569254,100.0,1.8099173553719008,0.08309529270309904,False
"mobility_drop_retail, dominant_emotion_fear_lag3",residential_increase_lead2,122,18.56925418569254,97.54098360655738,2.2174541947926714,0.09944422435821698,False
"mobility_drop_retail, dominant_emotion_fear_lag3",residential_increase_lead7,122,18.56925418569254,95.90163934426229,2.1801860570650633,0.09640008432777558,False
"mobility_drop_retail, dominant_emotion_fear_lag7",mobility_drop_retail_lead2,123,18.72146118721461,82.92682926829268,3.8640373637778933,0.11507266320552115,False
"mobility_drop_retail, dominant_emotion_fear_lag7",mobility_drop_retail_lead7,123,18.72146118721461,91.869918699187,4.280747275557863,0.13181543337294885,False
"mobility_drop_retail, dominant_emotion_fear_lag7",mobility_drop_transit_lead2,123,18.72146118721461,100.0,1.8099173553719008,0.08377640165968181,False
"mobility_drop_retail, dominant_emotion_fear_lag7",mobility_drop_transit_lead7,123,18.72146118721461,100.0,1.8099173553719008,0.08377640165968181,False
"mobility_drop_retail, dominant_emotion_fear_lag7",residential_increase_lead2,123,18.72146118721461,97.5609756097561,2.2179086842771545,0.10029676890251106,False
"mobility_drop_retail, dominant_emotion_fear_lag7",residential_increase_lead7,123,18.72146118721461,95.9349593495935,2.180943539539202,0.09725262887206966,False
"mobility_drop_retail, solidarity_messages_lag1",mobility_drop_retail_lead2,87,13.24200913242009,83.9080459770115,3.90975788701394,0.08269218740226433,False
"mobility_drop_retail, solidarity_messages_lag1",mobility_drop_retail_lead7,87,13.24200913242009,88.50574712643679,4.123991195891416,0.08878046746314713,False
"mobility_drop_retail, solidarity_messages_lag1",mobility_drop_transit_lead2,87,13.24200913242009,100.0,1.8099173553719008,0.059256479222701774,False
"mobility_drop_retail, solidarity_messages_lag1",mobility_drop_transit_lead7,87,13.24200913242009,100.0,1.8099173553719008,0.059256479222701774,False
"mobility_drop_retail, solidarity_messages_lag1",residential_increase_lead2,87,13.24200913242009,96.55172413793103,2.194964801336356,0.0696051653079238,False
"mobility_drop_retail, solidarity_messages_lag1",residential_increase_lead7,87,13.24200913242009,95.40229885057471,2.1688342679871138,0.0680830952927031,False
"mobility_drop_retail, solidarity_messages_lag3",mobility_drop_retail_lead2,86,13.08980213089802,84.88372093023256,3.95522018802573,0.08301884169776833,False
"mobility_drop_retail, solidarity_messages_lag3",mobility_drop_retail_lead7,86,13.08980213089802,91.86046511627907,4.280306778822365,0.09215126178909253,False
"mobility_drop_retail, solidarity_messages_lag3",mobility_drop_transit_lead2,86,13.08980213089802,100.0,1.8099173553719008,0.05857537026611899,False
"mobility_drop_retail, solidarity_messages_lag3",mobility_drop_transit_lead7,86,13.08980213089802,100.0,1.8099173553719008,0.05857537026611899,False
"mobility_drop_retail, solidarity_messages_lag3",residential_increase_lead2,86,13.08980213089802,97.67441860465115,2.220487647863523,0.0702746907788504,False
"mobility_drop_retail, solidarity_messages_lag3",residential_increase_lead7,86,13.08980213089802,94.18604651162791,2.141184517582683,0.0657084807331883,False
"mobility_drop_retail, solidarity_messages_lag7",mobility_drop_retail_lead2,85,12.93759512937595,85.88235294117646,4.001752190237797,0.0833454959932723,False
"mobility_drop_retail, solidarity_messages_lag7",mobility_drop_retail_lead7,85,12.93759512937595,89.41176470588236,4.166207759699625,0.0879117060389344,False
"mobility_drop_retail, solidarity_messages_lag7",mobility_drop_transit_lead2,85,12.93759512937595,100.0,1.8099173553719008,0.05789426130953622,False
"mobility_drop_retail, solidarity_messages_lag7",mobility_drop_transit_lead7,85,12.93759512937595,100.0,1.8099173553719008,0.05789426130953622,False
"mobility_drop_retail, solidarity_messages_lag7",residential_increase_lead2,85,12.93759512937595,96.47058823529412,2.193120293099939,0.06790007621933561,False
"mobility_drop_retail, solidarity_messages_lag7",residential_increase_lead7,85,12.93759512937595,95.29411764705881,2.1663749236718908,0.06637800620411491,False
"mobility_drop_retail, health_concern_lag1",mobility_drop_retail_lead2,91,13.850837138508371,85.71428571428571,3.9939209726443767,0.0889959202963519,False
"mobility_drop_retail, health_concern_lag1",mobility_drop_retail_lead7,91,13.850837138508371,93.4065934065934,4.352349777881693,0.0996504104028968,False
"mobility_drop_retail, health_concern_lag1",mobility_drop_transit_lead2,91,13.850837138508371,100.0,1.8099173553719008,0.061980915049032886,False
"mobility_drop_retail, health_concern_lag1",mobility_drop_transit_lead7,91,13.850837138508371,100.0,1.8099173553719008,0.061980915049032886,False
"mobility_drop_retail, health_concern_lag1",residential_increase_lead2,91,13.850837138508371,97.8021978021978,2.2233925244305865,0.07453741350032086,False
"mobility_drop_retail, health_concern_lag1",residential_increase_lead7,91,13.850837138508371,95.6043956043956,2.1734286474770905,0.07149327346987946,False
"mobility_drop_retail, health_concern_lag3",mobility_drop_retail_lead2,91,13.850837138508371,84.61538461538461,3.942716857610475,0.0874738502811312,False
"mobility_drop_retail, health_concern_lag3",mobility_drop_retail_lead7,91,13.850837138508371,91.20879120879121,4.249941547813888,0.0966062703724554,False
"mobility_drop_retail, health_concern_lag3",mobility_drop_transit_lead2,91,13.850837138508371,100.0,1.8099173553719008,0.061980915049032886,False
"mobility_drop_retail, health_concern_lag3",mobility_drop_transit_lead7,91,13.850837138508371,100.0,1.8099173553719008,0.061980915049032886,False
"mobility_drop_retail, health_concern_lag3",residential_increase_lead2,91,13.850837138508371,97.8021978021978,2.2233925244305865,0.07453741350032086,False
"mobility_drop_retail, health_concern_lag3",residential_increase_lead7,91,13.850837138508371,96.7032967032967,2.1984105859538388,0.07301534348510016,False
"mobility_drop_retail, health_concern_lag7",mobility_drop_retail_lead2,94,14.30745814307458,86.17021276595744,4.015165233137166,0.09258216745550203,False
"mobility_drop_retail, health_concern_lag7",mobility_drop_retail_lead7,94,14.30745814307458,90.42553191489363,4.2134449977365325,0.09867044751638483,False
"mobility_drop_retail, health_concern_lag7",mobility_drop_transit_lead2,94,14.30745814307458,100.0,1.8099173553719008,0.06402424191878123,False
"mobility_drop_retail, health_concern_lag7",mobility_drop_transit_lead7,94,14.30745814307458,100.0,1.8099173553719008,0.06402424191878123,False
"mobility_drop_retail, health_concern_lag7",residential_increase_lead2,94,14.30745814307458,97.87234042553192,2.2249871162482515,0.07709504713320313,False
"mobility_drop_retail, health_concern_lag7",residential_increase_lead7,94,14.30745814307458,95.74468085106383,2.17661783111242,0.07405090710276173,False
"mobility_drop_retail, sentiment_shift_detected_lag1",mobility_drop_retail_lead2,90,13.698630136986301,83.33333333333334,3.8829787234042556,0.08475636454619379,False
"mobility_drop_retail, sentiment_shift_detected_lag1",mobility_drop_retail_lead7,90,13.698630136986301,86.66666666666667,4.038297872340426,0.08932257459185589,False
"mobility_drop_retail, sentiment_shift_detected_lag1",mobility_drop_transit_lead2,90,13.698630136986301,100.0,1.8099173553719008,0.061299806092450115,False
"mobility_drop_retail, sentiment_shift_detected_lag1",mobility_drop_transit_lead7,90,13.698630136986301,100.0,1.8099173553719008,0.061299806092450115,False
"mobility_drop_retail, sentiment_shift_detected_lag1",residential_increase_lead2,90,13.698630136986301,97.77777777777777,2.2228373702422144,0.07368486895602677,False
"mobility_drop_retail, sentiment_shift_detected_lag1",residential_increase_lead7,90,13.698630136986301,95.55555555555556,2.172318339100346,0.07064072892558537,False
"mobility_drop_retail, sentiment_shift_detected_lag3",mobility_drop_retail_lead2,90,13.698630136986301,81.11111111111111,3.7794326241134755,0.08171222451575239,False
"mobility_drop_retail, sentiment_shift_detected_lag3",mobility_drop_retail_lead7,90,13.698630136986301,91.11111111111111,4.245390070921986,0.09541085465273869,False
"mobility_drop_retail, sentiment_shift_detected_lag3",mobility_drop_transit_lead2,90,13.698630136986301,100.0,1.8099173553719008,0.061299806092450115,False
"mobility_drop_retail, sentiment_shift_detected_lag3",mobility_drop_transit_lead7,90,13.698630136986301,100.0,1.8099173553719008,0.061299806092450115,False
"mobility_drop_retail, sentiment_shift_detected_lag3",residential_increase_lead2,90,13.698630136986301,96.66666666666667,2.1975778546712803,0.07216279894080607,False
"mobility_drop_retail, sentiment_shift_detected_lag3",residential_increase_lead7,90,13.698630136986301,95.55555555555556,2.172318339100346,0.07064072892558537,False
"mobility_drop_retail, sentiment_shift_detected_lag7",mobility_drop_retail_lead2,86,13.08980213089802,86.04651162790698,4.009401286491836,0.08454091171298903,False
"mobility_drop_retail, sentiment_shift_detected_lag7",mobility_drop_retail_lead7,86,13.08980213089802,93.02325581395348,4.334487877288471,0.09367333180431323,False
"mobility_drop_retail, sentiment_shift_detected_lag7",mobility_drop_transit_lead2,86,13.08980213089802,100.0,1.8099173553719008,0.05857537026611899,False
"mobility_drop_retail, sentiment_shift_detected_lag7",mobility_drop_transit_lead7,86,13.08980213089802,100.0,1.8099173553719008,0.05857537026611899,False
"mobility_drop_retail, sentiment_shift_detected_lag7",residential_increase_lead2,86,13.08980213089802,97.67441860465115,2.220487647863523,0.0702746907788504,False
"mobility_drop_retail, sentiment_shift_detected_lag7",residential_increase_lead7,86,13.08980213089802,96.51162790697676,2.194053271103243,0.0687526207636297,False
"mobility_drop_retail, lockdown_mentioned_lag1",mobility_drop_retail_lead2,84,12.785388127853881,91.66666666666666,4.2712765957446805,0.0897604303496591,False
"mobility_drop_retail, lockdown_mentioned_lag1",mobility_drop_retail_lead7,84,12.785388127853881,97.61904761904762,4.548632218844985,0.0973707804257626,False
"mobility_drop_retail, lockdown_mentioned_lag1",mobility_drop_transit_lead2,84,12.785388127853881,100.0,1.8099173553719008,0.057213152352953434,False
"mobility_drop_retail, lockdown_mentioned_lag1",mobility_drop_transit_lead7,84,12.785388127853881,100.0,1.8099173553719008,0.057213152352953434,False
"mobility_drop_retail, lockdown_mentioned_lag1",residential_increase_lead2,84,12.785388127853881,97.61904761904762,2.2192288680177956,0.06856960169026222,False
"mobility_drop_retail, lockdown_mentioned_lag1",residential_increase_lead7,84,12.785388127853881,98.80952380952381,2.2462926347009393,0.07009167170548292,False
"mobility_drop_retail, lockdown_mentioned_lag3",mobility_drop_retail_lead2,82,12.480974124809741,93.90243902439023,4.375454073689673,0.09041373894066707,False
"mobility_drop_retail, lockdown_mentioned_lag3",mobility_drop_retail_lead7,82,12.480974124809741,96.34146341463415,4.489102231447847,0.09345787897110847,False
"mobility_drop_retail, lockdown_mentioned_lag3",mobility_drop_transit_lead2,82,12.480974124809741,100.0,1.8099173553719008,0.05585093443978788,False
"mobility_drop_retail, lockdown_mentioned_lag3",mobility_drop_transit_lead7,82,12.480974124809741,100.0,1.8099173553719008,0.05585093443978788,False
"mobility_drop_retail, lockdown_mentioned_lag3",residential_increase_lead2,82,12.480974124809741,100.0,2.273356401384083,0.06990865263211545,False
"mobility_drop_retail, lockdown_mentioned_lag3",residential_increase_lead7,82,12.480974124809741,98.78048780487805,2.2456325428306187,0.06838658261689474,False
"mobility_drop_retail, lockdown_mentioned_lag7",mobility_drop_workplace,80,12.1765601217656,77.5,4.758644859813084,0.07453741350032086,False
"mobility_drop_retail, lockdown_mentioned_lag7",mobility_drop_retail_lead2,80,12.1765601217656,93.75,4.368351063829787,0.08802290750123364,False
"mobility_drop_retail, lockdown_mentioned_lag7",mobility_drop_retail_lead7,80,12.1765601217656,98.75,4.601329787234043,0.09411118756211644,False
"mobility_drop_retail, lockdown_mentioned_lag7",mobility_drop_transit_lead2,80,12.1765601217656,100.0,1.8099173553719008,0.05448871652662232,False
"mobility_drop_retail, lockdown_mentioned_lag7",mobility_drop_transit_lead7,80,12.1765601217656,100.0,1.8099173553719008,0.05448871652662232,False
"mobility_drop_retail, lockdown_mentioned_lag7",mobility_drop_workplace_lead2,80,12.1765601217656,76.25,4.681892523364486,0.07301534348510016,False
"mobility_drop_retail, lockdown_mentioned_lag7",residential_increase_lead2,80,12.1765601217656,100.0,2.273356401384083,0.06820356354352727,False
"mobility_drop_retail, lockdown_mentioned_lag7",residential_increase_lead7,80,12.1765601217656,100.0,2.273356401384083,0.06820356354352727,False
"mobility_drop_retail, lockdown_mentioned_lag7",severe_lockdown_behavior_lead2,80,12.1765601217656,75.0,5.663793103448276,0.07519998887985377,False
"mobility_drop_retail, mobility_drop_retail_lead2",mobility_drop_retail_lead7,120,18.2648401826484,94.16666666666667,4.387765957446809,0.1327953962594608,False
"mobility_drop_retail, mobility_drop_retail_lead2",mobility_drop_transit_lead2,120,18.2648401826484,100.0,1.8099173553719008,0.08173307478993348,False
"mobility_drop_retail, mobility_drop_retail_lead2",mobility_drop_transit_lead7,120,18.2648401826484,100.0,1.8099173553719008,0.08173307478993348,False
"mobility_drop_retail, mobility_drop_retail_lead2",residential_increase_lead2,120,18.2648401826484,99.16666666666667,2.2544117647058823,0.1007832753000702,False
"mobility_drop_retail, mobility_drop_retail_lead2",residential_increase_lead7,120,18.2648401826484,100.0,2.273356401384083,0.1023053453152909,False
"mobility_drop_retail, mobility_drop_retail_lead7",mobility_drop_retail_lead2,129,19.63470319634703,87.59689922480621,4.081642751113311,0.12985550759992492,False
"mobility_drop_retail, mobility_drop_retail_lead7",mobility_drop_transit_lead2,129,19.63470319634703,100.0,1.8099173553719008,0.08786305539917849,False
"mobility_drop_retail, mobility_drop_retail_lead7",mobility_drop_transit_lead7,129,19.63470319634703,100.0,1.8099173553719008,0.08786305539917849,False
"mobility_drop_retail, mobility_drop_retail_lead7",residential_increase_lead2,129,19.63470319634703,99.2248062015504,2.2557334835438962,0.10845617619871702,False
"mobility_drop_retail, mobility_drop_retail_lead7",residential_increase_lead7,129,19.63470319634703,97.67441860465115,2.220487647863523,0.10541203616827562,False
"mobility_drop_retail, mobility_drop_transit_lead2",mobility_drop_retail_lead2,141,21.461187214611872,85.1063829787234,3.965595291987325,0.136590146160422,False
"mobility_drop_retail, mobility_drop_transit_lead2",mobility_drop_retail_lead7,141,21.461187214611872,91.48936170212765,4.263014938886374,0.1502887762974083,False
"mobility_drop_retail, mobility_drop_transit_lead2",mobility_drop_transit_lead7,141,21.461187214611872,100.0,1.8099173553719008,0.09603636287817184,False
"mobility_drop_retail, mobility_drop_transit_lead2",residential_increase_lead2,141,21.461187214611872,97.87234042553192,2.2249871162482515,0.1156425706998047,False
"mobility_drop_retail, mobility_drop_transit_lead2",residential_increase_lead7,141,21.461187214611872,96.45390070921985,2.1927409261576973,0.1125984306693633,False
"mobility_drop_retail, mobility_drop_transit_lead7",mobility_drop_retail_lead2,141,21.461187214611872,85.1063829787234,3.965595291987325,0.136590146160422,False
"mobility_drop_retail, mobility_drop_transit_lead7",mobility_drop_retail_lead7,141,21.461187214611872,91.48936170212765,4.263014938886374,0.1502887762974083,False
"mobility_drop_retail, mobility_drop_transit_lead7",mobility_drop_transit_lead2,141,21.461187214611872,100.0,1.8099173553719008,0.09603636287817184,False
"mobility_drop_retail, mobility_drop_transit_lead7",residential_increase_lead2,141,21.461187214611872,97.87234042553192,2.2249871162482515,0.1156425706998047,False
"mobility_drop_retail, mobility_drop_transit_lead7",residential_increase_lead7,141,21.461187214611872,96.45390070921985,2.1927409261576973,0.1125984306693633,False
"mobility_drop_retail, mobility_drop_workplace_lead2",mobility_drop_workplace,89,13.54642313546423,88.76404494382022,5.450278273653261,0.09818162442169448,False
"mobility_drop_retail, mobility_drop_workplace_lead2",mobility_drop_retail_lead2,89,13.54642313546423,97.75280898876404,4.5548649294764525,0.10334785902434616,False
"mobility_drop_retail, mobility_drop_workplace_lead2",mobility_drop_retail_lead7,89,13.54642313546423,100.0,4.659574468085107,0.10639199905478756,False
"mobility_drop_retail, mobility_drop_workplace_lead2",mobility_drop_transit_lead2,89,13.54642313546423,100.0,1.8099173553719008,0.06061869713586733,False
"mobility_drop_retail, mobility_drop_workplace_lead2",mobility_drop_transit_lead7,89,13.54642313546423,100.0,1.8099173553719008,0.06061869713586733,False
"mobility_drop_retail, mobility_drop_workplace_lead2",mobility_drop_workplace_lead7,89,13.54642313546423,86.51685393258427,5.312296545206343,0.09513748439125308,False
"mobility_drop_retail, mobility_drop_workplace_lead2",residential_increase_lead2,89,13.54642313546423,100.0,2.273356401384083,0.07587646444217408,False
"mobility_drop_retail, mobility_drop_workplace_lead2",residential_increase_lead7,89,13.54642313546423,100.0,2.273356401384083,0.07587646444217408,False
"mobility_drop_retail, mobility_drop_workplace_lead2",severe_lockdown_behavior_lead2,89,13.54642313546423,97.75280898876404,7.382022471910112,0.1144819054370565,False
"mobility_drop_retail, mobility_drop_workplace_lead2",severe_lockdown_behavior_lead7,89,13.54642313546423,86.51685393258427,6.533514141805502,0.0992612052848495,False
"mobility_drop_retail, mobility_drop_workplace_lead7",mobility_drop_workplace,85,12.93759512937595,94.11764705882352,5.7789994502473885,0.1006952408090833,False
"mobility_drop_retail, mobility_drop_workplace_lead7",mobility_drop_retail_lead2,85,12.93759512937595,98.82352941176471,4.604755944931164,0.1000882661607,False
"mobility_drop_retail, mobility_drop_workplace_lead7",mobility_drop_retail_lead7,85,12.93759512937595,98.82352941176471,4.604755944931164,0.1000882661607,False
"mobility_drop_retail, mobility_drop_workplace_lead7",mobility_drop_transit_lead2,85,12.93759512937595,100.0,1.8099173553719008,0.05789426130953622,False
"mobility_drop_retail, mobility_drop_workplace_lead7",mobility_drop_transit_lead7,85,12.93759512937595,100.0,1.8099173553719008,0.05789426130953622,False
"mobility_drop_retail, mobility_drop_workplace_lead7",mobility_drop_workplace_lead2,85,12.93759512937595,90.58823529411765,5.562286970863112,0.0961290307634212,False
"mobility_drop_retail, mobility_drop_workplace_lead7",residential_increase_lead2,85,12.93759512937595,100.0,2.273356401384083,0.07246628626499771,False
"mobility_drop_retail, mobility_drop_workplace_lead7",residential_increase_lead7,85,12.93759512937595,100.0,2.273356401384083,0.07246628626499771,False
"mobility_drop_retail, mobility_drop_workplace_lead7",severe_lockdown_behavior_lead2,85,12.93759512937595,90.58823529411765,6.840973630831644,0.1000674158865189,False
"mobility_drop_retail, mobility_drop_workplace_lead7",severe_lockdown_behavior_lead7,85,12.93759512937595,98.82352941176471,7.462880324543612,0.11072190599306381,False
"mobility_drop_retail, residential_increase_lead2",mobility_drop_retail_lead2,138,21.00456621004566,86.23188405797102,4.0180388529139694,0.13604803903171325,False
"mobility_drop_retail, residential_increase_lead2",mobility_drop_retail_lead7,138,21.00456621004566,92.7536231884058,4.321924144310824,0.14974666916869955,False
"mobility_drop_retail, residential_increase_lead2",mobility_drop_transit_lead2,138,21.00456621004566,100.0,1.8099173553719008,0.0939930360084235,False
"mobility_drop_retail, residential_increase_lead2",mobility_drop_transit_lead7,138,21.00456621004566,100.0,1.8099173553719008,0.0939930360084235,False
"mobility_drop_retail, residential_increase_lead2",residential_increase_lead7,138,21.00456621004566,97.10144927536231,2.2074620129381675,0.11156286705170172,False
"mobility_drop_retail, residential_increase_lead7",mobility_drop_retail_lead2,136,20.700152207001523,88.23529411764706,4.111389236545683,0.13822341763794194,False
"mobility_drop_retail, residential_increase_lead7",mobility_drop_retail_lead7,136,20.700152207001523,92.64705882352942,4.316958698372966,0.14735583772926614,False
"mobility_drop_retail, residential_increase_lead7",mobility_drop_transit_lead2,136,20.700152207001523,100.0,1.8099173553719008,0.09263081809525794,False
"mobility_drop_retail, residential_increase_lead7",mobility_drop_transit_lead7,136,20.700152207001523,100.0,1.8099173553719008,0.09263081809525794,False
"mobility_drop_retail, residential_increase_lead7",residential_increase_lead2,136,20.700152207001523,98.52941176470588,2.239924689599023,0.11290191799355495,False
"mobility_drop_retail, severe_lockdown_behavior_lead2",mobility_drop_workplace,87,13.24200913242009,90.80459770114942,5.575572027070577,0.09867739760777854,False
"mobility_drop_retail, severe_lockdown_behavior_lead2",mobility_drop_retail_lead2,87,13.24200913242009,100.0,4.659574468085107,0.10400116761535413,False
"mobility_drop_retail, severe_lockdown_behavior_lead2",mobility_drop_retail_lead7,87,13.24200913242009,100.0,4.659574468085107,0.10400116761535413,False
"mobility_drop_retail, severe_lockdown_behavior_lead2",mobility_drop_transit_lead2,87,13.24200913242009,100.0,1.8099173553719008,0.059256479222701774,False
"mobility_drop_retail, severe_lockdown_behavior_lead2",mobility_drop_transit_lead7,87,13.24200913242009,100.0,1.8099173553719008,0.059256479222701774,False
"mobility_drop_retail, severe_lockdown_behavior_lead2",mobility_drop_workplace_lead2,87,13.24200913242009,100.0,6.140186915887851,0.11085395772954414,False
"mobility_drop_retail, severe_lockdown_behavior_lead2",mobility_drop_workplace_lead7,87,13.24200913242009,88.50574712643679,5.434418304866259,0.09563325757733714,False
"mobility_drop_retail, severe_lockdown_behavior_lead2",residential_increase_lead2,87,13.24200913242009,100.0,2.273356401384083,0.0741713753535859,False
"mobility_drop_retail, severe_lockdown_behavior_lead2",residential_increase_lead7,87,13.24200913242009,100.0,2.273356401384083,0.0741713753535859,False
"mobility_drop_retail, severe_lockdown_behavior_lead2",severe_lockdown_behavior_lead7,87,13.24200913242009,88.50574712643679,6.68370986920333,0.0996643105856842,False
"mobility_drop_retail, severe_lockdown_behavior_lead7",mobility_drop_workplace,84,12.785388127853881,95.23809523809523,5.847797062750334,0.10094312740212533,False
"mobility_drop_retail, severe_lockdown_behavior_lead7",mobility_drop_retail_lead2,84,12.785388127853881,100.0,4.659574468085107,0.100414920456204,False
"mobility_drop_retail, severe_lockdown_behavior_lead7",mobility_drop_retail_lead7,84,12.785388127853881,100.0,4.659574468085107,0.100414920456204,False
"mobility_drop_retail, severe_lockdown_behavior_lead7",mobility_drop_transit_lead2,84,12.785388127853881,100.0,1.8099173553719008,0.057213152352953434,False
"mobility_drop_retail, severe_lockdown_behavior_lead7",mobility_drop_transit_lead7,84,12.785388127853881,100.0,1.8099173553719008,0.057213152352953434,False
"mobility_drop_retail, severe_lockdown_behavior_lead7",mobility_drop_workplace_lead2,84,12.785388127853881,91.66666666666666,5.628504672897196,0.09637691735646323,False
"mobility_drop_retail, severe_lockdown_behavior_lead7",mobility_drop_workplace_lead7,84,12.785388127853881,100.0,6.140186915887851,0.10703140746300813,False
"mobility_drop_retail, severe_lockdown_behavior_lead7",residential_increase_lead2,84,12.785388127853881,100.0,2.273356401384083,0.07161374172070362,False
"mobility_drop_retail, severe_lockdown_behavior_lead7",residential_increase_lead7,84,12.785388127853881,100.0,2.273356401384083,0.07161374172070362,False
"mobility_drop_retail, severe_lockdown_behavior_lead7",severe_lockdown_behavior_lead2,84,12.785388127853881,91.66666666666666,6.922413793103448,0.10026896853693626,False
"mobility_drop_retail, sentiment_shift_detected_lead2",mobility_drop_retail_lead2,87,13.24200913242009,83.9080459770115,3.90975788701394,0.08269218740226433,False
"mobility_drop_retail, sentiment_shift_detected_lead2",mobility_drop_retail_lead7,87,13.24200913242009,88.50574712643679,4.123991195891416,0.08878046746314713,False
"mobility_drop_retail, sentiment_shift_detected_lead2",mobility_drop_transit_lead2,87,13.24200913242009,100.0,1.8099173553719008,0.059256479222701774,False
"mobility_drop_retail, sentiment_shift_detected_lead2",mobility_drop_transit_lead7,87,13.24200913242009,100.0,1.8099173553719008,0.059256479222701774,False
"mobility_drop_retail, sentiment_shift_detected_lead2",residential_increase_lead2,87,13.24200913242009,98.85057471264368,2.2472258680348407,0.0726493053383652,False
"mobility_drop_retail, sentiment_shift_detected_lead2",residential_increase_lead7,87,13.24200913242009,96.55172413793103,2.194964801336356,0.0696051653079238,False
"mobility_drop_retail, sentiment_shift_detected_lead7",mobility_drop_retail_lead2,90,13.698630136986301,83.33333333333334,3.8829787234042556,0.08475636454619379,False
"mobility_drop_retail, sentiment_shift_detected_lead7",mobility_drop_retail_lead7,90,13.698630136986301,90.0,4.193617021276596,0.09388878463751799,False
"mobility_drop_retail, sentiment_shift_detected_lead7",mobility_drop_transit_lead2,90,13.698630136986301,100.0,1.8099173553719008,0.061299806092450115,False
"mobility_drop_retail, sentiment_shift_detected_lead7",mobility_drop_transit_lead7,90,13.698630136986301,100.0,1.8099173553719008,0.061299806092450115,False
"mobility_drop_retail, sentiment_shift_detected_lead7",residential_increase_lead2,90,13.698630136986301,97.77777777777777,2.2228373702422144,0.07368486895602677,False
"mobility_drop_retail, sentiment_shift_detected_lead7",residential_increase_lead7,90,13.698630136986301,95.55555555555556,2.172318339100346,0.07064072892558537,False
"mobility_drop_retail, solidarity_messages_lead2",mobility_drop_retail_lead2,83,12.633181126331811,90.36144578313254,4.21045885670341,0.08704294461472167,False
"mobility_drop_retail, solidarity_messages_lead2",mobility_drop_retail_lead7,83,12.633181126331811,91.56626506024097,4.266598308126121,0.08856501462994237,False
"mobility_drop_retail, solidarity_messages_lead2",mobility_drop_transit_lead2,83,12.633181126331811,100.0,1.8099173553719008,0.05653204339637066,False
"mobility_drop_retail, solidarity_messages_lead2",mobility_drop_transit_lead7,83,12.633181126331811,100.0,1.8099173553719008,0.05653204339637066,False
"mobility_drop_retail, solidarity_messages_lead2",residential_increase_lead2,83,12.633181126331811,96.3855421686747,2.1911868929003213,0.06619498713074744,False
"mobility_drop_retail, solidarity_messages_lead2",residential_increase_lead7,83,12.633181126331811,96.3855421686747,2.1911868929003213,0.06619498713074744,False
"mobility_drop_retail, solidarity_messages_lead7",mobility_drop_retail_lead2,82,12.480974124809741,89.02439024390245,4.148157758173327,0.08432545887978427,False
"mobility_drop_retail, solidarity_messages_lead7",mobility_drop_retail_lead7,82,12.480974124809741,95.1219512195122,4.43227815256876,0.09193580895588777,False
"mobility_drop_retail, solidarity_messages_lead7",mobility_drop_transit_lead2,82,12.480974124809741,100.0,1.8099173553719008,0.05585093443978788,False
"mobility_drop_retail, solidarity_messages_lead7",mobility_drop_transit_lead7,82,12.480974124809741,100.0,1.8099173553719008,0.05585093443978788,False
"mobility_drop_retail, solidarity_messages_lead7",residential_increase_lead2,82,12.480974124809741,97.5609756097561,2.2179086842771545,0.06686451260167404,False
"mobility_drop_retail, solidarity_messages_lead7",residential_increase_lead7,82,12.480974124809741,97.5609756097561,2.2179086842771545,0.06686451260167404,False
"mobility_drop_transit, mobility_drop_workplace",mobility_drop_retail_lead2,104,15.82952815829528,83.65384615384616,3.8979132569558104,0.09844804459178638,False
"mobility_drop_transit, mobility_drop_workplace",mobility_drop_retail_lead7,104,15.82952815829528,83.65384615384616,3.8979132569558104,0.09844804459178638,False
"mobility_drop_transit, mobility_drop_workplace",mobility_drop_workplace_lead2,104,15.82952815829528,81.73076923076923,5.018421998562186,0.1035957456173882,False
"mobility_drop_transit, mobility_drop_workplace",mobility_drop_workplace_lead7,104,15.82952815829528,76.92307692307693,4.723220704529116,0.0959853955412847,False
"mobility_drop_transit, mobility_drop_workplace",residential_increase_lead2,104,15.82952815829528,92.3076923076923,2.0984828320468463,0.07648807248481984,False
"mobility_drop_transit, mobility_drop_workplace",residential_increase_lead7,104,15.82952815829528,90.38461538461539,2.0547644397125366,0.07344393245437844,False
"mobility_drop_transit, mobility_drop_workplace",severe_lockdown_behavior_lead2,104,15.82952815829528,75.96153846153845,5.736405835543767,0.0992820555590306,False
"mobility_drop_transit, mobility_drop_workplace",severe_lockdown_behavior_lead7,104,15.82952815829528,76.92307692307693,5.809018567639258,0.1008041255742513,False
"mobility_drop_transit, residential_increase",residential_increase_lead2,256,38.96499238964992,84.375,1.9181444636678202,0.15736860273045924,False
"mobility_drop_transit, residential_increase",residential_increase_lead7,256,38.96499238964992,89.0625,2.0247080449826993,0.17563344291310765,False
"mobility_drop_transit, severe_lockdown_behavior",mobility_drop_retail_lead2,87,13.24200913242009,100.0,4.659574468085107,0.10400116761535413,False
"mobility_drop_transit, severe_lockdown_behavior",mobility_drop_retail_lead7,87,13.24200913242009,100.0,4.659574468085107,0.10400116761535413,False
"mobility_drop_transit, severe_lockdown_behavior",mobility_drop_transit_lead2,87,13.24200913242009,100.0,1.8099173553719008,0.059256479222701774,False
"mobility_drop_transit, severe_lockdown_behavior",mobility_drop_transit_lead7,87,13.24200913242009,100.0,1.8099173553719008,0.059256479222701774,False
"mobility_drop_transit, severe_lockdown_behavior",mobility_drop_workplace_lead2,87,13.24200913242009,90.80459770114942,5.575572027070577,0.09867739760777854,False
"mobility_drop_transit, severe_lockdown_behavior",mobility_drop_workplace_lead7,87,13.24200913242009,91.95402298850574,5.646148888172736,0.10019946762299924,False
"mobility_drop_transit, severe_lockdown_behavior",residential_increase_lead2,87,13.24200913242009,100.0,2.273356401384083,0.0741713753535859,False
"mobility_drop_transit, severe_lockdown_behavior",residential_increase_lead7,87,13.24200913242009,100.0,2.273356401384083,0.0741713753535859,False
"mobility_drop_transit, severe_lockdown_behavior",severe_lockdown_behavior_lead2,87,13.24200913242009,90.80459770114942,6.857312722948871,0.1027084506161256,False
"mobility_drop_transit, severe_lockdown_behavior",severe_lockdown_behavior_lead7,87,13.24200913242009,91.95402298850574,6.944114149821641,0.1042305206313463,False
"mobility_drop_transit, partial_restrictions",partial_restrictions_lead2,276,42.00913242009132,83.69565217391305,1.9708976157082752,0.17320322762244322,False
"mobility_drop_transit, partial_restrictions",partial_restrictions_lead7,276,42.00913242009132,87.68115942028986,2.0647498831229547,0.18994599778987092,False
"mobility_drop_transit, vaccine_mentioned",partial_restrictions_lead2,121,18.41704718417047,78.51239669421489,1.8488403092508667,0.06638727299263986,True
"mobility_drop_transit, vaccine_mentioned",partial_restrictions_lead7,121,18.41704718417047,81.81818181818183,1.926686217008798,0.07247555305352266,True
"mobility_drop_transit, high_positive_sentiment_lag7",partial_restrictions_lead7,140,21.3089802130898,80.0,1.8838709677419356,0.07998165175872063,False
"mobility_drop_transit, sentiment_improved_lag1",high_positive_sentiment_lag1,109,16.590563165905632,75.22935779816514,1.9382622773880196,0.06041714448544998,False
"mobility_drop_transit, vaccine_mentioned_lag1",partial_restrictions_lead2,115,17.50380517503805,80.0,1.8838709677419356,0.06569921394466337,False
"mobility_drop_transit, vaccine_mentioned_lag1",partial_restrictions_lead7,115,17.50380517503805,85.21739130434783,2.006732117812062,0.07483163403598757,False
"mobility_drop_transit, vaccine_mentioned_lag3",partial_restrictions_lead7,114,17.35159817351598,80.7017543859649,1.9003961516694963,0.06634557244427765,False
"mobility_drop_transit, vaccine_mentioned_lag7",partial_restrictions_lead2,110,16.7427701674277,78.18181818181819,1.8410557184750735,0.059798586351410526,False
"mobility_drop_transit, vaccine_mentioned_lag7",partial_restrictions_lead7,110,16.7427701674277,84.54545454545455,1.990909090909091,0.07045307645795543,False
"mobility_drop_transit, mobility_drop_retail_lead2",mobility_drop_retail_lead7,140,21.3089802130898,82.14285714285714,3.8275075987841944,0.1293064503798225,False
"mobility_drop_transit, mobility_drop_retail_lead2",mobility_drop_transit_lead2,140,21.3089802130898,100.0,1.8099173553719008,0.09535525392158906,False
"mobility_drop_transit, mobility_drop_retail_lead2",mobility_drop_transit_lead7,140,21.3089802130898,100.0,1.8099173553719008,0.09535525392158906,False
"mobility_drop_transit, mobility_drop_retail_lead2",residential_increase_lead2,140,21.3089802130898,97.14285714285714,2.208403361344538,0.11326795614028991,False
"mobility_drop_transit, mobility_drop_retail_lead2",residential_increase_lead7,140,21.3089802130898,99.28571428571429,2.257118141374197,0.11783416618595201,False
"mobility_drop_transit, mobility_drop_retail_lead7",mobility_drop_retail_lead2,135,20.54794520547945,85.18518518518519,3.9692671394799057,0.13093972185734243,False
"mobility_drop_transit, mobility_drop_retail_lead7",mobility_drop_transit_lead2,135,20.54794520547945,100.0,1.8099173553719008,0.09194970913867516,False
"mobility_drop_transit, mobility_drop_retail_lead7",mobility_drop_transit_lead7,135,20.54794520547945,100.0,1.8099173553719008,0.09194970913867516,False
"mobility_drop_transit, mobility_drop_retail_lead7",residential_increase_lead2,135,20.54794520547945,97.77777777777777,2.2228373702422144,0.11052730343404016,False
"mobility_drop_transit, mobility_drop_retail_lead7",residential_increase_lead7,135,20.54794520547945,97.03703703703704,2.205997693194925,0.10900523341881946,False
"mobility_drop_transit, mobility_drop_workplace_lead2",mobility_drop_workplace,98,14.916286149162861,86.73469387755102,5.325672325004768,0.1050830651756404,False
"mobility_drop_transit, mobility_drop_workplace_lead2",severe_lockdown_behavior,98,14.916286149162861,80.61224489795919,6.087614356087263,0.10049137146153472,False
"mobility_drop_transit, mobility_drop_workplace_lead2",mobility_drop_retail_lead2,98,14.916286149162861,88.77551020408163,4.136561007381676,0.10040797036481029,False
"mobility_drop_transit, mobility_drop_workplace_lead2",mobility_drop_retail_lead7,98,14.916286149162861,90.81632653061224,4.231654363873209,0.10345211039525169,False
"mobility_drop_transit, mobility_drop_workplace_lead2",mobility_drop_transit_lead2,98,14.916286149162861,100.0,1.8099173553719008,0.06674867774511234,False
"mobility_drop_transit, mobility_drop_workplace_lead2",mobility_drop_workplace_lead7,98,14.916286149162861,78.57142857142857,4.824432576769025,0.0929065050538748,False
"mobility_drop_transit, mobility_drop_workplace_lead2",residential_increase_lead2,98,14.916286149162861,100.0,2.273356401384083,0.0835493653408209,False
"mobility_drop_transit, mobility_drop_workplace_lead2",residential_increase_lead7,98,14.916286149162861,94.89795918367348,2.1573688298848954,0.0759390152647174,False
"mobility_drop_transit, mobility_drop_workplace_lead2",severe_lockdown_behavior_lead2,98,14.916286149162861,88.77551020408163,6.704081632653062,0.11266793158330032,False
"mobility_drop_transit, mobility_drop_workplace_lead2",severe_lockdown_behavior_lead7,98,14.916286149162861,78.57142857142857,5.933497536945813,0.09744723143109332,False
"mobility_drop_transit, mobility_drop_workplace_lead7",mobility_drop_workplace,93,14.15525114155251,86.02150537634408,5.281881217968044,0.09871214806474704,False
"mobility_drop_transit, mobility_drop_workplace_lead7",severe_lockdown_behavior,93,14.15525114155251,86.02150537634408,6.49610678531702,0.10302120472884219,False
"mobility_drop_transit, mobility_drop_workplace_lead7",mobility_drop_retail_lead2,93,14.15525114155251,91.39784946236558,4.2587508579272475,0.09899710181188882,False
"mobility_drop_transit, mobility_drop_workplace_lead7",mobility_drop_retail_lead7,93,14.15525114155251,91.39784946236558,4.2587508579272475,0.09899710181188882,False
"mobility_drop_transit, mobility_drop_workplace_lead7",mobility_drop_transit_lead2,93,14.15525114155251,100.0,1.8099173553719008,0.06334313296219844,False
"mobility_drop_transit, mobility_drop_workplace_lead7",mobility_drop_transit_lead7,93,14.15525114155251,100.0,1.8099173553719008,0.06334313296219844,False
"mobility_drop_transit, mobility_drop_workplace_lead7",mobility_drop_workplace_lead2,93,14.15525114155251,82.79569892473118,5.083810672294242,0.09414593801908494,False
"mobility_drop_transit, mobility_drop_workplace_lead7",residential_increase_lead2,93,14.15525114155251,96.7741935483871,2.2000223239200807,0.07472043257368835,False
"mobility_drop_transit, mobility_drop_workplace_lead7",residential_increase_lead7,93,14.15525114155251,100.0,2.273356401384083,0.07928664261935045,False
"mobility_drop_transit, mobility_drop_workplace_lead7",severe_lockdown_behavior_lead2,93,14.15525114155251,82.79569892473118,6.252502780867632,0.09845499468318009,False
"mobility_drop_transit, mobility_drop_workplace_lead7",severe_lockdown_behavior_lead7,93,14.15525114155251,91.39784946236558,6.902113459399333,0.11063155480494569,False
"mobility_drop_transit, residential_increase_lead2",residential_increase_lead7,252,38.35616438356164,80.55555555555556,1.8313148788927338,0.14025979441629657,False
"mobility_drop_transit, residential_increase_lead7",residential_increase_lead2,239,36.37747336377473,84.93723849372385,1.9309261484559368,0.1489636255383425,False
"mobility_drop_transit, severe_lockdown_behavior_lead2",mobility_drop_workplace,87,13.24200913242009,90.80459770114942,5.575572027070577,0.09867739760777854,False
"mobility_drop_transit, severe_lockdown_behavior_lead2",severe_lockdown_behavior,87,13.24200913242009,90.80459770114942,6.857312722948871,0.1027084506161256,False
"mobility_drop_transit, severe_lockdown_behavior_lead2",mobility_drop_retail_lead2,87,13.24200913242009,100.0,4.659574468085107,0.10400116761535413,False
"mobility_drop_transit, severe_lockdown_behavior_lead2",mobility_drop_retail_lead7,87,13.24200913242009,100.0,4.659574468085107,0.10400116761535413,False
"mobility_drop_transit, severe_lockdown_behavior_lead2",mobility_drop_transit_lead2,87,13.24200913242009,100.0,1.8099173553719008,0.059256479222701774,False
"mobility_drop_transit, severe_lockdown_behavior_lead2",mobility_drop_transit_lead7,87,13.24200913242009,100.0,1.8099173553719008,0.059256479222701774,False
"mobility_drop_transit, severe_lockdown_behavior_lead2",mobility_drop_workplace_lead2,87,13.24200913242009,100.0,6.140186915887851,0.11085395772954414,False
"mobility_drop_transit, severe_lockdown_behavior_lead2",mobility_drop_workplace_lead7,87,13.24200913242009,88.50574712643679,5.434418304866259,0.09563325757733714,False
"mobility_drop_transit, severe_lockdown_behavior_lead2",residential_increase_lead2,87,13.24200913242009,100.0,2.273356401384083,0.0741713753535859,False
"mobility_drop_transit, severe_lockdown_behavior_lead2",residential_increase_lead7,87,13.24200913242009,100.0,2.273356401384083,0.0741713753535859,False
"mobility_drop_transit, severe_lockdown_behavior_lead2",severe_lockdown_behavior_lead7,87,13.24200913242009,88.50574712643679,6.68370986920333,0.0996643105856842,False
"mobility_drop_transit, severe_lockdown_behavior_lead7",mobility_drop_workplace,85,12.93759512937595,94.11764705882352,5.7789994502473885,0.1006952408090833,False
"mobility_drop_transit, severe_lockdown_behavior_lead7",severe_lockdown_behavior,85,12.93759512937595,94.11764705882352,7.107505070993915,0.104633625932181,False
"mobility_drop_transit, severe_lockdown_behavior_lead7",mobility_drop_retail_lead2,85,12.93759512937595,100.0,4.659574468085107,0.1016103361759207,False
"mobility_drop_transit, severe_lockdown_behavior_lead7",mobility_drop_retail_lead7,85,12.93759512937595,100.0,4.659574468085107,0.1016103361759207,False
"mobility_drop_transit, severe_lockdown_behavior_lead7",mobility_drop_transit_lead2,85,12.93759512937595,100.0,1.8099173553719008,0.05789426130953622,False
"mobility_drop_transit, severe_lockdown_behavior_lead7",mobility_drop_transit_lead7,85,12.93759512937595,100.0,1.8099173553719008,0.05789426130953622,False
"mobility_drop_transit, severe_lockdown_behavior_lead7",mobility_drop_workplace_lead2,85,12.93759512937595,90.58823529411765,5.562286970863112,0.0961290307634212,False
"mobility_drop_transit, severe_lockdown_behavior_lead7",mobility_drop_workplace_lead7,85,12.93759512937595,100.0,6.140186915887851,0.1083055908851868,False
"mobility_drop_transit, severe_lockdown_behavior_lead7",residential_increase_lead2,85,12.93759512937595,100.0,2.273356401384083,0.07246628626499771,False
"mobility_drop_transit, severe_lockdown_behavior_lead7",residential_increase_lead7,85,12.93759512937595,100.0,2.273356401384083,0.07246628626499771,False
"mobility_drop_transit, severe_lockdown_behavior_lead7",severe_lockdown_behavior_lead2,85,12.93759512937595,90.58823529411765,6.840973630831644,0.1000674158865189,False
"mobility_drop_transit, partial_restrictions_lead2",mobility_drop_transit_lead2,239,36.37747336377473,100.0,1.8099173553719008,0.16278504062328417,False
"mobility_drop_transit, partial_restrictions_lead2",partial_restrictions_lead7,239,36.37747336377473,90.3765690376569,2.128222432177082,0.17428744187986073,False
"mobility_drop_transit, partial_restrictions_lead7",mobility_drop_transit_lead7,249,37.89954337899543,100.0,1.8099173553719008,0.16959613018911196,False
"mobility_drop_transit, partial_restrictions_lead7",partial_restrictions_lead2,249,37.89954337899543,86.74698795180723,2.042751651768364,0.167823856883718,False
"mobility_drop_workplace, residential_increase",mobility_drop_retail_lead2,107,16.28614916286149,81.30841121495327,3.78862596937761,0.09746808170527442,False
"mobility_drop_workplace, residential_increase",mobility_drop_retail_lead7,107,16.28614916286149,81.30841121495327,3.78862596937761,0.09746808170527442,False
"mobility_drop_workplace, residential_increase",mobility_drop_workplace_lead2,107,16.28614916286149,79.43925233644859,4.87771857804175,0.10285208583826211,False
"mobility_drop_workplace, residential_increase",residential_increase_lead2,107,16.28614916286149,89.7196261682243,2.039646864793196,0.07447949607204002,False
"mobility_drop_workplace, residential_increase",residential_increase_lead7,107,16.28614916286149,87.85046728971963,1.9971542217766711,0.07143535604159862,False
"mobility_drop_workplace, severe_lockdown_behavior",mobility_drop_retail_lead2,87,13.24200913242009,100.0,4.659574468085107,0.10400116761535413,False
"mobility_drop_workplace, severe_lockdown_behavior",mobility_drop_retail_lead7,87,13.24200913242009,100.0,4.659574468085107,0.10400116761535413,False
"mobility_drop_workplace, severe_lockdown_behavior",mobility_drop_transit_lead2,87,13.24200913242009,100.0,1.8099173553719008,0.059256479222701774,False
"mobility_drop_workplace, severe_lockdown_behavior",mobility_drop_transit_lead7,87,13.24200913242009,100.0,1.8099173553719008,0.059256479222701774,False
"mobility_drop_workplace, severe_lockdown_behavior",mobility_drop_workplace_lead2,87,13.24200913242009,90.80459770114942,5.575572027070577,0.09867739760777854,False
"mobility_drop_workplace, severe_lockdown_behavior",mobility_drop_workplace_lead7,87,13.24200913242009,91.95402298850574,5.646148888172736,0.10019946762299924,False
"mobility_drop_workplace, severe_lockdown_behavior",residential_increase_lead2,87,13.24200913242009,100.0,2.273356401384083,0.0741713753535859,False
"mobility_drop_workplace, severe_lockdown_behavior",residential_increase_lead7,87,13.24200913242009,100.0,2.273356401384083,0.0741713753535859,False
"mobility_drop_workplace, severe_lockdown_behavior",severe_lockdown_behavior_lead2,87,13.24200913242009,90.80459770114942,6.857312722948871,0.1027084506161256,False
"mobility_drop_workplace, severe_lockdown_behavior",severe_lockdown_behavior_lead7,87,13.24200913242009,91.95402298850574,6.944114149821641,0.1042305206313463,False
"mobility_drop_workplace, dominant_emotion_fear",mobility_drop_retail_lead2,90,13.698630136986301,84.44444444444444,3.9347517730496455,0.08627843456141449,True
"mobility_drop_workplace, dominant_emotion_fear",mobility_drop_retail_lead7,90,13.698630136986301,84.44444444444444,3.9347517730496455,0.08627843456141449,True
"mobility_drop_workplace, dominant_emotion_fear",mobility_drop_workplace_lead2,90,13.698630136986301,81.11111111111111,4.980373831775701,0.08880131773732824,True
"mobility_drop_workplace, dominant_emotion_fear",mobility_drop_workplace_lead7,90,13.698630136986301,78.88888888888889,4.8439252336448595,0.08575717770688684,True
"mobility_drop_workplace, dominant_emotion_fear",residential_increase_lead2,90,13.698630136986301,91.11111111111111,2.071280276816609,0.06455244886470257,True
"mobility_drop_workplace, dominant_emotion_fear",residential_increase_lead7,90,13.698630136986301,92.22222222222223,2.0965397923875435,0.06607451887992327,True
"mobility_drop_workplace, dominant_emotion_fear",severe_lockdown_behavior_lead2,90,13.698630136986301,77.77777777777779,5.873563218390805,0.08840516252788724,True
"mobility_drop_workplace, dominant_emotion_fear",severe_lockdown_behavior_lead7,90,13.698630136986301,78.88888888888889,5.9574712643678165,0.08992723254310794,True
"mobility_drop_workplace, covid_topic_detected",mobility_drop_retail_lead2,97,14.76407914764079,85.56701030927834,3.987058565474885,0.09464634459943147,True
"mobility_drop_workplace, covid_topic_detected",mobility_drop_retail_lead7,97,14.76407914764079,85.56701030927834,3.987058565474885,0.09464634459943147,True
"mobility_drop_workplace, covid_topic_detected",mobility_drop_workplace_lead2,97,14.76407914764079,81.44329896907216,5.000770787166394,0.09619853167735821,True
"mobility_drop_workplace, covid_topic_detected",mobility_drop_workplace_lead7,97,14.76407914764079,79.38144329896907,4.874168995086232,0.09315439164691681,True
"mobility_drop_workplace, covid_topic_detected",residential_increase_lead2,97,14.76407914764079,91.75257731958763,2.0858630899297257,0.0705202606747612,True
"mobility_drop_workplace, covid_topic_detected",residential_increase_lead7,97,14.76407914764079,92.78350515463917,2.1092997538615204,0.0720423306899819,True
"mobility_drop_workplace, covid_topic_detected",severe_lockdown_behavior_lead2,97,14.76407914764079,78.35051546391753,5.916814788482048,0.09612671406628998,True
"mobility_drop_workplace, covid_topic_detected",severe_lockdown_behavior_lead7,97,14.76407914764079,79.38144329896907,5.994667614646285,0.09764878408151068,True
"mobility_drop_workplace, lockdown_mentioned",mobility_drop_retail_lead2,68,10.350076103500761,91.17647058823529,4.248435544430539,0.07215584884941237,True
"mobility_drop_workplace, lockdown_mentioned",mobility_drop_retail_lead7,68,10.350076103500761,91.17647058823529,4.248435544430539,0.07215584884941237,True
"mobility_drop_workplace, lockdown_mentioned",mobility_drop_workplace_lead2,68,10.350076103500761,83.82352941176471,5.146921385376581,0.06990170254072174,True
"mobility_drop_workplace, lockdown_mentioned",mobility_drop_workplace_lead7,68,10.350076103500761,88.23529411764706,5.417811984606927,0.07446791258638384,True
"mobility_drop_workplace, lockdown_mentioned",residential_increase_lead2,68,10.350076103500761,94.11764705882352,2.139629554243843,0.051884748951115375,True
"mobility_drop_workplace, lockdown_mentioned",residential_increase_lead7,68,10.350076103500761,95.58823529411765,2.173061266028903,0.053406818966336075,True
"mobility_drop_workplace, lockdown_mentioned",severe_lockdown_behavior_lead2,68,10.350076103500761,82.35294117647058,6.219066937119676,0.0715303406239792,True
"mobility_drop_workplace, lockdown_mentioned",severe_lockdown_behavior_lead7,68,10.350076103500761,88.23529411764706,6.663286004056795,0.077618620684862,True
"mobility_drop_workplace, health_concern",lockdown_mentioned,70,10.6544901065449,75.71428571428571,2.357549085985105,0.046452094178371775,True
"mobility_drop_workplace, health_concern",mobility_drop_retail_lead2,70,10.6544901065449,84.28571428571429,3.927355623100304,0.0669363302127423,True
"mobility_drop_workplace, health_concern",mobility_drop_retail_lead7,70,10.6544901065449,84.28571428571429,3.927355623100304,0.0669363302127423,True
"mobility_drop_workplace, health_concern",mobility_drop_workplace_lead2,70,10.6544901065449,81.42857142857143,4.999866488651536,0.06940592935463769,True
"mobility_drop_workplace, health_concern",mobility_drop_workplace_lead7,70,10.6544901065449,80.0,4.912149532710281,0.06788385933941699,True
"mobility_drop_workplace, health_concern",residential_increase_lead2,70,10.6544901065449,92.85714285714286,2.11097380128522,0.052067768024482854,True
"mobility_drop_workplace, health_concern",residential_increase_lead7,70,10.6544901065449,92.85714285714286,2.11097380128522,0.052067768024482854,True
"mobility_drop_workplace, health_concern",severe_lockdown_behavior_lead2,70,10.6544901065449,77.14285714285715,5.825615763546798,0.0680830952927031,True
"mobility_drop_workplace, health_concern",severe_lockdown_behavior_lead7,70,10.6544901065449,80.0,6.041379310344828,0.0711272353231445,True
"mobility_drop_workplace, dominant_emotion_fear_lag1",mobility_drop_retail_lead2,90,13.698630136986301,85.55555555555556,3.9865248226950354,0.08780050457663519,False
"mobility_drop_workplace, dominant_emotion_fear_lag1",mobility_drop_retail_lead7,90,13.698630136986301,85.55555555555556,3.9865248226950354,0.08780050457663519,False
"mobility_drop_workplace, dominant_emotion_fear_lag1",mobility_drop_workplace_lead2,90,13.698630136986301,83.33333333333334,5.116822429906542,0.09184545776776964,False
"mobility_drop_workplace, dominant_emotion_fear_lag1",mobility_drop_workplace_lead7,90,13.698630136986301,77.77777777777779,4.775700934579439,0.08423510769166614,False
"mobility_drop_workplace, dominant_emotion_fear_lag1",residential_increase_lead2,90,13.698630136986301,94.44444444444444,2.1470588235294117,0.06911865891036467,False
"mobility_drop_workplace, dominant_emotion_fear_lag1",residential_increase_lead7,90,13.698630136986301,92.22222222222223,2.0965397923875435,0.06607451887992327,False
"mobility_drop_workplace, dominant_emotion_fear_lag1",severe_lockdown_behavior_lead2,90,13.698630136986301,77.77777777777779,5.873563218390805,0.08840516252788724,False
"mobility_drop_workplace, dominant_emotion_fear_lag1",severe_lockdown_behavior_lead7,90,13.698630136986301,77.77777777777779,5.873563218390805,0.08840516252788724,False
"mobility_drop_workplace, dominant_emotion_fear_lag3",mobility_drop_retail_lead2,96,14.61187214611872,81.25,3.7859042553191493,0.08736264881883196,False
"mobility_drop_workplace, dominant_emotion_fear_lag3",mobility_drop_retail_lead7,96,14.61187214611872,81.25,3.7859042553191493,0.08736264881883196,False
"mobility_drop_workplace, dominant_emotion_fear_lag3",mobility_drop_workplace_lead2,96,14.61187214611872,79.16666666666666,4.860981308411215,0.09188020822473815,False
"mobility_drop_workplace, dominant_emotion_fear_lag3",residential_increase_lead2,96,14.61187214611872,90.625,2.0602292387543253,0.06814564611524641,False
"mobility_drop_workplace, dominant_emotion_fear_lag3",residential_increase_lead7,96,14.61187214611872,88.54166666666666,2.0128676470588234,0.06510150608480501,False
"mobility_drop_workplace, dominant_emotion_fear_lag7",mobility_drop_retail_lead2,94,14.30745814307458,80.85106382978722,3.767315527387958,0.08497181737939853,False
"mobility_drop_workplace, dominant_emotion_fear_lag7",mobility_drop_retail_lead7,94,14.30745814307458,80.85106382978722,3.767315527387958,0.08497181737939853,False
"mobility_drop_workplace, dominant_emotion_fear_lag7",mobility_drop_workplace_lead2,94,14.30745814307458,79.7872340425532,4.899085305229668,0.09085391139560152,False
"mobility_drop_workplace, dominant_emotion_fear_lag7",residential_increase_lead2,94,14.30745814307458,89.36170212765957,2.031509975704925,0.06491848701143753,False
"mobility_drop_workplace, dominant_emotion_fear_lag7",residential_increase_lead7,94,14.30745814307458,88.29787234042553,2.00732533313701,0.06339641699621683,False
"mobility_drop_workplace, health_concern_lag1",lockdown_mentioned_lag1,67,10.197869101978691,76.11940298507463,2.3701634010044565,0.044874423432001466,False
"mobility_drop_workplace, health_concern_lag1",mobility_drop_retail_lead2,67,10.197869101978691,85.07462686567165,3.964115592251509,0.06487215306881286,False
"mobility_drop_workplace, health_concern_lag1",mobility_drop_retail_lead7,67,10.197869101978691,85.07462686567165,3.964115592251509,0.06487215306881286,False
"mobility_drop_workplace, health_concern_lag1",mobility_drop_workplace_lead2,67,10.197869101978691,82.08955223880598,5.040451945878087,0.06710544910332238,False
"mobility_drop_workplace, health_concern_lag1",mobility_drop_workplace_lead7,67,10.197869101978691,83.5820895522388,5.132096526712234,0.06862751911854308,False
"mobility_drop_workplace, health_concern_lag1",residential_increase_lead2,67,10.197869101978691,92.53731343283582,2.103702938594226,0.04951013439160058,False
"mobility_drop_workplace, health_concern_lag1",residential_increase_lead7,67,10.197869101978691,91.04477611940298,2.069772246036255,0.04798806437637988,False
"mobility_drop_workplace, health_concern_lag1",severe_lockdown_behavior_lead2,67,10.197869101978691,77.61194029850746,5.861039629439012,0.06564361321351375,False
"mobility_drop_workplace, health_concern_lag1",severe_lockdown_behavior_lead7,67,10.197869101978691,83.5820895522388,6.311888831703551,0.07173189327439655,False
"mobility_drop_workplace, health_concern_lag3",mobility_drop_retail_lead2,66,10.045662100456621,83.33333333333334,3.8829787234042556,0.06215466733387544,False
"mobility_drop_workplace, health_concern_lag3",mobility_drop_retail_lead7,66,10.045662100456621,83.33333333333334,3.8829787234042556,0.06215466733387544,False
"mobility_drop_workplace, health_concern_lag3",mobility_drop_workplace_lead2,66,10.045662100456621,84.84848484848484,5.2098555649957525,0.0688754057115851,False
"mobility_drop_workplace, health_concern_lag3",mobility_drop_workplace_lead7,66,10.045662100456621,78.78787878787878,4.837723024638913,0.0627871256507023,False
"mobility_drop_workplace, health_concern_lag3",residential_increase_lead2,66,10.045662100456621,90.9090909090909,2.066687637621894,0.04713551983208579,False
"mobility_drop_workplace, health_concern_lag3",residential_increase_lead7,66,10.045662100456621,89.39393939393939,2.0322428436615287,0.04561344981686509,False
"mobility_drop_workplace, health_concern_lag3",severe_lockdown_behavior_lead2,66,10.045662100456621,80.3030303030303,6.064263322884012,0.0673672358791518,False
"mobility_drop_workplace, health_concern_lag3",severe_lockdown_behavior_lead7,66,10.045662100456621,78.78787878787878,5.9498432601880875,0.0658451658639311,False
"mobility_drop_workplace, health_concern_lag7",mobility_drop_retail_lead2,73,11.11111111111111,83.56164383561644,3.893617021276596,0.06900050735667174,False
"mobility_drop_workplace, health_concern_lag7",mobility_drop_retail_lead7,73,11.11111111111111,83.56164383561644,3.893617021276596,0.06900050735667174,False
"mobility_drop_workplace, health_concern_lag7",mobility_drop_workplace_lead2,73,11.11111111111111,80.82191780821918,4.962616822429907,0.07170640960595298,False
"mobility_drop_workplace, health_concern_lag7",mobility_drop_workplace_lead7,73,11.11111111111111,76.71232876712328,4.710280373831775,0.06714019956029088,False
"mobility_drop_workplace, health_concern_lag7",residential_increase_lead2,73,11.11111111111111,87.67123287671232,1.9930795847750864,0.048537121596482324,False
"mobility_drop_workplace, health_concern_lag7",residential_increase_lead7,73,11.11111111111111,87.67123287671232,1.9930795847750864,0.048537121596482324,False
"mobility_drop_workplace, health_concern_lag7",severe_lockdown_behavior_lead2,73,11.11111111111111,76.71232876712328,5.793103448275862,0.07052257737189244,False
"mobility_drop_workplace, health_concern_lag7",severe_lockdown_behavior_lead7,73,11.11111111111111,76.71232876712328,5.793103448275862,0.07052257737189244,False
"mobility_drop_workplace, lockdown_mentioned_lag1",mobility_drop_retail_lead2,69,10.50228310502283,89.85507246376811,4.1868640148011105,0.07182919455390838,False
"mobility_drop_workplace, lockdown_mentioned_lag1",mobility_drop_retail_lead7,69,10.50228310502283,89.85507246376811,4.1868640148011105,0.07182919455390838,False
"mobility_drop_workplace, lockdown_mentioned_lag1",mobility_drop_workplace_lead2,69,10.50228310502283,82.6086956521739,5.0723283218203985,0.0696538159476797,False
"mobility_drop_workplace, lockdown_mentioned_lag1",mobility_drop_workplace_lead7,69,10.50228310502283,85.5072463768116,5.250304754164974,0.0726979559781211,False
"mobility_drop_workplace, lockdown_mentioned_lag1",residential_increase_lead2,69,10.50228310502283,92.7536231884058,2.1086204302692946,0.05121522348018876,False
"mobility_drop_workplace, lockdown_mentioned_lag1",residential_increase_lead7,69,10.50228310502283,94.20289855072464,2.1415676244922524,0.05273729349540946,False
"mobility_drop_workplace, lockdown_mentioned_lag1",severe_lockdown_behavior_lead2,69,10.50228310502283,81.15942028985508,6.128935532233884,0.07132878797356185,False
"mobility_drop_workplace, lockdown_mentioned_lag1",severe_lockdown_behavior_lead7,69,10.50228310502283,85.5072463768116,6.457271364317841,0.07589499801922395,False
"mobility_drop_workplace, lockdown_mentioned_lag3",mobility_drop_retail_lead2,66,10.045662100456621,89.39393939393939,4.165377176015474,0.06824294739475824,False
"mobility_drop_workplace, lockdown_mentioned_lag3",mobility_drop_retail_lead7,66,10.045662100456621,89.39393939393939,4.165377176015474,0.06824294739475824,False
"mobility_drop_workplace, lockdown_mentioned_lag3",mobility_drop_workplace_lead2,66,10.045662100456621,84.84848484848484,5.2098555649957525,0.0688754057115851,False
"mobility_drop_workplace, lockdown_mentioned_lag3",mobility_drop_workplace_lead7,66,10.045662100456621,86.36363636363636,5.302888700084962,0.0703974757268058,False
"mobility_drop_workplace, lockdown_mentioned_lag3",residential_increase_lead2,66,10.045662100456621,95.45454545454545,2.1700220195029885,0.05170172987774789,False
"mobility_drop_workplace, lockdown_mentioned_lag3",residential_increase_lead7,66,10.045662100456621,92.42424242424242,2.1011324315822586,0.04865758984730649,False
"mobility_drop_workplace, lockdown_mentioned_lag3",severe_lockdown_behavior_lead2,66,10.045662100456621,81.81818181818183,6.178683385579938,0.0688893058943725,False
"mobility_drop_workplace, lockdown_mentioned_lag3",severe_lockdown_behavior_lead7,66,10.045662100456621,86.36363636363636,6.521943573667712,0.0734555159400346,False
"mobility_drop_workplace, lockdown_mentioned_lag7",mobility_drop_retail_lead2,66,10.045662100456621,93.93939393939394,4.377176015473888,0.07280915744042034,False
"mobility_drop_workplace, lockdown_mentioned_lag7",mobility_drop_retail_lead7,66,10.045662100456621,93.93939393939394,4.377176015473888,0.07280915744042034,False
"mobility_drop_workplace, lockdown_mentioned_lag7",mobility_drop_workplace_lead2,66,10.045662100456621,86.36363636363636,5.302888700084962,0.0703974757268058,False
"mobility_drop_workplace, lockdown_mentioned_lag7",mobility_drop_workplace_lead7,66,10.045662100456621,86.36363636363636,5.302888700084962,0.0703974757268058,False
"mobility_drop_workplace, lockdown_mentioned_lag7",residential_increase_lead2,66,10.045662100456621,96.96969696969697,2.2044668134633536,0.05322379989296859,False
"mobility_drop_workplace, lockdown_mentioned_lag7",residential_increase_lead7,66,10.045662100456621,96.96969696969697,2.2044668134633536,0.05322379989296859,False
"mobility_drop_workplace, lockdown_mentioned_lag7",severe_lockdown_behavior_lead2,66,10.045662100456621,86.36363636363636,6.521943573667712,0.0734555159400346,False
"mobility_drop_workplace, lockdown_mentioned_lag7",severe_lockdown_behavior_lead7,66,10.045662100456621,86.36363636363636,6.521943573667712,0.0734555159400346,False
"mobility_drop_workplace, mobility_drop_retail_lead2",mobility_drop_retail_lead7,87,13.24200913242009,100.0,4.659574468085107,0.10400116761535413,False
"mobility_drop_workplace, mobility_drop_retail_lead2",mobility_drop_transit_lead2,87,13.24200913242009,100.0,1.8099173553719008,0.059256479222701774,False
"mobility_drop_workplace, mobility_drop_retail_lead2",mobility_drop_transit_lead7,87,13.24200913242009,100.0,1.8099173553719008,0.059256479222701774,False
"mobility_drop_workplace, mobility_drop_retail_lead2",mobility_drop_workplace_lead2,87,13.24200913242009,90.80459770114942,5.575572027070577,0.09867739760777854,False
"mobility_drop_workplace, mobility_drop_retail_lead2",mobility_drop_workplace_lead7,87,13.24200913242009,91.95402298850574,5.646148888172736,0.10019946762299924,False
"mobility_drop_workplace, mobility_drop_retail_lead2",residential_increase_lead2,87,13.24200913242009,100.0,2.273356401384083,0.0741713753535859,False
"mobility_drop_workplace, mobility_drop_retail_lead2",residential_increase_lead7,87,13.24200913242009,100.0,2.273356401384083,0.0741713753535859,False
"mobility_drop_workplace, mobility_drop_retail_lead2",severe_lockdown_behavior_lead2,87,13.24200913242009,90.80459770114942,6.857312722948871,0.1027084506161256,False
"mobility_drop_workplace, mobility_drop_retail_lead2",severe_lockdown_behavior_lead7,87,13.24200913242009,91.95402298850574,6.944114149821641,0.1042305206313463,False
"mobility_drop_workplace, mobility_drop_retail_lead7",mobility_drop_retail_lead2,87,13.24200913242009,100.0,4.659574468085107,0.10400116761535413,False
"mobility_drop_workplace, mobility_drop_retail_lead7",mobility_drop_transit_lead2,87,13.24200913242009,100.0,1.8099173553719008,0.059256479222701774,False
"mobility_drop_workplace, mobility_drop_retail_lead7",mobility_drop_transit_lead7,87,13.24200913242009,100.0,1.8099173553719008,0.059256479222701774,False
"mobility_drop_workplace, mobility_drop_retail_lead7",mobility_drop_workplace_lead2,87,13.24200913242009,90.80459770114942,5.575572027070577,0.09867739760777854,False
"mobility_drop_workplace, mobility_drop_retail_lead7",mobility_drop_workplace_lead7,87,13.24200913242009,91.95402298850574,5.646148888172736,0.10019946762299924,False
"mobility_drop_workplace, mobility_drop_retail_lead7",residential_increase_lead2,87,13.24200913242009,100.0,2.273356401384083,0.0741713753535859,False
"mobility_drop_workplace, mobility_drop_retail_lead7",residential_increase_lead7,87,13.24200913242009,100.0,2.273356401384083,0.0741713753535859,False
"mobility_drop_workplace, mobility_drop_retail_lead7",severe_lockdown_behavior_lead2,87,13.24200913242009,90.80459770114942,6.857312722948871,0.1027084506161256,False
"mobility_drop_workplace, mobility_drop_retail_lead7",severe_lockdown_behavior_lead7,87,13.24200913242009,91.95402298850574,6.944114149821641,0.1042305206313463,False
"mobility_drop_workplace, mobility_drop_transit_lead2",mobility_drop_retail_lead2,101,15.37290715372907,86.13861386138613,4.013692858647567,0.09942800747829833,False
"mobility_drop_workplace, mobility_drop_transit_lead2",mobility_drop_retail_lead7,101,15.37290715372907,86.13861386138613,4.013692858647567,0.09942800747829833,False
"mobility_drop_workplace, mobility_drop_transit_lead2",mobility_drop_workplace_lead2,101,15.37290715372907,84.15841584158416,5.167484038123439,0.10433940539651429,False
"mobility_drop_workplace, mobility_drop_transit_lead2",mobility_drop_workplace_lead7,101,15.37290715372907,79.20792079207921,4.86351438882206,0.09672905532041079,False
"mobility_drop_workplace, mobility_drop_transit_lead2",residential_increase_lead2,101,15.37290715372907,95.04950495049505,2.1608140052759603,0.07849664889759966,False
"mobility_drop_workplace, mobility_drop_transit_lead2",residential_increase_lead7,101,15.37290715372907,93.06930693069307,2.115797046832711,0.07545250886715826,False
"mobility_drop_workplace, mobility_drop_transit_lead2",severe_lockdown_behavior_lead2,101,15.37290715372907,78.21782178217822,5.906794127688632,0.09988671351028265,False
"mobility_drop_workplace, mobility_drop_transit_lead2",severe_lockdown_behavior_lead7,101,15.37290715372907,79.20792079207921,5.981563673608741,0.10140878352550335,False
"mobility_drop_workplace, mobility_drop_transit_lead7",mobility_drop_retail_lead2,98,14.916286149162861,88.77551020408163,4.136561007381676,0.10040797036481029,False
"mobility_drop_workplace, mobility_drop_transit_lead7",mobility_drop_retail_lead7,98,14.916286149162861,88.77551020408163,4.136561007381676,0.10040797036481029,False
"mobility_drop_workplace, mobility_drop_transit_lead7",mobility_drop_transit_lead2,98,14.916286149162861,100.0,1.8099173553719008,0.06674867774511234,False
"mobility_drop_workplace, mobility_drop_transit_lead7",mobility_drop_workplace_lead2,98,14.916286149162861,84.6938775510204,5.200362387945833,0.102038925145199,False
"mobility_drop_workplace, mobility_drop_transit_lead7",mobility_drop_workplace_lead7,98,14.916286149162861,81.63265306122449,5.0123974823574295,0.0974727150995369,False
"mobility_drop_workplace, mobility_drop_transit_lead7",residential_increase_lead2,98,14.916286149162861,95.91836734693877,2.180566344184733,0.0774610852799381,False
"mobility_drop_workplace, mobility_drop_transit_lead7",residential_increase_lead7,98,14.916286149162861,94.89795918367348,2.1573688298848954,0.0759390152647174,False
"mobility_drop_workplace, mobility_drop_transit_lead7",severe_lockdown_behavior_lead2,98,14.916286149162861,80.61224489795919,6.087614356087263,0.10049137146153472,False
"mobility_drop_workplace, mobility_drop_transit_lead7",severe_lockdown_behavior_lead7,98,14.916286149162861,81.63265306122449,6.164672765657988,0.10201344147675542,False
"mobility_drop_workplace, mobility_drop_workplace_lead2",mobility_drop_retail_lead2,85,12.93759512937595,92.94117647058823,4.330663329161452,0.0924779160845965,False
"mobility_drop_workplace, mobility_drop_workplace_lead2",mobility_drop_retail_lead7,85,12.93759512937595,92.94117647058823,4.330663329161452,0.0924779160845965,False
"mobility_drop_workplace, mobility_drop_workplace_lead2",mobility_drop_transit_lead2,85,12.93759512937595,100.0,1.8099173553719008,0.05789426130953622,False
"mobility_drop_workplace, mobility_drop_workplace_lead2",mobility_drop_workplace_lead7,85,12.93759512937595,88.23529411764706,5.417811984606927,0.0930848907329798,False
"mobility_drop_workplace, mobility_drop_workplace_lead2",residential_increase_lead2,85,12.93759512937595,100.0,2.273356401384083,0.07246628626499771,False
"mobility_drop_workplace, mobility_drop_workplace_lead2",residential_increase_lead7,85,12.93759512937595,95.29411764705881,2.1663749236718908,0.06637800620411491,False
"mobility_drop_workplace, mobility_drop_workplace_lead2",severe_lockdown_behavior_lead2,85,12.93759512937595,92.94117647058823,7.0186612576064915,0.1031115559169603,False
"mobility_drop_workplace, mobility_drop_workplace_lead2",severe_lockdown_behavior_lead7,85,12.93759512937595,88.23529411764706,6.663286004056795,0.0970232758560775,False
"mobility_drop_workplace, mobility_drop_workplace_lead7",lockdown_mentioned,80,12.1765601217656,75.0,2.335308056872038,0.052218353338013064,True
"mobility_drop_workplace, mobility_drop_workplace_lead7",mobility_drop_retail_lead2,80,12.1765601217656,100.0,4.659574468085107,0.09563325757733714,False
"mobility_drop_workplace, mobility_drop_workplace_lead7",mobility_drop_retail_lead7,80,12.1765601217656,100.0,4.659574468085107,0.09563325757733714,False
"mobility_drop_workplace, mobility_drop_workplace_lead7",mobility_drop_transit_lead2,80,12.1765601217656,100.0,1.8099173553719008,0.05448871652662232,False
"mobility_drop_workplace, mobility_drop_workplace_lead7",mobility_drop_transit_lead7,80,12.1765601217656,100.0,1.8099173553719008,0.05448871652662232,False
"mobility_drop_workplace, mobility_drop_workplace_lead7",mobility_drop_workplace_lead2,80,12.1765601217656,93.75,5.75642523364486,0.09432432369818997,False
"mobility_drop_workplace, mobility_drop_workplace_lead7",residential_increase_lead2,80,12.1765601217656,100.0,2.273356401384083,0.06820356354352727,False
"mobility_drop_workplace, mobility_drop_workplace_lead7",residential_increase_lead7,80,12.1765601217656,100.0,2.273356401384083,0.06820356354352727,False
"mobility_drop_workplace, mobility_drop_workplace_lead7",severe_lockdown_behavior_lead2,80,12.1765601217656,93.75,7.079741379310345,0.09803103910816427,False
"mobility_drop_workplace, mobility_drop_workplace_lead7",severe_lockdown_behavior_lead7,80,12.1765601217656,100.0,7.551724137931035,0.10564138918426777,False
"mobility_drop_workplace, residential_increase_lead2",mobility_drop_retail_lead2,96,14.61187214611872,90.625,4.222739361702128,0.10106127895581826,False
"mobility_drop_workplace, residential_increase_lead2",mobility_drop_retail_lead7,96,14.61187214611872,90.625,4.222739361702128,0.10106127895581826,False
"mobility_drop_workplace, residential_increase_lead2",mobility_drop_transit_lead2,96,14.61187214611872,100.0,1.8099173553719008,0.06538645983194678,False
"mobility_drop_workplace, residential_increase_lead2",mobility_drop_workplace_lead2,96,14.61187214611872,88.54166666666666,5.436623831775701,0.10557883836172445,False
"mobility_drop_workplace, residential_increase_lead2",mobility_drop_workplace_lead7,96,14.61187214611872,83.33333333333334,5.116822429906542,0.09796848828562095,False
"mobility_drop_workplace, residential_increase_lead2",residential_increase_lead7,96,14.61187214611872,95.83333333333334,2.1786332179930796,0.07575599619134991,False
"mobility_drop_workplace, residential_increase_lead2",severe_lockdown_behavior_lead2,96,14.61187214611872,82.29166666666666,6.214439655172414,0.10089447676236943,False
"mobility_drop_workplace, residential_increase_lead2",severe_lockdown_behavior_lead7,96,14.61187214611872,83.33333333333334,6.293103448275863,0.10241654677759013,False
"mobility_drop_workplace, residential_increase_lead7",mobility_drop_retail_lead2,94,14.30745814307458,92.5531914893617,4.312584880036216,0.10171458754682623,False
"mobility_drop_workplace, residential_increase_lead7",mobility_drop_retail_lead7,94,14.30745814307458,92.5531914893617,4.312584880036216,0.10171458754682623,False
"mobility_drop_workplace, residential_increase_lead7",mobility_drop_transit_lead2,94,14.30745814307458,100.0,1.8099173553719008,0.06402424191878123,False
"mobility_drop_workplace, residential_increase_lead7",mobility_drop_workplace_lead2,94,14.30745814307458,86.17021276595744,5.291012129648041,0.09998633148692572,False
"mobility_drop_workplace, residential_increase_lead7",mobility_drop_workplace_lead7,94,14.30745814307458,85.1063829787234,5.22569099224498,0.09846426147170502,False
"mobility_drop_workplace, residential_increase_lead7",residential_increase_lead2,94,14.30745814307458,97.87234042553192,2.2249871162482515,0.07709504713320313,False
"mobility_drop_workplace, residential_increase_lead7",severe_lockdown_behavior_lead2,94,14.30745814307458,84.04255319148936,6.346661775495232,0.10129758206320413,False
"mobility_drop_workplace, residential_increase_lead7",severe_lockdown_behavior_lead7,94,14.30745814307458,85.1063829787234,6.426999266324285,0.10281965207842483,False
"mobility_drop_workplace, severe_lockdown_behavior_lead2",mobility_drop_retail_lead2,79,12.02435312024353,100.0,4.659574468085107,0.09443784185762043,False
"mobility_drop_workplace, severe_lockdown_behavior_lead2",mobility_drop_retail_lead7,79,12.02435312024353,100.0,4.659574468085107,0.09443784185762043,False
"mobility_drop_workplace, severe_lockdown_behavior_lead2",mobility_drop_transit_lead2,79,12.02435312024353,100.0,1.8099173553719008,0.05380760757003954,False
"mobility_drop_workplace, severe_lockdown_behavior_lead2",mobility_drop_transit_lead7,79,12.02435312024353,100.0,1.8099173553719008,0.05380760757003954,False
"mobility_drop_workplace, severe_lockdown_behavior_lead2",mobility_drop_workplace_lead2,79,12.02435312024353,100.0,6.140186915887851,0.1006604903521148,False
"mobility_drop_workplace, severe_lockdown_behavior_lead2",mobility_drop_workplace_lead7,79,12.02435312024353,94.9367088607595,5.829291375842896,0.094572210291232,False
"mobility_drop_workplace, severe_lockdown_behavior_lead2",residential_increase_lead2,79,12.02435312024353,100.0,2.273356401384083,0.06735101899923318,False
"mobility_drop_workplace, severe_lockdown_behavior_lead2",residential_increase_lead7,79,12.02435312024353,100.0,2.273356401384083,0.06735101899923318,False
"mobility_drop_workplace, severe_lockdown_behavior_lead2",severe_lockdown_behavior_lead7,79,12.02435312024353,94.9367088607595,7.169358358795286,0.09823259175858162,False
"mobility_drop_workplace, severe_lockdown_behavior_lead7",lockdown_mentioned,80,12.1765601217656,75.0,2.335308056872038,0.052218353338013064,True
"mobility_drop_workplace, severe_lockdown_behavior_lead7",mobility_drop_retail_lead2,80,12.1765601217656,100.0,4.659574468085107,0.09563325757733714,False
"mobility_drop_workplace, severe_lockdown_behavior_lead7",mobility_drop_retail_lead7,80,12.1765601217656,100.0,4.659574468085107,0.09563325757733714,False
"mobility_drop_workplace, severe_lockdown_behavior_lead7",mobility_drop_transit_lead2,80,12.1765601217656,100.0,1.8099173553719008,0.05448871652662232,False
"mobility_drop_workplace, severe_lockdown_behavior_lead7",mobility_drop_transit_lead7,80,12.1765601217656,100.0,1.8099173553719008,0.05448871652662232,False
"mobility_drop_workplace, severe_lockdown_behavior_lead7",mobility_drop_workplace_lead2,80,12.1765601217656,93.75,5.75642523364486,0.09432432369818997,False
"mobility_drop_workplace, severe_lockdown_behavior_lead7",mobility_drop_workplace_lead7,80,12.1765601217656,100.0,6.140186915887851,0.10193467377429347,False
"mobility_drop_workplace, severe_lockdown_behavior_lead7",residential_increase_lead2,80,12.1765601217656,100.0,2.273356401384083,0.06820356354352727,False
"mobility_drop_workplace, severe_lockdown_behavior_lead7",residential_increase_lead7,80,12.1765601217656,100.0,2.273356401384083,0.06820356354352727,False
"mobility_drop_workplace, severe_lockdown_behavior_lead7",severe_lockdown_behavior_lead2,80,12.1765601217656,93.75,7.079741379310345,0.09803103910816427,False
"mobility_drop_workplace, sentiment_shift_detected_lead7",mobility_drop_retail_lead2,66,10.045662100456621,81.81818181818183,3.812379110251451,0.06063259731865474,False
"mobility_drop_workplace, sentiment_shift_detected_lead7",mobility_drop_retail_lead7,66,10.045662100456621,81.81818181818183,3.812379110251451,0.06063259731865474,False
"mobility_drop_workplace, sentiment_shift_detected_lead7",mobility_drop_workplace_lead2,66,10.045662100456621,77.27272727272727,4.7446898895497025,0.061265055635481604,False
"mobility_drop_workplace, sentiment_shift_detected_lead7",mobility_drop_workplace_lead7,66,10.045662100456621,75.75757575757575,4.651656754460493,0.059742985620260904,False
"mobility_drop_workplace, sentiment_shift_detected_lead7",residential_increase_lead2,66,10.045662100456621,90.9090909090909,2.066687637621894,0.04713551983208579,False
"mobility_drop_workplace, sentiment_shift_detected_lead7",residential_increase_lead7,66,10.045662100456621,89.39393939393939,2.0322428436615287,0.04561344981686509,False
"mobility_drop_workplace, sentiment_shift_detected_lead7",severe_lockdown_behavior_lead7,66,10.045662100456621,75.75757575757575,5.721003134796239,0.0628010258334897,False
"residential_increase, severe_lockdown_behavior",mobility_drop_retail_lead2,87,13.24200913242009,100.0,4.659574468085107,0.10400116761535413,False
"residential_increase, severe_lockdown_behavior",mobility_drop_retail_lead7,87,13.24200913242009,100.0,4.659574468085107,0.10400116761535413,False
"residential_increase, severe_lockdown_behavior",mobility_drop_transit_lead2,87,13.24200913242009,100.0,1.8099173553719008,0.059256479222701774,False
"residential_increase, severe_lockdown_behavior",mobility_drop_transit_lead7,87,13.24200913242009,100.0,1.8099173553719008,0.059256479222701774,False
"residential_increase, severe_lockdown_behavior",mobility_drop_workplace_lead2,87,13.24200913242009,90.80459770114942,5.575572027070577,0.09867739760777854,False
"residential_increase, severe_lockdown_behavior",mobility_drop_workplace_lead7,87,13.24200913242009,91.95402298850574,5.646148888172736,0.10019946762299924,False
"residential_increase, severe_lockdown_behavior",residential_increase_lead2,87,13.24200913242009,100.0,2.273356401384083,0.0741713753535859,False
"residential_increase, severe_lockdown_behavior",residential_increase_lead7,87,13.24200913242009,100.0,2.273356401384083,0.0741713753535859,False
"residential_increase, severe_lockdown_behavior",severe_lockdown_behavior_lead2,87,13.24200913242009,90.80459770114942,6.857312722948871,0.1027084506161256,False
"residential_increase, severe_lockdown_behavior",severe_lockdown_behavior_lead7,87,13.24200913242009,91.95402298850574,6.944114149821641,0.1042305206313463,False
"residential_increase, partial_restrictions",residential_increase_lead7,172,26.17960426179604,81.97674418604652,1.8636235615997427,0.09945349114674192,False
"residential_increase, partial_restrictions",partial_restrictions_lead2,172,26.17960426179604,89.53488372093024,2.1084021005251317,0.1232251204103334,False
"residential_increase, partial_restrictions",partial_restrictions_lead7,172,26.17960426179604,90.11627906976744,2.122093023255814,0.1247471904255541,False
"residential_increase, high_positive_sentiment",residential_increase_lead7,110,16.7427701674277,87.27272727272727,1.9840201321170179,0.07247091965926018,True
"residential_increase, sentiment_shift_detected",residential_increase_lead2,178,27.09284627092846,82.02247191011236,1.8646631157420008,0.10304668839728576,True
"residential_increase, sentiment_shift_detected",residential_increase_lead7,178,27.09284627092846,89.8876404494382,2.0434664282104116,0.12435566861037556,True
"residential_increase, sentiment_improved",high_positive_sentiment,92,14.00304414003044,75.0,1.9323529411764706,0.05067311635148002,True
"residential_increase, sentiment_improved",residential_increase_lead2,92,14.00304414003044,83.69565217391305,1.902700466375809,0.05560304784674585,True
"residential_increase, sentiment_improved",residential_increase_lead7,92,14.00304414003044,88.04347826086956,2.001542049044682,0.06169132790762865,True
"residential_increase, sentiment_worsened",residential_increase_lead2,86,13.08980213089802,80.23255813953489,1.8239719964593224,0.04744364055053991,True
"residential_increase, sentiment_worsened",residential_increase_lead7,86,13.08980213089802,91.86046511627907,2.088315764062123,0.0626643407027469,True
"residential_increase, dominant_emotion_fear",residential_increase_lead2,248,37.74733637747336,82.66129032258065,1.879185735015069,0.1459820363304444,True
"residential_increase, dominant_emotion_fear",residential_increase_lead7,248,37.74733637747336,89.51612903225806,2.0350206496260745,0.1718572265891963,True
"residential_increase, covid_topic_detected",residential_increase_lead2,262,39.87823439878234,83.58778625954199,1.900248289706543,0.15791765995056167,True
"residential_increase, covid_topic_detected",residential_increase_lead7,262,39.87823439878234,89.31297709923665,2.0304022821521963,0.18074871017887217,True
"residential_increase, lockdown_mentioned",residential_increase_lead2,116,17.65601217656012,87.93103448275862,1.9989858012170385,0.07758618692502472,True
"residential_increase, lockdown_mentioned",residential_increase_lead7,116,17.65601217656012,93.10344827586206,2.116573201288629,0.08671860701634893,True
"residential_increase, health_concern",residential_increase_lead2,178,27.09284627092846,84.26966292134831,1.915749776447261,0.10913496845816856,True
"residential_increase, health_concern",residential_increase_lead7,178,27.09284627092846,89.8876404494382,2.0434664282104116,0.12435566861037556,True
"residential_increase, compliance_discussed",residential_increase_lead2,101,15.37290715372907,85.14851485148515,1.9357292130597143,0.06327594874539266,True
"residential_increase, compliance_discussed",residential_increase_lead7,101,15.37290715372907,88.11881188118812,2.003254650724588,0.06784215879105476,True
"residential_increase, policy_governance_discussion",residential_increase_lead2,82,12.480974124809741,86.58536585365853,1.9683939572959743,0.053165882464687744,True
"residential_increase, policy_governance_discussion",residential_increase_lead7,82,12.480974124809741,90.2439024390244,2.051565532956368,0.057732092510349844,True
"residential_increase, solidarity_messages",residential_increase_lead2,142,21.61339421613394,89.43661971830986,2.0332131195477365,0.09823027506145039,True
"residential_increase, solidarity_messages",residential_increase_lead7,142,21.61339421613394,92.95774647887323,2.113260880159852,0.10584062513755389,True
"residential_increase, weekend",residential_increase_lead2,66,10.045662100456621,96.96969696969697,2.2044668134633536,0.05322379989296859,False
"residential_increase, weekend",residential_increase_lead7,66,10.045662100456621,87.87878787878788,1.997798049701164,0.04409137980164439,False
"residential_increase, dominant_emotion_fear_lag1",residential_increase_lead2,245,37.29071537290715,84.89795918367346,1.9300331897464869,0.15255682278888635,False
"residential_increase, dominant_emotion_fear_lag1",residential_increase_lead7,245,37.29071537290715,89.79591836734694,2.0413812583857074,0.17082166297153475,False
"residential_increase, dominant_emotion_fear_lag3",residential_increase_lead2,253,38.50837138508371,82.6086956521739,1.8779900707085904,0.14872268903669417,False
"residential_increase, dominant_emotion_fear_lag3",residential_increase_lead7,253,38.50837138508371,88.14229249011858,2.0037884486507926,0.17003166924978397,False
"residential_increase, dominant_emotion_fear_lag7",residential_increase_lead2,251,38.20395738203957,82.07171314741036,1.8657825445622358,0.14549552993288528,False
"residential_increase, dominant_emotion_fear_lag7",residential_increase_lead7,251,38.20395738203957,86.85258964143426,1.974468906381395,0.16376037011553368,False
"residential_increase, high_positive_sentiment_lag1",residential_increase_lead2,110,16.7427701674277,83.63636363636363,1.901352626612142,0.06638263959837738,False
"residential_increase, high_positive_sentiment_lag1",residential_increase_lead7,110,16.7427701674277,90.9090909090909,2.066687637621894,0.07855919972014298,False
"residential_increase, high_positive_sentiment_lag3",residential_increase_lead2,120,18.2648401826484,84.16666666666667,1.91340830449827,0.0733860150260976,False
"residential_increase, high_positive_sentiment_lag3",residential_increase_lead7,120,18.2648401826484,87.5,1.9891868512110729,0.0794742950869804,False
"residential_increase, high_positive_sentiment_lag7",residential_increase_lead2,109,16.590563165905632,79.81651376146789,1.814513824957938,0.05944181499320049,False
"residential_increase, high_positive_sentiment_lag7",residential_increase_lead7,109,16.590563165905632,85.3211009174312,1.9396527094377958,0.06857423508452469,False
"residential_increase, solidarity_messages_lag1",residential_increase_lead2,149,22.67884322678843,84.56375838926175,1.9224356145932515,0.09202152674974343,False
"residential_increase, solidarity_messages_lag1",residential_increase_lead7,149,22.67884322678843,91.2751677852349,2.0750098697197,0.10724222690195043,False
"residential_increase, solidarity_messages_lag3",residential_increase_lead2,149,22.67884322678843,85.90604026845638,1.9529504656185412,0.09506566678018483,False
"residential_increase, solidarity_messages_lag3",residential_increase_lead7,149,22.67884322678843,90.60402684563759,2.059752444207055,0.10572015688672973,False
"residential_increase, solidarity_messages_lag7",residential_increase_lead2,150,22.831050228310502,86.66666666666667,1.9702422145328722,0.09744028133969962,False
"residential_increase, solidarity_messages_lag7",residential_increase_lead7,150,22.831050228310502,88.66666666666667,2.015709342560554,0.10200649138536172,False
"residential_increase, compliance_discussed_lag1",residential_increase_lead2,108,16.43835616438356,82.4074074074074,1.8734140715109575,0.0631554804945685,False
"residential_increase, compliance_discussed_lag1",residential_increase_lead7,108,16.43835616438356,86.11111111111111,1.9576124567474051,0.0692437605554513,False
"residential_increase, compliance_discussed_lag3",residential_increase_lead2,106,16.13394216133942,85.84905660377359,1.9516550238297319,0.06753867146686313,False
"residential_increase, compliance_discussed_lag3",residential_increase_lead7,106,16.13394216133942,91.50943396226415,2.0803355748514725,0.07667109155818733,False
"residential_increase, compliance_discussed_lag7",residential_increase_lead2,102,15.52511415525114,84.31372549019608,1.916751475676776,0.06260642327446606,False
"residential_increase, compliance_discussed_lag7",residential_increase_lead7,102,15.52511415525114,84.31372549019608,1.916751475676776,0.06260642327446606,False
"residential_increase, health_concern_lag1",residential_increase_lead2,181,27.54946727549467,83.97790055248619,1.909116977957904,0.11017053207583014,False
"residential_increase, health_concern_lag1",residential_increase_lead7,181,27.54946727549467,88.95027624309392,2.022156799021201,0.12386916221281644,False
"residential_increase, health_concern_lag3",residential_increase_lead2,183,27.85388127853881,82.5136612021858,1.8758295989562654,0.1073094111187562,False
"residential_increase, health_concern_lag3",residential_increase_lead7,183,27.85388127853881,87.97814207650273,2.0000567247149585,0.12253011127096321,False
"residential_increase, health_concern_lag7",residential_increase_lead2,185,28.15829528158295,82.70270270270271,1.880127186009539,0.10901450020734439,False
"residential_increase, health_concern_lag7",residential_increase_lead7,185,28.15829528158295,85.94594594594595,1.953857663892266,0.11814692029866859,False
"residential_increase, sentiment_shift_detected_lag1",residential_increase_lead2,178,27.09284627092846,84.8314606741573,1.928521441623576,0.11065703847338926,False
"residential_increase, sentiment_shift_detected_lag1",residential_increase_lead7,178,27.09284627092846,89.8876404494382,2.0434664282104116,0.12435566861037556,False
"residential_increase, sentiment_shift_detected_lag3",residential_increase_lead2,176,26.78843226788432,85.79545454545455,1.9504364580056621,0.11199608941524247,False
"residential_increase, sentiment_shift_detected_lag3",residential_increase_lead7,176,26.78843226788432,88.63636363636364,2.0150204466813464,0.11960643949134597,False
"residential_increase, sentiment_shift_detected_lag7",residential_increase_lead2,173,26.331811263318112,84.39306358381504,1.9185551133067986,0.10639431575191881,False
"residential_increase, sentiment_shift_detected_lag7",residential_increase_lead7,173,26.331811263318112,90.7514450867052,2.063103786227174,0.12313708591934651,False
"residential_increase, sentiment_worsened_lag1",residential_increase_lead2,88,13.39421613394216,84.0909090909091,1.9116860648002518,0.053714939684790186,False
"residential_increase, sentiment_worsened_lag1",residential_increase_lead7,88,13.39421613394216,88.63636363636364,2.0150204466813464,0.059803219745672986,False
"residential_increase, sentiment_worsened_lag3",residential_increase_lead2,82,12.480974124809741,81.70731707317073,1.8574985230821166,0.047077602403804944,False
"residential_increase, sentiment_worsened_lag3",residential_increase_lead7,82,12.480974124809741,87.8048780487805,1.9961178158494388,0.054687952479908444,False
"residential_increase, sentiment_worsened_lag7",residential_increase_lead2,84,12.785388127853881,83.33333333333334,1.8944636678200695,0.05030476150761382,False
"residential_increase, sentiment_worsened_lag7",residential_increase_lead7,84,12.785388127853881,92.85714285714286,2.11097380128522,0.06248132162937942,False
"residential_increase, sentiment_improved_lag1",residential_increase_lead2,90,13.698630136986301,85.55555555555556,1.9449826989619377,0.05694209878859907,False
"residential_increase, sentiment_improved_lag1",residential_increase_lead7,90,13.698630136986301,91.11111111111111,2.071280276816609,0.06455244886470257,False
"residential_increase, sentiment_improved_lag3",residential_increase_lead2,94,14.30745814307458,89.36170212765957,2.031509975704925,0.06491848701143753,False
"residential_increase, sentiment_improved_lag3",residential_increase_lead7,94,14.30745814307458,89.36170212765957,2.031509975704925,0.06491848701143753,False
"residential_increase, sentiment_improved_lag7",residential_increase_lead2,89,13.54642313546423,85.39325842696628,1.941293106799891,0.05608955424430498,False
"residential_increase, sentiment_improved_lag7",residential_increase_lead7,89,13.54642313546423,88.76404494382022,2.0179230978577816,0.06065576428996708,False
"residential_increase, lockdown_mentioned_lag1",residential_increase_lead2,123,18.72146118721461,87.8048780487805,1.9961178158494388,0.08203192871986266,False
"residential_increase, lockdown_mentioned_lag1",residential_increase_lead7,123,18.72146118721461,91.05691056910568,2.070048105325344,0.08812020878074546,False
"residential_increase, lockdown_mentioned_lag3",residential_increase_lead2,120,18.2648401826484,90.83333333333333,2.0649653979238756,0.0855625751478632,False
"residential_increase, lockdown_mentioned_lag3",residential_increase_lead7,120,18.2648401826484,91.66666666666666,2.0839100346020762,0.0870846451630839,False
"residential_increase, lockdown_mentioned_lag7",residential_increase_lead2,117,17.80821917808219,89.74358974358975,2.040191642267767,0.08148287149976022,False
"residential_increase, lockdown_mentioned_lag7",residential_increase_lead7,117,17.80821917808219,95.72649572649573,2.1762044184189513,0.09213736160630512,False
"residential_increase, policy_governance_discussion_lag1",residential_increase_lead2,84,12.785388127853881,88.09523809523809,2.0027187345526447,0.05639304156849662,False
"residential_increase, policy_governance_discussion_lag1",residential_increase_lead7,84,12.785388127853881,91.66666666666666,2.0839100346020762,0.06095925161415872,False
"residential_increase, policy_governance_discussion_lag3",residential_increase_lead2,87,13.24200913242009,87.35632183908046,1.9859205345424176,0.0574286051861582,False
"residential_increase, policy_governance_discussion_lag3",residential_increase_lead7,87,13.24200913242009,89.65517241379311,2.038181601240902,0.0604727452165996,False
"residential_increase, policy_governance_discussion_lag7",residential_increase_lead2,89,13.54642313546423,89.8876404494382,2.0434664282104116,0.06217783430518778,False
"residential_increase, policy_governance_discussion_lag7",residential_increase_lead7,89,13.54642313546423,88.76404494382022,2.0179230978577816,0.06065576428996708,False
"residential_increase, mobility_drop_retail_lead2",mobility_drop_retail,141,21.461187214611872,85.1063829787234,3.965595291987325,0.136590146160422,False
"residential_increase, mobility_drop_retail_lead2",mobility_drop_retail_lead7,141,21.461187214611872,82.26950354609929,3.8334087822544136,0.1305018660995392,False
"residential_increase, mobility_drop_retail_lead2",mobility_drop_transit_lead2,141,21.461187214611872,100.0,1.8099173553719008,0.09603636287817184,False
"residential_increase, mobility_drop_retail_lead2",mobility_drop_transit_lead7,141,21.461187214611872,100.0,1.8099173553719008,0.09603636287817184,False
"residential_increase, mobility_drop_retail_lead2",residential_increase_lead2,141,21.461187214611872,97.16312056737588,2.208864021202974,0.114120500684584,False
"residential_increase, mobility_drop_retail_lead2",residential_increase_lead7,141,21.461187214611872,99.29078014184397,2.257233306338806,0.1186867107302461,False
"residential_increase, mobility_drop_retail_lead7",mobility_drop_retail,133,20.24353120243531,95.48872180451127,4.449368101103824,0.14985787063099879,False
"residential_increase, mobility_drop_retail_lead7",mobility_drop_retail_lead2,133,20.24353120243531,87.21804511278195,4.063989761638138,0.13311510046357108,False
"residential_increase, mobility_drop_retail_lead7",mobility_drop_transit_lead2,133,20.24353120243531,100.0,1.8099173553719008,0.0905874912255096,False
"residential_increase, mobility_drop_retail_lead7",mobility_drop_transit_lead7,133,20.24353120243531,100.0,1.8099173553719008,0.0905874912255096,False
"residential_increase, mobility_drop_retail_lead7",residential_increase_lead2,133,20.24353120243531,98.49624060150376,2.239170590836954,0.11034428436067267,False
"residential_increase, mobility_drop_retail_lead7",residential_increase_lead7,133,20.24353120243531,98.49624060150376,2.239170590836954,0.11034428436067267,False
"residential_increase, mobility_drop_transit_lead2",residential_increase_lead2,260,39.5738203957382,84.23076923076923,1.9148655842427469,0.15925671089241492,False
"residential_increase, mobility_drop_transit_lead2",residential_increase_lead7,260,39.5738203957382,89.61538461538461,2.037277082778813,0.18056569110550472,False
"residential_increase, mobility_drop_transit_lead7",residential_increase_lead2,253,38.50837138508371,85.7707509881423,1.9498748581041347,0.16089924915845977,False
"residential_increase, mobility_drop_transit_lead7",residential_increase_lead7,253,38.50837138508371,91.699604743083,2.0846588344707797,0.18373029938677027,False
"residential_increase, mobility_drop_workplace_lead2",mobility_drop_retail,99,15.068493150684931,89.8989898989899,4.188910380399743,0.10312545609974771,False
"residential_increase, mobility_drop_workplace_lead2",mobility_drop_workplace,99,15.068493150684931,85.85858585858585,5.271877655055225,0.10483517858259836,False
"residential_increase, mobility_drop_workplace_lead2",mobility_drop_retail_lead2,99,15.068493150684931,87.87878787878788,4.094777562862669,0.10008131606930631,False
"residential_increase, mobility_drop_workplace_lead2",mobility_drop_retail_lead7,99,15.068493150684931,89.8989898989899,4.188910380399743,0.10312545609974771,False
"residential_increase, mobility_drop_workplace_lead2",mobility_drop_transit_lead2,99,15.068493150684931,100.0,1.8099173553719008,0.06742978670169512,False
"residential_increase, mobility_drop_workplace_lead2",mobility_drop_workplace_lead7,99,15.068493150684931,77.77777777777779,4.775700934579439,0.09265861846083276,False
"residential_increase, mobility_drop_workplace_lead2",residential_increase_lead2,99,15.068493150684931,100.0,2.273356401384083,0.08440190988511499,False
"residential_increase, mobility_drop_workplace_lead2",residential_increase_lead7,99,15.068493150684931,93.93939393939394,2.1355772255426237,0.07526948979379079,False
"residential_increase, mobility_drop_workplace_lead2",severe_lockdown_behavior_lead2,99,15.068493150684931,87.87878787878788,6.636363636363637,0.11246637893288296,False
"residential_increase, mobility_drop_workplace_lead2",severe_lockdown_behavior_lead7,99,15.068493150684931,77.77777777777779,5.873563218390805,0.09724567878067596,False
"residential_increase, mobility_drop_workplace_lead7",mobility_drop_retail,98,14.916286149162861,86.73469387755102,4.0414676508901435,0.09736383033436889,False
"residential_increase, mobility_drop_workplace_lead7",mobility_drop_workplace,98,14.916286149162861,81.63265306122449,5.0123974823574295,0.0974727150995369,False
"residential_increase, mobility_drop_workplace_lead7",mobility_drop_retail_lead2,98,14.916286149162861,87.75510204081633,4.08901432913591,0.09888590034958959,False
"residential_increase, mobility_drop_workplace_lead7",mobility_drop_retail_lead7,98,14.916286149162861,87.75510204081633,4.08901432913591,0.09888590034958959,False
"residential_increase, mobility_drop_workplace_lead7",mobility_drop_transit_lead7,98,14.916286149162861,100.0,1.8099173553719008,0.06674867774511234,False
"residential_increase, mobility_drop_workplace_lead7",mobility_drop_workplace_lead2,98,14.916286149162861,78.57142857142857,4.824432576769025,0.0929065050538748,False
"residential_increase, mobility_drop_workplace_lead7",residential_increase_lead2,98,14.916286149162861,96.93877551020408,2.2037638584845705,0.0789831552951588,False
"residential_increase, mobility_drop_workplace_lead7",residential_increase_lead7,98,14.916286149162861,100.0,2.273356401384083,0.0835493653408209,False
"residential_increase, mobility_drop_workplace_lead7",severe_lockdown_behavior_lead2,98,14.916286149162861,78.57142857142857,5.933497536945813,0.09744723143109332,False
"residential_increase, mobility_drop_workplace_lead7",severe_lockdown_behavior_lead7,98,14.916286149162861,87.75510204081633,6.627023223082337,0.11114586156807962,False
"residential_increase, residential_increase_lead2",residential_increase_lead7,241,36.68188736681887,92.11618257261411,2.094129133225172,0.17654390488568258,False
"residential_increase, residential_increase_lead7",residential_increase_lead2,254,38.660578386605785,87.4015748031496,1.9869492956978996,0.16784007376363666,False
"residential_increase, severe_lockdown_behavior_lead2",mobility_drop_retail,87,13.24200913242009,100.0,4.659574468085107,0.10400116761535413,False
"residential_increase, severe_lockdown_behavior_lead2",mobility_drop_workplace,87,13.24200913242009,90.80459770114942,5.575572027070577,0.09867739760777854,False
"residential_increase, severe_lockdown_behavior_lead2",mobility_drop_retail_lead2,87,13.24200913242009,100.0,4.659574468085107,0.10400116761535413,False
"residential_increase, severe_lockdown_behavior_lead2",mobility_drop_retail_lead7,87,13.24200913242009,100.0,4.659574468085107,0.10400116761535413,False
"residential_increase, severe_lockdown_behavior_lead2",mobility_drop_transit_lead2,87,13.24200913242009,100.0,1.8099173553719008,0.059256479222701774,False
"residential_increase, severe_lockdown_behavior_lead2",mobility_drop_transit_lead7,87,13.24200913242009,100.0,1.8099173553719008,0.059256479222701774,False
"residential_increase, severe_lockdown_behavior_lead2",mobility_drop_workplace_lead2,87,13.24200913242009,100.0,6.140186915887851,0.11085395772954414,False
"residential_increase, severe_lockdown_behavior_lead2",mobility_drop_workplace_lead7,87,13.24200913242009,88.50574712643679,5.434418304866259,0.09563325757733714,False
"residential_increase, severe_lockdown_behavior_lead2",residential_increase_lead2,87,13.24200913242009,100.0,2.273356401384083,0.0741713753535859,False
"residential_increase, severe_lockdown_behavior_lead2",residential_increase_lead7,87,13.24200913242009,100.0,2.273356401384083,0.0741713753535859,False
"residential_increase, severe_lockdown_behavior_lead2",severe_lockdown_behavior_lead7,87,13.24200913242009,88.50574712643679,6.68370986920333,0.0996643105856842,False
"residential_increase, severe_lockdown_behavior_lead7",mobility_drop_retail,86,13.08980213089802,97.67441860465115,4.551212271152894,0.09976161186519603,False
"residential_increase, severe_lockdown_behavior_lead7",mobility_drop_workplace,86,13.08980213089802,93.02325581395348,5.711801782221256,0.10044735421604127,False
"residential_increase, severe_lockdown_behavior_lead7",mobility_drop_retail_lead2,86,13.08980213089802,100.0,4.659574468085107,0.10280575189563743,False
"residential_increase, severe_lockdown_behavior_lead7",mobility_drop_retail_lead7,86,13.08980213089802,100.0,4.659574468085107,0.10280575189563743,False
"residential_increase, severe_lockdown_behavior_lead7",mobility_drop_transit_lead2,86,13.08980213089802,100.0,1.8099173553719008,0.05857537026611899,False
"residential_increase, severe_lockdown_behavior_lead7",mobility_drop_transit_lead7,86,13.08980213089802,100.0,1.8099173553719008,0.05857537026611899,False
"residential_increase, severe_lockdown_behavior_lead7",mobility_drop_workplace_lead2,86,13.08980213089802,89.53488372093024,5.49760921538796,0.09588114417037917,False
"residential_increase, severe_lockdown_behavior_lead7",mobility_drop_workplace_lead7,86,13.08980213089802,100.0,6.140186915887851,0.10957977430736547,False
"residential_increase, severe_lockdown_behavior_lead7",residential_increase_lead2,86,13.08980213089802,100.0,2.273356401384083,0.0733188308092918,False
"residential_increase, severe_lockdown_behavior_lead7",residential_increase_lead7,86,13.08980213089802,100.0,2.273356401384083,0.0733188308092918,False
"residential_increase, severe_lockdown_behavior_lead7",severe_lockdown_behavior_lead2,86,13.08980213089802,89.53488372093024,6.7614274258219735,0.09986586323610155,False
"residential_increase, partial_restrictions_lead2",partial_restrictions,173,26.331811263318112,89.01734104046243,2.0962148051463734,0.12257876191071912,False
"residential_increase, partial_restrictions_lead2",mobility_drop_transit_lead2,173,26.331811263318112,100.0,1.8099173553719008,0.11783184948882078,False
"residential_increase, partial_restrictions_lead2",residential_increase_lead7,173,26.331811263318112,84.39306358381504,1.9185551133067986,0.10639431575191881,False
"residential_increase, partial_restrictions_lead2",partial_restrictions_lead7,173,26.331811263318112,87.28323699421965,2.055379451799366,0.11801255186505702,False
"residential_increase, partial_restrictions_lead7",partial_restrictions,167,25.41856925418569,92.81437125748504,2.1856287425149703,0.12797898292362545,False
"residential_increase, partial_restrictions_lead7",mobility_drop_transit_lead7,167,25.41856925418569,100.0,1.8099173553719008,0.1137451957493241,False
"residential_increase, partial_restrictions_lead7",residential_increase_lead7,167,25.41856925418569,87.42514970059881,1.9874852371381806,0.11041146857747847,False
"residential_increase, partial_restrictions_lead7",partial_restrictions_lead2,167,25.41856925418569,90.41916167664671,2.129225420127487,0.12189070286274264,False
"residential_increase, sentiment_shift_detected_lead2",residential_increase_lead2,178,27.09284627092846,84.26966292134831,1.915749776447261,0.10913496845816856,False
"residential_increase, sentiment_shift_detected_lead2",residential_increase_lead7,178,27.09284627092846,91.57303370786516,2.0817814237393573,0.12892187865603766,False
"residential_increase, sentiment_shift_detected_lead7",residential_increase_lead2,181,27.54946727549467,83.42541436464089,1.8965569978397598,0.10864846206060944,False
"residential_increase, sentiment_shift_detected_lead7",residential_increase_lead7,181,27.54946727549467,88.95027624309392,2.022156799021201,0.12386916221281644,False
"residential_increase, sentiment_worsened_lead2",residential_increase_lead2,85,12.93759512937595,82.35294117647058,1.8721758599633624,0.049635236036687215,False
"residential_increase, sentiment_worsened_lead2",residential_increase_lead7,85,12.93759512937595,92.94117647058823,2.112884184815795,0.06333386617367351,False
"residential_increase, sentiment_worsened_lead7",residential_increase_lead2,89,13.54642313546423,83.14606741573034,1.890206446094631,0.05304541421386358,False
"residential_increase, sentiment_worsened_lead7",residential_increase_lead7,89,13.54642313546423,89.8876404494382,2.0434664282104116,0.06217783430518778,False
"residential_increase, sentiment_improved_lead2",residential_increase_lead2,93,14.15525114155251,86.02150537634408,1.9555753990400715,0.05949973242148134,False
"residential_increase, sentiment_improved_lead2",residential_increase_lead7,93,14.15525114155251,90.32258064516128,2.053354168992075,0.06558801248236415,False
"residential_increase, sentiment_improved_lead7",residential_increase_lead2,92,14.00304414003044,83.69565217391305,1.902700466375809,0.05560304784674585,False
"residential_increase, sentiment_improved_lead7",residential_increase_lead7,92,14.00304414003044,88.04347826086956,2.001542049044682,0.06169132790762865,False
"residential_increase, solidarity_messages_lead2",residential_increase_lead2,145,22.07001522070015,88.27586206896552,2.0068249612218114,0.09774376866389127,False
"residential_increase, solidarity_messages_lead2",residential_increase_lead7,145,22.07001522070015,91.72413793103448,2.0852165612695384,0.10535411873999477,False
"residential_increase, solidarity_messages_lead7",residential_increase_lead2,152,23.13546423135464,86.8421052631579,1.974230559096704,0.0991453704282878,False
"residential_increase, solidarity_messages_lead7",residential_increase_lead7,152,23.13546423135464,86.8421052631579,1.974230559096704,0.0991453704282878,False
"residential_increase, compliance_discussed_lead2",residential_increase_lead2,100,15.220700152207002,86.0,1.9550865051903115,0.06394547421631928,False
"residential_increase, compliance_discussed_lead2",residential_increase_lead7,100,15.220700152207002,89.0,2.0232871972318343,0.06851168426198138,False
"residential_increase, compliance_discussed_lead7",residential_increase_lead2,100,15.220700152207002,83.0,1.886885813148789,0.059379264170657184,False
"residential_increase, compliance_discussed_lead7",residential_increase_lead7,100,15.220700152207002,86.0,1.9550865051903115,0.06394547421631928,False
"grocery_spike, high_positive_sentiment",calm_mobile_baseline,100,15.220700152207002,85.0,2.1986220472440947,0.07053184416041738,True
"grocery_spike, high_positive_sentiment",grocery_spike_lead2,100,15.220700152207002,95.0,2.2211743772241994,0.07949746205829274,True
"grocery_spike, high_positive_sentiment",grocery_spike_lead7,100,15.220700152207002,100.0,2.2972027972027975,0.08594946356877926,True
"grocery_spike, sentiment_shift_detected",grocery_spike_lead2,160,24.3531202435312,93.125,2.1773354092526693,0.12262972924760628,True
"grocery_spike, sentiment_shift_detected",grocery_spike_lead7,160,24.3531202435312,96.875,2.22541520979021,0.1299087916339433,True
"grocery_spike, sentiment_improved",high_positive_sentiment,80,12.1765601217656,76.25,1.9645588235294118,0.04558564945129028,True
"grocery_spike, sentiment_improved",calm_mobile_baseline,80,12.1765601217656,78.75,2.036958661417323,0.0488151252522304,True
"grocery_spike, sentiment_improved",grocery_spike_lead2,80,12.1765601217656,91.25,2.133496441281139,0.05903175960097209,True
"grocery_spike, sentiment_improved",grocery_spike_lead7,80,12.1765601217656,97.5,2.2397727272727272,0.065715430824582,True
"grocery_spike, sentiment_worsened",grocery_spike_lead2,80,12.1765601217656,95.0,2.2211743772241994,0.0635979696466342,True
"grocery_spike, sentiment_worsened",grocery_spike_lead7,80,12.1765601217656,96.25,2.2110576923076923,0.0641933608093613,True
"grocery_spike, dominant_emotion_fear",calm_mobile_baseline,229,34.855403348554034,79.03930131004367,2.0444417701062476,0.14074166741959324,True
"grocery_spike, dominant_emotion_fear",grocery_spike_lead2,229,34.855403348554034,92.57641921397381,2.164509160981523,0.17360169952901547,True
"grocery_spike, dominant_emotion_fear",grocery_spike_lead7,229,34.855403348554034,94.75982532751091,2.1768253580480654,0.1785594313898561,True
"grocery_spike, covid_topic_detected",calm_mobile_baseline,217,33.02891933028919,75.11520737327189,1.9429406001669147,0.12040570000162168,True
"grocery_spike, covid_topic_detected",grocery_spike_lead2,217,33.02891933028919,91.70506912442397,2.144136313692048,0.16162669205766722,True
"grocery_spike, covid_topic_detected",grocery_spike_lead7,217,33.02891933028919,94.93087557603687,2.180754729141826,0.1697675657768233,True
"grocery_spike, lockdown_mentioned",vaccine_mentioned,68,10.350076103500761,85.29411764705883,1.8804776944334782,0.041334510215476,True
"grocery_spike, lockdown_mentioned",vaccine_mentioned_lag7,68,10.350076103500761,85.29411764705883,1.8996011964107677,0.041807116430247725,True
"grocery_spike, lockdown_mentioned",grocery_spike_lead2,68,10.350076103500761,85.29411764705883,1.9942432489009838,0.04401261209918244,True
"grocery_spike, lockdown_mentioned",grocery_spike_lead7,68,10.350076103500761,91.17647058823529,2.094508432743727,0.0493132151354457,True
"grocery_spike, vaccine_mentioned",calm_mobile_baseline,173,26.331811263318112,79.1907514450867,2.0483592007646445,0.10672328674455403,True
"grocery_spike, vaccine_mentioned",grocery_spike_lead2,173,26.331811263318112,92.48554913294798,2.1623845473433034,0.13090960479463637,True
"grocery_spike, vaccine_mentioned",grocery_spike_lead7,173,26.331811263318112,97.6878612716763,2.2440882816605363,0.1426042919131053,True
"grocery_spike, health_concern",grocery_spike_lead2,142,21.61339421613394,91.54929577464789,2.1404942108165006,0.10542825304819425,True
"grocery_spike, health_concern",grocery_spike_lead7,142,21.61339421613394,94.36619718309859,2.167782921304048,0.10987167814590094,True
"grocery_spike, compliance_discussed",vaccine_mentioned_lag7,87,13.24200913242009,81.60919540229885,1.817533606078317,0.04860893920755058,True
"grocery_spike, compliance_discussed",grocery_spike_lead2,87,13.24200913242009,90.80459770114942,2.123082586820469,0.06360723643515911,True
"grocery_spike, compliance_discussed",grocery_spike_lead7,87,13.24200913242009,97.70114942528735,2.244393537496986,0.07173189327439655,True
"grocery_spike, solidarity_messages",calm_mobile_baseline,101,15.37290715372907,78.21782178217822,2.023193264208311,0.060810982997759756,True
"grocery_spike, solidarity_messages",grocery_spike_lead2,101,15.37290715372907,91.0891089108911,2.1297346816532188,0.0742802601187539,True
"grocery_spike, solidarity_messages",grocery_spike_lead7,101,15.37290715372907,95.04950495049505,2.1834798864501836,0.07919860812836356,True
"grocery_spike, weekend",calm_mobile_baseline,80,12.1765601217656,87.5,2.2632874015748032,0.0594696153587753,False
"grocery_spike, weekend",grocery_spike_lead2,80,12.1765601217656,95.0,2.2211743772241994,0.0635979696466342,False
"grocery_spike, weekend",grocery_spike_lead7,80,12.1765601217656,96.25,2.2110576923076923,0.0641933608093613,False
"grocery_spike, calm_mobile_baseline",grocery_spike_lead2,216,32.87671232876712,94.44444444444444,2.208185053380783,0.16988803402764746,False
"grocery_spike, calm_mobile_baseline",grocery_spike_lead7,216,32.87671232876712,96.29629629629629,2.212121212121212,0.1734742811867976,False
"grocery_spike, dominant_emotion_fear_lag1",calm_mobile_baseline,228,34.70319634703196,78.94736842105263,2.0420638209697475,0.13980803847570594,False
"grocery_spike, dominant_emotion_fear_lag1",grocery_spike_lead2,228,34.70319634703196,92.98245614035088,2.174002622213898,0.1742526914228922,False
"grocery_spike, dominant_emotion_fear_lag1",grocery_spike_lead7,228,34.70319634703196,94.73684210526315,2.1762973868237028,0.17769993675416831,False
"grocery_spike, dominant_emotion_fear_lag3",calm_mobile_baseline,229,34.855403348554034,75.9825327510917,1.9653749613176084,0.13008717731304834,False
"grocery_spike, dominant_emotion_fear_lag3",grocery_spike_lead2,229,34.855403348554034,93.01310043668121,2.174719109854077,0.17512376954423617,False
"grocery_spike, dominant_emotion_fear_lag3",grocery_spike_lead7,229,34.855403348554034,94.75982532751091,2.1768253580480654,0.1785594313898561,False
"grocery_spike, dominant_emotion_fear_lag7",calm_mobile_baseline,231,35.15981735159817,79.22077922077922,2.0491359034666123,0.1426089253073678,False
"grocery_spike, dominant_emotion_fear_lag7",grocery_spike_lead2,231,35.15981735159817,92.20779220779221,2.1558903729722236,0.1738217857564827,False
"grocery_spike, dominant_emotion_fear_lag7",grocery_spike_lead7,231,35.15981735159817,94.8051948051948,2.177867586958496,0.1802784206612317,False
"grocery_spike, high_positive_sentiment_lag1",calm_mobile_baseline,105,15.981735159817351,80.95238095238095,2.09392575928009,0.06758963880375027,False
"grocery_spike, high_positive_sentiment_lag1",grocery_spike_lead2,105,15.981735159817351,93.33333333333333,2.1822064056939503,0.08080871263457115,False
"grocery_spike, high_positive_sentiment_lag1",grocery_spike_lead7,105,15.981735159817351,98.09523809523809,2.2534465534465533,0.08720279671677683,False
"grocery_spike, high_positive_sentiment_lag3",calm_mobile_baseline,105,15.981735159817351,75.23809523809524,1.9461192350956131,0.05845721871242607,False
"grocery_spike, high_positive_sentiment_lag3",grocery_spike_lead2,105,15.981735159817351,92.38095238095238,2.1599389933909507,0.07928664261935045,False
"grocery_spike, high_positive_sentiment_lag3",grocery_spike_lead7,105,15.981735159817351,91.42857142857143,2.1002997002997,0.07654830661023193,False
"grocery_spike, high_positive_sentiment_lag7",calm_mobile_baseline,110,16.7427701674277,77.27272727272727,1.9987473156764497,0.06464743344708317,False
"grocery_spike, high_positive_sentiment_lag7",grocery_spike_lead2,110,16.7427701674277,90.9090909090909,2.12552571983177,0.08059789319562885,False
"grocery_spike, high_positive_sentiment_lag7",grocery_spike_lead7,110,16.7427701674277,93.63636363636364,2.1510171646535285,0.08388991981911229,False
"grocery_spike, solidarity_messages_lag1",calm_mobile_baseline,104,15.82952815829528,80.76923076923077,2.089188370684434,0.06665600985986299,False
"grocery_spike, solidarity_messages_lag1",grocery_spike_lead2,104,15.82952815829528,91.34615384615384,2.135744593484807,0.07689349448278578,False
"grocery_spike, solidarity_messages_lag1",grocery_spike_lead7,104,15.82952815829528,92.3076923076923,2.1204948897256592,0.07721088198976483,False
"grocery_spike, solidarity_messages_lag3",calm_mobile_baseline,101,15.37290715372907,76.23762376237624,1.9719731815701256,0.057766842967318356,False
"grocery_spike, solidarity_messages_lag3",grocery_spike_lead2,101,15.37290715372907,91.0891089108911,2.1297346816532188,0.0742802601187539,False
"grocery_spike, solidarity_messages_lag3",grocery_spike_lead7,101,15.37290715372907,91.0891089108911,2.0925015578480926,0.07311032806748076,False
"grocery_spike, solidarity_messages_lag7",calm_mobile_baseline,101,15.37290715372907,76.23762376237624,1.9719731815701256,0.057766842967318356,False
"grocery_spike, solidarity_messages_lag7",grocery_spike_lead2,101,15.37290715372907,86.13861386138613,2.01398823156337,0.0666699100426504,False
"grocery_spike, solidarity_messages_lag7",grocery_spike_lead7,101,15.37290715372907,90.0990099009901,2.06975697569757,0.07158825805226006,False
"grocery_spike, compliance_discussed_lag1",grocery_spike_lead2,91,13.850837138508371,91.20879120879121,2.1325329474795667,0.06709154892053497,False
"grocery_spike, compliance_discussed_lag1",grocery_spike_lead7,91,13.850837138508371,94.5054945054945,2.1709828632905555,0.07060366177148564,False
"grocery_spike, compliance_discussed_lag3",calm_mobile_baseline,86,13.08980213089802,80.23255813953489,2.075306720380883,0.054416898915554075,False
"grocery_spike, compliance_discussed_lag3",vaccine_mentioned_lag3,86,13.08980213089802,81.3953488372093,1.806646763042112,0.04757105889275778,False
"grocery_spike, compliance_discussed_lag3",grocery_spike_lead2,86,13.08980213089802,91.86046511627907,2.1477695936439627,0.06425822832903585,False
"grocery_spike, compliance_discussed_lag3",grocery_spike_lead7,86,13.08980213089802,91.86046511627907,2.1102211741746624,0.06326204856260526,False
"grocery_spike, compliance_discussed_lag7",calm_mobile_baseline,90,13.698630136986301,78.88888888888889,2.040551181102362,0.05510727466066179,False
"grocery_spike, compliance_discussed_lag7",grocery_spike_lead2,90,13.698630136986301,85.55555555555556,2.000355871886121,0.05861012072308751,False
"grocery_spike, compliance_discussed_lag7",grocery_spike_lead7,90,13.698630136986301,94.44444444444444,2.1695804195804196,0.06974416713579784,False
"grocery_spike, health_concern_lag1",calm_mobile_baseline,137,20.85235920852359,75.18248175182481,1.944680728777516,0.07615678479505339,False
"grocery_spike, health_concern_lag1",grocery_spike_lead2,137,20.85235920852359,92.7007299270073,2.1674156427773594,0.10411700247191584,False
"grocery_spike, health_concern_lag1",grocery_spike_lead7,137,20.85235920852359,95.62043795620438,2.1965953754274925,0.10861834499790339,False
"grocery_spike, health_concern_lag3",calm_mobile_baseline,139,21.15677321156773,79.85611510791367,2.065569591570838,0.08715646277415215,False
"grocery_spike, health_concern_lag3",grocery_spike_lead2,139,21.15677321156773,92.08633093525181,2.153050513325994,0.10433708869938306,False
"grocery_spike, health_concern_lag3",grocery_spike_lead7,139,21.15677321156773,94.96402877697841,2.1815163254012178,0.10881526425405827,False
"grocery_spike, health_concern_lag7",calm_mobile_baseline,143,21.765601217656013,80.41958041958041,2.0801442651836353,0.09089097854970127,False
"grocery_spike, health_concern_lag7",grocery_spike_lead2,143,21.765601217656013,90.20979020979021,2.10917552198691,0.10325519113909681,False
"grocery_spike, health_concern_lag7",grocery_spike_lead7,143,21.765601217656013,94.4055944055944,2.1686879554012424,0.11073117278158874,False
"grocery_spike, sentiment_shift_detected_lag1",calm_mobile_baseline,161,24.50532724505327,77.01863354037268,1.9921748911820807,0.09399766940268597,False
"grocery_spike, sentiment_shift_detected_lag1",grocery_spike_lead2,161,24.50532724505327,91.92546583850931,2.149289361419951,0.12045666733850884,False
"grocery_spike, sentiment_shift_detected_lag1",grocery_spike_lead7,161,24.50532724505327,96.8944099378882,2.225861095426313,0.1307682862696311,False
"grocery_spike, sentiment_shift_detected_lag3",calm_mobile_baseline,159,24.200913242009133,79.87421383647799,2.066037735849057,0.09974076159101491,False
"grocery_spike, sentiment_shift_detected_lag3",grocery_spike_lead2,159,24.200913242009133,96.22641509433963,2.249848922312496,0.12936900120236583,False
"grocery_spike, sentiment_shift_detected_lag3",grocery_spike_lead7,159,24.200913242009133,96.85534591194968,2.2249637155297535,0.1290492969982555,False
"grocery_spike, sentiment_shift_detected_lag7",calm_mobile_baseline,164,24.961948249619482,76.82926829268293,1.9872767428461688,0.09527648621912711,False
"grocery_spike, sentiment_shift_detected_lag7",grocery_spike_lead2,164,24.961948249619482,93.90243902439023,2.1955125423140354,0.12763611174820283,False
"grocery_spike, sentiment_shift_detected_lag7",grocery_spike_lead7,164,24.961948249619482,93.90243902439023,2.157129455909944,0.125736420100591,False
"grocery_spike, sentiment_worsened_lag1",calm_mobile_baseline,82,12.480974124809741,76.82926829268293,1.9872767428461688,0.047638243109563556,False
"grocery_spike, sentiment_worsened_lag1",grocery_spike_lead2,82,12.480974124809741,90.2439024390244,2.1099730926134885,0.05925184582843931,False
"grocery_spike, sentiment_worsened_lag1",grocery_spike_lead7,82,12.480974124809741,93.90243902439023,2.157129455909944,0.0628682100502955,False
"grocery_spike, sentiment_worsened_lag3",calm_mobile_baseline,81,12.32876712328767,82.71604938271605,2.1395450568678918,0.05431496424177978,False
"grocery_spike, sentiment_worsened_lag3",grocery_spike_lead2,81,12.32876712328767,95.06172839506173,2.2226176354290232,0.06446904776797815,False
"grocery_spike, sentiment_worsened_lag3",grocery_spike_lead7,81,12.32876712328767,97.53086419753086,2.2404817404817408,0.0665749254602698,False
"grocery_spike, sentiment_worsened_lag7",calm_mobile_baseline,82,12.480974124809741,80.48780487804879,2.0819089686959864,0.05220445315522566,False
"grocery_spike, sentiment_worsened_lag7",grocery_spike_lead2,82,12.480974124809741,95.1219512195122,2.2240256922142176,0.06534012588932211,False
"grocery_spike, sentiment_worsened_lag7",grocery_spike_lead7,82,12.480974124809741,96.34146341463415,2.2131587924270852,0.0659123500807369,False
"grocery_spike, sentiment_improved_lag1",calm_mobile_baseline,79,12.02435312024353,77.21518987341773,1.9972590451510017,0.046359426293122424,False
"grocery_spike, sentiment_improved_lag1",high_positive_sentiment_lag1,79,12.02435312024353,78.48101265822784,2.0220402084884586,0.04769847723497564,False
"grocery_spike, sentiment_improved_lag1",grocery_spike_lead2,79,12.02435312024353,93.67088607594937,2.1900986530924818,0.06120482151006952,False
"grocery_spike, sentiment_improved_lag1",grocery_spike_lead7,79,12.02435312024353,100.0,2.2972027972027975,0.06790007621933561,False
"grocery_spike, sentiment_improved_lag3",calm_mobile_baseline,78,11.87214611872146,76.92307692307693,1.9897032101756513,0.045425797349235145,False
"grocery_spike, sentiment_improved_lag3",high_positive_sentiment_lag3,78,11.87214611872146,78.2051282051282,2.0228649303452455,0.046947867364455845,False
"grocery_spike, sentiment_improved_lag3",grocery_spike_lead2,78,11.87214611872146,97.43589743589743,2.278127566383794,0.06489995343438766,False
"grocery_spike, sentiment_improved_lag3",grocery_spike_lead7,78,11.87214611872146,96.15384615384616,2.2088488434642284,0.062474371537985726,False
"grocery_spike, sentiment_improved_lag7",high_positive_sentiment_lag7,82,12.480974124809741,80.48780487804879,2.0901378579003183,0.05239442231998684,False
"grocery_spike, sentiment_improved_lag7",grocery_spike_lead2,82,12.480974124809741,92.6829268292683,2.166999392413853,0.06229598585888071,False
"grocery_spike, sentiment_improved_lag7",grocery_spike_lead7,82,12.480974124809741,91.46341463414635,2.1011001193928025,0.0598240700198541,False
"grocery_spike, lockdown_mentioned_lag1",vaccine_mentioned_lag1,68,10.350076103500761,85.29411764705883,1.8868092691622105,0.04149204562039991,False
"grocery_spike, lockdown_mentioned_lag1",grocery_spike_lead2,68,10.350076103500761,95.58823529411765,2.234927778940758,0.05466710220572734,False
"grocery_spike, lockdown_mentioned_lag1",grocery_spike_lead7,68,10.350076103500761,97.05882352941177,2.229638009049774,0.0554014951963285,False
"grocery_spike, lockdown_mentioned_lag3",calm_mobile_baseline,66,10.045662100456621,75.75757575757575,1.9595561918396565,0.037266390053029196,False
"grocery_spike, lockdown_mentioned_lag3",vaccine_mentioned_lag3,66,10.045662100456621,84.84848484848484,1.8832923832923834,0.03997692569657291,False
"grocery_spike, lockdown_mentioned_lag3",grocery_spike_lead2,66,10.045662100456621,95.45454545454545,2.2318020058233583,0.05292494596303941,False
"grocery_spike, lockdown_mentioned_lag3",grocery_spike_lead7,66,10.045662100456621,92.42424242424242,2.1231722822631913,0.04911629587929081,False
"grocery_spike, lockdown_mentioned_lag7",calm_mobile_baseline,67,10.197869101978691,80.59701492537313,2.0847338112586673,0.042766229042578575,False
"grocery_spike, lockdown_mentioned_lag7",vaccine_mentioned_lag7,67,10.197869101978691,88.05970149253731,1.9611940298507464,0.04401261209918244,False
"grocery_spike, lockdown_mentioned_lag7",grocery_spike_lead2,67,10.197869101978691,85.07462686567165,1.9891113825888354,0.04314153397783847,False
"grocery_spike, lockdown_mentioned_lag7",grocery_spike_lead7,67,10.197869101978691,94.02985074626866,2.1600563615488992,0.05149786053019931,False
"grocery_spike, vaccine_mentioned_lag1",calm_mobile_baseline,171,26.027397260273972,78.3625730994152,2.026937422295897,0.10333395884155877,False
"grocery_spike, vaccine_mentioned_lag1",grocery_spike_lead2,171,26.027397260273972,92.39766081871345,2.1603296497471436,0.12916744855194845,False
"grocery_spike, vaccine_mentioned_lag1",grocery_spike_lead7,171,26.027397260273972,96.49122807017544,2.216599190283401,0.13784116261128834,False
"grocery_spike, vaccine_mentioned_lag3",calm_mobile_baseline,171,26.027397260273972,79.53216374269006,2.0571902196435974,0.10637809887200017,False
"grocery_spike, vaccine_mentioned_lag3",grocery_spike_lead2,171,26.027397260273972,92.98245614035088,2.174002622213898,0.13068951856716915,False
"grocery_spike, vaccine_mentioned_lag3",grocery_spike_lead7,171,26.027397260273972,95.32163742690058,2.1897313213102687,0.13479702258084694,False
"grocery_spike, vaccine_mentioned_lag7",calm_mobile_baseline,177,26.94063926940639,80.22598870056498,2.0751367943413856,0.11197987253532384,False
"grocery_spike, vaccine_mentioned_lag7",grocery_spike_lead2,177,26.94063926940639,92.65536723163842,2.1663550274443573,0.13439391728001224,False
"grocery_spike, vaccine_mentioned_lag7",grocery_spike_lead7,177,26.94063926940639,95.48022598870057,2.1933744221879814,0.1399539903949737,False
"grocery_spike, policy_governance_discussion_lag3",calm_mobile_baseline,66,10.045662100456621,77.27272727272727,1.9987473156764497,0.038788460068249896,False
"grocery_spike, policy_governance_discussion_lag3",vaccine_mentioned_lag3,66,10.045662100456621,89.39393939393939,1.9841830466830468,0.04454313574223501,False
"grocery_spike, policy_governance_discussion_lag3",grocery_spike_lead2,66,10.045662100456621,86.36363636363636,2.0192494338401814,0.04379252587171521,False
"grocery_spike, policy_governance_discussion_lag3",grocery_spike_lead7,66,10.045662100456621,90.9090909090909,2.0883661792752704,0.04759422586407011,False
"grocery_spike, policy_governance_discussion_lag7",calm_mobile_baseline,72,10.95890410958904,83.33333333333334,2.155511811023622,0.04895644377723567,False
"grocery_spike, policy_governance_discussion_lag7",vaccine_mentioned_lag7,72,10.95890410958904,87.5,1.9487288135593221,0.04668376389149517,False
"grocery_spike, policy_governance_discussion_lag7",grocery_spike_lead2,72,10.95890410958904,83.33333333333334,1.9483985765124556,0.044452784554116886,False
"grocery_spike, policy_governance_discussion_lag7",grocery_spike_lead7,72,10.95890410958904,86.11111111111111,1.9781468531468533,0.04666291361731407,False
"grocery_spike, grocery_spike_lead2",calm_mobile_baseline,258,39.26940639269406,79.06976744186046,2.0452298113898553,0.1586844867010001,False
"grocery_spike, grocery_spike_lead2",grocery_spike_lead7,258,39.26940639269406,98.06201550387597,2.2526833631484795,0.214139265931347,False
"grocery_spike, grocery_spike_lead7",calm_mobile_baseline,265,40.33485540334855,78.49056603773586,2.0302481057792305,0.16065367926254898,False
"grocery_spike, grocery_spike_lead7",grocery_spike_lead2,265,40.33485540334855,95.47169811320755,2.2322030484120057,0.2125708619735016,False
"grocery_spike, sentiment_shift_detected_lead2",calm_mobile_baseline,167,25.41856925418569,79.64071856287424,2.059998114008204,0.10416565311167175,False
"grocery_spike, sentiment_shift_detected_lead2",grocery_spike_lead2,167,25.41856925418569,92.21556886227546,2.156072197242526,0.1256831360665726,False
"grocery_spike, sentiment_shift_detected_lead2",grocery_spike_lead7,167,25.41856925418569,95.80838323353294,2.2009128595954945,0.13288111405331648,False
"grocery_spike, sentiment_shift_detected_lead7",calm_mobile_baseline,158,24.04870624048706,77.21518987341773,1.9972590451510017,0.09271885258624485,False
"grocery_spike, sentiment_shift_detected_lead7",grocery_spike_lead2,158,24.04870624048706,93.67088607594937,2.1900986530924818,0.12240964302013904,False
"grocery_spike, sentiment_shift_detected_lead7",grocery_spike_lead7,158,24.04870624048706,94.9367088607595,2.1808887315216428,0.12362359231690563,False
"grocery_spike, sentiment_worsened_lead2",calm_mobile_baseline,80,12.1765601217656,81.25,2.1016240157480315,0.0518592652826718,False
"grocery_spike, sentiment_worsened_lead2",grocery_spike_lead2,80,12.1765601217656,93.75,2.1919483985765127,0.06207589963141349,False
"grocery_spike, sentiment_worsened_lead2",grocery_spike_lead7,80,12.1765601217656,96.25,2.2110576923076923,0.0641933608093613,False
"grocery_spike, sentiment_worsened_lead7",grocery_spike_lead2,80,12.1765601217656,93.75,2.1919483985765127,0.06207589963141349,False
"grocery_spike, sentiment_worsened_lead7",grocery_spike_lead7,80,12.1765601217656,95.0,2.1823426573426574,0.0626712907941406,False
"grocery_spike, sentiment_improved_lead2",calm_mobile_baseline,87,13.24200913242009,78.16091954022988,2.0217214227531906,0.05230638782899995,False
"grocery_spike, sentiment_improved_lead2",grocery_spike_lead2,87,13.24200913242009,90.80459770114942,2.123082586820469,0.06360723643515911,False
"grocery_spike, sentiment_improved_lead2",grocery_spike_lead7,87,13.24200913242009,95.40229885057471,2.1915842777911743,0.06868775324395515,False
"grocery_spike, sentiment_improved_lead7",calm_mobile_baseline,78,11.87214611872146,80.76923076923077,2.089188370684434,0.049992007394897245,False
"grocery_spike, sentiment_improved_lead7",grocery_spike_lead2,78,11.87214611872146,93.58974358974359,2.1882014782370653,0.06033374338872556,False
"grocery_spike, sentiment_improved_lead7",grocery_spike_lead7,78,11.87214611872146,94.87179487179486,2.1793975255513716,0.060952301522765026,False
"grocery_spike, solidarity_messages_lead2",calm_mobile_baseline,100,15.220700152207002,81.0,2.095157480314961,0.06444356409953458,False
"grocery_spike, solidarity_messages_lead2",grocery_spike_lead2,100,15.220700152207002,94.0,2.19779359430605,0.07797539204307204,False
"grocery_spike, solidarity_messages_lead2",grocery_spike_lead7,100,15.220700152207002,95.0,2.1823426573426574,0.07833911349267576,False
"grocery_spike, solidarity_messages_lead7",calm_mobile_baseline,95,14.45966514459665,78.94736842105263,2.0420638209697475,0.05825334936487748,False
"grocery_spike, solidarity_messages_lead7",grocery_spike_lead2,95,14.45966514459665,91.57894736842105,2.141187488293688,0.07057586140591082,False
"grocery_spike, solidarity_messages_lead7",grocery_spike_lead7,95,14.45966514459665,96.84210526315789,2.2246595509753404,0.0770857803446782,False
"grocery_spike, compliance_discussed_lead2",calm_mobile_baseline,84,12.785388127853881,80.95238095238095,2.09392575928009,0.054071711043000216,False
"grocery_spike, compliance_discussed_lead2",grocery_spike_lead2,84,12.785388127853881,97.61904761904762,2.282409761057448,0.07012642216245144,False
"grocery_spike, compliance_discussed_lead2",grocery_spike_lead7,84,12.785388127853881,96.42857142857143,2.2151598401598402,0.06763133935211248,False
"grocery_spike, compliance_discussed_lead7",calm_mobile_baseline,87,13.24200913242009,77.01149425287356,1.991990225359761,0.05078431781377925,False
"grocery_spike, compliance_discussed_lead7",vaccine_mentioned_lag7,87,13.24200913242009,81.60919540229885,1.817533606078317,0.04860893920755058,False
"grocery_spike, compliance_discussed_lead7",grocery_spike_lead2,87,13.24200913242009,89.65517241379311,2.0962081236961594,0.06208516641993842,False
"grocery_spike, compliance_discussed_lead7",grocery_spike_lead7,87,13.24200913242009,95.40229885057471,2.1915842777911743,0.06868775324395515,False
"severe_lockdown_behavior, dominant_emotion_fear",mobility_drop_retail_lead2,76,11.56773211567732,100.0,4.659574468085107,0.09085159469847029,True
"severe_lockdown_behavior, dominant_emotion_fear",mobility_drop_retail_lead7,76,11.56773211567732,100.0,4.659574468085107,0.09085159469847029,True
"severe_lockdown_behavior, dominant_emotion_fear",mobility_drop_transit_lead2,76,11.56773211567732,100.0,1.8099173553719008,0.05176428070029121,True
"severe_lockdown_behavior, dominant_emotion_fear",mobility_drop_transit_lead7,76,11.56773211567732,100.0,1.8099173553719008,0.05176428070029121,True
"severe_lockdown_behavior, dominant_emotion_fear",mobility_drop_workplace_lead2,76,11.56773211567732,92.10526315789474,5.655435317265126,0.08770551999425459,True
"severe_lockdown_behavior, dominant_emotion_fear",mobility_drop_workplace_lead7,76,11.56773211567732,93.42105263157895,5.736227250368914,0.08922759000947529,True
"severe_lockdown_behavior, dominant_emotion_fear",residential_increase_lead2,76,11.56773211567732,100.0,2.273356401384083,0.0647933853663509,True
"severe_lockdown_behavior, dominant_emotion_fear",residential_increase_lead7,76,11.56773211567732,100.0,2.273356401384083,0.0647933853663509,True
"severe_lockdown_behavior, dominant_emotion_fear",severe_lockdown_behavior_lead2,76,11.56773211567732,92.10526315789474,6.955535390199637,0.09122689963373018,True
"severe_lockdown_behavior, dominant_emotion_fear",severe_lockdown_behavior_lead7,76,11.56773211567732,93.42105263157895,7.054900181488204,0.09274896964895088,True
"severe_lockdown_behavior, covid_topic_detected",mobility_drop_retail_lead2,83,12.633181126331811,100.0,4.659574468085107,0.09921950473648727,True
"severe_lockdown_behavior, covid_topic_detected",mobility_drop_retail_lead7,83,12.633181126331811,100.0,4.659574468085107,0.09921950473648727,True
"severe_lockdown_behavior, covid_topic_detected",mobility_drop_transit_lead2,83,12.633181126331811,100.0,1.8099173553719008,0.05653204339637066,True
"severe_lockdown_behavior, covid_topic_detected",mobility_drop_transit_lead7,83,12.633181126331811,100.0,1.8099173553719008,0.05653204339637066,True
"severe_lockdown_behavior, covid_topic_detected",mobility_drop_workplace_lead2,83,12.633181126331811,91.56626506024097,5.622339826596104,0.09510273393428456,True
"severe_lockdown_behavior, covid_topic_detected",mobility_drop_workplace_lead7,83,12.633181126331811,92.7710843373494,5.6963179822092105,0.09662480394950526,True
"severe_lockdown_behavior, covid_topic_detected",residential_increase_lead2,83,12.633181126331811,100.0,2.273356401384083,0.07076119717640954,True
"severe_lockdown_behavior, covid_topic_detected",residential_increase_lead7,83,12.633181126331811,100.0,2.273356401384083,0.07076119717640954,True
"severe_lockdown_behavior, covid_topic_detected",severe_lockdown_behavior_lead2,83,12.633181126331811,91.56626506024097,6.914831740756128,0.09894845117213291,True
"severe_lockdown_behavior, covid_topic_detected",severe_lockdown_behavior_lead7,83,12.633181126331811,92.7710843373494,7.005816368923972,0.10047052118735361,True
"severe_lockdown_behavior, dominant_emotion_fear_lag1",mobility_drop_retail_lead2,77,11.71993911719939,100.0,4.659574468085107,0.092047010418187,False
"severe_lockdown_behavior, dominant_emotion_fear_lag1",mobility_drop_retail_lead7,77,11.71993911719939,100.0,4.659574468085107,0.092047010418187,False
"severe_lockdown_behavior, dominant_emotion_fear_lag1",mobility_drop_transit_lead2,77,11.71993911719939,100.0,1.8099173553719008,0.05244538965687398,False
"severe_lockdown_behavior, dominant_emotion_fear_lag1",mobility_drop_transit_lead7,77,11.71993911719939,100.0,1.8099173553719008,0.05244538965687398,False
"severe_lockdown_behavior, dominant_emotion_fear_lag1",mobility_drop_workplace_lead2,77,11.71993911719939,90.9090909090909,5.5819881053525915,0.08745763340121256,False
"severe_lockdown_behavior, dominant_emotion_fear_lag1",mobility_drop_workplace_lead7,77,11.71993911719939,90.9090909090909,5.5819881053525915,0.08745763340121256,False
"severe_lockdown_behavior, dominant_emotion_fear_lag1",residential_increase_lead2,77,11.71993911719939,100.0,2.273356401384083,0.065645929910645,False
"severe_lockdown_behavior, dominant_emotion_fear_lag1",residential_increase_lead7,77,11.71993911719939,100.0,2.273356401384083,0.065645929910645,False
"severe_lockdown_behavior, dominant_emotion_fear_lag1",severe_lockdown_behavior_lead2,77,11.71993911719939,90.9090909090909,6.865203761755486,0.09102534698331283,False
"severe_lockdown_behavior, dominant_emotion_fear_lag1",severe_lockdown_behavior_lead7,77,11.71993911719939,90.9090909090909,6.865203761755486,0.09102534698331283,False
"severe_lockdown_behavior, dominant_emotion_fear_lag3",mobility_drop_retail_lead2,78,11.87214611872146,100.0,4.659574468085107,0.0932424261379037,False
"severe_lockdown_behavior, dominant_emotion_fear_lag3",mobility_drop_retail_lead7,78,11.87214611872146,100.0,4.659574468085107,0.0932424261379037,False
"severe_lockdown_behavior, dominant_emotion_fear_lag3",mobility_drop_transit_lead2,78,11.87214611872146,100.0,1.8099173553719008,0.053126498613456766,False
"severe_lockdown_behavior, dominant_emotion_fear_lag3",mobility_drop_transit_lead7,78,11.87214611872146,100.0,1.8099173553719008,0.053126498613456766,False
"severe_lockdown_behavior, dominant_emotion_fear_lag3",mobility_drop_workplace_lead2,78,11.87214611872146,89.74358974358975,5.510424155283969,0.08720974680817052,False
"severe_lockdown_behavior, dominant_emotion_fear_lag3",mobility_drop_workplace_lead7,78,11.87214611872146,91.02564102564102,5.5891445003594535,0.08873181682339122,False
"severe_lockdown_behavior, dominant_emotion_fear_lag3",residential_increase_lead2,78,11.87214611872146,100.0,2.273356401384083,0.06649847445493909,False
"severe_lockdown_behavior, dominant_emotion_fear_lag3",residential_increase_lead7,78,11.87214611872146,100.0,2.273356401384083,0.06649847445493909,False
"severe_lockdown_behavior, dominant_emotion_fear_lag3",severe_lockdown_behavior_lead2,78,11.87214611872146,89.74358974358975,6.777188328912468,0.09082379433289547,False
"severe_lockdown_behavior, dominant_emotion_fear_lag3",severe_lockdown_behavior_lead7,78,11.87214611872146,91.02564102564102,6.8740053050397885,0.09234586434811617,False
"severe_lockdown_behavior, dominant_emotion_fear_lag7",mobility_drop_retail_lead2,76,11.56773211567732,100.0,4.659574468085107,0.09085159469847029,False
"severe_lockdown_behavior, dominant_emotion_fear_lag7",mobility_drop_retail_lead7,76,11.56773211567732,100.0,4.659574468085107,0.09085159469847029,False
"severe_lockdown_behavior, dominant_emotion_fear_lag7",mobility_drop_transit_lead2,76,11.56773211567732,100.0,1.8099173553719008,0.05176428070029121,False
"severe_lockdown_behavior, dominant_emotion_fear_lag7",mobility_drop_transit_lead7,76,11.56773211567732,100.0,1.8099173553719008,0.05176428070029121,False
"severe_lockdown_behavior, dominant_emotion_fear_lag7",mobility_drop_workplace_lead2,76,11.56773211567732,92.10526315789474,5.655435317265126,0.08770551999425459,False
"severe_lockdown_behavior, dominant_emotion_fear_lag7",mobility_drop_workplace_lead7,76,11.56773211567732,90.78947368421053,5.574643384161338,0.08618344997903389,False
"severe_lockdown_behavior, dominant_emotion_fear_lag7",residential_increase_lead2,76,11.56773211567732,100.0,2.273356401384083,0.0647933853663509,False
"severe_lockdown_behavior, dominant_emotion_fear_lag7",residential_increase_lead7,76,11.56773211567732,100.0,2.273356401384083,0.0647933853663509,False
"severe_lockdown_behavior, dominant_emotion_fear_lag7",severe_lockdown_behavior_lead2,76,11.56773211567732,92.10526315789474,6.955535390199637,0.09122689963373018,False
"severe_lockdown_behavior, dominant_emotion_fear_lag7",severe_lockdown_behavior_lead7,76,11.56773211567732,90.78947368421053,6.8561705989110715,0.08970482961850948,False
"severe_lockdown_behavior, mobility_drop_retail_lead2",mobility_drop_retail_lead7,87,13.24200913242009,100.0,4.659574468085107,0.10400116761535413,False
"severe_lockdown_behavior, mobility_drop_retail_lead2",mobility_drop_transit_lead2,87,13.24200913242009,100.0,1.8099173553719008,0.059256479222701774,False
"severe_lockdown_behavior, mobility_drop_retail_lead2",mobility_drop_transit_lead7,87,13.24200913242009,100.0,1.8099173553719008,0.059256479222701774,False
"severe_lockdown_behavior, mobility_drop_retail_lead2",mobility_drop_workplace_lead2,87,13.24200913242009,90.80459770114942,5.575572027070577,0.09867739760777854,False
"severe_lockdown_behavior, mobility_drop_retail_lead2",mobility_drop_workplace_lead7,87,13.24200913242009,91.95402298850574,5.646148888172736,0.10019946762299924,False
"severe_lockdown_behavior, mobility_drop_retail_lead2",residential_increase_lead2,87,13.24200913242009,100.0,2.273356401384083,0.0741713753535859,False
"severe_lockdown_behavior, mobility_drop_retail_lead2",residential_increase_lead7,87,13.24200913242009,100.0,2.273356401384083,0.0741713753535859,False
"severe_lockdown_behavior, mobility_drop_retail_lead2",severe_lockdown_behavior_lead2,87,13.24200913242009,90.80459770114942,6.857312722948871,0.1027084506161256,False
"severe_lockdown_behavior, mobility_drop_retail_lead2",severe_lockdown_behavior_lead7,87,13.24200913242009,91.95402298850574,6.944114149821641,0.1042305206313463,False
"severe_lockdown_behavior, mobility_drop_retail_lead7",mobility_drop_retail_lead2,87,13.24200913242009,100.0,4.659574468085107,0.10400116761535413,False
"severe_lockdown_behavior, mobility_drop_retail_lead7",mobility_drop_transit_lead2,87,13.24200913242009,100.0,1.8099173553719008,0.059256479222701774,False
"severe_lockdown_behavior, mobility_drop_retail_lead7",mobility_drop_transit_lead7,87,13.24200913242009,100.0,1.8099173553719008,0.059256479222701774,False
"severe_lockdown_behavior, mobility_drop_retail_lead7",mobility_drop_workplace_lead2,87,13.24200913242009,90.80459770114942,5.575572027070577,0.09867739760777854,False
"severe_lockdown_behavior, mobility_drop_retail_lead7",mobility_drop_workplace_lead7,87,13.24200913242009,91.95402298850574,5.646148888172736,0.10019946762299924,False
"severe_lockdown_behavior, mobility_drop_retail_lead7",residential_increase_lead2,87,13.24200913242009,100.0,2.273356401384083,0.0741713753535859,False
"severe_lockdown_behavior, mobility_drop_retail_lead7",residential_increase_lead7,87,13.24200913242009,100.0,2.273356401384083,0.0741713753535859,False
"severe_lockdown_behavior, mobility_drop_retail_lead7",severe_lockdown_behavior_lead2,87,13.24200913242009,90.80459770114942,6.857312722948871,0.1027084506161256,False
"severe_lockdown_behavior, mobility_drop_retail_lead7",severe_lockdown_behavior_lead7,87,13.24200913242009,91.95402298850574,6.944114149821641,0.1042305206313463,False
"severe_lockdown_behavior, mobility_drop_transit_lead2",mobility_drop_retail_lead2,87,13.24200913242009,100.0,4.659574468085107,0.10400116761535413,False
"severe_lockdown_behavior, mobility_drop_transit_lead2",mobility_drop_retail_lead7,87,13.24200913242009,100.0,4.659574468085107,0.10400116761535413,False
"severe_lockdown_behavior, mobility_drop_transit_lead2",mobility_drop_transit_lead7,87,13.24200913242009,100.0,1.8099173553719008,0.059256479222701774,False
"severe_lockdown_behavior, mobility_drop_transit_lead2",mobility_drop_workplace_lead2,87,13.24200913242009,90.80459770114942,5.575572027070577,0.09867739760777854,False
"severe_lockdown_behavior, mobility_drop_transit_lead2",mobility_drop_workplace_lead7,87,13.24200913242009,91.95402298850574,5.646148888172736,0.10019946762299924,False
"severe_lockdown_behavior, mobility_drop_transit_lead2",residential_increase_lead2,87,13.24200913242009,100.0,2.273356401384083,0.0741713753535859,False
"severe_lockdown_behavior, mobility_drop_transit_lead2",residential_increase_lead7,87,13.24200913242009,100.0,2.273356401384083,0.0741713753535859,False
"severe_lockdown_behavior, mobility_drop_transit_lead2",severe_lockdown_behavior_lead2,87,13.24200913242009,90.80459770114942,6.857312722948871,0.1027084506161256,False
"severe_lockdown_behavior, mobility_drop_transit_lead2",severe_lockdown_behavior_lead7,87,13.24200913242009,91.95402298850574,6.944114149821641,0.1042305206313463,False
"severe_lockdown_behavior, mobility_drop_transit_lead7",mobility_drop_retail_lead2,87,13.24200913242009,100.0,4.659574468085107,0.10400116761535413,False
"severe_lockdown_behavior, mobility_drop_transit_lead7",mobility_drop_retail_lead7,87,13.24200913242009,100.0,4.659574468085107,0.10400116761535413,False
"severe_lockdown_behavior, mobility_drop_transit_lead7",mobility_drop_transit_lead2,87,13.24200913242009,100.0,1.8099173553719008,0.059256479222701774,False
"severe_lockdown_behavior, mobility_drop_transit_lead7",mobility_drop_workplace_lead2,87,13.24200913242009,90.80459770114942,5.575572027070577,0.09867739760777854,False
"severe_lockdown_behavior, mobility_drop_transit_lead7",mobility_drop_workplace_lead7,87,13.24200913242009,91.95402298850574,5.646148888172736,0.10019946762299924,False
"severe_lockdown_behavior, mobility_drop_transit_lead7",residential_increase_lead2,87,13.24200913242009,100.0,2.273356401384083,0.0741713753535859,False
"severe_lockdown_behavior, mobility_drop_transit_lead7",residential_increase_lead7,87,13.24200913242009,100.0,2.273356401384083,0.0741713753535859,False
"severe_lockdown_behavior, mobility_drop_transit_lead7",severe_lockdown_behavior_lead2,87,13.24200913242009,90.80459770114942,6.857312722948871,0.1027084506161256,False
"severe_lockdown_behavior, mobility_drop_transit_lead7",severe_lockdown_behavior_lead7,87,13.24200913242009,91.95402298850574,6.944114149821641,0.1042305206313463,False
"severe_lockdown_behavior, mobility_drop_workplace_lead2",mobility_drop_retail_lead2,79,12.02435312024353,100.0,4.659574468085107,0.09443784185762043,False
"severe_lockdown_behavior, mobility_drop_workplace_lead2",mobility_drop_retail_lead7,79,12.02435312024353,100.0,4.659574468085107,0.09443784185762043,False
"severe_lockdown_behavior, mobility_drop_workplace_lead2",mobility_drop_transit_lead2,79,12.02435312024353,100.0,1.8099173553719008,0.05380760757003954,False
"severe_lockdown_behavior, mobility_drop_workplace_lead2",mobility_drop_transit_lead7,79,12.02435312024353,100.0,1.8099173553719008,0.05380760757003954,False
"severe_lockdown_behavior, mobility_drop_workplace_lead2",mobility_drop_workplace_lead7,79,12.02435312024353,94.9367088607595,5.829291375842896,0.094572210291232,False
"severe_lockdown_behavior, mobility_drop_workplace_lead2",residential_increase_lead2,79,12.02435312024353,100.0,2.273356401384083,0.06735101899923318,False
"severe_lockdown_behavior, mobility_drop_workplace_lead2",residential_increase_lead7,79,12.02435312024353,100.0,2.273356401384083,0.06735101899923318,False
"severe_lockdown_behavior, mobility_drop_workplace_lead2",severe_lockdown_behavior_lead2,79,12.02435312024353,100.0,7.551724137931035,0.10432087181946442,False
"severe_lockdown_behavior, mobility_drop_workplace_lead2",severe_lockdown_behavior_lead7,79,12.02435312024353,94.9367088607595,7.169358358795286,0.09823259175858162,False
"severe_lockdown_behavior, mobility_drop_workplace_lead7",lockdown_mentioned,80,12.1765601217656,75.0,2.335308056872038,0.052218353338013064,True
"severe_lockdown_behavior, mobility_drop_workplace_lead7",mobility_drop_retail_lead2,80,12.1765601217656,100.0,4.659574468085107,0.09563325757733714,False
"severe_lockdown_behavior, mobility_drop_workplace_lead7",mobility_drop_retail_lead7,80,12.1765601217656,100.0,4.659574468085107,0.09563325757733714,False
"severe_lockdown_behavior, mobility_drop_workplace_lead7",mobility_drop_transit_lead2,80,12.1765601217656,100.0,1.8099173553719008,0.05448871652662232,False
"severe_lockdown_behavior, mobility_drop_workplace_lead7",mobility_drop_transit_lead7,80,12.1765601217656,100.0,1.8099173553719008,0.05448871652662232,False
"severe_lockdown_behavior, mobility_drop_workplace_lead7",mobility_drop_workplace_lead2,80,12.1765601217656,93.75,5.75642523364486,0.09432432369818997,False
"severe_lockdown_behavior, mobility_drop_workplace_lead7",residential_increase_lead2,80,12.1765601217656,100.0,2.273356401384083,0.06820356354352727,False
"severe_lockdown_behavior, mobility_drop_workplace_lead7",residential_increase_lead7,80,12.1765601217656,100.0,2.273356401384083,0.06820356354352727,False
"severe_lockdown_behavior, mobility_drop_workplace_lead7",severe_lockdown_behavior_lead2,80,12.1765601217656,93.75,7.079741379310345,0.09803103910816427,False
"severe_lockdown_behavior, mobility_drop_workplace_lead7",severe_lockdown_behavior_lead7,80,12.1765601217656,100.0,7.551724137931035,0.10564138918426777,False
"severe_lockdown_behavior, residential_increase_lead2",mobility_drop_retail_lead2,87,13.24200913242009,100.0,4.659574468085107,0.10400116761535413,False
"severe_lockdown_behavior, residential_increase_lead2",mobility_drop_retail_lead7,87,13.24200913242009,100.0,4.659574468085107,0.10400116761535413,False
"severe_lockdown_behavior, residential_increase_lead2",mobility_drop_transit_lead2,87,13.24200913242009,100.0,1.8099173553719008,0.059256479222701774,False
"severe_lockdown_behavior, residential_increase_lead2",mobility_drop_transit_lead7,87,13.24200913242009,100.0,1.8099173553719008,0.059256479222701774,False
"severe_lockdown_behavior, residential_increase_lead2",mobility_drop_workplace_lead2,87,13.24200913242009,90.80459770114942,5.575572027070577,0.09867739760777854,False
"severe_lockdown_behavior, residential_increase_lead2",mobility_drop_workplace_lead7,87,13.24200913242009,91.95402298850574,5.646148888172736,0.10019946762299924,False
"severe_lockdown_behavior, residential_increase_lead2",residential_increase_lead7,87,13.24200913242009,100.0,2.273356401384083,0.0741713753535859,False
"severe_lockdown_behavior, residential_increase_lead2",severe_lockdown_behavior_lead2,87,13.24200913242009,90.80459770114942,6.857312722948871,0.1027084506161256,False
"severe_lockdown_behavior, residential_increase_lead2",severe_lockdown_behavior_lead7,87,13.24200913242009,91.95402298850574,6.944114149821641,0.1042305206313463,False
"severe_lockdown_behavior, residential_increase_lead7",mobility_drop_retail_lead2,87,13.24200913242009,100.0,4.659574468085107,0.10400116761535413,False
"severe_lockdown_behavior, residential_increase_lead7",mobility_drop_retail_lead7,87,13.24200913242009,100.0,4.659574468085107,0.10400116761535413,False
"severe_lockdown_behavior, residential_increase_lead7",mobility_drop_transit_lead2,87,13.24200913242009,100.0,1.8099173553719008,0.059256479222701774,False
"severe_lockdown_behavior, residential_increase_lead7",mobility_drop_transit_lead7,87,13.24200913242009,100.0,1.8099173553719008,0.059256479222701774,False
"severe_lockdown_behavior, residential_increase_lead7",mobility_drop_workplace_lead2,87,13.24200913242009,90.80459770114942,5.575572027070577,0.09867739760777854,False
"severe_lockdown_behavior, residential_increase_lead7",mobility_drop_workplace_lead7,87,13.24200913242009,91.95402298850574,5.646148888172736,0.10019946762299924,False
"severe_lockdown_behavior, residential_increase_lead7",residential_increase_lead2,87,13.24200913242009,100.0,2.273356401384083,0.0741713753535859,False
"severe_lockdown_behavior, residential_increase_lead7",severe_lockdown_behavior_lead2,87,13.24200913242009,90.80459770114942,6.857312722948871,0.1027084506161256,False
"severe_lockdown_behavior, residential_increase_lead7",severe_lockdown_behavior_lead7,87,13.24200913242009,91.95402298850574,6.944114149821641,0.1042305206313463,False
"severe_lockdown_behavior, severe_lockdown_behavior_lead2",mobility_drop_retail_lead2,79,12.02435312024353,100.0,4.659574468085107,0.09443784185762043,False
"severe_lockdown_behavior, severe_lockdown_behavior_lead2",mobility_drop_retail_lead7,79,12.02435312024353,100.0,4.659574468085107,0.09443784185762043,False
"severe_lockdown_behavior, severe_lockdown_behavior_lead2",mobility_drop_transit_lead2,79,12.02435312024353,100.0,1.8099173553719008,0.05380760757003954,False
"severe_lockdown_behavior, severe_lockdown_behavior_lead2",mobility_drop_transit_lead7,79,12.02435312024353,100.0,1.8099173553719008,0.05380760757003954,False
"severe_lockdown_behavior, severe_lockdown_behavior_lead2",mobility_drop_workplace_lead2,79,12.02435312024353,100.0,6.140186915887851,0.1006604903521148,False
"severe_lockdown_behavior, severe_lockdown_behavior_lead2",mobility_drop_workplace_lead7,79,12.02435312024353,94.9367088607595,5.829291375842896,0.094572210291232,False
"severe_lockdown_behavior, severe_lockdown_behavior_lead2",residential_increase_lead2,79,12.02435312024353,100.0,2.273356401384083,0.06735101899923318,False
"severe_lockdown_behavior, severe_lockdown_behavior_lead2",residential_increase_lead7,79,12.02435312024353,100.0,2.273356401384083,0.06735101899923318,False
"severe_lockdown_behavior, severe_lockdown_behavior_lead2",severe_lockdown_behavior_lead7,79,12.02435312024353,94.9367088607595,7.169358358795286,0.09823259175858162,False
"severe_lockdown_behavior, severe_lockdown_behavior_lead7",lockdown_mentioned,80,12.1765601217656,75.0,2.335308056872038,0.052218353338013064,True
"severe_lockdown_behavior, severe_lockdown_behavior_lead7",mobility_drop_retail_lead2,80,12.1765601217656,100.0,4.659574468085107,0.09563325757733714,False
"severe_lockdown_behavior, severe_lockdown_behavior_lead7",mobility_drop_retail_lead7,80,12.1765601217656,100.0,4.659574468085107,0.09563325757733714,False
"severe_lockdown_behavior, severe_lockdown_behavior_lead7",mobility_drop_transit_lead2,80,12.1765601217656,100.0,1.8099173553719008,0.05448871652662232,False
"severe_lockdown_behavior, severe_lockdown_behavior_lead7",mobility_drop_transit_lead7,80,12.1765601217656,100.0,1.8099173553719008,0.05448871652662232,False
"severe_lockdown_behavior, severe_lockdown_behavior_lead7",mobility_drop_workplace_lead2,80,12.1765601217656,93.75,5.75642523364486,0.09432432369818997,False
"severe_lockdown_behavior, severe_lockdown_behavior_lead7",mobility_drop_workplace_lead7,80,12.1765601217656,100.0,6.140186915887851,0.10193467377429347,False
"severe_lockdown_behavior, severe_lockdown_behavior_lead7",residential_increase_lead2,80,12.1765601217656,100.0,2.273356401384083,0.06820356354352727,False
"severe_lockdown_behavior, severe_lockdown_behavior_lead7",residential_increase_lead7,80,12.1765601217656,100.0,2.273356401384083,0.06820356354352727,False
"severe_lockdown_behavior, severe_lockdown_behavior_lead7",severe_lockdown_behavior_lead2,80,12.1765601217656,93.75,7.079741379310345,0.09803103910816427,False
"partial_restrictions, high_positive_sentiment",partial_restrictions_lead2,120,18.2648401826484,86.66666666666667,2.0408602150537636,0.08073226162924042,True
"partial_restrictions, high_positive_sentiment",partial_restrictions_lead7,120,18.2648401826484,90.0,2.1193548387096777,0.08682054169012322,True
"partial_restrictions, sentiment_shift_detected",partial_restrictions_lead2,164,24.961948249619482,85.36585365853658,2.010228166797797,0.10708700819415776,True
"partial_restrictions, sentiment_shift_detected",partial_restrictions_lead7,164,24.961948249619482,85.97560975609755,2.0245869394177816,0.10860907820937846,True
"partial_restrictions, sentiment_improved",partial_restrictions_lead2,84,12.785388127853881,83.33333333333334,1.9623655913978497,0.05225078709785034,True
"partial_restrictions, sentiment_improved",partial_restrictions_lead7,84,12.785388127853881,85.71428571428571,2.0184331797235022,0.05529492712829174,True
"partial_restrictions, sentiment_worsened",partial_restrictions_lead2,80,12.1765601217656,87.5,2.060483870967742,0.05483622109630742,True
"partial_restrictions, sentiment_worsened",partial_restrictions_lead7,80,12.1765601217656,86.25,2.0310483870967744,0.05331415108108672,True
"partial_restrictions, dominant_emotion_fear",partial_restrictions_lead2,240,36.5296803652968,83.75,1.972177419354839,0.15081003315193595,True
"partial_restrictions, dominant_emotion_fear",partial_restrictions_lead7,240,36.5296803652968,87.91666666666667,2.070295698924731,0.16603073330414295,True
"partial_restrictions, covid_topic_detected",partial_restrictions_lead2,243,36.986301369863014,83.9506172839506,1.9769016328156113,0.15343716769875523,True
"partial_restrictions, covid_topic_detected",partial_restrictions_lead7,243,36.986301369863014,88.06584362139918,2.0738085756006903,0.16865786785096223,True
"partial_restrictions, lockdown_mentioned",partial_restrictions_lead2,78,11.87214611872146,84.61538461538461,1.9925558312655087,0.05004065803465316,True
"partial_restrictions, lockdown_mentioned",partial_restrictions_lead7,78,11.87214611872146,87.17948717948718,2.052936311000827,0.05308479806509456,True
"partial_restrictions, vaccine_mentioned",partial_restrictions_lead2,119,18.11263318112633,78.15126050420169,1.8403361344537816,0.06463584996142699,True
"partial_restrictions, vaccine_mentioned",partial_restrictions_lead7,119,18.11263318112633,81.5126050420168,1.9194903767958797,0.07072413002230979,True
"partial_restrictions, health_concern",partial_restrictions_lead2,168,25.570776255707763,85.11904761904762,2.0044162826420893,0.10906778424136278,True
"partial_restrictions, health_concern",partial_restrictions_lead7,168,25.570776255707763,86.90476190476191,2.046466973886329,0.11363399428702488,True
"partial_restrictions, compliance_discussed",partial_restrictions_lead2,94,14.30745814307458,80.85106382978722,1.9039121482498285,0.05491962219303184,True
"partial_restrictions, compliance_discussed",partial_restrictions_lead7,94,14.30745814307458,85.1063829787234,2.0041180507892933,0.06100790225391464,True
"partial_restrictions, policy_governance_discussion",partial_restrictions_lead2,71,10.80669710806697,83.09859154929578,1.9568378009995457,0.04391067742540814,True
"partial_restrictions, policy_governance_discussion",partial_restrictions_lead7,71,10.80669710806697,83.09859154929578,1.9568378009995457,0.04391067742540814,True
"partial_restrictions, solidarity_messages",partial_restrictions_lead2,127,19.330289193302892,85.8267716535433,2.0210820421640845,0.08381810220804403,True
"partial_restrictions, solidarity_messages",partial_restrictions_lead7,127,19.330289193302892,89.76377952755905,2.1137922275844554,0.09142845228414753,True
"partial_restrictions, weekend",partial_restrictions_lead2,74,11.263318112633181,86.48648648648648,2.0366172624237144,0.049581952002668836,False
"partial_restrictions, weekend",partial_restrictions_lead7,74,11.263318112633181,87.83783783783784,2.068439407149085,0.051104022017889536,False
"partial_restrictions, dominant_emotion_fear_lag1",partial_restrictions_lead2,239,36.37747336377473,82.84518828451883,1.950870562828992,0.14689018160588813,False
"partial_restrictions, dominant_emotion_fear_lag1",partial_restrictions_lead7,239,36.37747336377473,87.86610878661088,2.069105142394385,0.16515502178853653,False
"partial_restrictions, dominant_emotion_fear_lag3",partial_restrictions_lead2,242,36.83409436834094,83.47107438016529,1.9656091708877634,0.1510393861679281,False
"partial_restrictions, dominant_emotion_fear_lag3",partial_restrictions_lead7,242,36.83409436834094,88.01652892561982,2.0726472940549185,0.16778215633535581,False
"partial_restrictions, dominant_emotion_fear_lag7",partial_restrictions_lead2,239,36.37747336377473,84.51882845188284,1.9902820893507898,0.15297846166677093,False
"partial_restrictions, dominant_emotion_fear_lag7",partial_restrictions_lead7,239,36.37747336377473,87.86610878661088,2.069105142394385,0.16515502178853653,False
"partial_restrictions, high_positive_sentiment_lag1",partial_restrictions_lead2,118,17.960426179604262,86.4406779661017,2.035538545653363,0.07898083859802757,False
"partial_restrictions, high_positive_sentiment_lag1",partial_restrictions_lead7,118,17.960426179604262,89.83050847457628,2.115363586659377,0.08506911865891037,False
"partial_restrictions, high_positive_sentiment_lag3",partial_restrictions_lead2,120,18.2648401826484,85.0,2.0016129032258063,0.07768812159879902,False
"partial_restrictions, high_positive_sentiment_lag3",partial_restrictions_lead7,120,18.2648401826484,87.5,2.060483870967742,0.08225433164446112,False
"partial_restrictions, high_positive_sentiment_lag7",partial_restrictions_lead2,116,17.65601217656012,86.20689655172413,2.0300333704115685,0.0772294155668147,False
"partial_restrictions, high_positive_sentiment_lag7",partial_restrictions_lead7,116,17.65601217656012,93.96551724137932,2.21273637374861,0.090928045703801,False
"partial_restrictions, solidarity_messages_lag1",partial_restrictions_lead2,127,19.330289193302892,88.18897637795276,2.0767081534163068,0.08838431225370613,False
"partial_restrictions, solidarity_messages_lag1",partial_restrictions_lead7,127,19.330289193302892,88.9763779527559,2.095250190500381,0.08990638226892683,False
"partial_restrictions, solidarity_messages_lag3",partial_restrictions_lead2,131,19.93911719939117,83.96946564885496,1.97734548140852,0.08275473822480765,False
"partial_restrictions, solidarity_messages_lag3",partial_restrictions_lead7,131,19.93911719939117,89.31297709923665,2.1031765574981534,0.09340922833135255,False
"partial_restrictions, solidarity_messages_lag7",partial_restrictions_lead2,130,19.7869101978691,86.92307692307692,2.0468982630272956,0.08796730677008403,False
"partial_restrictions, solidarity_messages_lag7",partial_restrictions_lead7,130,19.7869101978691,90.0,2.1193548387096777,0.09405558683096683,False
"partial_restrictions, compliance_discussed_lag1",partial_restrictions_lead2,100,15.220700152207002,79.0,1.8603225806451615,0.05560768124100832,False
"partial_restrictions, compliance_discussed_lag1",partial_restrictions_lead7,100,15.220700152207002,83.0,1.9545161290322581,0.06169596130189112,False
"partial_restrictions, compliance_discussed_lag3",partial_restrictions_lead2,92,14.00304414003044,82.6086956521739,1.9453015427769986,0.05621233919226038,False
"partial_restrictions, compliance_discussed_lag3",partial_restrictions_lead7,92,14.00304414003044,84.78260869565217,1.9964936886395512,0.05925647922270178,False
"partial_restrictions, compliance_discussed_lag7",partial_restrictions_lead2,92,14.00304414003044,86.95652173913044,2.047685834502104,0.06230061925314318,False
"partial_restrictions, compliance_discussed_lag7",partial_restrictions_lead7,92,14.00304414003044,90.21739130434783,2.1244740532959328,0.06686682929880527,False
"partial_restrictions, health_concern_lag1",partial_restrictions_lead2,175,26.636225266362253,81.71428571428572,1.9242396313364056,0.10454327474406289,False
"partial_restrictions, health_concern_lag1",partial_restrictions_lead7,175,26.636225266362253,87.42857142857143,2.0588018433179727,0.11976397489626989,False
"partial_restrictions, health_concern_lag3",partial_restrictions_lead2,172,26.17960426179604,83.13953488372093,1.957801950487622,0.1064823502429057,False
"partial_restrictions, health_concern_lag3",partial_restrictions_lead7,172,26.17960426179604,87.79069767441861,2.0673293323330832,0.1186589103646713,False
"partial_restrictions, health_concern_lag7",partial_restrictions_lead2,168,25.570776255707763,86.30952380952381,2.0324500768049156,0.11211192427180418,False
"partial_restrictions, health_concern_lag7",partial_restrictions_lead7,168,25.570776255707763,86.90476190476191,2.046466973886329,0.11363399428702488,False
"partial_restrictions, sentiment_shift_detected_lag1",partial_restrictions_lead2,168,25.570776255707763,82.14285714285714,1.9343317972350231,0.10145743416525928,False
"partial_restrictions, sentiment_shift_detected_lag1",partial_restrictions_lead7,168,25.570776255707763,86.30952380952381,2.0324500768049156,0.11211192427180418,False
"partial_restrictions, sentiment_shift_detected_lag3",partial_restrictions_lead2,166,25.266362252663622,83.73493975903614,1.9718227749708512,0.10427222117970851,False
"partial_restrictions, sentiment_shift_detected_lag3",partial_restrictions_lead7,166,25.266362252663622,87.95180722891565,2.0711232024873687,0.11492671128625341,False
"partial_restrictions, sentiment_shift_detected_lag7",partial_restrictions_lead2,158,24.04870624048706,84.17721518987342,1.9822376480196,0.10031066908529847,False
"partial_restrictions, sentiment_shift_detected_lag7",partial_restrictions_lead7,158,24.04870624048706,89.24050632911393,2.101469987750102,0.11248722920706407,False
"partial_restrictions, sentiment_worsened_lag1",partial_restrictions_lead2,84,12.785388127853881,80.95238095238095,1.9062980030721968,0.04920664706740894,False
"partial_restrictions, sentiment_worsened_lag1",partial_restrictions_lead7,84,12.785388127853881,84.52380952380952,1.990399385560676,0.05377285711307104,False
"partial_restrictions, sentiment_worsened_lag3",partial_restrictions_lead2,85,12.93759512937595,82.35294117647058,1.939278937381404,0.051604428598236066,False
"partial_restrictions, sentiment_worsened_lag3",partial_restrictions_lead7,85,12.93759512937595,88.23529411764706,2.0777988614800758,0.059214778674339566,False
"partial_restrictions, sentiment_worsened_lag7",partial_restrictions_lead2,78,11.87214611872146,85.8974358974359,2.022746071133168,0.05156272804987386,False
"partial_restrictions, sentiment_worsened_lag7",partial_restrictions_lead7,78,11.87214611872146,87.17948717948718,2.052936311000827,0.05308479806509456,False
"partial_restrictions, sentiment_improved_lag1",high_positive_sentiment_lag1,84,12.785388127853881,76.19047619047619,1.9630252100840335,0.04778882842309377,False
"partial_restrictions, sentiment_improved_lag1",partial_restrictions_lead2,84,12.785388127853881,83.33333333333334,1.9623655913978497,0.05225078709785034,False
"partial_restrictions, sentiment_improved_lag1",partial_restrictions_lead7,84,12.785388127853881,88.09523809523809,2.0745007680491554,0.05833906715873314,False
"partial_restrictions, sentiment_improved_lag3",partial_restrictions_lead2,81,12.32876712328767,85.18518518518519,2.0059737156511352,0.052667792581472445,False
"partial_restrictions, sentiment_improved_lag3",partial_restrictions_lead7,81,12.32876712328767,87.65432098765432,2.0641178813221823,0.055711932611913845,False
"partial_restrictions, sentiment_improved_lag7",partial_restrictions_lead2,80,12.1765601217656,82.5,1.9427419354838709,0.04874794103542462,False
"partial_restrictions, sentiment_improved_lag7",partial_restrictions_lead7,80,12.1765601217656,91.25,2.1487903225806453,0.05940243114196952,False
"partial_restrictions, lockdown_mentioned_lag1",partial_restrictions_lead2,79,12.02435312024353,82.27848101265823,1.9375255206206616,0.047872229519818184,False
"partial_restrictions, lockdown_mentioned_lag1",partial_restrictions_lead7,79,12.02435312024353,84.81012658227847,1.9971416904859127,0.050916369550259584,False
"partial_restrictions, lockdown_mentioned_lag3",partial_restrictions_lead2,82,12.480974124809741,79.26829268292683,1.8666404405979546,0.04593315402097538,False
"partial_restrictions, lockdown_mentioned_lag3",partial_restrictions_lead7,82,12.480974124809741,84.14634146341463,1.9815106215578284,0.05202143408185818,False
"partial_restrictions, lockdown_mentioned_lag7",partial_restrictions_lead2,79,12.02435312024353,87.34177215189874,2.056757860351164,0.053960509580700984,False
"partial_restrictions, lockdown_mentioned_lag7",partial_restrictions_lead7,79,12.02435312024353,83.54430379746836,1.9673336055532873,0.049394299535038884,False
"partial_restrictions, vaccine_mentioned_lag1",partial_restrictions_lead2,115,17.50380517503805,79.13043478260869,1.8633941093969144,0.06417714392944267,False
"partial_restrictions, vaccine_mentioned_lag1",partial_restrictions_lead7,115,17.50380517503805,84.34782608695653,1.9862552594670408,0.07330956402076687,False
"partial_restrictions, vaccine_mentioned_lag3",partial_restrictions_lead7,115,17.50380517503805,80.0,1.8838709677419356,0.06569921394466337,False
"partial_restrictions, vaccine_mentioned_lag7",partial_restrictions_lead2,110,16.7427701674277,78.18181818181819,1.8410557184750735,0.059798586351410526,False
"partial_restrictions, vaccine_mentioned_lag7",partial_restrictions_lead7,110,16.7427701674277,84.54545454545455,1.990909090909091,0.07045307645795543,False
"partial_restrictions, policy_governance_discussion_lag1",partial_restrictions_lead2,73,11.11111111111111,84.93150684931507,2.0,0.0471841704718417,False
"partial_restrictions, policy_governance_discussion_lag1",partial_restrictions_lead7,73,11.11111111111111,86.3013698630137,2.032258064516129,0.0487062404870624,False
"partial_restrictions, policy_governance_discussion_lag3",partial_restrictions_lead2,74,11.263318112633181,81.08108108108108,1.909328683522232,0.043493671941786036,False
"partial_restrictions, policy_governance_discussion_lag3",partial_restrictions_lead7,74,11.263318112633181,86.48648648648648,2.0366172624237144,0.049581952002668836,False
"partial_restrictions, policy_governance_discussion_lag7",partial_restrictions_lead2,67,10.197869101978691,85.07462686567165,2.0033702455464613,0.04345197139342382,False
"partial_restrictions, policy_governance_discussion_lag7",partial_restrictions_lead7,67,10.197869101978691,91.04477611940298,2.1439576311988446,0.04954025145430662,False
"partial_restrictions, mobility_drop_transit_lead2",partial_restrictions_lead2,239,36.37747336377473,96.65271966527197,2.276015656633824,0.19711849210817123,False
"partial_restrictions, mobility_drop_transit_lead2",partial_restrictions_lead7,239,36.37747336377473,91.63179916317992,2.1577810770684303,0.17885365192552283,False
"partial_restrictions, mobility_drop_transit_lead7",partial_restrictions_lead2,247,37.595129375951295,87.4493927125506,2.0592921509729663,0.16911657388294657,False
"partial_restrictions, mobility_drop_transit_lead7",partial_restrictions_lead7,247,37.595129375951295,97.97570850202429,2.3071699098863787,0.20869039427868477,False
"partial_restrictions, residential_increase_lead2",partial_restrictions_lead2,165,25.11415525114155,90.30303030303031,2.126490713587488,0.12013927983152978,False
"partial_restrictions, residential_increase_lead2",partial_restrictions_lead7,165,25.11415525114155,94.54545454545455,2.226392961876833,0.13079376993807468,False
"partial_restrictions, residential_increase_lead7",residential_increase,152,23.13546423135464,92.76315789473685,2.108837188126025,0.1128440005652741,False
"partial_restrictions, residential_increase_lead7",partial_restrictions_lead2,152,23.13546423135464,92.10526315789474,2.16893039049236,0.114843310189529,False
"partial_restrictions, residential_increase_lead7",partial_restrictions_lead7,152,23.13546423135464,95.39473684210526,2.2463921901528017,0.1224536602656325,False
"partial_restrictions, partial_restrictions_lead2",mobility_drop_transit_lead2,231,35.15981735159817,100.0,1.8099173553719008,0.15733616897062194,False
"partial_restrictions, partial_restrictions_lead2",partial_restrictions_lead7,231,35.15981735159817,92.20779220779221,2.17134478424801,0.17489209983111279,False
"partial_restrictions, partial_restrictions_lead7",mobility_drop_transit_lead7,242,36.83409436834094,100.0,1.8099173553719008,0.1648283674930325,False
"partial_restrictions, partial_restrictions_lead7",partial_restrictions_lead2,242,36.83409436834094,88.01652892561982,2.0726472940549185,0.16778215633535581,False
"partial_restrictions, sentiment_shift_detected_lead2",partial_restrictions_lead2,159,24.200913242009133,86.79245283018868,2.043822276323798,0.1072746606617877,False
"partial_restrictions, sentiment_shift_detected_lead2",partial_restrictions_lead7,159,24.200913242009133,90.56603773584906,2.132684114424833,0.1164070807531119,False
"partial_restrictions, sentiment_shift_detected_lead7",partial_restrictions_lead2,165,25.11415525114155,85.45454545454545,2.012316715542522,0.10796271970976418,False
"partial_restrictions, sentiment_shift_detected_lead7",partial_restrictions_lead7,165,25.11415525114155,87.27272727272727,2.055131964809384,0.11252892975542628,False
"partial_restrictions, sentiment_worsened_lead2",partial_restrictions_lead2,76,11.56773211567732,88.1578947368421,2.07597623089983,0.0528554450491024,False
"partial_restrictions, sentiment_worsened_lead2",partial_restrictions_lead7,76,11.56773211567732,92.10526315789474,2.16893039049236,0.0574216550947645,False
"partial_restrictions, sentiment_worsened_lead7",partial_restrictions_lead2,82,12.480974124809741,87.8048780487805,2.0676632572777343,0.05658764412752028,False
"partial_restrictions, sentiment_worsened_lead7",partial_restrictions_lead7,82,12.480974124809741,86.58536585365853,2.0389457120377656,0.05506557411229958,False
"partial_restrictions, sentiment_improved_lead2",partial_restrictions_lead2,83,12.633181126331811,85.54216867469879,2.0143801010493587,0.054419215612685305,False
"partial_restrictions, sentiment_improved_lead2",partial_restrictions_lead7,83,12.633181126331811,89.1566265060241,2.099494753206374,0.058985425658347405,False
"partial_restrictions, sentiment_improved_lead7",partial_restrictions_lead2,83,12.633181126331811,83.13253012048193,1.9576369996113487,0.051375075582243905,False
"partial_restrictions, sentiment_improved_lead7",partial_restrictions_lead7,83,12.633181126331811,87.95180722891565,2.0711232024873687,0.057463355643126705,False
"partial_restrictions, solidarity_messages_lead2",partial_restrictions_lead2,128,19.48249619482496,84.375,1.9868951612903227,0.08164967369320907,False
"partial_restrictions, solidarity_messages_lead2",partial_restrictions_lead7,128,19.48249619482496,89.0625,2.0972782258064515,0.09078209378453327,False
"partial_restrictions, solidarity_messages_lead7",partial_restrictions_lead2,133,20.24353120243531,85.71428571428571,2.0184331797235022,0.08755030128646192,False
"partial_restrictions, solidarity_messages_lead7",partial_restrictions_lead7,133,20.24353120243531,86.46616541353383,2.0361387339316033,0.08907237130168262,False
"partial_restrictions, compliance_discussed_lead2",partial_restrictions_lead2,92,14.00304414003044,83.69565217391305,1.9708976157082752,0.05773440920748108,False
"partial_restrictions, compliance_discussed_lead2",partial_restrictions_lead7,92,14.00304414003044,85.86956521739131,2.0220897615708275,0.06077854923792248,False
"partial_restrictions, compliance_discussed_lead7",partial_restrictions_lead2,90,13.698630136986301,83.33333333333334,1.9623655913978497,0.05598298617626822,False
"partial_restrictions, compliance_discussed_lead7",partial_restrictions_lead7,90,13.698630136986301,87.77777777777777,2.067025089605735,0.06207126623715102,False
"high_positive_sentiment, sentiment_shift_detected",sentiment_improved,178,27.09284627092846,82.58426966292134,2.7402962206332995,0.14209461854423386,False
"high_positive_sentiment, calm_mobile_baseline",grocery_spike,98,14.916286149162861,86.73469387755102,2.042462146148782,0.06603281833156106,True
"high_positive_sentiment, calm_mobile_baseline",grocery_spike_lead2,98,14.916286149162861,88.77551020408163,2.0756409325295957,0.0686228857242806,False
"high_positive_sentiment, calm_mobile_baseline",grocery_spike_lead7,98,14.916286149162861,90.81632653061224,2.0862351933780507,0.07053184416041737,False
"high_positive_sentiment, sentiment_improved_lag3",high_positive_sentiment_lag3,74,11.263318112633181,75.67567567567568,1.9574377527133435,0.041691281573686026,False
"high_positive_sentiment, grocery_spike_lead2",grocery_spike,106,16.13394216133942,89.62264150943396,2.110468654899574,0.0760826504868539,True
"high_positive_sentiment, grocery_spike_lead2",calm_mobile_baseline,106,16.13394216133942,82.0754716981132,2.1229757836874166,0.07004533776285825,False
"high_positive_sentiment, grocery_spike_lead2",grocery_spike_lead7,106,16.13394216133942,94.33962264150944,2.1671724501913183,0.08197401129158181,False
"high_positive_sentiment, grocery_spike_lead7",grocery_spike,112,17.04718417047184,89.28571428571429,2.1025345622119818,0.07981484956527178,True
"high_positive_sentiment, grocery_spike_lead7",calm_mobile_baseline,112,17.04718417047184,79.46428571428571,2.0554344769403823,0.06955883136529913,False
"high_positive_sentiment, grocery_spike_lead7",grocery_spike_lead2,112,17.04718417047184,89.28571428571429,2.0875699034062025,0.07929590940787538,False
"high_positive_sentiment, mobility_drop_transit_lead2",partial_restrictions_lead2,152,23.13546423135464,80.26315789473685,1.890067911714771,0.08744604991555639,False
"high_positive_sentiment, mobility_drop_transit_lead7",partial_restrictions,140,21.3089802130898,77.85714285714286,1.8334101382488481,0.07541544171305853,True
"high_positive_sentiment, mobility_drop_transit_lead7",partial_restrictions_lead7,140,21.3089802130898,82.14285714285714,1.9343317972350231,0.08454786180438273,False
"high_positive_sentiment, residential_increase_lead7",residential_increase,109,16.590563165905632,88.07339449541286,2.0022221516777248,0.07314044513018679,True
"high_positive_sentiment, partial_restrictions_lead2",partial_restrictions,123,18.72146118721461,84.5528455284553,1.991083136637818,0.07879318613039761,True
"high_positive_sentiment, partial_restrictions_lead2",partial_restrictions_lead7,123,18.72146118721461,78.86178861788618,1.857067925517965,0.06813869602385271,False
"high_positive_sentiment, partial_restrictions_lead7",partial_restrictions,116,17.65601217656012,93.10344827586206,2.1924360400444938,0.0894059756885803,True
"high_positive_sentiment, partial_restrictions_lead7",partial_restrictions_lead2,116,17.65601217656012,83.62068965517241,1.9691323692992213,0.0726632055211526,False
"sentiment_shift_detected, calm_mobile_baseline",grocery_spike,140,21.3089802130898,84.28571428571429,1.9847926267281106,0.08911407185004483,True
"sentiment_shift_detected, calm_mobile_baseline",grocery_spike_lead2,140,21.3089802130898,83.57142857142857,1.9539654295882056,0.08694332663807862,False
"sentiment_shift_detected, calm_mobile_baseline",grocery_spike_lead7,140,21.3089802130898,85.0,1.9526223776223777,0.08836577867665626,False
"sentiment_shift_detected, high_positive_sentiment_lag1",sentiment_worsened,159,24.200913242009133,86.16352201257862,2.9952081461515427,0.1389045265945247,False
"sentiment_shift_detected, sentiment_worsened_lag1",sentiment_improved,114,17.35159817351598,78.0701754385965,2.590510366826156,0.08317174370842977,False
"sentiment_shift_detected, sentiment_improved_lag1",sentiment_worsened,129,19.63470319634703,80.62015503875969,2.8025101513473607,0.10181188882633807,False
"sentiment_shift_detected, sentiment_improved_lag1",high_positive_sentiment_lag1,129,19.63470319634703,77.51937984496125,1.997264021887825,0.07599924939012948,False
"sentiment_shift_detected, sentiment_improved_lag3",high_positive_sentiment_lag3,115,17.50380517503805,76.52173913043478,1.979322149948648,0.06627143813607815,False
"sentiment_shift_detected, sentiment_improved_lag7",high_positive_sentiment_lag7,111,16.894977168949772,75.67567567567568,1.965174660826835,0.06279407574209601,False
"sentiment_shift_detected, grocery_spike_lead2",grocery_spike,162,24.65753424657534,91.9753086419753,2.1658701712465156,0.12207835533037259,True
"sentiment_shift_detected, grocery_spike_lead2",grocery_spike_lead7,162,24.65753424657534,93.82716049382715,2.1554001554001556,0.1240174308292154,False
"sentiment_shift_detected, grocery_spike_lead7",grocery_spike,169,25.72298325722983,91.71597633136095,2.1597633136094676,0.1266862659243969,True
"sentiment_shift_detected, grocery_spike_lead7",grocery_spike_lead2,169,25.72298325722983,89.94082840236686,2.1028869843542717,0.12133701224837773,False
"sentiment_shift_detected, mobility_drop_retail_lead2",mobility_drop_retail,87,13.24200913242009,83.9080459770115,3.90975788701394,0.08269218740226433,True
"sentiment_shift_detected, mobility_drop_retail_lead2",residential_increase,87,13.24200913242009,100.0,2.273356401384083,0.0741713753535859,True
"sentiment_shift_detected, mobility_drop_retail_lead2",mobility_drop_retail_lead7,87,13.24200913242009,80.45977011494253,3.749082905355833,0.07812597735660223,False
"sentiment_shift_detected, mobility_drop_retail_lead2",mobility_drop_transit_lead2,87,13.24200913242009,100.0,1.8099173553719008,0.059256479222701774,False
"sentiment_shift_detected, mobility_drop_retail_lead2",mobility_drop_transit_lead7,87,13.24200913242009,100.0,1.8099173553719008,0.059256479222701774,False
"sentiment_shift_detected, mobility_drop_retail_lead2",residential_increase_lead2,87,13.24200913242009,95.40229885057471,2.1688342679871138,0.0680830952927031,False
"sentiment_shift_detected, mobility_drop_retail_lead2",residential_increase_lead7,87,13.24200913242009,98.85057471264368,2.2472258680348407,0.0726493053383652,False
"sentiment_shift_detected, mobility_drop_retail_lead7",mobility_drop_retail,86,13.08980213089802,90.69767441860465,4.226125680356259,0.09062919177387183,True
"sentiment_shift_detected, mobility_drop_retail_lead7",residential_increase,86,13.08980213089802,94.18604651162791,2.141184517582683,0.0657084807331883,True
"sentiment_shift_detected, mobility_drop_retail_lead7",mobility_drop_retail_lead2,86,13.08980213089802,81.3953488372093,3.7926768926274126,0.07845263165210623,False
"sentiment_shift_detected, mobility_drop_retail_lead7",mobility_drop_transit_lead7,86,13.08980213089802,100.0,1.8099173553719008,0.05857537026611899,False
"sentiment_shift_detected, mobility_drop_retail_lead7",residential_increase_lead2,86,13.08980213089802,97.67441860465115,2.220487647863523,0.0702746907788504,False
"sentiment_shift_detected, mobility_drop_retail_lead7",residential_increase_lead7,86,13.08980213089802,96.51162790697676,2.194053271103243,0.0687526207636297,False
"sentiment_shift_detected, mobility_drop_transit_lead2",partial_restrictions_lead2,221,33.63774733637747,76.47058823529412,1.8007590132827325,0.11438460415754467,False
"sentiment_shift_detected, mobility_drop_workplace_lead2",mobility_drop_retail,66,10.045662100456621,81.81818181818183,3.812379110251451,0.06063259731865474,True
"sentiment_shift_detected, mobility_drop_workplace_lead2",mobility_drop_workplace,66,10.045662100456621,77.27272727272727,4.7446898895497025,0.061265055635481604,True
"sentiment_shift_detected, mobility_drop_workplace_lead2",residential_increase,66,10.045662100456621,89.39393939393939,2.0322428436615287,0.04561344981686509,True
"sentiment_shift_detected, mobility_drop_workplace_lead2",mobility_drop_retail_lead2,66,10.045662100456621,78.78787878787878,3.6711798839458414,0.05758845728821334,False
"sentiment_shift_detected, mobility_drop_workplace_lead2",mobility_drop_retail_lead7,66,10.045662100456621,81.81818181818183,3.812379110251451,0.06063259731865474,False
"sentiment_shift_detected, mobility_drop_workplace_lead2",residential_increase_lead2,66,10.045662100456621,100.0,2.273356401384083,0.05626793992340999,False
"sentiment_shift_detected, mobility_drop_workplace_lead2",residential_increase_lead7,66,10.045662100456621,86.36363636363636,1.963353255740799,0.04256930978642369,False
"sentiment_shift_detected, mobility_drop_workplace_lead2",severe_lockdown_behavior_lead2,66,10.045662100456621,78.78787878787878,5.9498432601880875,0.0658451658639311,False
"sentiment_shift_detected, residential_increase_lead2",residential_increase,178,27.09284627092846,82.02247191011236,1.8646631157420008,0.10304668839728576,True
"sentiment_shift_detected, residential_increase_lead2",residential_increase_lead7,178,27.09284627092846,81.46067415730337,1.8518914505656856,0.10152461838206506,False
"sentiment_shift_detected, residential_increase_lead7",residential_increase,173,26.331811263318112,92.48554913294798,2.1025261515690943,0.12770329596500862,True
"sentiment_shift_detected, residential_increase_lead7",residential_increase_lead2,173,26.331811263318112,83.8150289017341,1.9054143248594917,0.10487224573669811,False
"sentiment_shift_detected, partial_restrictions_lead2",partial_restrictions,171,26.027397260273972,81.87134502923976,1.9279381248820977,0.10256249869685787,True
"sentiment_shift_detected, partial_restrictions_lead2",partial_restrictions_lead7,171,26.027397260273972,77.19298245614034,1.8177702320316922,0.09038593857509226,False
"sentiment_shift_detected, partial_restrictions_lead7",partial_restrictions,158,24.04870624048706,89.24050632911393,2.101469987750102,0.11248722920706407,True
"sentiment_shift_detected, partial_restrictions_lead7",partial_restrictions_lead2,158,24.04870624048706,83.54430379746836,1.9673336055532873,0.09878859907007777,False
"sentiment_improved, compliance_discussed",high_positive_sentiment,81,12.32876712328767,76.5432098765432,1.9721132897603486,0.04651696169804633,False
"sentiment_improved, solidarity_messages",high_positive_sentiment,113,17.19939117199391,78.76106194690266,2.0292555960437273,0.06870860351813626,False
"sentiment_improved, calm_mobile_baseline",grocery_spike,77,11.71993911719939,81.81818181818183,1.926686217008798,0.04612080648860532,True
"sentiment_improved, calm_mobile_baseline",high_positive_sentiment,77,11.71993911719939,76.62337662337663,1.9741787624140568,0.044313782726242854,False
"sentiment_improved, calm_mobile_baseline",grocery_spike_lead2,77,11.71993911719939,83.11688311688312,1.9433378009890467,0.047286105145616,False
"sentiment_improved, calm_mobile_baseline",grocery_spike_lead7,77,11.71993911719939,83.11688311688312,1.9093633639088188,0.04639417675009093,False
"sentiment_improved, high_positive_sentiment_lag7",high_positive_sentiment,81,12.32876712328767,77.77777777777779,2.003921568627451,0.04803903171326703,False
"sentiment_improved, solidarity_messages_lag7",high_positive_sentiment,88,13.39421613394216,75.0,1.9323529411764706,0.048469937379676545,False
"sentiment_improved, compliance_discussed_lag7",high_positive_sentiment,73,11.11111111111111,82.1917808219178,2.1176470588235294,0.04819888381532217,False
"sentiment_improved, sentiment_shift_detected_lag1",sentiment_worsened_lag1,114,17.35159817351598,78.0701754385965,2.699584487534626,0.08528457149211512,False
"sentiment_improved, lockdown_mentioned_lag7",high_positive_sentiment,77,11.71993911719939,76.62337662337663,1.9741787624140568,0.044313782726242854,False
"sentiment_improved, vaccine_mentioned_lag3",high_positive_sentiment,85,12.93759512937595,75.29411764705883,1.939930795847751,0.04719807065462911,False
"sentiment_improved, grocery_spike_lead2",grocery_spike,80,12.1765601217656,91.25,2.1487903225806453,0.05940243114196952,True
"sentiment_improved, grocery_spike_lead2",high_positive_sentiment,80,12.1765601217656,75.0,1.9323529411764706,0.04406357943606958,False
"sentiment_improved, grocery_spike_lead2",calm_mobile_baseline,80,12.1765601217656,80.0,2.069291338582677,0.0503371952674511,False
"sentiment_improved, grocery_spike_lead2",grocery_spike_lead7,80,12.1765601217656,95.0,2.1823426573426574,0.0626712907941406,False
"sentiment_improved, grocery_spike_lead7",grocery_spike,85,12.93759512937595,91.76470588235294,2.160910815939279,0.06378098872000167,True
"sentiment_improved, grocery_spike_lead7",high_positive_sentiment,85,12.93759512937595,80.0,2.0611764705882356,0.05328635071551191,False
"sentiment_improved, grocery_spike_lead7",calm_mobile_baseline,85,12.93759512937595,75.29411764705883,1.947568318666049,0.047394989910783995,False
"sentiment_improved, grocery_spike_lead7",grocery_spike_lead2,85,12.93759512937595,89.41176470588236,2.0905170609168935,0.060343010177250495,False
"sentiment_improved, mobility_drop_transit_lead2",high_positive_sentiment,114,17.35159817351598,76.31578947368422,1.9662538699690404,0.06507370571923021,False
"sentiment_improved, residential_increase_lead2",residential_increase,91,13.850837138508371,84.61538461538461,1.9236092627096089,0.056272573317672464,True
"sentiment_improved, residential_increase_lead2",residential_increase_lead7,91,13.850837138508371,83.51648351648352,1.8986273242328608,0.054750503302451764,False
"sentiment_improved, residential_increase_lead7",residential_increase,89,13.54642313546423,91.01123595505618,2.069009758563042,0.06369990432040848,True
"sentiment_improved, residential_increase_lead7",residential_increase_lead2,89,13.54642313546423,85.39325842696628,1.941293106799891,0.05608955424430498,False
"sentiment_improved, partial_restrictions_lead2",partial_restrictions,87,13.24200913242009,80.45977011494253,1.8946978123841307,0.050311711599007526,True
"sentiment_improved, partial_restrictions_lead2",high_positive_sentiment,87,13.24200913242009,75.86206896551724,1.9545638945233266,0.049060695148141195,False
"sentiment_improved, partial_restrictions_lead7",partial_restrictions,80,12.1765601217656,90.0,2.1193548387096777,0.05788036112674882,True
"sentiment_improved, partial_restrictions_lead7",mobility_drop_transit_lead7,80,12.1765601217656,100.0,1.8099173553719008,0.05448871652662232,False
"sentiment_improved, partial_restrictions_lead7",partial_restrictions_lead2,80,12.1765601217656,81.25,1.9133064516129032,0.04722587102020392,False
"sentiment_improved, sentiment_shift_detected_lead7",high_positive_sentiment,112,17.04718417047184,75.89285714285714,1.9553571428571428,0.06321108122571811,False
"sentiment_improved, solidarity_messages_lead7",high_positive_sentiment,83,12.633181126331811,75.90361445783132,1.9556343019135367,0.04685751617633772,False
"sentiment_improved, compliance_discussed_lead2",high_positive_sentiment,66,10.045662100456621,77.27272727272727,1.990909090909091,0.038635558057588455,False
"sentiment_worsened, solidarity_messages",high_positive_sentiment_lag1,72,10.95890410958904,80.55555555555556,2.0754901960784315,0.045745501553345426,False
"sentiment_worsened, dominant_emotion_fear_lag1",high_positive_sentiment_lag1,161,24.50532724505327,76.3975155279503,1.9683595177201316,0.09210261114933661,False
"sentiment_worsened, solidarity_messages_lag1",high_positive_sentiment_lag1,106,16.13394216133942,81.13207547169812,2.0903440621531635,0.06827769785172674,False
"sentiment_worsened, compliance_discussed_lag1",high_positive_sentiment_lag1,72,10.95890410958904,80.55555555555556,2.0754901960784315,0.045745501553345426,False
"sentiment_worsened, sentiment_shift_detected_lag1",high_positive_sentiment_lag1,129,19.63470319634703,80.62015503875969,2.077154582763338,0.08208752945101228,False
"sentiment_worsened, sentiment_shift_detected_lag1",sentiment_improved_lag1,129,19.63470319634703,80.62015503875969,2.68870263251092,0.09942105738690463,False
"sentiment_worsened, sentiment_improved_lag1",high_positive_sentiment_lag1,104,15.82952815829528,90.38461538461539,2.3287330316742083,0.08163577351042166,False
"sentiment_worsened, grocery_spike_lead2",grocery_spike,82,12.480974124809741,92.6829268292683,2.1825334382376083,0.06267592418840308,True
"sentiment_worsened, grocery_spike_lead2",grocery_spike_lead7,82,12.480974124809741,92.6829268292683,2.1291147876513734,0.0613461400350748,False
"sentiment_worsened, grocery_spike_lead7",grocery_spike,84,12.785388127853881,91.66666666666666,2.1586021505376345,0.06290527720439523,True
"sentiment_worsened, grocery_spike_lead7",grocery_spike_lead2,84,12.785388127853881,90.47619047619048,2.1154041687849516,0.060994002071127235,False
"sentiment_worsened, mobility_drop_transit_lead2",partial_restrictions_lead2,107,16.28614916286149,78.50467289719626,1.8486584262888153,0.058693521819811925,False
"sentiment_worsened, residential_increase_lead2",residential_increase,87,13.24200913242009,79.3103448275862,1.8030068010977212,0.0467741150796133,True
"sentiment_worsened, residential_increase_lead2",residential_increase_lead7,87,13.24200913242009,79.3103448275862,1.8030068010977212,0.0467741150796133,False
"sentiment_worsened, residential_increase_lead7",residential_increase,84,12.785388127853881,94.04761904761905,2.138037567968364,0.06400339164460012,True
"sentiment_worsened, residential_increase_lead7",residential_increase_lead2,84,12.785388127853881,82.14285714285714,1.8673999011369253,0.04878269149239312,False
"sentiment_worsened, partial_restrictions_lead2",partial_restrictions,84,12.785388127853881,83.33333333333334,1.9623655913978497,0.05225078709785034,True
"sentiment_worsened, partial_restrictions_lead2",mobility_drop_transit_lead2,84,12.785388127853881,100.0,1.8099173553719008,0.057213152352953434,False
"sentiment_worsened, partial_restrictions_lead2",partial_restrictions_lead7,84,12.785388127853881,79.76190476190477,1.8782642089093704,0.04768457705218824,False
"sentiment_worsened, partial_restrictions_lead7",partial_restrictions,78,11.87214611872146,88.46153846153845,2.0831265508684864,0.05460686808031526,True
"sentiment_worsened, partial_restrictions_lead7",partial_restrictions_lead2,78,11.87214611872146,85.8974358974359,2.022746071133168,0.05156272804987386,False
"dominant_emotion_fear, calm_mobile_baseline",grocery_spike,213,32.42009132420091,84.97652582159625,2.0010601241859765,0.13782031233710723,True
"dominant_emotion_fear, calm_mobile_baseline",grocery_spike_lead2,213,32.42009132420091,83.56807511737088,1.9538870232068568,0.13226718931353948,False
"dominant_emotion_fear, calm_mobile_baseline",grocery_spike_lead7,213,32.42009132420091,84.97652582159625,1.9520831281394664,0.13436611691443742,False
"dominant_emotion_fear, sentiment_improved_lag1",high_positive_sentiment_lag1,169,25.72298325722983,76.92307692307693,1.981900452488688,0.09803103910816427,False
"dominant_emotion_fear, grocery_spike_lead2",grocery_spike,231,35.15981735159817,91.77489177489177,2.1611506772797098,0.17337002981589208,True
"dominant_emotion_fear, grocery_spike_lead2",calm_mobile_baseline,231,35.15981735159817,77.05627705627705,1.9931485836997649,0.1349985752312643,False
"dominant_emotion_fear, grocery_spike_lead2",grocery_spike_lead7,231,35.15981735159817,92.20779220779221,2.1181999818363457,0.1711460005699075,False
"dominant_emotion_fear, grocery_spike_lead7",grocery_spike,236,35.920852359208524,91.94915254237289,2.165254237288136,0.17774858739392424,True
"dominant_emotion_fear, grocery_spike_lead7",calm_mobile_baseline,236,35.920852359208524,76.69491525423729,1.9838015481115707,0.13662257992025928,False
"dominant_emotion_fear, grocery_spike_lead7",grocery_spike_lead2,236,35.920852359208524,90.2542372881356,2.1102147294770495,0.17056682628709902,False
"dominant_emotion_fear, mobility_drop_retail_lead2",mobility_drop_retail,119,18.11263318112633,86.5546218487395,4.033077060611479,0.11790135040275779,True
"dominant_emotion_fear, mobility_drop_retail_lead2",residential_increase,119,18.11263318112633,100.0,2.273356401384083,0.1014528007709968,True
"dominant_emotion_fear, mobility_drop_retail_lead2",mobility_drop_retail_lead7,119,18.11263318112633,84.03361344537815,3.9156087967101736,0.11333514035709569,False
"dominant_emotion_fear, mobility_drop_retail_lead2",mobility_drop_transit_lead2,119,18.11263318112633,100.0,1.8099173553719008,0.0810519658333507,False
"dominant_emotion_fear, mobility_drop_retail_lead2",mobility_drop_transit_lead7,119,18.11263318112633,100.0,1.8099173553719008,0.0810519658333507,False
"dominant_emotion_fear, mobility_drop_retail_lead2",residential_increase_lead2,119,18.11263318112633,97.47899159663865,2.2160448954668373,0.0968865907253347,False
"dominant_emotion_fear, mobility_drop_retail_lead2",residential_increase_lead7,119,18.11263318112633,99.15966386554622,2.2542525660783346,0.0999307307557761,False
"dominant_emotion_fear, mobility_drop_retail_lead7",mobility_drop_retail,123,18.72146118721461,92.6829268292683,4.318629994810587,0.13333750338816955,True
"dominant_emotion_fear, mobility_drop_retail_lead7",residential_increase,123,18.72146118721461,95.1219512195122,2.1624609671702255,0.09573055885684896,True
"dominant_emotion_fear, mobility_drop_retail_lead7",mobility_drop_retail_lead2,123,18.72146118721461,81.30081300813008,3.7882719252724444,0.11202852317507975,False
"dominant_emotion_fear, mobility_drop_retail_lead7",mobility_drop_transit_lead7,123,18.72146118721461,100.0,1.8099173553719008,0.08377640165968181,False
"dominant_emotion_fear, mobility_drop_retail_lead7",residential_increase_lead2,123,18.72146118721461,95.9349593495935,2.180943539539202,0.09725262887206966,False
"dominant_emotion_fear, mobility_drop_retail_lead7",residential_increase_lead7,123,18.72146118721461,96.7479674796748,2.199426111908178,0.09877469888729036,False
"dominant_emotion_fear, mobility_drop_workplace_lead2",mobility_drop_retail,93,14.15525114155251,86.02150537634408,4.008236101578587,0.09138675173578532,True
"dominant_emotion_fear, mobility_drop_workplace_lead2",mobility_drop_workplace,93,14.15525114155251,78.49462365591397,4.819716611395839,0.08805765795820214,True
"dominant_emotion_fear, mobility_drop_workplace_lead2",residential_increase,93,14.15525114155251,92.47311827956989,2.102243553968077,0.06863215251280555,True
"dominant_emotion_fear, mobility_drop_workplace_lead2",severe_lockdown_behavior,93,14.15525114155251,75.26881720430107,5.6840934371523915,0.08780050457663519,True
"dominant_emotion_fear, mobility_drop_workplace_lead2",mobility_drop_retail_lead2,93,14.15525114155251,83.87096774193549,3.9080301990391217,0.08834261170534392,False
"dominant_emotion_fear, mobility_drop_workplace_lead2",mobility_drop_retail_lead7,93,14.15525114155251,86.02150537634408,4.008236101578587,0.09138675173578532,False
"dominant_emotion_fear, mobility_drop_workplace_lead2",residential_increase_lead2,93,14.15525114155251,100.0,2.273356401384083,0.07928664261935045,False
"dominant_emotion_fear, mobility_drop_workplace_lead2",residential_increase_lead7,93,14.15525114155251,90.32258064516128,2.053354168992075,0.06558801248236415,False
"dominant_emotion_fear, mobility_drop_workplace_lead2",severe_lockdown_behavior_lead2,93,14.15525114155251,83.87096774193549,6.333704115684094,0.09997706469840079,False
"dominant_emotion_fear, mobility_drop_workplace_lead7",mobility_drop_retail,94,14.30745814307458,79.7872340425532,3.717745586238117,0.08344974736417783,True
"dominant_emotion_fear, mobility_drop_workplace_lead7",mobility_drop_workplace,94,14.30745814307458,75.53191489361703,4.63780075561742,0.08476563133471872,True
"dominant_emotion_fear, mobility_drop_workplace_lead7",residential_increase,94,14.30745814307458,92.5531914893617,2.1040639034086728,0.06948469705709963,True
"dominant_emotion_fear, mobility_drop_workplace_lead7",severe_lockdown_behavior,94,14.30745814307458,75.53191489361703,5.703961848862804,0.08912102194143853,True
"dominant_emotion_fear, mobility_drop_workplace_lead7",mobility_drop_retail_lead2,94,14.30745814307458,79.7872340425532,3.717745586238117,0.08344974736417783,False
"dominant_emotion_fear, mobility_drop_workplace_lead7",mobility_drop_retail_lead7,94,14.30745814307458,80.85106382978722,3.767315527387958,0.08497181737939853,False
"dominant_emotion_fear, mobility_drop_workplace_lead7",residential_increase_lead2,94,14.30745814307458,90.42553191489363,2.0556946182728413,0.06644055702665823,False
"dominant_emotion_fear, mobility_drop_workplace_lead7",residential_increase_lead7,94,14.30745814307458,100.0,2.273356401384083,0.08013918716364453,False
"dominant_emotion_fear, mobility_drop_workplace_lead7",severe_lockdown_behavior_lead7,94,14.30745814307458,80.85106382978722,6.105649303008071,0.09673137201754203,False
"dominant_emotion_fear, residential_increase_lead2",residential_increase,248,37.74733637747336,82.66129032258065,1.879185735015069,0.1459820363304444,True
"dominant_emotion_fear, residential_increase_lead2",residential_increase_lead7,248,37.74733637747336,79.43548387096774,1.805851657551066,0.1338054762086788,False
"dominant_emotion_fear, residential_increase_lead7",residential_increase,251,38.20395738203957,88.44621513944223,2.010697693654448,0.16984865017641648,True
"dominant_emotion_fear, severe_lockdown_behavior_lead2",mobility_drop_retail,78,11.87214611872146,100.0,4.659574468085107,0.0932424261379037,True
"dominant_emotion_fear, severe_lockdown_behavior_lead2",mobility_drop_transit,78,11.87214611872146,100.0,1.8099173553719008,0.053126498613456766,True
"dominant_emotion_fear, severe_lockdown_behavior_lead2",mobility_drop_workplace,78,11.87214611872146,89.74358974358975,5.510424155283969,0.08720974680817052,True
"dominant_emotion_fear, severe_lockdown_behavior_lead2",residential_increase,78,11.87214611872146,100.0,2.273356401384083,0.06649847445493909,True
"dominant_emotion_fear, severe_lockdown_behavior_lead2",severe_lockdown_behavior,78,11.87214611872146,89.74358974358975,6.777188328912468,0.09082379433289547,True
"dominant_emotion_fear, severe_lockdown_behavior_lead2",mobility_drop_retail_lead2,78,11.87214611872146,100.0,4.659574468085107,0.0932424261379037,False
"dominant_emotion_fear, severe_lockdown_behavior_lead2",mobility_drop_retail_lead7,78,11.87214611872146,100.0,4.659574468085107,0.0932424261379037,False
"dominant_emotion_fear, severe_lockdown_behavior_lead2",mobility_drop_transit_lead2,78,11.87214611872146,100.0,1.8099173553719008,0.053126498613456766,False
"dominant_emotion_fear, severe_lockdown_behavior_lead2",mobility_drop_transit_lead7,78,11.87214611872146,100.0,1.8099173553719008,0.053126498613456766,False
"dominant_emotion_fear, severe_lockdown_behavior_lead2",mobility_drop_workplace_lead2,78,11.87214611872146,100.0,6.140186915887851,0.09938630692993612,False
"dominant_emotion_fear, severe_lockdown_behavior_lead2",mobility_drop_workplace_lead7,78,11.87214611872146,88.46153846153845,5.431703810208483,0.08568767679294982,False
"dominant_emotion_fear, severe_lockdown_behavior_lead2",residential_increase_lead2,78,11.87214611872146,100.0,2.273356401384083,0.06649847445493909,False
"dominant_emotion_fear, severe_lockdown_behavior_lead2",residential_increase_lead7,78,11.87214611872146,100.0,2.273356401384083,0.06649847445493909,False
"dominant_emotion_fear, severe_lockdown_behavior_lead2",severe_lockdown_behavior_lead7,78,11.87214611872146,88.46153846153845,6.680371352785146,0.08930172431767477,False
"dominant_emotion_fear, severe_lockdown_behavior_lead7",mobility_drop_retail,76,11.56773211567732,97.36842105263158,4.536954087346025,0.08780745466802889,True
"dominant_emotion_fear, severe_lockdown_behavior_lead7",mobility_drop_workplace,76,11.56773211567732,93.42105263157895,5.736227250368914,0.08922759000947529,True
"dominant_emotion_fear, severe_lockdown_behavior_lead7",residential_increase,76,11.56773211567732,98.68421052631578,2.2434438171553452,0.0632713153511302,True
"dominant_emotion_fear, severe_lockdown_behavior_lead7",severe_lockdown_behavior,76,11.56773211567732,93.42105263157895,7.054900181488204,0.09274896964895088,True
"dominant_emotion_fear, severe_lockdown_behavior_lead7",mobility_drop_retail_lead2,76,11.56773211567732,98.68421052631578,4.598264277715566,0.08932952468324959,False
"dominant_emotion_fear, severe_lockdown_behavior_lead7",mobility_drop_retail_lead7,76,11.56773211567732,100.0,4.659574468085107,0.09085159469847029,False
"dominant_emotion_fear, severe_lockdown_behavior_lead7",mobility_drop_transit_lead2,76,11.56773211567732,100.0,1.8099173553719008,0.05176428070029121,False
"dominant_emotion_fear, severe_lockdown_behavior_lead7",mobility_drop_transit_lead7,76,11.56773211567732,100.0,1.8099173553719008,0.05176428070029121,False
"dominant_emotion_fear, severe_lockdown_behavior_lead7",mobility_drop_workplace_lead2,76,11.56773211567732,90.78947368421053,5.574643384161338,0.08618344997903389,False
"dominant_emotion_fear, severe_lockdown_behavior_lead7",mobility_drop_workplace_lead7,76,11.56773211567732,100.0,6.140186915887851,0.09683794008557879,False
"dominant_emotion_fear, severe_lockdown_behavior_lead7",residential_increase_lead2,76,11.56773211567732,100.0,2.273356401384083,0.0647933853663509,False
"dominant_emotion_fear, severe_lockdown_behavior_lead7",residential_increase_lead7,76,11.56773211567732,100.0,2.273356401384083,0.0647933853663509,False
"dominant_emotion_fear, severe_lockdown_behavior_lead7",severe_lockdown_behavior_lead2,76,11.56773211567732,90.78947368421053,6.8561705989110715,0.08970482961850948,False
"dominant_emotion_fear, partial_restrictions_lead2",partial_restrictions,241,36.68188736681887,83.40248962655602,1.9639941105608354,0.15016367465232167,True
"dominant_emotion_fear, partial_restrictions_lead2",partial_restrictions_lead7,241,36.68188736681887,81.32780082987551,1.9151385356712622,0.14255332457621817,False
"dominant_emotion_fear, partial_restrictions_lead7",partial_restrictions,239,36.37747336377473,88.28451882845188,2.0789580240248346,0.16667709180375723,True
"dominant_emotion_fear, partial_restrictions_lead7",partial_restrictions_lead2,239,36.37747336377473,82.00836820083683,1.931164799568093,0.14384604157544673,False
"covid_topic_detected, calm_mobile_baseline",grocery_spike,197,29.98477929984779,82.74111675126903,1.9484198460782711,0.12076478805696295,True
"covid_topic_detected, calm_mobile_baseline",grocery_spike_lead2,197,29.98477929984779,80.20304568527918,1.875210000541937,0.11224165931115326,False
"covid_topic_detected, calm_mobile_baseline",grocery_spike_lead7,197,29.98477929984779,82.74111675126903,1.9007312484469847,0.11757006271299134,False
"covid_topic_detected, grocery_spike_lead2",grocery_spike,217,33.02891933028919,91.70506912442397,2.159506466478371,0.16263213861262277,True
"covid_topic_detected, grocery_spike_lead2",grocery_spike_lead7,217,33.02891933028919,92.62672811059907,2.1278237891141116,0.1621572157007198,False
"covid_topic_detected, grocery_spike_lead7",grocery_spike,227,34.55098934550989,90.7488986784141,2.136990194685235,0.16682304372302495,True
"covid_topic_detected, grocery_spike_lead7",grocery_spike_lead2,227,34.55098934550989,88.54625550660793,2.070280778214997,0.15816091314934125,False
"covid_topic_detected, mobility_drop_retail_lead2",mobility_drop_retail,130,19.7869101978691,87.6923076923077,4.0860883797054015,0.13105092331964163,True
"covid_topic_detected, mobility_drop_retail_lead2",residential_increase,130,19.7869101978691,100.0,2.273356401384083,0.11083079075823181,True
"covid_topic_detected, mobility_drop_retail_lead2",mobility_drop_retail_lead7,130,19.7869101978691,84.61538461538461,3.942716857610475,0.12496264325875885,False
"covid_topic_detected, mobility_drop_retail_lead2",mobility_drop_transit_lead2,130,19.7869101978691,100.0,1.8099173553719008,0.08854416435576126,False
"covid_topic_detected, mobility_drop_retail_lead2",mobility_drop_transit_lead7,130,19.7869101978691,100.0,1.8099173553719008,0.08854416435576126,False
"covid_topic_detected, mobility_drop_retail_lead2",residential_increase_lead2,130,19.7869101978691,96.92307692307692,2.203406973649188,0.10474251069734901,False
"covid_topic_detected, mobility_drop_retail_lead2",residential_increase_lead7,130,19.7869101978691,99.23076923076923,2.2558690444503595,0.10930872074301111,False
"covid_topic_detected, mobility_drop_retail_lead7",mobility_drop_retail,134,20.395738203957382,91.04477611940298,4.2422991425849474,0.14192086625939132,True
"covid_topic_detected, mobility_drop_retail_lead7",residential_increase,134,20.395738203957382,94.02985074626866,2.1376336311521977,0.10206440881364257,True
"covid_topic_detected, mobility_drop_retail_lead7",mobility_drop_retail_lead2,134,20.395738203957382,82.08955223880598,3.825023817084789,0.1236560260767429,False
"covid_topic_detected, mobility_drop_retail_lead7",mobility_drop_transit_lead7,134,20.395738203957382,100.0,1.8099173553719008,0.09126860018209239,False
"covid_topic_detected, mobility_drop_retail_lead7",residential_increase_lead2,134,20.395738203957382,95.52238805970148,2.171564323710169,0.10510854884408397,False
"covid_topic_detected, mobility_drop_retail_lead7",residential_increase_lead7,134,20.395738203957382,97.01492537313433,2.2054950162681406,0.10815268887452537,False
"covid_topic_detected, mobility_drop_workplace_lead2",mobility_drop_retail,97,14.76407914764079,87.62886597938144,4.083132265847774,0.09769048462987287,True
"covid_topic_detected, mobility_drop_workplace_lead2",mobility_drop_workplace,97,14.76407914764079,81.44329896907216,5.000770787166394,0.09619853167735821,True
"covid_topic_detected, mobility_drop_workplace_lead2",residential_increase,97,14.76407914764079,93.81443298969072,2.132736417793315,0.0735644007052026,True
"covid_topic_detected, mobility_drop_workplace_lead2",severe_lockdown_behavior,97,14.76407914764079,78.35051546391753,5.916814788482048,0.09612671406628998,True
"covid_topic_detected, mobility_drop_workplace_lead2",mobility_drop_retail_lead2,97,14.76407914764079,85.56701030927834,3.987058565474885,0.09464634459943147,False
"covid_topic_detected, mobility_drop_workplace_lead2",mobility_drop_retail_lead7,97,14.76407914764079,87.62886597938144,4.083132265847774,0.09769048462987287,False
"covid_topic_detected, mobility_drop_workplace_lead2",mobility_drop_workplace_lead7,97,14.76407914764079,77.31958762886599,4.747567203006071,0.09011025161647541,False
"covid_topic_detected, mobility_drop_workplace_lead2",residential_increase_lead2,97,14.76407914764079,100.0,2.273356401384083,0.08269682079652681,False
"covid_topic_detected, mobility_drop_workplace_lead2",residential_increase_lead7,97,14.76407914764079,91.75257731958763,2.0858630899297257,0.0705202606747612,False
"covid_topic_detected, mobility_drop_workplace_lead2",severe_lockdown_behavior_lead2,97,14.76407914764079,85.56701030927834,6.46178457163171,0.10678120417283488,False
"covid_topic_detected, mobility_drop_workplace_lead2",severe_lockdown_behavior_lead7,97,14.76407914764079,77.31958762886599,5.838961962317811,0.09460464405106928,False
"covid_topic_detected, mobility_drop_workplace_lead7",mobility_drop_retail,100,15.220700152207002,82.0,3.820851063829787,0.09214431169769882,True
"covid_topic_detected, mobility_drop_workplace_lead7",mobility_drop_workplace,100,15.220700152207002,77.0,4.727943925233645,0.09241073186779072,True
"covid_topic_detected, mobility_drop_workplace_lead7",residential_increase,100,15.220700152207002,94.0,2.136955017301038,0.07612203433808488,True
"covid_topic_detected, mobility_drop_workplace_lead7",severe_lockdown_behavior,100,15.220700152207002,77.0,5.814827586206897,0.0970441261302586,True
"covid_topic_detected, mobility_drop_workplace_lead7",mobility_drop_retail_lead2,100,15.220700152207002,83.0,3.867446808510638,0.09366638171291952,False
"covid_topic_detected, mobility_drop_workplace_lead7",mobility_drop_retail_lead7,100,15.220700152207002,84.0,3.9140425531914893,0.09518845172814022,False
"covid_topic_detected, mobility_drop_workplace_lead7",mobility_drop_workplace_lead2,100,15.220700152207002,75.0,4.605140186915888,0.08936659183734932,False
"covid_topic_detected, mobility_drop_workplace_lead7",residential_increase_lead2,100,15.220700152207002,92.0,2.0914878892733566,0.07307789430764348,False
"covid_topic_detected, mobility_drop_workplace_lead7",residential_increase_lead7,100,15.220700152207002,100.0,2.273356401384083,0.08525445442940909,False
"covid_topic_detected, mobility_drop_workplace_lead7",severe_lockdown_behavior_lead2,100,15.220700152207002,75.0,5.663793103448276,0.0939999860998172,False
"covid_topic_detected, mobility_drop_workplace_lead7",severe_lockdown_behavior_lead7,100,15.220700152207002,84.0,6.343448275862069,0.1076986162368035,False
"covid_topic_detected, residential_increase_lead2",residential_increase,264,40.182648401826484,82.95454545454545,1.885852469329978,0.15657860900870846,True
"covid_topic_detected, residential_increase_lead2",residential_increase_lead7,264,40.182648401826484,80.3030303030303,1.8255740798993394,0.14592411890216356,False
"covid_topic_detected, residential_increase_lead7",residential_increase,265,40.33485540334855,88.30188679245283,2.007416595939153,0.17874013376609235,True
"covid_topic_detected, residential_increase_lead7",residential_increase_lead2,265,40.33485540334855,80.0,1.8186851211072665,0.14525459343123695,False
"covid_topic_detected, severe_lockdown_behavior_lead2",mobility_drop_retail,83,12.633181126331811,100.0,4.659574468085107,0.09921950473648727,True
"covid_topic_detected, severe_lockdown_behavior_lead2",mobility_drop_transit,83,12.633181126331811,100.0,1.8099173553719008,0.05653204339637066,True
"covid_topic_detected, severe_lockdown_behavior_lead2",mobility_drop_workplace,83,12.633181126331811,91.56626506024097,5.622339826596104,0.09510273393428456,True
"covid_topic_detected, severe_lockdown_behavior_lead2",residential_increase,83,12.633181126331811,100.0,2.273356401384083,0.07076119717640954,True
"covid_topic_detected, severe_lockdown_behavior_lead2",severe_lockdown_behavior,83,12.633181126331811,91.56626506024097,6.914831740756128,0.09894845117213291,True
"covid_topic_detected, severe_lockdown_behavior_lead2",mobility_drop_retail_lead2,83,12.633181126331811,100.0,4.659574468085107,0.09921950473648727,False
"covid_topic_detected, severe_lockdown_behavior_lead2",mobility_drop_retail_lead7,83,12.633181126331811,100.0,4.659574468085107,0.09921950473648727,False
"covid_topic_detected, severe_lockdown_behavior_lead2",mobility_drop_transit_lead2,83,12.633181126331811,100.0,1.8099173553719008,0.05653204339637066,False
"covid_topic_detected, severe_lockdown_behavior_lead2",mobility_drop_transit_lead7,83,12.633181126331811,100.0,1.8099173553719008,0.05653204339637066,False
"covid_topic_detected, severe_lockdown_behavior_lead2",mobility_drop_workplace_lead2,83,12.633181126331811,100.0,6.140186915887851,0.10575722404082946,False
"covid_topic_detected, severe_lockdown_behavior_lead2",mobility_drop_workplace_lead7,83,12.633181126331811,90.36144578313254,5.548361670982998,0.09358066391906386,False
"covid_topic_detected, severe_lockdown_behavior_lead2",residential_increase_lead2,83,12.633181126331811,100.0,2.273356401384083,0.07076119717640954,False
"covid_topic_detected, severe_lockdown_behavior_lead2",residential_increase_lead7,83,12.633181126331811,100.0,2.273356401384083,0.07076119717640954,False
"covid_topic_detected, severe_lockdown_behavior_lead2",severe_lockdown_behavior_lead7,83,12.633181126331811,90.36144578313254,6.823847112588285,0.09742638115691221,False
"covid_topic_detected, severe_lockdown_behavior_lead7",mobility_drop_retail,84,12.785388127853881,96.42857142857143,4.4931610942249245,0.0958487104105419,True
"covid_topic_detected, severe_lockdown_behavior_lead7",mobility_drop_workplace,84,12.785388127853881,91.66666666666666,5.628504672897196,0.09637691735646323,True
"covid_topic_detected, severe_lockdown_behavior_lead7",residential_increase,84,12.785388127853881,98.80952380952381,2.2462926347009393,0.07009167170548292,True
"covid_topic_detected, severe_lockdown_behavior_lead7",severe_lockdown_behavior,84,12.785388127853881,91.66666666666666,6.922413793103448,0.10026896853693626,True
"covid_topic_detected, severe_lockdown_behavior_lead7",mobility_drop_retail_lead2,84,12.785388127853881,98.80952380952381,4.604103343465046,0.0988928504409833,False
"covid_topic_detected, severe_lockdown_behavior_lead7",mobility_drop_retail_lead7,84,12.785388127853881,100.0,4.659574468085107,0.100414920456204,False
"covid_topic_detected, severe_lockdown_behavior_lead7",mobility_drop_transit_lead2,84,12.785388127853881,100.0,1.8099173553719008,0.057213152352953434,False
"covid_topic_detected, severe_lockdown_behavior_lead7",mobility_drop_transit_lead7,84,12.785388127853881,100.0,1.8099173553719008,0.057213152352953434,False
"covid_topic_detected, severe_lockdown_behavior_lead7",mobility_drop_workplace_lead2,84,12.785388127853881,89.28571428571429,5.482309746328439,0.09333277732602183,False
"covid_topic_detected, severe_lockdown_behavior_lead7",mobility_drop_workplace_lead7,84,12.785388127853881,100.0,6.140186915887851,0.10703140746300813,False
"covid_topic_detected, severe_lockdown_behavior_lead7",residential_increase_lead2,84,12.785388127853881,100.0,2.273356401384083,0.07161374172070362,False
"covid_topic_detected, severe_lockdown_behavior_lead7",residential_increase_lead7,84,12.785388127853881,100.0,2.273356401384083,0.07161374172070362,False
"covid_topic_detected, severe_lockdown_behavior_lead7",severe_lockdown_behavior_lead2,84,12.785388127853881,89.28571428571429,6.742610837438424,0.09722482850649486,False
"covid_topic_detected, partial_restrictions_lead2",partial_restrictions,247,37.595129375951295,82.5910931174089,1.944887031474468,0.15085173370029817,True
"covid_topic_detected, partial_restrictions_lead2",partial_restrictions_lead7,247,37.595129375951295,80.5668016194332,1.8972182316834272,0.14324138362419467,False
"covid_topic_detected, partial_restrictions_lead7",partial_restrictions,242,36.83409436834094,88.42975206611571,2.08237803252466,0.16930422635057651,True
"covid_topic_detected, partial_restrictions_lead7",mobility_drop_transit_lead7,242,36.83409436834094,99.58677685950413,1.8024383580356533,0.1633062974778118,False
"covid_topic_detected, partial_restrictions_lead7",partial_restrictions_lead2,242,36.83409436834094,82.23140495867769,1.9364169554785393,0.146473176122266,False
"lockdown_mentioned, compliance_discussed_lag7",lockdown_mentioned_lag7,97,14.76407914764079,84.5360824742268,2.632237259979479,0.07739390106313232,False
"lockdown_mentioned, lockdown_mentioned_lag3",residential_increase_lead2,79,12.02435312024353,79.74683544303798,1.8129297884455347,0.04299789875570197,False
"lockdown_mentioned, vaccine_mentioned_lag1",vaccine_mentioned,79,12.02435312024353,86.07594936708861,1.8977147226233966,0.04896107717149814,False
"lockdown_mentioned, grocery_spike_lead7",grocery_spike,69,10.50228310502283,89.85507246376811,2.1159420289855073,0.04976960447029878,True
"lockdown_mentioned, grocery_spike_lead7",vaccine_mentioned,69,10.50228310502283,86.95652173913044,1.9171286839801576,0.043688274500809685,False
"lockdown_mentioned, grocery_spike_lead7",vaccine_mentioned_lag7,69,10.50228310502283,85.5072463768116,1.9043478260869566,0.04264576079175441,False
"lockdown_mentioned, grocery_spike_lead7",grocery_spike_lead2,69,10.50228310502283,82.6086956521739,1.931455980194956,0.041839550190085,False
"lockdown_mentioned, mobility_drop_retail_lead2",mobility_drop_retail,79,12.02435312024353,94.9367088607595,4.42364664691624,0.08834956179673763,True
"lockdown_mentioned, mobility_drop_retail_lead2",mobility_drop_transit,79,12.02435312024353,100.0,1.8099173553719008,0.05380760757003954,True
"lockdown_mentioned, mobility_drop_retail_lead2",mobility_drop_workplace,79,12.02435312024353,78.48101265822784,4.818880870696794,0.0747853000933629,True
"lockdown_mentioned, mobility_drop_retail_lead2",residential_increase,79,12.02435312024353,100.0,2.273356401384083,0.06735101899923318,True
"lockdown_mentioned, mobility_drop_retail_lead2",severe_lockdown_behavior,79,12.02435312024353,78.48101265822784,5.926669576604103,0.07844568156071252,True
"lockdown_mentioned, mobility_drop_retail_lead2",mobility_drop_retail_lead7,79,12.02435312024353,93.67088607594937,4.364664691624024,0.08682749178151693,False
"lockdown_mentioned, mobility_drop_retail_lead2",mobility_drop_transit_lead2,79,12.02435312024353,100.0,1.8099173553719008,0.05380760757003954,False
"lockdown_mentioned, mobility_drop_retail_lead2",mobility_drop_transit_lead7,79,12.02435312024353,100.0,1.8099173553719008,0.05380760757003954,False
"lockdown_mentioned, mobility_drop_retail_lead2",mobility_drop_workplace_lead2,79,12.02435312024353,75.9493670886076,4.663433100674317,0.0717411600629215,False
"lockdown_mentioned, mobility_drop_retail_lead2",mobility_drop_workplace_lead7,79,12.02435312024353,78.48101265822784,4.818880870696794,0.0747853000933629,False
"lockdown_mentioned, mobility_drop_retail_lead2",residential_increase_lead2,79,12.02435312024353,100.0,2.273356401384083,0.06735101899923318,False
"lockdown_mentioned, mobility_drop_retail_lead2",residential_increase_lead7,79,12.02435312024353,100.0,2.273356401384083,0.06735101899923318,False
"lockdown_mentioned, mobility_drop_retail_lead2",severe_lockdown_behavior_lead2,79,12.02435312024353,75.9493670886076,5.7354866870362295,0.07540154153027112,False
"lockdown_mentioned, mobility_drop_retail_lead2",severe_lockdown_behavior_lead7,79,12.02435312024353,78.48101265822784,5.926669576604103,0.07844568156071252,False
"lockdown_mentioned, mobility_drop_retail_lead7",mobility_drop_retail,80,12.1765601217656,97.5,4.5430851063829785,0.09258911754689574,True
"lockdown_mentioned, mobility_drop_retail_lead7",mobility_drop_workplace,80,12.1765601217656,77.5,4.758644859813084,0.07453741350032086,True
"lockdown_mentioned, mobility_drop_retail_lead7",residential_increase,80,12.1765601217656,97.5,2.216522491349481,0.06515942351308587,True
"lockdown_mentioned, mobility_drop_retail_lead7",severe_lockdown_behavior,80,12.1765601217656,77.5,5.852586206896552,0.07824412891029517,True
"lockdown_mentioned, mobility_drop_retail_lead7",mobility_drop_retail_lead2,80,12.1765601217656,92.5,4.310106382978724,0.08650083748601294,False
"lockdown_mentioned, mobility_drop_retail_lead7",mobility_drop_transit_lead7,80,12.1765601217656,100.0,1.8099173553719008,0.05448871652662232,False
"lockdown_mentioned, mobility_drop_retail_lead7",mobility_drop_workplace_lead2,80,12.1765601217656,76.25,4.681892523364486,0.07301534348510016,False
"lockdown_mentioned, mobility_drop_retail_lead7",mobility_drop_workplace_lead7,80,12.1765601217656,77.5,4.758644859813084,0.07453741350032086,False
"lockdown_mentioned, mobility_drop_retail_lead7",residential_increase_lead2,80,12.1765601217656,98.75,2.244939446366782,0.06668149352830657,False
"lockdown_mentioned, mobility_drop_retail_lead7",residential_increase_lead7,80,12.1765601217656,100.0,2.273356401384083,0.06820356354352727,False
"lockdown_mentioned, mobility_drop_retail_lead7",severe_lockdown_behavior_lead2,80,12.1765601217656,75.0,5.663793103448276,0.07519998887985377,False
"lockdown_mentioned, mobility_drop_retail_lead7",severe_lockdown_behavior_lead7,80,12.1765601217656,77.5,5.852586206896552,0.07824412891029517,False
"lockdown_mentioned, mobility_drop_workplace_lead7",mobility_drop_retail,66,10.045662100456621,93.93939393939394,4.377176015473888,0.07280915744042034,True
"lockdown_mentioned, mobility_drop_workplace_lead7",mobility_drop_workplace,66,10.045662100456621,90.9090909090909,5.5819881053525915,0.0749636857724679,True
"lockdown_mentioned, mobility_drop_workplace_lead7",residential_increase,66,10.045662100456621,98.48484848484848,2.2389116074237183,0.05474586990818929,True
"lockdown_mentioned, mobility_drop_workplace_lead7",severe_lockdown_behavior,66,10.045662100456621,90.9090909090909,6.865203761755486,0.0780217259856967,True
"lockdown_mentioned, mobility_drop_workplace_lead7",mobility_drop_retail_lead2,66,10.045662100456621,93.93939393939394,4.377176015473888,0.07280915744042034,False
"lockdown_mentioned, mobility_drop_workplace_lead7",mobility_drop_retail_lead7,66,10.045662100456621,93.93939393939394,4.377176015473888,0.07280915744042034,False
"lockdown_mentioned, mobility_drop_workplace_lead7",mobility_drop_transit_lead2,66,10.045662100456621,100.0,1.8099173553719008,0.044953191134463416,False
"lockdown_mentioned, mobility_drop_workplace_lead7",mobility_drop_transit_lead7,66,10.045662100456621,100.0,1.8099173553719008,0.044953191134463416,False
"lockdown_mentioned, mobility_drop_workplace_lead7",mobility_drop_workplace_lead2,66,10.045662100456621,86.36363636363636,5.302888700084962,0.0703974757268058,False
"lockdown_mentioned, mobility_drop_workplace_lead7",residential_increase_lead2,66,10.045662100456621,98.48484848484848,2.2389116074237183,0.05474586990818929,False
"lockdown_mentioned, mobility_drop_workplace_lead7",residential_increase_lead7,66,10.045662100456621,100.0,2.273356401384083,0.05626793992340999,False
"lockdown_mentioned, mobility_drop_workplace_lead7",severe_lockdown_behavior_lead2,66,10.045662100456621,86.36363636363636,6.521943573667712,0.0734555159400346,False
"lockdown_mentioned, mobility_drop_workplace_lead7",severe_lockdown_behavior_lead7,66,10.045662100456621,93.93939393939394,7.094043887147336,0.0810658660161381,False
"lockdown_mentioned, residential_increase_lead2",residential_increase,115,17.50380517503805,88.69565217391305,2.016368286445013,0.07825571239595135,True
"lockdown_mentioned, residential_increase_lead2",residential_increase_lead7,115,17.50380517503805,88.69565217391305,2.016368286445013,0.07825571239595135,False
"lockdown_mentioned, residential_increase_lead7",residential_increase,117,17.80821917808219,92.3076923076923,2.0984828320468463,0.08604908154542232,True
"lockdown_mentioned, residential_increase_lead7",residential_increase_lead2,117,17.80821917808219,87.17948717948718,1.9819004524886878,0.07691666145409812,False
"lockdown_mentioned, partial_restrictions_lead7",partial_restrictions,79,12.02435312024353,86.07594936708861,2.0269497754185384,0.052438439565480284,True
"lockdown_mentioned, partial_restrictions_lead7",mobility_drop_transit_lead7,79,12.02435312024353,100.0,1.8099173553719008,0.05380760757003954,False
"lockdown_mentioned, partial_restrictions_lead7",partial_restrictions_lead2,79,12.02435312024353,84.81012658227847,1.9971416904859127,0.050916369550259584,False
"vaccine_mentioned, calm_mobile_baseline",grocery_spike,156,23.74429223744292,87.82051282051282,2.068031430934657,0.10769166614540981,True
"vaccine_mentioned, calm_mobile_baseline",grocery_spike_lead2,156,23.74429223744292,85.25641025641025,1.99336162058582,0.10088057657958202,False
"vaccine_mentioned, calm_mobile_baseline",grocery_spike_lead7,156,23.74429223744292,87.82051282051282,2.0174152770306617,0.10516183287810235,False
"vaccine_mentioned, sentiment_improved_lag7",high_positive_sentiment_lag7,86,13.08980213089802,75.5813953488372,1.9627263535251402,0.04852785480795739,False
"vaccine_mentioned, lockdown_mentioned_lag1",vaccine_mentioned_lag1,77,11.71993911719939,84.4155844155844,1.867375049193231,0.04595400429515648,False
"vaccine_mentioned, lockdown_mentioned_lag7",vaccine_mentioned_lag7,92,14.00304414003044,83.69565217391305,1.8640014738393518,0.05432423103030472,False
"vaccine_mentioned, policy_governance_discussion_lag1",vaccine_mentioned_lag1,85,12.93759512937595,85.88235294117646,1.8998217468805705,0.052626092033110236,False
"vaccine_mentioned, policy_governance_discussion_lag3",vaccine_mentioned_lag3,80,12.1765601217656,87.5,1.9421452702702704,0.05168551299782925,False
"vaccine_mentioned, policy_governance_discussion_lag7",vaccine_mentioned_lag7,83,12.633181126331811,86.74698795180723,1.9319583418419441,0.05286471183762733,False
"vaccine_mentioned, grocery_spike_lead2",grocery_spike,169,25.72298325722983,94.67455621301775,2.22943309791945,0.1342966160005004,True
"vaccine_mentioned, grocery_spike_lead2",calm_mobile_baseline,169,25.72298325722983,78.69822485207101,2.0356194381027817,0.10298877096900491,False
"vaccine_mentioned, grocery_spike_lead2",grocery_spike_lead7,169,25.72298325722983,95.85798816568047,2.2020523854843383,0.13460010332469205,False
"vaccine_mentioned, grocery_spike_lead7",grocery_spike,181,27.54946727549467,93.37016574585635,2.1987168062733917,0.14023894414211546,True
"vaccine_mentioned, grocery_spike_lead7",calm_mobile_baseline,181,27.54946727549467,75.69060773480662,1.9578239874711794,0.10201575817388665,False
"vaccine_mentioned, grocery_spike_lead7",grocery_spike_lead2,181,27.54946727549467,89.50276243093923,2.092644658972494,0.12874580967406388,False
"vaccine_mentioned, mobility_drop_transit_lead2",partial_restrictions,119,18.11263318112633,78.15126050420169,1.8403361344537816,0.06463584996142699,True
"vaccine_mentioned, mobility_drop_transit_lead2",partial_restrictions_lead2,119,18.11263318112633,99.15966386554622,2.335050149091895,0.10268760034194449,False
"vaccine_mentioned, mobility_drop_transit_lead7",partial_restrictions,110,16.7427701674277,88.18181818181819,2.0765395894428154,0.07654135651883823,True
"vaccine_mentioned, mobility_drop_transit_lead7",partial_restrictions_lead2,110,16.7427701674277,79.0909090909091,1.8624633431085045,0.06132065636663123,False
"vaccine_mentioned, mobility_drop_transit_lead7",partial_restrictions_lead7,110,16.7427701674277,99.0909090909091,2.3334310850439883,0.09480619670148663,False
"vaccine_mentioned, partial_restrictions_lead2",partial_restrictions,119,18.11263318112633,78.15126050420169,1.8403361344537816,0.06463584996142699,True
"vaccine_mentioned, partial_restrictions_lead7",partial_restrictions,110,16.7427701674277,88.18181818181819,2.0765395894428154,0.07654135651883823,True
"vaccine_mentioned, partial_restrictions_lead7",partial_restrictions_lead2,110,16.7427701674277,79.0909090909091,1.8624633431085045,0.06132065636663123,False
"health_concern, calm_mobile_baseline",grocery_spike,131,19.93911719939117,79.38931297709924,1.8694902733316918,0.07362231813348345,True
"health_concern, calm_mobile_baseline",grocery_spike_lead7,131,19.93911719939117,79.38931297709924,1.823733518390007,0.07149790686414192,False
"health_concern, grocery_spike_lead2",grocery_spike,141,21.461187214611872,92.19858156028369,2.1711278883550675,0.10673255353307896,True
"health_concern, grocery_spike_lead2",grocery_spike_lead7,141,21.461187214611872,91.48936170212765,2.1016961761642614,0.10292390344933036,False
"health_concern, grocery_spike_lead7",grocery_spike,146,22.22222222222222,91.78082191780823,2.1612903225806455,0.1095890410958904,True
"health_concern, grocery_spike_lead7",grocery_spike_lead2,146,22.22222222222222,88.35616438356165,2.065836298932384,0.1013022154574666,False
"health_concern, mobility_drop_retail_lead2",mobility_drop_retail,88,13.39421613394216,88.63636363636364,4.130077369439071,0.08997588318286386,True
"health_concern, mobility_drop_retail_lead2",residential_increase,88,13.39421613394216,100.0,2.273356401384083,0.07502391989787999,True
"health_concern, mobility_drop_retail_lead2",mobility_drop_retail_lead7,88,13.39421613394216,87.5,4.077127659574468,0.08845381316764316,False
"health_concern, mobility_drop_retail_lead2",mobility_drop_transit_lead2,88,13.39421613394216,100.0,1.8099173553719008,0.059937588179284546,False
"health_concern, mobility_drop_retail_lead2",mobility_drop_transit_lead7,88,13.39421613394216,100.0,1.8099173553719008,0.059937588179284546,False
"health_concern, mobility_drop_retail_lead2",residential_increase_lead2,88,13.39421613394216,96.5909090909091,2.1958556149732624,0.07045770985221789,False
"health_concern, mobility_drop_retail_lead2",residential_increase_lead7,88,13.39421613394216,98.86363636363636,2.2475228059138095,0.07350184988265929,False
"health_concern, mobility_drop_retail_lead7",mobility_drop_retail,94,14.30745814307458,89.36170212765957,4.163875056586691,0.09714837750116413,True
"health_concern, mobility_drop_retail_lead7",residential_increase,94,14.30745814307458,93.61702127659575,2.1282485459765885,0.07100676707232033,True
"health_concern, mobility_drop_retail_lead7",mobility_drop_retail_lead2,94,14.30745814307458,81.91489361702128,3.8168854685378,0.08649388739461923,False
"health_concern, mobility_drop_retail_lead7",mobility_drop_transit_lead7,94,14.30745814307458,100.0,1.8099173553719008,0.06402424191878123,False
"health_concern, mobility_drop_retail_lead7",residential_increase_lead2,94,14.30745814307458,94.68085106382979,2.1524331885445043,0.07252883708754103,False
"health_concern, mobility_drop_retail_lead7",residential_increase_lead7,94,14.30745814307458,95.74468085106383,2.17661783111242,0.07405090710276173,False
"health_concern, mobility_drop_workplace_lead7",mobility_drop_retail,73,11.11111111111111,80.82191780821918,3.765957446808511,0.06595636732623034,True
"health_concern, mobility_drop_workplace_lead7",mobility_drop_workplace,73,11.11111111111111,76.71232876712328,4.710280373831775,0.06714019956029088,True
"health_concern, mobility_drop_workplace_lead7",residential_increase,73,11.11111111111111,93.15068493150685,2.1176470588235294,0.054625401657365125,True
"health_concern, mobility_drop_workplace_lead7",severe_lockdown_behavior,73,11.11111111111111,76.71232876712328,5.793103448275862,0.07052257737189244,True
"health_concern, mobility_drop_workplace_lead7",mobility_drop_retail_lead2,73,11.11111111111111,83.56164383561644,3.893617021276596,0.06900050735667174,False
"health_concern, mobility_drop_workplace_lead7",mobility_drop_retail_lead7,73,11.11111111111111,83.56164383561644,3.893617021276596,0.06900050735667174,False
"health_concern, mobility_drop_workplace_lead7",residential_increase_lead2,73,11.11111111111111,89.04109589041096,2.0242214532871974,0.050059191611703024,False
"health_concern, mobility_drop_workplace_lead7",residential_increase_lead7,73,11.11111111111111,100.0,2.273356401384083,0.062235751733468625,False
"health_concern, mobility_drop_workplace_lead7",severe_lockdown_behavior_lead7,73,11.11111111111111,83.56164383561644,6.310344827586207,0.07813292744799594,False
"health_concern, residential_increase_lead2",residential_increase,181,27.54946727549467,82.87292817679558,1.8839970177216159,0.10712639204538874,True
"health_concern, residential_increase_lead2",residential_increase_lead7,181,27.54946727549467,80.66298342541437,1.8337570972490396,0.10103811198450594,False
"health_concern, residential_increase_lead7",residential_increase,185,28.15829528158295,86.48648648648648,1.9661460768727206,0.11966899031388929,True
"health_concern, partial_restrictions_lead2",partial_restrictions,172,26.17960426179604,83.13953488372093,1.957801950487622,0.1064823502429057,True
"health_concern, partial_restrictions_lead2",mobility_drop_transit_lead2,172,26.17960426179604,100.0,1.8099173553719008,0.11715074053223798,False
"health_concern, partial_restrictions_lead2",partial_restrictions_lead7,172,26.17960426179604,82.55813953488372,1.9441110277569393,0.104960280227685,False
"health_concern, partial_restrictions_lead7",partial_restrictions,168,25.570776255707763,86.90476190476191,2.046466973886329,0.11363399428702488,True
"health_concern, partial_restrictions_lead7",partial_restrictions_lead2,168,25.570776255707763,84.52380952380952,1.990399385560676,0.10754571422614208,False
"compliance_discussed, calm_mobile_baseline",grocery_spike,73,11.11111111111111,86.3013698630137,2.032258064516129,0.0487062404870624,True
"compliance_discussed, calm_mobile_baseline",vaccine_mentioned,73,11.11111111111111,82.1917808219178,1.8120805369127517,0.040926771520378824,False
"compliance_discussed, calm_mobile_baseline",vaccine_mentioned_lag7,73,11.11111111111111,84.93150684931507,1.8915254237288135,0.04447826822256046,False
"compliance_discussed, calm_mobile_baseline",grocery_spike_lead2,73,11.11111111111111,83.56164383561644,1.9537366548042705,0.045323862675460846,False
"compliance_discussed, calm_mobile_baseline",grocery_spike_lead7,73,11.11111111111111,89.04109589041096,2.0454545454545454,0.05056654828344326,False
"compliance_discussed, lockdown_mentioned_lag7",lockdown_mentioned,96,14.61187214611872,80.20833333333334,2.497482227488152,0.07027237408171917,False
"compliance_discussed, grocery_spike_lead2",grocery_spike,83,12.633181126331811,95.18072289156626,2.241352506801399,0.06659577573445091,True
"compliance_discussed, grocery_spike_lead2",vaccine_mentioned_lag7,83,12.633181126331811,81.92771084337349,1.824627322850725,0.04677643177674453,False
"compliance_discussed, grocery_spike_lead2",grocery_spike_lead7,83,12.633181126331811,96.3855421686747,2.2141713707978767,0.0667718447164247,False
"compliance_discussed, grocery_spike_lead7",grocery_spike,92,14.00304414003044,92.3913043478261,2.1756661991584854,0.06991096932924667,True
"compliance_discussed, grocery_spike_lead7",grocery_spike_lead2,92,14.00304414003044,86.95652173913044,2.0331115580999537,0.061874346980996135,False
"compliance_discussed, residential_increase_lead2",residential_increase,103,15.67732115677321,83.49514563106796,1.898142238048846,0.06193689780353945,True
"compliance_discussed, residential_increase_lead2",residential_increase_lead7,103,15.67732115677321,79.6116504854369,1.809856552558202,0.05584861774265665,False
"compliance_discussed, residential_increase_lead7",residential_increase,102,15.52511415525114,87.25490196078431,1.983614899246896,0.06717263332012816,True
"compliance_discussed, residential_increase_lead7",residential_increase_lead2,102,15.52511415525114,80.3921568627451,1.8276002442499493,0.056518143213583255,False
"compliance_discussed, partial_restrictions_lead2",mobility_drop_transit_lead2,101,15.37290715372907,100.0,1.8099173553719008,0.06879200461486068,False
"compliance_discussed, partial_restrictions_lead7",partial_restrictions,92,14.00304414003044,86.95652173913044,2.047685834502104,0.06230061925314318,True
"compliance_discussed, partial_restrictions_lead7",partial_restrictions_lead2,92,14.00304414003044,80.43478260869566,1.8941093969144462,0.05316819916181898,False
"policy_governance_discussion, vaccine_mentioned_lag1",vaccine_mentioned,82,12.480974124809741,86.58536585365853,1.908945817646096,0.05145615998183709,False
"policy_governance_discussion, vaccine_mentioned_lag3",vaccine_mentioned,83,12.633181126331811,81.92771084337349,1.8062585914126303,0.04619957419106728,False
"policy_governance_discussion, vaccine_mentioned_lag7",vaccine_mentioned,91,13.850837138508371,83.51648351648352,1.8412862305479756,0.05285312835197116,False
"policy_governance_discussion, grocery_spike_lead7",grocery_spike,72,10.95890410958904,84.72222222222221,1.9950716845878138,0.046308458956235275,True
"policy_governance_discussion, grocery_spike_lead7",vaccine_mentioned,72,10.95890410958904,87.5,1.9291107382550337,0.04618335731114864,False
"policy_governance_discussion, grocery_spike_lead7",grocery_spike_lead2,72,10.95890410958904,80.55555555555556,1.8834519572953738,0.041408644523675486,False
"policy_governance_discussion, residential_increase_lead2",residential_increase,82,12.480974124809741,86.58536585365853,1.9683939572959743,0.053165882464687744,True
"policy_governance_discussion, residential_increase_lead2",residential_increase_lead7,82,12.480974124809741,85.36585365853658,1.94067009874251,0.051643812449467044,False
"policy_governance_discussion, residential_increase_lead7",residential_increase,89,13.54642313546423,83.14606741573034,1.890206446094631,0.05304541421386358,True
"policy_governance_discussion, partial_restrictions_lead2",partial_restrictions,75,11.415525114155251,78.66666666666666,1.85247311827957,0.04132524342695106,True
"policy_governance_discussion, partial_restrictions_lead2",mobility_drop_transit_lead2,75,11.415525114155251,100.0,1.8099173553719008,0.051083171743708425,False
"policy_governance_discussion, partial_restrictions_lead7",partial_restrictions,67,10.197869101978691,88.05970149253731,2.073663938372653,0.04649611142386522,True
"policy_governance_discussion, partial_restrictions_lead7",mobility_drop_transit_lead7,67,10.197869101978691,100.0,1.8099173553719008,0.045634300091046194,False
"policy_governance_discussion, partial_restrictions_lead7",partial_restrictions_lead2,67,10.197869101978691,83.5820895522388,1.9682233991333655,0.04192990137820312,False
"solidarity_messages, calm_mobile_baseline",grocery_spike,97,14.76407914764079,81.44329896907216,1.917858330562022,0.05754675673985113,True
"solidarity_messages, calm_mobile_baseline",grocery_spike_lead2,97,14.76407914764079,78.35051546391753,1.8318963935869685,0.05253110745072964,False
"solidarity_messages, calm_mobile_baseline",grocery_spike_lead7,97,14.76407914764079,80.41237113402062,1.8472352389878164,0.05445164937252259,False
"solidarity_messages, sentiment_improved_lag7",high_positive_sentiment_lag7,82,12.480974124809741,75.60975609756098,1.96346283620939,0.04630614225910404,False
"solidarity_messages, grocery_spike_lead2",grocery_spike,97,14.76407914764079,94.84536082474226,2.2334552710342535,0.07733366693772023,True
"solidarity_messages, grocery_spike_lead2",calm_mobile_baseline,97,14.76407914764079,78.35051546391753,2.026625537787158,0.05859853723743134,False
"solidarity_messages, grocery_spike_lead2",grocery_spike_lead7,97,14.76407914764079,92.78350515463917,2.131425275755173,0.07271648955517099,False
"solidarity_messages, grocery_spike_lead7",grocery_spike,104,15.82952815829528,92.3076923076923,2.173697270471464,0.07889743750130314,True
"solidarity_messages, grocery_spike_lead7",calm_mobile_baseline,104,15.82952815829528,75.0,1.93996062992126,0.05752358976853879,False
"solidarity_messages, grocery_spike_lead7",grocery_spike_lead2,104,15.82952815829528,86.53846153846155,2.0233369833013963,0.06928314440668228,False
"solidarity_messages, mobility_drop_retail_lead2",mobility_drop_retail,82,12.480974124809741,90.2439024390244,4.204981837052413,0.08584752889500497,True
"solidarity_messages, mobility_drop_retail_lead2",mobility_drop_transit,82,12.480974124809741,100.0,1.8099173553719008,0.05585093443978788,True
"solidarity_messages, mobility_drop_retail_lead2",residential_increase,82,12.480974124809741,100.0,2.273356401384083,0.06990865263211545,True
"solidarity_messages, mobility_drop_retail_lead2",mobility_drop_retail_lead7,82,12.480974124809741,86.58536585365853,4.034509600415153,0.08128131884934287,False
"solidarity_messages, mobility_drop_retail_lead2",mobility_drop_transit_lead2,82,12.480974124809741,100.0,1.8099173553719008,0.05585093443978788,False
"solidarity_messages, mobility_drop_retail_lead2",mobility_drop_transit_lead7,82,12.480974124809741,100.0,1.8099173553719008,0.05585093443978788,False
"solidarity_messages, mobility_drop_retail_lead2",residential_increase_lead2,82,12.480974124809741,98.78048780487805,2.2456325428306187,0.06838658261689474,False
"solidarity_messages, mobility_drop_retail_lead2",residential_increase_lead7,82,12.480974124809741,100.0,2.273356401384083,0.06990865263211545,False
"solidarity_messages, mobility_drop_retail_lead7",mobility_drop_retail,85,12.93759512937595,90.58823529411765,4.221026282853567,0.0894337760541551,True
"solidarity_messages, mobility_drop_retail_lead7",residential_increase,85,12.93759512937595,94.11764705882352,2.139629554243843,0.06485593618889421,True
"solidarity_messages, mobility_drop_retail_lead7",mobility_drop_retail_lead2,85,12.93759512937595,83.52941176470588,3.892115143929913,0.0803013559628309,False
"solidarity_messages, mobility_drop_retail_lead7",mobility_drop_transit_lead7,85,12.93759512937595,100.0,1.8099173553719008,0.05789426130953622,False
"solidarity_messages, mobility_drop_retail_lead7",residential_increase_lead2,85,12.93759512937595,95.29411764705881,2.1663749236718908,0.06637800620411491,False
"solidarity_messages, mobility_drop_retail_lead7",residential_increase_lead7,85,12.93759512937595,96.47058823529412,2.193120293099939,0.06790007621933561,False
"solidarity_messages, residential_increase_lead2",residential_increase,151,22.98325722983257,84.10596026490066,1.9120282316276724,0.09220454582311091,True
"solidarity_messages, residential_increase_lead2",residential_increase_lead7,151,22.98325722983257,82.11920529801324,1.8668622104081212,0.08763833577744881,False
"solidarity_messages, residential_increase_lead7",residential_increase,150,22.831050228310502,88.0,2.000553633217993,0.10048442137014102,True
"solidarity_messages, residential_increase_lead7",residential_increase_lead2,150,22.831050228310502,82.66666666666667,1.8793079584775088,0.08830786124837542,False
"solidarity_messages, partial_restrictions_lead2",partial_restrictions,131,19.93911719939117,83.20610687022901,1.9593696133957155,0.08123266820958695,True
"solidarity_messages, partial_restrictions_lead2",mobility_drop_transit_lead2,131,19.93911719939117,100.0,1.8099173553719008,0.08922527331234405,False
"solidarity_messages, partial_restrictions_lead2",partial_restrictions_lead7,131,19.93911719939117,83.20610687022901,1.9593696133957155,0.08123266820958695,False
"solidarity_messages, partial_restrictions_lead7",partial_restrictions,130,19.7869101978691,87.6923076923077,2.065012406947891,0.08948937678530473,True
"solidarity_messages, partial_restrictions_lead7",mobility_drop_transit_lead7,130,19.7869101978691,100.0,1.8099173553719008,0.08854416435576126,False
"solidarity_messages, partial_restrictions_lead7",partial_restrictions_lead2,130,19.7869101978691,83.84615384615385,1.9744416873449133,0.08187902670920123,False
"weekend, calm_mobile_baseline",grocery_spike,84,12.785388127853881,83.33333333333334,1.9623655913978497,0.05225078709785034,False
"weekend, calm_mobile_baseline",grocery_spike_lead2,84,12.785388127853881,82.14285714285714,1.9205643111337063,0.050339511964582334,False
"weekend, calm_mobile_baseline",grocery_spike_lead7,84,12.785388127853881,84.52380952380952,1.9416833166833167,0.052410639199905476,False
"weekend, compliance_discussed_lag3",lockdown_mentioned_lag3,82,12.480974124809741,80.48780487804879,2.530166880616175,0.0607530655694789,False
"weekend, lockdown_mentioned_lag3",compliance_discussed_lag3,88,13.39421613394216,75.0,2.260321100917431,0.05601310323897426,False
"weekend, grocery_spike_lead2",grocery_spike,82,12.480974124809741,92.6829268292683,2.1825334382376083,0.06267592418840308,False
"weekend, grocery_spike_lead2",calm_mobile_baseline,82,12.480974124809741,84.14634146341463,2.1765411945458037,0.05677066320088776,False
"weekend, grocery_spike_lead2",grocery_spike_lead7,82,12.480974124809741,92.6829268292683,2.1291147876513734,0.0613461400350748,False
"weekend, grocery_spike_lead7",grocery_spike,82,12.480974124809741,93.90243902439023,2.211250983477577,0.06419799420362378,False
"weekend, grocery_spike_lead7",calm_mobile_baseline,82,12.480974124809741,86.58536585365853,2.239629345112349,0.05981480323132916,False
"weekend, grocery_spike_lead7",grocery_spike_lead2,82,12.480974124809741,92.6829268292683,2.166999392413853,0.06229598585888071,False
"weekend, mobility_drop_transit_lead7",residential_increase_lead2,96,14.61187214611872,80.20833333333334,1.8234212802768168,0.05292494596303941,False
"weekend, mobility_drop_transit_lead7",partial_restrictions_lead7,96,14.61187214611872,77.08333333333334,1.815188172043011,0.0505827651633619,False
"weekend, residential_increase_lead7",residential_increase,66,10.045662100456621,87.87878787878788,1.997798049701164,0.04409137980164439,False
"weekend, residential_increase_lead7",residential_increase_lead2,66,10.045662100456621,90.9090909090909,2.066687637621894,0.04713551983208579,False
"weekend, partial_restrictions_lead2",partial_restrictions,74,11.263318112633181,86.48648648648648,2.0366172624237144,0.049581952002668836,False
"weekend, partial_restrictions_lead2",mobility_drop_transit_lead2,74,11.263318112633181,100.0,1.8099173553719008,0.05040206278712565,False
"weekend, partial_restrictions_lead2",partial_restrictions_lead7,74,11.263318112633181,82.43243243243244,1.9411508282476027,0.045015741957006736,False
"weekend, partial_restrictions_lead7",partial_restrictions,74,11.263318112633181,87.83783783783784,2.068439407149085,0.051104022017889536,False
"weekend, partial_restrictions_lead7",mobility_drop_transit_lead7,74,11.263318112633181,100.0,1.8099173553719008,0.05040206278712565,False
"weekend, partial_restrictions_lead7",partial_restrictions_lead2,74,11.263318112633181,82.43243243243244,1.9411508282476027,0.045015741957006736,False
"calm_mobile_baseline, dominant_emotion_fear_lag1",grocery_spike,213,32.42009132420091,84.50704225352112,1.9900045433893685,0.13629824232188653,False
"calm_mobile_baseline, dominant_emotion_fear_lag1",grocery_spike_lead2,213,32.42009132420091,83.09859154929578,1.9429101298180544,0.13074511929831878,False
"calm_mobile_baseline, dominant_emotion_fear_lag1",grocery_spike_lead7,213,32.42009132420091,84.97652582159625,1.9520831281394664,0.13436611691443742,False
"calm_mobile_baseline, dominant_emotion_fear_lag3",grocery_spike,204,31.05022831050228,85.29411764705883,2.0085388994307403,0.13298304872709077,False
"calm_mobile_baseline, dominant_emotion_fear_lag3",grocery_spike_lead2,204,31.05022831050228,82.84313725490196,1.9369374084153237,0.12442748622144381,False
"calm_mobile_baseline, dominant_emotion_fear_lag3",grocery_spike_lead7,204,31.05022831050228,85.29411764705883,1.95937885643768,0.12967480522368868,False
"calm_mobile_baseline, dominant_emotion_fear_lag7",grocery_spike,215,32.724505327245055,85.11627906976744,2.0043510877719433,0.1395717353683201,False
"calm_mobile_baseline, dominant_emotion_fear_lag7",grocery_spike_lead2,215,32.724505327245055,83.25581395348837,1.946586112720351,0.1324872755410067,False
"calm_mobile_baseline, dominant_emotion_fear_lag7",grocery_spike_lead7,215,32.724505327245055,84.65116279069768,1.9446088794926006,0.13456303617059232,False
"calm_mobile_baseline, high_positive_sentiment_lag1",grocery_spike,96,14.61187214611872,88.54166666666666,2.085013440860215,0.06732553533078961,False
"calm_mobile_baseline, high_positive_sentiment_lag1",grocery_spike_lead2,96,14.61187214611872,85.41666666666666,1.997108540925267,0.06231451943593058,False
"calm_mobile_baseline, high_positive_sentiment_lag1",grocery_spike_lead7,96,14.61187214611872,91.66666666666666,2.105769230769231,0.07033492490426249,False
"calm_mobile_baseline, high_positive_sentiment_lag3",grocery_spike,91,13.850837138508371,86.81318681318682,2.044310528181496,0.06142490773753675,False
"calm_mobile_baseline, high_positive_sentiment_lag3",grocery_spike_lead2,91,13.850837138508371,84.61538461538461,1.978373939228032,0.05795912882921077,False
"calm_mobile_baseline, high_positive_sentiment_lag3",grocery_spike_lead7,91,13.850837138508371,84.61538461538461,1.9437869822485208,0.05690503163449933,False
"calm_mobile_baseline, high_positive_sentiment_lag7",grocery_spike,98,14.916286149162861,86.73469387755102,2.042462146148782,0.06603281833156106,False
"calm_mobile_baseline, high_positive_sentiment_lag7",grocery_spike_lead2,98,14.916286149162861,85.71428571428571,2.0040671072699543,0.0640566756786185,False
"calm_mobile_baseline, high_positive_sentiment_lag7",grocery_spike_lead7,98,14.916286149162861,85.71428571428571,1.969030969030969,0.06292149408431387,False
"calm_mobile_baseline, solidarity_messages_lag1",grocery_spike,96,14.61187214611872,87.5,2.060483870967742,0.06580346531556891,False
"calm_mobile_baseline, solidarity_messages_lag1",grocery_spike_lead2,96,14.61187214611872,82.29166666666666,1.9240435943060499,0.05774830939026848,False
"calm_mobile_baseline, solidarity_messages_lag1",grocery_spike_lead7,96,14.61187214611872,83.33333333333334,1.9143356643356646,0.05815836478249689,False
"calm_mobile_baseline, solidarity_messages_lag3",grocery_spike,94,14.30745814307458,81.91489361702128,1.9289636238846948,0.05644169220825254,False
"calm_mobile_baseline, solidarity_messages_lag3",grocery_spike_lead2,94,14.30745814307458,79.7872340425532,1.8654879987885213,0.052962013117139155,False
"calm_mobile_baseline, solidarity_messages_lag3",grocery_spike_lead7,94,14.30745814307458,81.91489361702128,1.8817512274959085,0.054917305495900605,False
"calm_mobile_baseline, solidarity_messages_lag7",grocery_spike,93,14.15525114155251,82.79569892473118,1.949705168227541,0.05708805070786681,False
"calm_mobile_baseline, solidarity_messages_lag7",grocery_spike_lead7,93,14.15525114155251,80.64516129032258,1.8525829009699977,0.052535740844992115,False
"calm_mobile_baseline, compliance_discussed_lag1",grocery_spike,73,11.11111111111111,87.67123287671232,2.064516129032258,0.0502283105022831,False
"calm_mobile_baseline, compliance_discussed_lag1",grocery_spike_lead2,73,11.11111111111111,82.1917808219178,1.9217081850533808,0.043801792660240146,False
"calm_mobile_baseline, compliance_discussed_lag1",grocery_spike_lead7,73,11.11111111111111,86.3013698630137,1.9825174825174827,0.04752240825300186,False
"calm_mobile_baseline, compliance_discussed_lag3",grocery_spike,82,12.480974124809741,84.14634146341463,1.9815106215578284,0.05202143408185818,False
"calm_mobile_baseline, compliance_discussed_lag3",grocery_spike_lead2,82,12.480974124809741,82.92682926829268,1.9388941932123949,0.05011942573711511,False
"calm_mobile_baseline, compliance_discussed_lag3",grocery_spike_lead7,82,12.480974124809741,82.92682926829268,1.9049974415828075,0.0491695799133092,False
"calm_mobile_baseline, compliance_discussed_lag7",grocery_spike,81,12.32876712328767,87.65432098765432,2.0641178813221823,0.055711932611913845,False
"calm_mobile_baseline, compliance_discussed_lag7",vaccine_mentioned_lag7,81,12.32876712328767,83.9506172839506,1.8696798493408664,0.04814328308417256,False
"calm_mobile_baseline, compliance_discussed_lag7",grocery_spike_lead2,81,12.32876712328767,80.24691358024691,1.8762356662712536,0.04620420758532975,False
"calm_mobile_baseline, compliance_discussed_lag7",grocery_spike_lead7,81,12.32876712328767,88.88888888888889,2.041958041958042,0.0559204353537249,False
"calm_mobile_baseline, health_concern_lag1",grocery_spike,131,19.93911719939117,78.62595419847328,1.851514405318887,0.07210024811826275,False
"calm_mobile_baseline, health_concern_lag1",grocery_spike_lead7,131,19.93911719939117,80.1526717557252,1.8412694176052955,0.07301997687936262,False
"calm_mobile_baseline, health_concern_lag3",grocery_spike,135,20.54794520547945,82.22222222222221,1.9362007168458781,0.08169137424157127,False
"calm_mobile_baseline, health_concern_lag3",grocery_spike_lead2,135,20.54794520547945,79.25925925925927,1.853143534994069,0.07497758595525532,False
"calm_mobile_baseline, health_concern_lag3",grocery_spike_lead7,135,20.54794520547945,83.7037037037037,1.922843822843823,0.0825462354829966,False
"calm_mobile_baseline, health_concern_lag7",grocery_spike,140,21.3089802130898,82.14285714285714,1.9343317972350231,0.08454786180438273,False
"calm_mobile_baseline, health_concern_lag7",grocery_spike_lead2,140,21.3089802130898,77.85714285714286,1.8203609557702085,0.07476676651631302,False
"calm_mobile_baseline, health_concern_lag7",grocery_spike_lead7,140,21.3089802130898,82.14285714285714,1.886988011988012,0.08227749861577346,False
"calm_mobile_baseline, sentiment_shift_detected_lag1",grocery_spike,148,22.526636225266362,83.78378378378379,1.972972972972973,0.09307562394445487,False
"calm_mobile_baseline, sentiment_shift_detected_lag1",grocery_spike_lead2,148,22.526636225266362,81.08108108108108,1.8957391555256327,0.08630160153272683,False
"calm_mobile_baseline, sentiment_shift_detected_lag1",grocery_spike_lead7,148,22.526636225266362,86.48648648648648,1.986769986769987,0.09676380577737931,False
"calm_mobile_baseline, sentiment_shift_detected_lag3",grocery_spike,150,22.831050228310502,84.66666666666667,1.9937634408602152,0.09634911699088843,False
"calm_mobile_baseline, sentiment_shift_detected_lag3",grocery_spike_lead2,150,22.831050228310502,86.66666666666667,2.026334519572954,0.10022031789718035,False
"calm_mobile_baseline, sentiment_shift_detected_lag3",grocery_spike_lead7,150,22.831050228310502,86.66666666666667,1.9909090909090912,0.09848279504875489,False
"calm_mobile_baseline, sentiment_shift_detected_lag7",grocery_spike,149,22.67884322678843,84.56375838926175,1.991340116908422,0.095473405475282,False
"calm_mobile_baseline, sentiment_shift_detected_lag7",grocery_spike_lead2,149,22.67884322678843,85.23489932885906,1.9928586782583775,0.09630509974539499,False
"calm_mobile_baseline, sentiment_shift_detected_lag7",grocery_spike_lead7,149,22.67884322678843,85.23489932885906,1.9580184915755385,0.0945791603826257,False
"calm_mobile_baseline, sentiment_worsened_lag1",grocery_spike,74,11.263318112633181,85.13513513513513,2.0047951176983436,0.048059881987448136,False
"calm_mobile_baseline, sentiment_worsened_lag1",grocery_spike_lead2,74,11.263318112633181,83.78378378378379,1.9589304607098201,0.04619494079680481,False
"calm_mobile_baseline, sentiment_worsened_lag1",grocery_spike_lead7,74,11.263318112633181,85.13513513513513,1.9557267057267058,0.046859832873468954,False
"calm_mobile_baseline, sentiment_worsened_lag3",grocery_spike,77,11.71993911719939,87.01298701298701,2.049015500628404,0.05220908654948812,False
"calm_mobile_baseline, sentiment_worsened_lag3",grocery_spike_lead2,77,11.71993911719939,87.01298701298701,2.034431760410408,0.0518523151912781,False
"calm_mobile_baseline, sentiment_worsened_lag3",grocery_spike_lead7,77,11.71993911719939,89.6103896103896,2.058532376714195,0.05400452682619443,False
"calm_mobile_baseline, sentiment_worsened_lag7",grocery_spike,73,11.11111111111111,90.41095890410958,2.129032258064516,0.0532724505327245,False
"calm_mobile_baseline, sentiment_worsened_lag7",grocery_spike_lead2,73,11.11111111111111,87.67123287671232,2.0498220640569396,0.04989007272112295,False
"calm_mobile_baseline, sentiment_worsened_lag7",grocery_spike_lead7,73,11.11111111111111,91.78082191780823,2.1083916083916083,0.05361068831388466,False
"calm_mobile_baseline, sentiment_improved_lag1",grocery_spike,74,11.263318112633181,82.43243243243244,1.9411508282476027,0.045015741957006736,False
"calm_mobile_baseline, sentiment_improved_lag1",grocery_spike_lead2,74,11.263318112633181,78.37837837837837,1.8325478503414447,0.04010666073592201,False
"calm_mobile_baseline, sentiment_improved_lag1",grocery_spike_lead7,74,11.263318112633181,87.83783783783784,2.017813267813268,0.049903972903910354,False
"calm_mobile_baseline, sentiment_improved_lag3",grocery_spike,73,11.11111111111111,82.1917808219178,1.935483870967742,0.0441400304414003,False
"calm_mobile_baseline, sentiment_improved_lag3",high_positive_sentiment_lag3,73,11.11111111111111,82.1917808219178,2.125984251968504,0.04836800270590225,False
"calm_mobile_baseline, sentiment_improved_lag3",grocery_spike_lead2,73,11.11111111111111,86.3013698630137,2.01779359430605,0.04836800270590225,False
"calm_mobile_baseline, sentiment_improved_lag3",grocery_spike_lead7,73,11.11111111111111,83.56164383561644,1.9195804195804198,0.04447826822256046,False
"calm_mobile_baseline, sentiment_improved_lag7",grocery_spike,76,11.56773211567732,78.94736842105263,1.8590831918505943,0.042200954942557496,False
"calm_mobile_baseline, sentiment_improved_lag7",high_positive_sentiment_lag7,76,11.56773211567732,76.31578947368422,1.9817973788225507,0.04373460844343437,False
"calm_mobile_baseline, sentiment_improved_lag7",grocery_spike_lead2,76,11.56773211567732,82.89473684210526,1.9381438471623902,0.04641502702427203,False
"calm_mobile_baseline, sentiment_improved_lag7",grocery_spike_lead7,76,11.56773211567732,78.94736842105263,1.813581155686419,0.04096847206874104,False
"calm_mobile_baseline, vaccine_mentioned_lag1",grocery_spike,154,23.43987823439878,87.01298701298701,2.049015500628404,0.10441817309897625,False
"calm_mobile_baseline, vaccine_mentioned_lag1",grocery_spike_lead2,154,23.43987823439878,83.76623376623377,1.9585201275592736,0.0960942803064527,False
"calm_mobile_baseline, vaccine_mentioned_lag1",grocery_spike_lead7,154,23.43987823439878,87.01298701298701,1.9988647715920442,0.10192077359150606,False
"calm_mobile_baseline, vaccine_mentioned_lag3",grocery_spike,155,23.59208523592085,87.74193548387098,2.066181061394381,0.10681595462980338,False
"calm_mobile_baseline, vaccine_mentioned_lag3",grocery_spike_lead2,155,23.59208523592085,85.16129032258064,1.991137642061761,0.10000949845823806,False
"calm_mobile_baseline, vaccine_mentioned_lag3",grocery_spike_lead7,155,23.59208523592085,87.09677419354838,2.0007895330475978,0.10278026822719386,False
"calm_mobile_baseline, vaccine_mentioned_lag7",grocery_spike,163,24.80974124809741,87.11656441717791,2.0514545814367704,0.11077750672421342,False
"calm_mobile_baseline, vaccine_mentioned_lag7",grocery_spike_lead2,163,24.80974124809741,84.66257668711657,1.9794773268126542,0.10393398339854835,False
"calm_mobile_baseline, vaccine_mentioned_lag7",grocery_spike_lead7,163,24.80974124809741,86.50306748466258,1.9871508859238922,0.1066120852822548,False
"calm_mobile_baseline, policy_governance_discussion_lag7",grocery_spike,71,10.80669710806697,84.50704225352112,1.9900045433893685,0.04543274744062884,False
"calm_mobile_baseline, policy_governance_discussion_lag7",vaccine_mentioned_lag7,71,10.80669710806697,88.73239436619718,1.9761756982573409,0.04736718954520919,False
"calm_mobile_baseline, policy_governance_discussion_lag7",grocery_spike_lead7,71,10.80669710806697,80.28169014084507,1.8442332315571754,0.03971513892074347,False
"calm_mobile_baseline, grocery_spike_lead2",grocery_spike,212,32.26788432267884,96.22641509433963,2.2659768715763846,0.1734742811867976,False
"calm_mobile_baseline, grocery_spike_lead2",grocery_spike_lead7,212,32.26788432267884,95.28301886792453,2.1888441746932314,0.16699216261360503,False
"calm_mobile_baseline, grocery_spike_lead7",grocery_spike,216,32.87671232876712,96.29629629629629,2.2676224611708484,0.17697712724922332,False
"calm_mobile_baseline, grocery_spike_lead7",grocery_spike_lead2,216,32.87671232876712,93.51851851851852,2.1865361803084227,0.16684389399720606,False
"calm_mobile_baseline, sentiment_shift_detected_lead2",grocery_spike,154,23.43987823439878,86.36363636363636,2.033724340175953,0.10289610308375555,False
"calm_mobile_baseline, sentiment_shift_detected_lead2",grocery_spike_lead2,154,23.43987823439878,83.11688311688312,1.9433378009890467,0.094572210291232,False
"calm_mobile_baseline, sentiment_shift_detected_lead2",grocery_spike_lead7,154,23.43987823439878,87.01298701298701,1.9988647715920442,0.10192077359150606,False
"calm_mobile_baseline, sentiment_shift_detected_lead7",grocery_spike,147,22.37442922374429,82.99319727891157,1.9543559359227565,0.09067784241362774,False
"calm_mobile_baseline, sentiment_shift_detected_lead7",grocery_spike_lead2,147,22.37442922374429,81.63265306122449,1.9086353402570995,0.08695259342660357,False
"calm_mobile_baseline, sentiment_shift_detected_lead7",grocery_spike_lead7,147,22.37442922374429,82.31292517006803,1.8908948194662483,0.08677189105036731,False
"calm_mobile_baseline, sentiment_worsened_lead2",grocery_spike,78,11.87214611872146,83.33333333333334,1.9623655913978497,0.04851858801943246,False
"calm_mobile_baseline, sentiment_worsened_lead2",grocery_spike_lead2,78,11.87214611872146,84.61538461538461,1.978373939228032,0.04967925328218066,False
"calm_mobile_baseline, sentiment_worsened_lead2",grocery_spike_lead7,78,11.87214611872146,85.8974358974359,1.9732383001613771,0.050297811416220126,False
"calm_mobile_baseline, sentiment_worsened_lead7",grocery_spike,70,10.6544901065449,84.28571428571429,1.9847926267281106,0.044557035925022415,False
"calm_mobile_baseline, sentiment_worsened_lead7",grocery_spike_lead2,70,10.6544901065449,81.42857142857143,1.9038637519064565,0.04118855829620826,False
"calm_mobile_baseline, sentiment_worsened_lead7",grocery_spike_lead7,70,10.6544901065449,82.85714285714286,1.9033966033966037,0.04189978431549708,False
"calm_mobile_baseline, sentiment_improved_lead2",grocery_spike,76,11.56773211567732,89.47368421052632,2.106960950764007,0.0543775150643231,False
"calm_mobile_baseline, sentiment_improved_lead2",grocery_spike_lead2,76,11.56773211567732,81.57894736842105,1.9073796591121934,0.04489295700905133,False
"calm_mobile_baseline, sentiment_improved_lead2",grocery_spike_lead7,76,11.56773211567732,88.1578947368421,2.0251656238498343,0.05162296217528594,False
"calm_mobile_baseline, sentiment_improved_lead7",grocery_spike,77,11.71993911719939,81.81818181818183,1.926686217008798,0.04612080648860532,False
"calm_mobile_baseline, sentiment_improved_lead7",grocery_spike_lead2,77,11.71993911719939,81.81818181818183,1.912973147848593,0.0457640351303953,False
"calm_mobile_baseline, sentiment_improved_lead7",grocery_spike_lead7,77,11.71993911719939,81.81818181818183,1.8795295613477434,0.04487210673487023,False
"calm_mobile_baseline, solidarity_messages_lead2",grocery_spike,98,14.916286149162861,82.6530612244898,1.9463462804476632,0.05994453827067826,False
"calm_mobile_baseline, solidarity_messages_lead2",grocery_spike_lead2,98,14.916286149162861,82.6530612244898,1.9324932820103131,0.0594904656329564,False
"calm_mobile_baseline, solidarity_messages_lead2",grocery_spike_lead7,98,14.916286149162861,82.6530612244898,1.8987084344227203,0.05835528403865177,False
"calm_mobile_baseline, solidarity_messages_lead7",grocery_spike,93,14.15525114155251,80.64516129032258,1.8990634755463058,0.05404391067742541,False
"calm_mobile_baseline, solidarity_messages_lead7",grocery_spike_lead2,93,14.15525114155251,79.56989247311827,1.8604063827344737,0.052090934995795195,False
"calm_mobile_baseline, solidarity_messages_lead7",grocery_spike_lead7,93,14.15525114155251,82.79569892473118,1.9019851116625313,0.055579880875433516,False
"calm_mobile_baseline, compliance_discussed_lead2",grocery_spike,81,12.32876712328767,83.9506172839506,1.9769016328156113,0.051145722566251745,False
"calm_mobile_baseline, compliance_discussed_lead2",grocery_spike_lead2,81,12.32876712328767,82.71604938271605,1.9339659944642151,0.04924834761577115,False
"calm_mobile_baseline, compliance_discussed_lead2",grocery_spike_lead7,81,12.32876712328767,82.71604938271605,1.9001554001554002,0.0483100852776214,False
"calm_mobile_baseline, compliance_discussed_lead7",grocery_spike,84,12.785388127853881,79.76190476190477,1.8782642089093704,0.04768457705218824,False
"calm_mobile_baseline, compliance_discussed_lead7",vaccine_mentioned_lag7,84,12.785388127853881,80.95238095238095,1.802905569007264,0.046093006123030515,False
"calm_mobile_baseline, compliance_discussed_lead7",grocery_spike_lead2,84,12.785388127853881,77.38095238095238,1.809227249618709,0.044251231903699534,False
"calm_mobile_baseline, compliance_discussed_lead7",grocery_spike_lead7,84,12.785388127853881,79.76190476190477,1.8322927072927075,0.046322359139022676,False
"dominant_emotion_fear_lag1, grocery_spike_lead2",grocery_spike,231,35.15981735159817,91.77489177489177,2.1611506772797098,0.17337002981589208,False
"dominant_emotion_fear_lag1, grocery_spike_lead2",calm_mobile_baseline,231,35.15981735159817,76.62337662337663,1.9819511197463955,0.1334765052160436,False
"dominant_emotion_fear_lag1, grocery_spike_lead2",grocery_spike_lead7,231,35.15981735159817,91.77489177489177,2.1082553809826536,0.1696239305546868,False
"dominant_emotion_fear_lag1, grocery_spike_lead7",grocery_spike,235,35.76864535768645,91.91489361702128,2.164447494852437,0.1768728758783178,False
"dominant_emotion_fear_lag1, grocery_spike_lead7",calm_mobile_baseline,235,35.76864535768645,77.02127659574468,1.9922432568269393,0.1372110209915927,False
"dominant_emotion_fear_lag1, grocery_spike_lead7",grocery_spike_lead2,235,35.76864535768645,90.2127659574468,2.109245097296888,0.16969574816575506,False
"dominant_emotion_fear_lag1, mobility_drop_retail_lead2",mobility_drop_retail,122,18.56925418569254,85.24590163934425,3.9720962678758283,0.11844345753146654,False
"dominant_emotion_fear_lag1, mobility_drop_retail_lead2",residential_increase,122,18.56925418569254,100.0,2.273356401384083,0.10401043440387908,False
"dominant_emotion_fear_lag1, mobility_drop_retail_lead2",mobility_drop_retail_lead7,122,18.56925418569254,81.9672131147541,3.819323334495989,0.11235517747058374,False
"dominant_emotion_fear_lag1, mobility_drop_retail_lead2",mobility_drop_transit_lead2,122,18.56925418569254,100.0,1.8099173553719008,0.08309529270309904,False
"dominant_emotion_fear_lag1, mobility_drop_retail_lead2",mobility_drop_transit_lead7,122,18.56925418569254,100.0,1.8099173553719008,0.08309529270309904,False
"dominant_emotion_fear_lag1, mobility_drop_retail_lead2",residential_increase_lead2,122,18.56925418569254,96.72131147540983,2.1988201259288673,0.09792215434299628,False
"dominant_emotion_fear_lag1, mobility_drop_retail_lead2",residential_increase_lead7,122,18.56925418569254,99.18032786885246,2.254722332520279,0.10248836438865838,False
"dominant_emotion_fear_lag1, mobility_drop_retail_lead7",mobility_drop_retail,121,18.41704718417047,91.73553719008265,4.274485669069809,0.1294246019335154,False
"dominant_emotion_fear_lag1, mobility_drop_retail_lead7",residential_increase,121,18.41704718417047,95.0413223140496,2.1606279847865255,0.09402546976826079,False
"dominant_emotion_fear_lag1, mobility_drop_retail_lead7",mobility_drop_retail_lead2,121,18.41704718417047,82.64462809917356,3.8508879901529807,0.11268183176608772,False
"dominant_emotion_fear_lag1, mobility_drop_retail_lead7",mobility_drop_transit_lead7,121,18.41704718417047,100.0,1.8099173553719008,0.08241418374651625,False
"dominant_emotion_fear_lag1, mobility_drop_retail_lead7",residential_increase_lead2,121,18.41704718417047,95.86776859504133,2.179416054219452,0.09554753978348149,False
"dominant_emotion_fear_lag1, mobility_drop_retail_lead7",residential_increase_lead7,121,18.41704718417047,97.52066115702479,2.216992193085304,0.09859167981392289,False
"dominant_emotion_fear_lag1, mobility_drop_workplace_lead2",mobility_drop_retail,96,14.61187214611872,83.33333333333334,3.8829787234042556,0.09040678884927336,False
"dominant_emotion_fear_lag1, mobility_drop_workplace_lead2",mobility_drop_workplace,96,14.61187214611872,78.125,4.797021028037383,0.09035813820951745,False
"dominant_emotion_fear_lag1, mobility_drop_workplace_lead2",residential_increase,96,14.61187214611872,91.66666666666666,2.0839100346020762,0.06966771613046711,False
"dominant_emotion_fear_lag1, mobility_drop_workplace_lead2",mobility_drop_retail_lead2,96,14.61187214611872,81.25,3.7859042553191493,0.08736264881883196,False
"dominant_emotion_fear_lag1, mobility_drop_workplace_lead2",mobility_drop_retail_lead7,96,14.61187214611872,83.33333333333334,3.8829787234042556,0.09040678884927336,False
"dominant_emotion_fear_lag1, mobility_drop_workplace_lead2",residential_increase_lead2,96,14.61187214611872,100.0,2.273356401384083,0.08184427625223271,False
"dominant_emotion_fear_lag1, mobility_drop_workplace_lead2",residential_increase_lead7,96,14.61187214611872,87.5,1.9891868512110729,0.06357943606958431,False
"dominant_emotion_fear_lag1, mobility_drop_workplace_lead2",severe_lockdown_behavior_lead2,96,14.61187214611872,81.25,6.135775862068966,0.09937240674714873,False
"dominant_emotion_fear_lag1, mobility_drop_workplace_lead7",mobility_drop_retail,89,13.54642313546423,80.89887640449437,3.7695433899115467,0.08051680879603566,False
"dominant_emotion_fear_lag1, mobility_drop_workplace_lead7",mobility_drop_workplace,89,13.54642313546423,78.65168539325843,4.82936049564213,0.08448299428470818,False
"dominant_emotion_fear_lag1, mobility_drop_workplace_lead7",residential_increase,89,13.54642313546423,94.3820224719101,2.1456397496209325,0.06826611436607058,False
"dominant_emotion_fear_lag1, mobility_drop_workplace_lead7",severe_lockdown_behavior,89,13.54642313546423,78.65168539325843,5.9395583107322745,0.0886067151783046,False
"dominant_emotion_fear_lag1, mobility_drop_workplace_lead7",mobility_drop_retail_lead2,89,13.54642313546423,83.14606741573034,3.874252928520201,0.08356094882647706,False
"dominant_emotion_fear_lag1, mobility_drop_workplace_lead7",mobility_drop_retail_lead7,89,13.54642313546423,83.14606741573034,3.874252928520201,0.08356094882647706,False
"dominant_emotion_fear_lag1, mobility_drop_workplace_lead7",mobility_drop_workplace_lead2,89,13.54642313546423,76.40449438202246,4.691378767195212,0.08143885425426678,False
"dominant_emotion_fear_lag1, mobility_drop_workplace_lead7",residential_increase_lead2,89,13.54642313546423,91.01123595505618,2.069009758563042,0.06369990432040848,False
"dominant_emotion_fear_lag1, mobility_drop_workplace_lead7",residential_increase_lead7,89,13.54642313546423,100.0,2.273356401384083,0.07587646444217408,False
"dominant_emotion_fear_lag1, mobility_drop_workplace_lead7",severe_lockdown_behavior_lead2,89,13.54642313546423,76.40449438202246,5.769856644711353,0.0855625751478632,False
"dominant_emotion_fear_lag1, mobility_drop_workplace_lead7",severe_lockdown_behavior_lead7,89,13.54642313546423,83.14606741573034,6.278961642774119,0.0946949952391874,False
"dominant_emotion_fear_lag1, residential_increase_lead2",residential_increase,253,38.50837138508371,82.21343873517787,1.8690044722841475,0.14720061902147347,False
"dominant_emotion_fear_lag1, residential_increase_lead7",residential_increase,247,37.595129375951295,89.06882591093117,2.024851855483799,0.1694826120296815,False
"dominant_emotion_fear_lag1, residential_increase_lead7",residential_increase_lead2,247,37.595129375951295,80.16194331983806,1.8223666699354188,0.1359970716948261,False
"dominant_emotion_fear_lag1, severe_lockdown_behavior_lead2",mobility_drop_retail,78,11.87214611872146,100.0,4.659574468085107,0.0932424261379037,False
"dominant_emotion_fear_lag1, severe_lockdown_behavior_lead2",mobility_drop_transit,78,11.87214611872146,100.0,1.8099173553719008,0.053126498613456766,False
"dominant_emotion_fear_lag1, severe_lockdown_behavior_lead2",mobility_drop_workplace,78,11.87214611872146,89.74358974358975,5.510424155283969,0.08720974680817052,False
"dominant_emotion_fear_lag1, severe_lockdown_behavior_lead2",residential_increase,78,11.87214611872146,100.0,2.273356401384083,0.06649847445493909,False
"dominant_emotion_fear_lag1, severe_lockdown_behavior_lead2",severe_lockdown_behavior,78,11.87214611872146,89.74358974358975,6.777188328912468,0.09082379433289547,False
"dominant_emotion_fear_lag1, severe_lockdown_behavior_lead2",mobility_drop_retail_lead2,78,11.87214611872146,100.0,4.659574468085107,0.0932424261379037,False
"dominant_emotion_fear_lag1, severe_lockdown_behavior_lead2",mobility_drop_retail_lead7,78,11.87214611872146,100.0,4.659574468085107,0.0932424261379037,False
"dominant_emotion_fear_lag1, severe_lockdown_behavior_lead2",mobility_drop_transit_lead2,78,11.87214611872146,100.0,1.8099173553719008,0.053126498613456766,False
"dominant_emotion_fear_lag1, severe_lockdown_behavior_lead2",mobility_drop_transit_lead7,78,11.87214611872146,100.0,1.8099173553719008,0.053126498613456766,False
"dominant_emotion_fear_lag1, severe_lockdown_behavior_lead2",mobility_drop_workplace_lead2,78,11.87214611872146,100.0,6.140186915887851,0.09938630692993612,False
"dominant_emotion_fear_lag1, severe_lockdown_behavior_lead2",mobility_drop_workplace_lead7,78,11.87214611872146,87.17948717948718,5.352983465132998,0.08416560677772912,False
"dominant_emotion_fear_lag1, severe_lockdown_behavior_lead2",residential_increase_lead2,78,11.87214611872146,100.0,2.273356401384083,0.06649847445493909,False
"dominant_emotion_fear_lag1, severe_lockdown_behavior_lead2",residential_increase_lead7,78,11.87214611872146,100.0,2.273356401384083,0.06649847445493909,False
"dominant_emotion_fear_lag1, severe_lockdown_behavior_lead2",severe_lockdown_behavior_lead7,78,11.87214611872146,87.17948717948718,6.583554376657825,0.08777965430245407,False
"dominant_emotion_fear_lag1, severe_lockdown_behavior_lead7",mobility_drop_retail,74,11.263318112633181,97.2972972972973,4.533640023001726,0.08541662322859545,False
"dominant_emotion_fear_lag1, severe_lockdown_behavior_lead7",mobility_drop_workplace,74,11.263318112633181,94.5945945945946,5.8082849204344535,0.08820129318033865,False
"dominant_emotion_fear_lag1, severe_lockdown_behavior_lead7",residential_increase,74,11.263318112633181,100.0,2.273356401384083,0.06308829627776272,False
"dominant_emotion_fear_lag1, severe_lockdown_behavior_lead7",severe_lockdown_behavior,74,11.263318112633181,94.5945945945946,7.143522833178006,0.09163000493456488,False
"dominant_emotion_fear_lag1, severe_lockdown_behavior_lead7",mobility_drop_retail_lead2,74,11.263318112633181,100.0,4.659574468085107,0.08846076325903685,False
"dominant_emotion_fear_lag1, severe_lockdown_behavior_lead7",mobility_drop_retail_lead7,74,11.263318112633181,100.0,4.659574468085107,0.08846076325903685,False
"dominant_emotion_fear_lag1, severe_lockdown_behavior_lead7",mobility_drop_transit_lead2,74,11.263318112633181,100.0,1.8099173553719008,0.05040206278712565,False
"dominant_emotion_fear_lag1, severe_lockdown_behavior_lead7",mobility_drop_transit_lead7,74,11.263318112633181,100.0,1.8099173553719008,0.05040206278712565,False
"dominant_emotion_fear_lag1, severe_lockdown_behavior_lead7",mobility_drop_workplace_lead2,74,11.263318112633181,91.8918918918919,5.642333922707755,0.08515715314989725,False
"dominant_emotion_fear_lag1, severe_lockdown_behavior_lead7",mobility_drop_workplace_lead7,74,11.263318112633181,100.0,6.140186915887851,0.09428957324122145,False
"dominant_emotion_fear_lag1, severe_lockdown_behavior_lead7",residential_increase_lead2,74,11.263318112633181,100.0,2.273356401384083,0.06308829627776272,False
"dominant_emotion_fear_lag1, severe_lockdown_behavior_lead7",residential_increase_lead7,74,11.263318112633181,100.0,2.273356401384083,0.06308829627776272,False
"dominant_emotion_fear_lag1, severe_lockdown_behavior_lead7",severe_lockdown_behavior_lead2,74,11.263318112633181,91.8918918918919,6.9394221808014915,0.08858586490412348,False
"dominant_emotion_fear_lag1, partial_restrictions_lead2",partial_restrictions,242,36.83409436834094,81.81818181818183,1.926686217008798,0.1449511061070453,False
"dominant_emotion_fear_lag1, partial_restrictions_lead2",partial_restrictions_lead7,242,36.83409436834094,80.99173553719008,1.907224740069315,0.1419069660766039,False
"dominant_emotion_fear_lag1, partial_restrictions_lead7",partial_restrictions,241,36.68188736681887,87.13692946058092,2.051934145362067,0.16386230478930797,False
"dominant_emotion_fear_lag1, partial_restrictions_lead7",partial_restrictions_lead2,241,36.68188736681887,81.32780082987551,1.9151385356712622,0.14255332457621817,False
"dominant_emotion_fear_lag3, grocery_spike_lead2",grocery_spike,233,35.46423135464231,91.41630901287554,2.152706631593521,0.17359938283188422,False
"dominant_emotion_fear_lag3, grocery_spike_lead2",grocery_spike_lead7,233,35.46423135464231,91.84549356223177,2.109877247216303,0.17134291982606237,False
"dominant_emotion_fear_lag3, grocery_spike_lead7",grocery_spike,236,35.920852359208524,91.94915254237289,2.165254237288136,0.17774858739392424,False
"dominant_emotion_fear_lag3, grocery_spike_lead7",grocery_spike_lead2,236,35.920852359208524,90.67796610169492,2.120121840883045,0.17208889630231972,False
"dominant_emotion_fear_lag3, mobility_drop_retail_lead2",mobility_drop_retail,121,18.41704718417047,85.9504132231405,4.0049235097591,0.11877011182697052,False
"dominant_emotion_fear_lag3, mobility_drop_retail_lead2",residential_increase,121,18.41704718417047,100.0,2.273356401384083,0.10315788985958499,False
"dominant_emotion_fear_lag3, mobility_drop_retail_lead2",mobility_drop_retail_lead7,121,18.41704718417047,82.64462809917356,3.8508879901529807,0.11268183176608772,False
"dominant_emotion_fear_lag3, mobility_drop_retail_lead2",mobility_drop_transit_lead2,121,18.41704718417047,100.0,1.8099173553719008,0.08241418374651625,False
"dominant_emotion_fear_lag3, mobility_drop_retail_lead2",mobility_drop_transit_lead7,121,18.41704718417047,100.0,1.8099173553719008,0.08241418374651625,False
"dominant_emotion_fear_lag3, mobility_drop_retail_lead2",residential_increase_lead2,121,18.41704718417047,96.69421487603306,2.198204123652378,0.09706960979870219,False
"dominant_emotion_fear_lag3, mobility_drop_retail_lead2",residential_increase_lead7,121,18.41704718417047,99.17355371900827,2.254568331951157,0.10163581984436429,False
"dominant_emotion_fear_lag3, mobility_drop_retail_lead7",mobility_drop_retail,121,18.41704718417047,92.56198347107438,4.312994548971338,0.1309466719487361,False
"dominant_emotion_fear_lag3, mobility_drop_retail_lead7",residential_increase,121,18.41704718417047,95.0413223140496,2.1606279847865255,0.09402546976826079,False
"dominant_emotion_fear_lag3, mobility_drop_retail_lead7",mobility_drop_retail_lead2,121,18.41704718417047,82.64462809917356,3.8508879901529807,0.11268183176608772,False
"dominant_emotion_fear_lag3, mobility_drop_retail_lead7",mobility_drop_transit_lead7,121,18.41704718417047,100.0,1.8099173553719008,0.08241418374651625,False
"dominant_emotion_fear_lag3, mobility_drop_retail_lead7",residential_increase_lead2,121,18.41704718417047,95.86776859504133,2.179416054219452,0.09554753978348149,False
"dominant_emotion_fear_lag3, mobility_drop_retail_lead7",residential_increase_lead7,121,18.41704718417047,96.69421487603306,2.198204123652378,0.09706960979870219,False
"dominant_emotion_fear_lag3, mobility_drop_transit_lead7",partial_restrictions_lead7,316,48.09741248097412,76.58227848101265,1.8033891384238465,0.16409165780530013,False
"dominant_emotion_fear_lag3, mobility_drop_workplace_lead2",mobility_drop_retail,94,14.30745814307458,81.91489361702128,3.8168854685378,0.08649388739461923,False
"dominant_emotion_fear_lag3, mobility_drop_workplace_lead2",mobility_drop_workplace,94,14.30745814307458,80.85106382978722,4.96440644263273,0.09237598141082222,False
"dominant_emotion_fear_lag3, mobility_drop_workplace_lead2",residential_increase,94,14.30745814307458,92.5531914893617,2.1040639034086728,0.06948469705709963,False
"dominant_emotion_fear_lag3, mobility_drop_workplace_lead2",mobility_drop_retail_lead2,94,14.30745814307458,79.7872340425532,3.717745586238117,0.08344974736417783,False
"dominant_emotion_fear_lag3, mobility_drop_workplace_lead2",mobility_drop_retail_lead7,94,14.30745814307458,81.91489361702128,3.8168854685378,0.08649388739461923,False
"dominant_emotion_fear_lag3, mobility_drop_workplace_lead2",residential_increase_lead2,94,14.30745814307458,100.0,2.273356401384083,0.08013918716364453,False
"dominant_emotion_fear_lag3, mobility_drop_workplace_lead2",residential_increase_lead7,94,14.30745814307458,86.17021276595744,1.958956048001178,0.06035227696577543,False
"dominant_emotion_fear_lag3, mobility_drop_workplace_lead2",severe_lockdown_behavior_lead2,94,14.30745814307458,79.7872340425532,6.025311812179017,0.09520930200232133,False
"dominant_emotion_fear_lag3, mobility_drop_workplace_lead7",mobility_drop_retail,91,13.850837138508371,81.31868131868131,3.789104512508768,0.0829076402354691,False
"dominant_emotion_fear_lag3, mobility_drop_workplace_lead7",mobility_drop_workplace,91,13.850837138508371,78.02197802197803,4.790695286022389,0.08550929111384481,False
"dominant_emotion_fear_lag3, mobility_drop_workplace_lead7",residential_increase,91,13.850837138508371,93.4065934065934,2.123464770523594,0.06844913343943806,False
"dominant_emotion_fear_lag3, mobility_drop_workplace_lead7",severe_lockdown_behavior,91,13.850837138508371,78.02197802197803,5.8920045471769615,0.08972567989269059,False
"dominant_emotion_fear_lag3, mobility_drop_workplace_lead7",mobility_drop_retail_lead2,91,13.850837138508371,81.31868131868131,3.789104512508768,0.0829076402354691,False
"dominant_emotion_fear_lag3, mobility_drop_workplace_lead7",mobility_drop_retail_lead7,91,13.850837138508371,81.31868131868131,3.789104512508768,0.0829076402354691,False
"dominant_emotion_fear_lag3, mobility_drop_workplace_lead7",residential_increase_lead2,91,13.850837138508371,90.10989010989012,2.04851895509335,0.06388292339377596,False
"dominant_emotion_fear_lag3, mobility_drop_workplace_lead7",residential_increase_lead7,91,13.850837138508371,100.0,2.273356401384083,0.07758155353076227,False
"dominant_emotion_fear_lag3, mobility_drop_workplace_lead7",severe_lockdown_behavior_lead7,91,13.850837138508371,81.31868131868131,6.140962485790072,0.09429188993835269,False
"dominant_emotion_fear_lag3, residential_increase_lead2",residential_increase,252,38.35616438356164,82.93650793650794,1.8854424122590214,0.14939221450762077,False
"dominant_emotion_fear_lag3, residential_increase_lead7",residential_increase,253,38.50837138508371,88.14229249011858,2.0037884486507926,0.17003166924978397,False
"dominant_emotion_fear_lag3, severe_lockdown_behavior_lead2",mobility_drop_retail,75,11.415525114155251,100.0,4.659574468085107,0.08965617897875357,False
"dominant_emotion_fear_lag3, severe_lockdown_behavior_lead2",mobility_drop_transit,75,11.415525114155251,100.0,1.8099173553719008,0.051083171743708425,False
"dominant_emotion_fear_lag3, severe_lockdown_behavior_lead2",mobility_drop_workplace,75,11.415525114155251,93.33333333333333,5.730841121495327,0.08795340658729661,False
"dominant_emotion_fear_lag3, severe_lockdown_behavior_lead2",residential_increase,75,11.415525114155251,100.0,2.273356401384083,0.06394084082205681,False
"dominant_emotion_fear_lag3, severe_lockdown_behavior_lead2",severe_lockdown_behavior,75,11.415525114155251,93.33333333333333,7.048275862068966,0.09142845228414753,False
"dominant_emotion_fear_lag3, severe_lockdown_behavior_lead2",mobility_drop_retail_lead2,75,11.415525114155251,100.0,4.659574468085107,0.08965617897875357,False
"dominant_emotion_fear_lag3, severe_lockdown_behavior_lead2",mobility_drop_retail_lead7,75,11.415525114155251,100.0,4.659574468085107,0.08965617897875357,False
"dominant_emotion_fear_lag3, severe_lockdown_behavior_lead2",mobility_drop_transit_lead2,75,11.415525114155251,100.0,1.8099173553719008,0.051083171743708425,False
"dominant_emotion_fear_lag3, severe_lockdown_behavior_lead2",mobility_drop_transit_lead7,75,11.415525114155251,100.0,1.8099173553719008,0.051083171743708425,False
"dominant_emotion_fear_lag3, severe_lockdown_behavior_lead2",mobility_drop_workplace_lead2,75,11.415525114155251,100.0,6.140186915887851,0.09556375666340011,False
"dominant_emotion_fear_lag3, severe_lockdown_behavior_lead2",mobility_drop_workplace_lead7,75,11.415525114155251,88.0,5.403364485981308,0.08186512652641381,False
"dominant_emotion_fear_lag3, severe_lockdown_behavior_lead2",residential_increase_lead2,75,11.415525114155251,100.0,2.273356401384083,0.06394084082205681,False
"dominant_emotion_fear_lag3, severe_lockdown_behavior_lead2",residential_increase_lead7,75,11.415525114155251,100.0,2.273356401384083,0.06394084082205681,False
"dominant_emotion_fear_lag3, severe_lockdown_behavior_lead2",severe_lockdown_behavior_lead7,75,11.415525114155251,88.0,6.645517241379311,0.08534017222326473,False
"dominant_emotion_fear_lag3, severe_lockdown_behavior_lead7",mobility_drop_retail,74,11.263318112633181,98.64864864864865,4.596607245543416,0.08693869324381615,False
"dominant_emotion_fear_lag3, severe_lockdown_behavior_lead7",mobility_drop_workplace,74,11.263318112633181,95.94594594594594,5.891260419297803,0.08972336319555935,False
"dominant_emotion_fear_lag3, severe_lockdown_behavior_lead7",residential_increase,74,11.263318112633181,100.0,2.273356401384083,0.06308829627776272,False
"dominant_emotion_fear_lag3, severe_lockdown_behavior_lead7",severe_lockdown_behavior,74,11.263318112633181,95.94594594594594,7.245573159366263,0.09315207494978558,False
"dominant_emotion_fear_lag3, severe_lockdown_behavior_lead7",mobility_drop_retail_lead2,74,11.263318112633181,100.0,4.659574468085107,0.08846076325903685,False
"dominant_emotion_fear_lag3, severe_lockdown_behavior_lead7",mobility_drop_retail_lead7,74,11.263318112633181,100.0,4.659574468085107,0.08846076325903685,False
"dominant_emotion_fear_lag3, severe_lockdown_behavior_lead7",mobility_drop_transit_lead2,74,11.263318112633181,100.0,1.8099173553719008,0.05040206278712565,False
"dominant_emotion_fear_lag3, severe_lockdown_behavior_lead7",mobility_drop_transit_lead7,74,11.263318112633181,100.0,1.8099173553719008,0.05040206278712565,False
"dominant_emotion_fear_lag3, severe_lockdown_behavior_lead7",mobility_drop_workplace_lead2,74,11.263318112633181,89.1891891891892,5.476382924981056,0.08211301311945585,False
"dominant_emotion_fear_lag3, severe_lockdown_behavior_lead7",mobility_drop_workplace_lead7,74,11.263318112633181,100.0,6.140186915887851,0.09428957324122145,False
"dominant_emotion_fear_lag3, severe_lockdown_behavior_lead7",residential_increase_lead2,74,11.263318112633181,100.0,2.273356401384083,0.06308829627776272,False
"dominant_emotion_fear_lag3, severe_lockdown_behavior_lead7",residential_increase_lead7,74,11.263318112633181,100.0,2.273356401384083,0.06308829627776272,False
"dominant_emotion_fear_lag3, severe_lockdown_behavior_lead7",severe_lockdown_behavior_lead2,74,11.263318112633181,89.1891891891892,6.7353215284249774,0.08554172487368208,False
"dominant_emotion_fear_lag3, partial_restrictions_lead2",partial_restrictions,244,37.13850837138508,82.78688524590164,1.9494976203067163,0.14974666916869958,False
"dominant_emotion_fear_lag3, partial_restrictions_lead2",partial_restrictions_lead7,244,37.13850837138508,80.73770491803278,1.9012427287149656,0.14213631909259608,False
"dominant_emotion_fear_lag3, partial_restrictions_lead7",partial_restrictions,245,37.29071537290715,86.93877551020408,2.047267939433838,0.165843080836513,False
"dominant_emotion_fear_lag3, partial_restrictions_lead7",partial_restrictions_lead2,245,37.29071537290715,80.40816326530611,1.8934825543120475,0.1414899605929818,False
"dominant_emotion_fear_lag7, grocery_spike_lead2",grocery_spike,231,35.15981735159817,92.20779220779221,2.17134478424801,0.17489209983111279,False
"dominant_emotion_fear_lag7, grocery_spike_lead2",calm_mobile_baseline,231,35.15981735159817,77.48917748917748,2.0043460476531343,0.136520645246485,False
"dominant_emotion_fear_lag7, grocery_spike_lead2",grocery_spike_lead7,231,35.15981735159817,92.20779220779221,2.1181999818363457,0.1711460005699075,False
"dominant_emotion_fear_lag7, grocery_spike_lead7",grocery_spike,236,35.920852359208524,92.79661016949152,2.1852104975396394,0.18079272742436564,False
"dominant_emotion_fear_lag7, grocery_spike_lead7",calm_mobile_baseline,236,35.920852359208524,77.11864406779661,1.9947617776591489,0.13814464993547998,False
"dominant_emotion_fear_lag7, grocery_spike_lead7",grocery_spike_lead2,236,35.920852359208524,90.2542372881356,2.1102147294770495,0.17056682628709902,False
"dominant_emotion_fear_lag7, mobility_drop_retail_lead2",mobility_drop_retail,117,17.80821917808219,87.17948717948718,4.062193126022914,0.11703258897854507,False
"dominant_emotion_fear_lag7, mobility_drop_retail_lead2",mobility_drop_transit,117,17.80821917808219,100.0,1.8099173553719008,0.07968974792018514,False
"dominant_emotion_fear_lag7, mobility_drop_retail_lead2",residential_increase,117,17.80821917808219,100.0,2.273356401384083,0.09974771168240862,False
"dominant_emotion_fear_lag7, mobility_drop_retail_lead2",mobility_drop_retail_lead7,117,17.80821917808219,83.76068376068376,3.9028914348063286,0.11094430891766227,False
"dominant_emotion_fear_lag7, mobility_drop_retail_lead2",mobility_drop_transit_lead2,117,17.80821917808219,100.0,1.8099173553719008,0.07968974792018514,False
"dominant_emotion_fear_lag7, mobility_drop_retail_lead2",mobility_drop_transit_lead7,117,17.80821917808219,100.0,1.8099173553719008,0.07968974792018514,False
"dominant_emotion_fear_lag7, mobility_drop_retail_lead2",residential_increase_lead2,117,17.80821917808219,96.58119658119658,2.195634815011978,0.09365943162152582,False
"dominant_emotion_fear_lag7, mobility_drop_retail_lead2",residential_increase_lead7,117,17.80821917808219,99.14529914529915,2.2539260047910568,0.09822564166718792,False
"dominant_emotion_fear_lag7, mobility_drop_retail_lead7",mobility_drop_retail,122,18.56925418569254,92.62295081967213,4.315835367980468,0.13214208766845284,False
"dominant_emotion_fear_lag7, mobility_drop_retail_lead7",residential_increase,122,18.56925418569254,93.44262295081968,2.1242838504736516,0.09183387428211348,False
"dominant_emotion_fear_lag7, mobility_drop_retail_lead7",mobility_drop_retail_lead2,122,18.56925418569254,80.32786885245902,3.7429368678060695,0.10931103744014234,False
"dominant_emotion_fear_lag7, mobility_drop_retail_lead7",mobility_drop_transit_lead7,122,18.56925418569254,100.0,1.8099173553719008,0.08309529270309904,False
"dominant_emotion_fear_lag7, mobility_drop_retail_lead7",residential_increase_lead2,122,18.56925418569254,95.90163934426229,2.1801860570650633,0.09640008432777558,False
"dominant_emotion_fear_lag7, mobility_drop_retail_lead7",residential_increase_lead7,122,18.56925418569254,96.72131147540983,2.1988201259288673,0.09792215434299628,False
"dominant_emotion_fear_lag7, mobility_drop_transit_lead7",partial_restrictions_lead7,316,48.09741248097412,76.89873417721519,1.8108411596570029,0.16561372782052083,False
"dominant_emotion_fear_lag7, mobility_drop_workplace_lead2",mobility_drop_retail,94,14.30745814307458,82.97872340425532,3.866455409687642,0.08801595740983993,False
"dominant_emotion_fear_lag7, mobility_drop_workplace_lead2",mobility_drop_workplace,94,14.30745814307458,79.7872340425532,4.899085305229668,0.09085391139560152,False
"dominant_emotion_fear_lag7, mobility_drop_workplace_lead2",residential_increase,94,14.30745814307458,92.5531914893617,2.1040639034086728,0.06948469705709963,False
"dominant_emotion_fear_lag7, mobility_drop_workplace_lead2",mobility_drop_retail_lead2,94,14.30745814307458,80.85106382978722,3.767315527387958,0.08497181737939853,False
"dominant_emotion_fear_lag7, mobility_drop_workplace_lead2",mobility_drop_retail_lead7,94,14.30745814307458,82.97872340425532,3.866455409687642,0.08801595740983993,False
"dominant_emotion_fear_lag7, mobility_drop_workplace_lead2",residential_increase_lead2,94,14.30745814307458,100.0,2.273356401384083,0.08013918716364453,False
"dominant_emotion_fear_lag7, mobility_drop_workplace_lead2",residential_increase_lead7,94,14.30745814307458,87.2340425531915,1.9831406905690938,0.06187434698099613,False
"dominant_emotion_fear_lag7, mobility_drop_workplace_lead2",severe_lockdown_behavior_lead2,94,14.30745814307458,80.85106382978722,6.105649303008071,0.09673137201754203,False
"dominant_emotion_fear_lag7, mobility_drop_workplace_lead7",mobility_drop_retail,89,13.54642313546423,80.89887640449437,3.7695433899115467,0.08051680879603566,False
"dominant_emotion_fear_lag7, mobility_drop_workplace_lead7",mobility_drop_workplace,89,13.54642313546423,77.52808988764045,4.760369631418671,0.08296092426948748,False
"dominant_emotion_fear_lag7, mobility_drop_workplace_lead7",residential_increase,89,13.54642313546423,92.13483146067416,2.094553088915672,0.06522197433562918,False
"dominant_emotion_fear_lag7, mobility_drop_workplace_lead7",severe_lockdown_behavior,89,13.54642313546423,77.52808988764045,5.8547074777218135,0.0870846451630839,False
"dominant_emotion_fear_lag7, mobility_drop_workplace_lead7",mobility_drop_retail_lead2,89,13.54642313546423,80.89887640449437,3.7695433899115467,0.08051680879603566,False
"dominant_emotion_fear_lag7, mobility_drop_workplace_lead7",mobility_drop_retail_lead7,89,13.54642313546423,82.02247191011236,3.821898159215874,0.08203887881125636,False
"dominant_emotion_fear_lag7, mobility_drop_workplace_lead7",mobility_drop_workplace_lead2,89,13.54642313546423,75.28089887640449,4.622387902971752,0.07991678423904608,False
"dominant_emotion_fear_lag7, mobility_drop_workplace_lead7",residential_increase_lead2,89,13.54642313546423,89.8876404494382,2.0434664282104116,0.06217783430518778,False
"dominant_emotion_fear_lag7, mobility_drop_workplace_lead7",residential_increase_lead7,89,13.54642313546423,100.0,2.273356401384083,0.07587646444217408,False
"dominant_emotion_fear_lag7, mobility_drop_workplace_lead7",severe_lockdown_behavior_lead2,89,13.54642313546423,75.28089887640449,5.685005811700891,0.0840405051326425,False
"dominant_emotion_fear_lag7, mobility_drop_workplace_lead7",severe_lockdown_behavior_lead7,89,13.54642313546423,82.02247191011236,6.194110809763658,0.0931729252239667,False
"dominant_emotion_fear_lag7, residential_increase_lead2",residential_increase,249,37.89954337899543,82.73092369477911,1.8807687497394423,0.1468345808747385,False
"dominant_emotion_fear_lag7, residential_increase_lead7",residential_increase,250,38.051750380517504,87.2,1.9823667820069206,0.1644298955864603,False
"dominant_emotion_fear_lag7, severe_lockdown_behavior_lead2",mobility_drop_retail,76,11.56773211567732,100.0,4.659574468085107,0.09085159469847029,False
"dominant_emotion_fear_lag7, severe_lockdown_behavior_lead2",mobility_drop_transit,76,11.56773211567732,100.0,1.8099173553719008,0.05176428070029121,False
"dominant_emotion_fear_lag7, severe_lockdown_behavior_lead2",mobility_drop_workplace,76,11.56773211567732,92.10526315789474,5.655435317265126,0.08770551999425459,False
"dominant_emotion_fear_lag7, severe_lockdown_behavior_lead2",residential_increase,76,11.56773211567732,100.0,2.273356401384083,0.0647933853663509,False
"dominant_emotion_fear_lag7, severe_lockdown_behavior_lead2",severe_lockdown_behavior,76,11.56773211567732,92.10526315789474,6.955535390199637,0.09122689963373018,False
"dominant_emotion_fear_lag7, severe_lockdown_behavior_lead2",mobility_drop_retail_lead2,76,11.56773211567732,100.0,4.659574468085107,0.09085159469847029,False
"dominant_emotion_fear_lag7, severe_lockdown_behavior_lead2",mobility_drop_retail_lead7,76,11.56773211567732,100.0,4.659574468085107,0.09085159469847029,False
"dominant_emotion_fear_lag7, severe_lockdown_behavior_lead2",mobility_drop_transit_lead2,76,11.56773211567732,100.0,1.8099173553719008,0.05176428070029121,False
"dominant_emotion_fear_lag7, severe_lockdown_behavior_lead2",mobility_drop_transit_lead7,76,11.56773211567732,100.0,1.8099173553719008,0.05176428070029121,False
"dominant_emotion_fear_lag7, severe_lockdown_behavior_lead2",mobility_drop_workplace_lead2,76,11.56773211567732,100.0,6.140186915887851,0.09683794008557879,False
"dominant_emotion_fear_lag7, severe_lockdown_behavior_lead2",mobility_drop_workplace_lead7,76,11.56773211567732,88.1578947368421,5.413059517953763,0.08313930994859249,False
"dominant_emotion_fear_lag7, severe_lockdown_behavior_lead2",residential_increase_lead2,76,11.56773211567732,100.0,2.273356401384083,0.0647933853663509,False
"dominant_emotion_fear_lag7, severe_lockdown_behavior_lead2",residential_increase_lead7,76,11.56773211567732,100.0,2.273356401384083,0.0647933853663509,False
"dominant_emotion_fear_lag7, severe_lockdown_behavior_lead2",severe_lockdown_behavior_lead7,76,11.56773211567732,88.1578947368421,6.657441016333938,0.08666068958806808,False
"dominant_emotion_fear_lag7, severe_lockdown_behavior_lead7",mobility_drop_retail,73,11.11111111111111,97.26027397260275,4.531914893617022,0.08422120750887874,False
"dominant_emotion_fear_lag7, severe_lockdown_behavior_lead7",mobility_drop_workplace,73,11.11111111111111,94.52054794520548,5.80373831775701,0.08692710975815998,False
"dominant_emotion_fear_lag7, severe_lockdown_behavior_lead7",residential_increase,73,11.11111111111111,98.63013698630137,2.2422145328719725,0.060713681718247925,False
"dominant_emotion_fear_lag7, severe_lockdown_behavior_lead7",severe_lockdown_behavior,73,11.11111111111111,94.52054794520548,7.137931034482759,0.09030948756976154,False
"dominant_emotion_fear_lag7, severe_lockdown_behavior_lead7",mobility_drop_retail_lead2,73,11.11111111111111,98.63013698630137,4.595744680851064,0.08574327752409944,False
"dominant_emotion_fear_lag7, severe_lockdown_behavior_lead7",mobility_drop_retail_lead7,73,11.11111111111111,100.0,4.659574468085107,0.08726534753932014,False
"dominant_emotion_fear_lag7, severe_lockdown_behavior_lead7",mobility_drop_transit_lead2,73,11.11111111111111,100.0,1.8099173553719008,0.04972095383054287,False
"dominant_emotion_fear_lag7, severe_lockdown_behavior_lead7",mobility_drop_transit_lead7,73,11.11111111111111,100.0,1.8099173553719008,0.04972095383054287,False
"dominant_emotion_fear_lag7, severe_lockdown_behavior_lead7",mobility_drop_workplace_lead2,73,11.11111111111111,91.78082191780823,5.635514018691589,0.08388296972771858,False
"dominant_emotion_fear_lag7, severe_lockdown_behavior_lead7",mobility_drop_workplace_lead7,73,11.11111111111111,100.0,6.140186915887851,0.09301538981904278,False
"dominant_emotion_fear_lag7, severe_lockdown_behavior_lead7",residential_increase_lead2,73,11.11111111111111,100.0,2.273356401384083,0.062235751733468625,False
"dominant_emotion_fear_lag7, severe_lockdown_behavior_lead7",residential_increase_lead7,73,11.11111111111111,100.0,2.273356401384083,0.062235751733468625,False
"dominant_emotion_fear_lag7, severe_lockdown_behavior_lead7",severe_lockdown_behavior_lead2,73,11.11111111111111,91.78082191780823,6.931034482758621,0.08726534753932014,False
"dominant_emotion_fear_lag7, partial_restrictions_lead2",partial_restrictions,242,36.83409436834094,83.47107438016529,1.9656091708877634,0.1510393861679281,False
"dominant_emotion_fear_lag7, partial_restrictions_lead2",partial_restrictions_lead7,242,36.83409436834094,81.81818181818183,1.926686217008798,0.1449511061070453,False
"dominant_emotion_fear_lag7, partial_restrictions_lead7",partial_restrictions,244,37.13850837138508,86.0655737704918,2.0267054468535166,0.16192322929046518,False
"dominant_emotion_fear_lag7, partial_restrictions_lead7",mobility_drop_transit_lead7,244,37.13850837138508,99.59016393442623,1.8024996612925077,0.16466851539097738,False
"dominant_emotion_fear_lag7, partial_restrictions_lead7",partial_restrictions_lead2,244,37.13850837138508,81.14754098360656,1.9108937070333158,0.14365838910781678,False
"high_positive_sentiment_lag1, sentiment_shift_detected_lag1",sentiment_improved_lag1,178,27.09284627092846,82.58426966292134,2.754206353732961,0.1425069906335935,False
"high_positive_sentiment_lag1, sentiment_improved_lag7",high_positive_sentiment_lag7,68,10.350076103500761,75.0,1.947628458498024,0.03776911333050696,False
"high_positive_sentiment_lag1, grocery_spike_lead2",grocery_spike,106,16.13394216133942,92.45283018867924,2.17711503347535,0.080648860532516,False
"high_positive_sentiment_lag1, grocery_spike_lead2",calm_mobile_baseline,106,16.13394216133942,77.35849056603774,2.0009656811766456,0.06243498768675475,False
"high_positive_sentiment_lag1, grocery_spike_lead2",grocery_spike_lead7,106,16.13394216133942,92.45283018867924,2.123829001187492,0.07892987126114041,False
"high_positive_sentiment_lag1, grocery_spike_lead7",grocery_spike,113,17.19939117199391,91.1504424778761,2.146445903511276,0.08373470111131961,False
"high_positive_sentiment_lag1, grocery_spike_lead7",calm_mobile_baseline,113,17.19939117199391,77.87610619469027,2.014354400390217,0.067448320278745,False
"high_positive_sentiment_lag1, grocery_spike_lead7",grocery_spike_lead2,113,17.19939117199391,86.72566371681415,2.0277139167952636,0.07560077748355724,False
"high_positive_sentiment_lag1, mobility_drop_transit_lead2",partial_restrictions_lead2,148,22.526636225266362,81.08108108108108,1.909328683522232,0.08698734388357207,False
"high_positive_sentiment_lag1, mobility_drop_transit_lead7",partial_restrictions_lead7,140,21.3089802130898,80.71428571428572,1.9006912442396315,0.08150372177394133,False
"high_positive_sentiment_lag1, residential_increase_lead7",residential_increase,110,16.7427701674277,90.9090909090909,2.066687637621894,0.07855919972014298,False
"high_positive_sentiment_lag1, residential_increase_lead7",residential_increase_lead2,110,16.7427701674277,80.0,1.8186851211072665,0.06029435953749458,False
"high_positive_sentiment_lag1, partial_restrictions_lead2",partial_restrictions,120,18.2648401826484,85.0,2.0016129032258063,0.07768812159879902,False
"high_positive_sentiment_lag1, partial_restrictions_lead2",mobility_drop_transit_lead2,120,18.2648401826484,100.0,1.8099173553719008,0.08173307478993348,False
"high_positive_sentiment_lag1, partial_restrictions_lead2",partial_restrictions_lead7,120,18.2648401826484,82.5,1.9427419354838709,0.07312191155313692,False
"high_positive_sentiment_lag1, partial_restrictions_lead7",partial_restrictions,115,17.50380517503805,92.17391304347827,2.1705469845722303,0.08700819415775317,False
"high_positive_sentiment_lag1, partial_restrictions_lead7",partial_restrictions_lead2,115,17.50380517503805,86.08695652173914,2.027208976157083,0.07635370405120827,False
"high_positive_sentiment_lag3, sentiment_shift_detected_lag3",sentiment_improved_lag3,177,26.94063926940639,82.48587570621469,2.750924890303708,0.1414413099532259,False
"high_positive_sentiment_lag3, sentiment_improved_lag7",high_positive_sentiment_lag7,84,12.785388127853881,75.0,1.947628458498024,0.046655963525920364,False
"high_positive_sentiment_lag3, grocery_spike_lead2",grocery_spike,104,15.82952815829528,93.26923076923077,2.1963399503722085,0.08041950751652384,False
"high_positive_sentiment_lag3, grocery_spike_lead2",grocery_spike_lead7,104,15.82952815829528,95.1923076923077,2.1867603550295858,0.08177709203542693,False
"high_positive_sentiment_lag3, grocery_spike_lead7",grocery_spike,107,16.28614916286149,89.7196261682243,2.1127524871872176,0.07695836200246033,False
"high_positive_sentiment_lag3, grocery_spike_lead7",grocery_spike_lead2,107,16.28614916286149,92.5233644859813,2.163268699903549,0.08102879886203837,False
"high_positive_sentiment_lag3, mobility_drop_transit_lead2",partial_restrictions_lead2,147,22.37442922374429,82.31292517006803,1.9383366249725698,0.08915577239840704,False
"high_positive_sentiment_lag3, mobility_drop_transit_lead7",partial_restrictions_lead7,145,22.07001522070015,82.06896551724138,1.9325917686318133,0.08740434936719418,False
"high_positive_sentiment_lag3, residential_increase_lead2",residential_increase,113,17.19939117199391,89.38053097345133,2.0319380224760386,0.07807269332258386,False
"high_positive_sentiment_lag3, residential_increase_lead2",residential_increase_lead7,113,17.19939117199391,82.30088495575221,1.8709924365373427,0.06589613320081826,False
"high_positive_sentiment_lag3, residential_increase_lead7",residential_increase,116,17.65601217656012,90.51724137931035,2.057779501252834,0.08215239697068683,False
"high_positive_sentiment_lag3, residential_increase_lead7",residential_increase_lead2,116,17.65601217656012,80.17241379310344,1.822604701109653,0.06388755678803842,False
"high_positive_sentiment_lag3, partial_restrictions_lead2",partial_restrictions,122,18.56925418569254,83.60655737704919,1.9687995769434163,0.07639540459957049,False
"high_positive_sentiment_lag3, partial_restrictions_lead2",partial_restrictions_lead7,122,18.56925418569254,81.9672131147541,1.930195663670016,0.07335126456912909,False
"high_positive_sentiment_lag3, partial_restrictions_lead7",partial_restrictions,121,18.41704718417047,86.77685950413223,2.0434550786456946,0.08160797314484686,False
"high_positive_sentiment_lag3, partial_restrictions_lead7",partial_restrictions_lead2,121,18.41704718417047,82.64462809917356,1.9461476939482807,0.07399762306874336,False
"high_positive_sentiment_lag7, sentiment_shift_detected_lag7",sentiment_improved_lag7,176,26.78843226788432,82.38636363636364,2.7476061375173053,0.14037562927285827,False
"high_positive_sentiment_lag7, sentiment_improved_lag3",high_positive_sentiment_lag3,89,13.54642313546423,75.28089887640449,1.9472264000707777,0.04960743567111241,False
"high_positive_sentiment_lag7, grocery_spike_lead2",grocery_spike,107,16.28614916286149,93.45794392523365,2.200783840820018,0.08304664206334313,False
"high_positive_sentiment_lag7, grocery_spike_lead2",calm_mobile_baseline,107,16.28614916286149,78.50467289719626,2.030612995805431,0.06489068664586273,False
"high_positive_sentiment_lag7, grocery_spike_lead2",grocery_spike_lead7,107,16.28614916286149,92.5233644859813,2.125449317038102,0.07978936589682821,False
"high_positive_sentiment_lag7, grocery_spike_lead7",grocery_spike,105,15.981735159817351,98.09523809523809,2.309984639016897,0.08890556910823377,False
"high_positive_sentiment_lag7, grocery_spike_lead7",calm_mobile_baseline,105,15.981735159817351,80.0,2.069291338582677,0.06606756878852957,False
"high_positive_sentiment_lag7, grocery_spike_lead7",grocery_spike_lead2,105,15.981735159817351,94.28571428571428,2.20447381799695,0.08233078264979185,False
"high_positive_sentiment_lag7, mobility_drop_transit_lead2",partial_restrictions_lead2,149,22.67884322678843,81.20805369127517,1.9123186836977704,0.0878630553991785,False
"high_positive_sentiment_lag7, mobility_drop_transit_lead7",partial_restrictions_lead7,144,21.91780821917808,84.72222222222221,1.9950716845878138,0.09261691791247055,False
"high_positive_sentiment_lag7, residential_increase_lead7",residential_increase,103,15.67732115677321,90.29126213592234,2.052642187657473,0.07259138791008435,False
"high_positive_sentiment_lag7, partial_restrictions_lead2",partial_restrictions,122,18.56925418569254,81.9672131147541,1.930195663670016,0.07335126456912909,False
"high_positive_sentiment_lag7, partial_restrictions_lead2",partial_restrictions_lead7,122,18.56925418569254,83.60655737704919,1.9687995769434163,0.07639540459957049,False
"high_positive_sentiment_lag7, partial_restrictions_lead7",partial_restrictions,123,18.72146118721461,88.6178861788618,2.086808287437713,0.08640353620650111,False
"high_positive_sentiment_lag7, partial_restrictions_lead7",partial_restrictions_lead2,123,18.72146118721461,82.92682926829268,1.95279307631786,0.07574904609995621,False
"solidarity_messages_lag1, sentiment_improved_lag1",high_positive_sentiment_lag1,113,17.19939117199391,78.76106194690266,2.0292555960437273,0.06870860351813626,False
"solidarity_messages_lag1, grocery_spike_lead2",grocery_spike,102,15.52511415525114,93.13725490196079,2.1932321315623025,0.07866808448531099,False
"solidarity_messages_lag1, grocery_spike_lead2",calm_mobile_baseline,102,15.52511415525114,77.45098039215686,2.003358036127837,0.060222541926426336,False
"solidarity_messages_lag1, grocery_spike_lead2",grocery_spike_lead7,102,15.52511415525114,89.2156862745098,2.0494652406417115,0.07092568267272714,False
"solidarity_messages_lag1, grocery_spike_lead7",grocery_spike,102,15.52511415525114,94.11764705882352,2.2163187855787476,0.08019015450053169,False
"solidarity_messages_lag1, grocery_spike_lead7",calm_mobile_baseline,102,15.52511415525114,78.43137254901961,2.028716998610468,0.061744611941647036,False
"solidarity_messages_lag1, grocery_spike_lead7",grocery_spike_lead2,102,15.52511415525114,89.2156862745098,2.0859325936780406,0.07210719820965646,False
"solidarity_messages_lag1, mobility_drop_retail_lead2",mobility_drop_retail,86,13.08980213089802,84.88372093023256,3.95522018802573,0.08301884169776833,False
"solidarity_messages_lag1, mobility_drop_retail_lead2",mobility_drop_transit,86,13.08980213089802,100.0,1.8099173553719008,0.05857537026611899,False
"solidarity_messages_lag1, mobility_drop_retail_lead2",residential_increase,86,13.08980213089802,100.0,2.273356401384083,0.0733188308092918,False
"solidarity_messages_lag1, mobility_drop_retail_lead2",mobility_drop_retail_lead7,86,13.08980213089802,80.23255813953489,3.7384957941613064,0.07693056163688552,False
"solidarity_messages_lag1, mobility_drop_retail_lead2",mobility_drop_transit_lead2,86,13.08980213089802,100.0,1.8099173553719008,0.05857537026611899,False
"solidarity_messages_lag1, mobility_drop_retail_lead2",mobility_drop_transit_lead7,86,13.08980213089802,100.0,1.8099173553719008,0.05857537026611899,False
"solidarity_messages_lag1, mobility_drop_retail_lead2",residential_increase_lead2,86,13.08980213089802,95.34883720930233,2.1676188943429633,0.067230550748409,False
"solidarity_messages_lag1, mobility_drop_retail_lead2",residential_increase_lead7,86,13.08980213089802,98.83720930232558,2.246922024623803,0.0717967607940711,False
"solidarity_messages_lag1, mobility_drop_retail_lead7",mobility_drop_retail,83,12.633181126331811,92.7710843373494,4.322737759548834,0.09008708464516307,False
"solidarity_messages_lag1, mobility_drop_retail_lead7",residential_increase,83,12.633181126331811,95.18072289156626,2.163797056739067,0.06467291711552674,False
"solidarity_messages_lag1, mobility_drop_retail_lead7",mobility_drop_retail_lead2,83,12.633181126331811,83.13253012048193,3.873622148167137,0.07791052452339747,False
"solidarity_messages_lag1, mobility_drop_retail_lead7",mobility_drop_transit_lead7,83,12.633181126331811,100.0,1.8099173553719008,0.05653204339637066,False
"solidarity_messages_lag1, mobility_drop_retail_lead7",residential_increase_lead2,83,12.633181126331811,95.18072289156626,2.163797056739067,0.06467291711552674,False
"solidarity_messages_lag1, mobility_drop_retail_lead7",residential_increase_lead7,83,12.633181126331811,96.3855421686747,2.1911868929003213,0.06619498713074744,False
"solidarity_messages_lag1, mobility_drop_workplace_lead7",mobility_drop_retail,67,10.197869101978691,86.56716417910447,4.033661479834868,0.06639422308403356,False
"solidarity_messages_lag1, mobility_drop_workplace_lead7",mobility_drop_workplace,67,10.197869101978691,82.08955223880598,5.040451945878087,0.06710544910332238,False
"solidarity_messages_lag1, mobility_drop_workplace_lead7",residential_increase,67,10.197869101978691,91.04477611940298,2.069772246036255,0.04798806437637988,False
"solidarity_messages_lag1, mobility_drop_workplace_lead7",severe_lockdown_behavior,67,10.197869101978691,82.08955223880598,6.199176531137417,0.07020982325917585,False
"solidarity_messages_lag1, mobility_drop_workplace_lead7",mobility_drop_retail_lead2,67,10.197869101978691,85.07462686567165,3.964115592251509,0.06487215306881286,False
"solidarity_messages_lag1, mobility_drop_workplace_lead7",mobility_drop_retail_lead7,67,10.197869101978691,86.56716417910447,4.033661479834868,0.06639422308403356,False
"solidarity_messages_lag1, mobility_drop_workplace_lead7",mobility_drop_workplace_lead2,67,10.197869101978691,76.11940298507463,4.673873622541498,0.061017169042439576,False
"solidarity_messages_lag1, mobility_drop_workplace_lead7",residential_increase_lead2,67,10.197869101978691,92.53731343283582,2.103702938594226,0.04951013439160058,False
"solidarity_messages_lag1, mobility_drop_workplace_lead7",residential_increase_lead7,67,10.197869101978691,100.0,2.273356401384083,0.05712048446770408,False
"solidarity_messages_lag1, mobility_drop_workplace_lead7",severe_lockdown_behavior_lead2,67,10.197869101978691,76.11940298507463,5.748327328872877,0.06412154319829305,False
"solidarity_messages_lag1, mobility_drop_workplace_lead7",severe_lockdown_behavior_lead7,67,10.197869101978691,86.56716417910447,6.537313432835821,0.07477603330483795,False
"solidarity_messages_lag1, residential_increase_lead2",residential_increase,149,22.67884322678843,84.56375838926175,1.9224356145932515,0.09202152674974343,False
"solidarity_messages_lag1, residential_increase_lead2",residential_increase_lead7,149,22.67884322678843,82.5503355704698,1.876663338055317,0.08745531670408133,False
"solidarity_messages_lag1, residential_increase_lead7",residential_increase,153,23.28767123287671,88.88888888888889,2.0207612456747404,0.10456412501824398,False
"solidarity_messages_lag1, residential_increase_lead7",residential_increase_lead2,153,23.28767123287671,80.3921568627451,1.8276002442499493,0.08477721482037488,False
"solidarity_messages_lag1, partial_restrictions_lead2",partial_restrictions,131,19.93911719939117,85.49618320610686,2.0132972174341295,0.08579887825524905,False
"solidarity_messages_lag1, partial_restrictions_lead2",mobility_drop_transit_lead2,131,19.93911719939117,100.0,1.8099173553719008,0.08922527331234405,False
"solidarity_messages_lag1, partial_restrictions_lead2",partial_restrictions_lead7,131,19.93911719939117,83.20610687022901,1.9593696133957155,0.08123266820958695,False
"solidarity_messages_lag1, partial_restrictions_lead7",partial_restrictions,127,19.330289193302892,88.9763779527559,2.095250190500381,0.08990638226892683,False
"solidarity_messages_lag1, partial_restrictions_lead7",partial_restrictions_lead2,127,19.330289193302892,85.8267716535433,2.0210820421640845,0.08381810220804403,False
"solidarity_messages_lag3, sentiment_improved_lag1",high_positive_sentiment_lag1,81,12.32876712328767,75.30864197530865,1.9403050108932463,0.04499489168282563,False
"solidarity_messages_lag3, sentiment_improved_lag3",high_positive_sentiment_lag3,113,17.19939117199391,78.76106194690266,2.037244791303742,0.0689703902939657,False
"solidarity_messages_lag3, sentiment_improved_lag7",high_positive_sentiment_lag7,107,16.28614916286149,76.63551401869158,1.9901001071257065,0.06209443320846336,False
"solidarity_messages_lag3, grocery_spike_lead2",grocery_spike,99,15.068493150684931,92.92929292929293,2.188334962528511,0.07604094993849168,False
"solidarity_messages_lag3, grocery_spike_lead2",calm_mobile_baseline,99,15.068493150684931,75.75757575757575,1.9595561918396565,0.0558995850795438,False
"solidarity_messages_lag3, grocery_spike_lead2",grocery_spike_lead7,99,15.068493150684931,91.91919191919192,2.1115702479338845,0.07291340881132587,False
"solidarity_messages_lag3, grocery_spike_lead7",grocery_spike,99,15.068493150684931,92.92929292929293,2.188334962528511,0.07604094993849168,False
"solidarity_messages_lag3, grocery_spike_lead7",calm_mobile_baseline,99,15.068493150684931,77.77777777777779,2.0118110236220472,0.0589437251099852,False
"solidarity_messages_lag3, grocery_spike_lead7",grocery_spike_lead2,99,15.068493150684931,91.91919191919192,2.149142672274345,0.07406017389128668,False
"solidarity_messages_lag3, mobility_drop_retail_lead2",mobility_drop_retail,84,12.785388127853881,86.90476190476191,4.049392097264438,0.0836721502887763,False
"solidarity_messages_lag3, mobility_drop_retail_lead2",mobility_drop_transit,84,12.785388127853881,100.0,1.8099173553719008,0.057213152352953434,False
"solidarity_messages_lag3, mobility_drop_retail_lead2",residential_increase,84,12.785388127853881,100.0,2.273356401384083,0.07161374172070362,False
"solidarity_messages_lag3, mobility_drop_retail_lead2",mobility_drop_retail_lead7,84,12.785388127853881,84.52380952380952,3.9384498480243164,0.0806280102583349,False
"solidarity_messages_lag3, mobility_drop_retail_lead2",mobility_drop_transit_lead2,84,12.785388127853881,100.0,1.8099173553719008,0.057213152352953434,False
"solidarity_messages_lag3, mobility_drop_retail_lead2",mobility_drop_transit_lead7,84,12.785388127853881,100.0,1.8099173553719008,0.057213152352953434,False
"solidarity_messages_lag3, mobility_drop_retail_lead2",residential_increase_lead2,84,12.785388127853881,96.42857142857143,2.1921651013346515,0.06704753167504152,False
"solidarity_messages_lag3, mobility_drop_retail_lead2",residential_increase_lead7,84,12.785388127853881,100.0,2.273356401384083,0.07161374172070362,False
"solidarity_messages_lag3, mobility_drop_retail_lead7",mobility_drop_retail,85,12.93759512937595,92.94117647058823,4.330663329161452,0.0924779160845965,False
"solidarity_messages_lag3, mobility_drop_retail_lead7",residential_increase,85,12.93759512937595,94.11764705882352,2.139629554243843,0.06485593618889421,False
"solidarity_messages_lag3, mobility_drop_retail_lead7",mobility_drop_retail_lead2,85,12.93759512937595,83.52941176470588,3.892115143929913,0.0803013559628309,False
"solidarity_messages_lag3, mobility_drop_retail_lead7",mobility_drop_transit_lead7,85,12.93759512937595,100.0,1.8099173553719008,0.05789426130953622,False
"solidarity_messages_lag3, mobility_drop_retail_lead7",residential_increase_lead2,85,12.93759512937595,97.6470588235294,2.219865662527987,0.06942214623455631,False
"solidarity_messages_lag3, mobility_drop_retail_lead7",residential_increase_lead7,85,12.93759512937595,95.29411764705881,2.1663749236718908,0.06637800620411491,False
"solidarity_messages_lag3, mobility_drop_workplace_lead7",mobility_drop_retail,66,10.045662100456621,78.78787878787878,3.6711798839458414,0.05758845728821334,False
"solidarity_messages_lag3, mobility_drop_workplace_lead7",mobility_drop_workplace,66,10.045662100456621,75.75757575757575,4.651656754460493,0.059742985620260904,False
"solidarity_messages_lag3, mobility_drop_workplace_lead7",residential_increase,66,10.045662100456621,92.42424242424242,2.1011324315822586,0.04865758984730649,False
"solidarity_messages_lag3, mobility_drop_workplace_lead7",severe_lockdown_behavior,66,10.045662100456621,75.75757575757575,5.721003134796239,0.0628010258334897,False
"solidarity_messages_lag3, mobility_drop_workplace_lead7",mobility_drop_retail_lead2,66,10.045662100456621,80.3030303030303,3.741779497098646,0.05911052730343404,False
"solidarity_messages_lag3, mobility_drop_workplace_lead7",mobility_drop_retail_lead7,66,10.045662100456621,81.81818181818183,3.812379110251451,0.06063259731865474,False
"solidarity_messages_lag3, mobility_drop_workplace_lead7",residential_increase_lead2,66,10.045662100456621,90.9090909090909,2.066687637621894,0.04713551983208579,False
"solidarity_messages_lag3, mobility_drop_workplace_lead7",residential_increase_lead7,66,10.045662100456621,100.0,2.273356401384083,0.05626793992340999,False
"solidarity_messages_lag3, mobility_drop_workplace_lead7",severe_lockdown_behavior_lead7,66,10.045662100456621,81.81818181818183,6.178683385579938,0.0688893058943725,False
"solidarity_messages_lag3, residential_increase_lead2",residential_increase,152,23.13546423135464,84.21052631578947,1.9144053906392278,0.093057090367405,False
"solidarity_messages_lag3, residential_increase_lead2",residential_increase_lead7,152,23.13546423135464,81.57894736842105,1.854580222181752,0.0869688103065222,False
"solidarity_messages_lag3, residential_increase_lead7",residential_increase,151,22.98325722983257,89.40397350993378,2.0324709548798094,0.10438110594487651,False
"solidarity_messages_lag3, residential_increase_lead7",residential_increase_lead2,151,22.98325722983257,82.11920529801324,1.8668622104081212,0.08763833577744881,False
"solidarity_messages_lag3, partial_restrictions_lead2",partial_restrictions,129,19.63470319634703,85.27131782945736,2.008002000500125,0.0840474552240362,False
"solidarity_messages_lag3, partial_restrictions_lead2",partial_restrictions_lead7,129,19.63470319634703,84.49612403100775,1.9897474368592147,0.0825253852088155,False
"solidarity_messages_lag3, partial_restrictions_lead7",partial_restrictions,136,20.700152207001523,86.02941176470588,2.025853889943074,0.09017743583328121,False
"solidarity_messages_lag3, partial_restrictions_lead7",partial_restrictions_lead2,136,20.700152207001523,80.14705882352942,1.8873339658444024,0.07800087571151561,False
"solidarity_messages_lag7, sentiment_improved_lag7",high_positive_sentiment_lag7,112,17.04718417047184,78.57142857142857,2.0403726708074537,0.06829623142877662,False
"solidarity_messages_lag7, grocery_spike_lead2",grocery_spike,94,14.30745814307458,92.5531914893617,2.1794783802333564,0.07166239236045954,False
"solidarity_messages_lag7, grocery_spike_lead2",calm_mobile_baseline,94,14.30745814307458,75.53191489361703,1.9537192159490704,0.052753510375328105,False
"solidarity_messages_lag7, grocery_spike_lead2",grocery_spike_lead7,94,14.30745814307458,89.36170212765957,2.0528195209046274,0.0655717956024455,False
"solidarity_messages_lag7, grocery_spike_lead7",grocery_spike,102,15.52511415525114,89.2156862745098,2.1008855154965214,0.07257980442442818,False
"solidarity_messages_lag7, grocery_spike_lead7",grocery_spike_lead2,102,15.52511415525114,82.35294117647058,1.9254762403181913,0.061452708103111556,False
"solidarity_messages_lag7, mobility_drop_retail_lead2",mobility_drop_retail,83,12.633181126331811,87.95180722891565,4.0981799538579855,0.08399880458428027,False
"solidarity_messages_lag7, mobility_drop_retail_lead2",residential_increase,83,12.633181126331811,100.0,2.273356401384083,0.07076119717640954,False
"solidarity_messages_lag7, mobility_drop_retail_lead2",mobility_drop_retail_lead7,83,12.633181126331811,83.13253012048193,3.873622148167137,0.07791052452339747,False
"solidarity_messages_lag7, mobility_drop_retail_lead2",mobility_drop_transit_lead2,83,12.633181126331811,100.0,1.8099173553719008,0.05653204339637066,False
"solidarity_messages_lag7, mobility_drop_retail_lead2",mobility_drop_transit_lead7,83,12.633181126331811,100.0,1.8099173553719008,0.05653204339637066,False
"solidarity_messages_lag7, mobility_drop_retail_lead2",residential_increase_lead2,83,12.633181126331811,97.59036144578313,2.218576729061575,0.06771705714596814,False
"solidarity_messages_lag7, mobility_drop_retail_lead2",residential_increase_lead7,83,12.633181126331811,100.0,2.273356401384083,0.07076119717640954,False
"solidarity_messages_lag7, mobility_drop_retail_lead7",mobility_drop_retail,81,12.32876712328767,93.82716049382715,4.371946414499606,0.08921832322095036,False
"solidarity_messages_lag7, mobility_drop_retail_lead7",residential_increase,81,12.32876712328767,95.06172839506173,2.1610918877354863,0.06296782802693855,False
"solidarity_messages_lag7, mobility_drop_retail_lead7",mobility_drop_retail_lead2,81,12.32876712328767,85.18518518518519,3.9692671394799057,0.07856383311440546,False
"solidarity_messages_lag7, mobility_drop_retail_lead7",mobility_drop_transit_lead7,81,12.32876712328767,100.0,1.8099173553719008,0.05516982548320509,False
"solidarity_messages_lag7, mobility_drop_retail_lead7",residential_increase_lead2,81,12.32876712328767,96.29629629629629,2.1891580161476356,0.06448989804215925,False
"solidarity_messages_lag7, mobility_drop_retail_lead7",residential_increase_lead7,81,12.32876712328767,95.06172839506173,2.1610918877354863,0.06296782802693855,False
"solidarity_messages_lag7, residential_increase_lead2",residential_increase,152,23.13546423135464,85.52631578947368,1.9443179748679658,0.0961012303978464,False
"solidarity_messages_lag7, residential_increase_lead2",residential_increase_lead7,152,23.13546423135464,80.26315789473685,1.8246676379530142,0.0839246702760808,False
"solidarity_messages_lag7, residential_increase_lead7",residential_increase,152,23.13546423135464,87.5,1.9891868512110729,0.1006674404435085,False
"solidarity_messages_lag7, residential_increase_lead7",residential_increase_lead2,152,23.13546423135464,80.26315789473685,1.8246676379530142,0.0839246702760808,False
"solidarity_messages_lag7, partial_restrictions_lead2",partial_restrictions,139,21.15677321156773,81.29496402877699,1.9143652819679742,0.0821500802735556,False
"solidarity_messages_lag7, partial_restrictions_lead2",partial_restrictions_lead7,139,21.15677321156773,79.13669064748201,1.8635414249245765,0.0775838702278935,False
"solidarity_messages_lag7, partial_restrictions_lead7",partial_restrictions,132,20.091324200913242,88.63636363636364,2.087243401759531,0.09276286983173829,False
"solidarity_messages_lag7, partial_restrictions_lead7",partial_restrictions_lead2,132,20.091324200913242,83.33333333333334,1.9623655913978497,0.08210837972519339,False
"compliance_discussed_lag1, sentiment_improved_lag1",high_positive_sentiment_lag1,81,12.32876712328767,76.5432098765432,1.9721132897603486,0.04651696169804633,False
"compliance_discussed_lag1, grocery_spike_lead2",grocery_spike,88,13.39421613394216,94.31818181818183,2.221041055718475,0.06945226329726237,False
"compliance_discussed_lag1, grocery_spike_lead2",grocery_spike_lead7,88,13.39421613394216,90.9090909090909,2.0883661792752704,0.06345896781876015,False
"compliance_discussed_lag1, grocery_spike_lead7",grocery_spike,88,13.39421613394216,97.72727272727273,2.3013196480938416,0.07401847334292447,False
"compliance_discussed_lag1, grocery_spike_lead7",vaccine_mentioned_lag1,88,13.39421613394216,81.81818181818183,1.809917355371901,0.04903984487396009,False
"compliance_discussed_lag1, grocery_spike_lead7",grocery_spike_lead2,88,13.39421613394216,90.9090909090909,2.12552571983177,0.06447831455650307,False
"compliance_discussed_lag1, residential_increase_lead2",residential_increase,106,16.13394216133942,83.9622641509434,1.908761506822485,0.06449453143642173,False
"compliance_discussed_lag1, residential_increase_lead2",residential_increase_lead7,106,16.13394216133942,83.01886792452831,1.8873147483188615,0.06297246142120103,False
"compliance_discussed_lag1, residential_increase_lead7",residential_increase,106,16.13394216133942,87.73584905660378,1.9945485408369787,0.07058281149730453,False
"compliance_discussed_lag1, residential_increase_lead7",residential_increase_lead2,106,16.13394216133942,83.01886792452831,1.8873147483188615,0.06297246142120103,False
"compliance_discussed_lag1, partial_restrictions_lead2",partial_restrictions,92,14.00304414003044,85.86956521739131,2.0220897615708275,0.06077854923792248,False
"compliance_discussed_lag1, partial_restrictions_lead2",mobility_drop_transit_lead2,92,14.00304414003044,100.0,1.8099173553719008,0.06266202400561567,False
"compliance_discussed_lag1, partial_restrictions_lead2",partial_restrictions_lead7,92,14.00304414003044,81.52173913043478,1.9197054698457223,0.05469026917703968,False
"compliance_discussed_lag1, partial_restrictions_lead7",partial_restrictions,95,14.45966514459665,87.36842105263159,2.0573853989813244,0.06492775379996246,False
"compliance_discussed_lag1, partial_restrictions_lead7",partial_restrictions_lead2,95,14.45966514459665,78.94736842105263,1.8590831918505943,0.05275119367819687,False
"compliance_discussed_lag3, sentiment_improved_lag3",high_positive_sentiment_lag3,81,12.32876712328767,75.30864197530865,1.9479440069991252,0.04518254415045558,False
"compliance_discussed_lag3, sentiment_improved_lag7",high_positive_sentiment_lag7,81,12.32876712328767,80.24691358024691,2.0838823012736056,0.05145847667896833,False
"compliance_discussed_lag3, grocery_spike_lead2",grocery_spike,85,12.93759512937595,92.94117647058823,2.1886148007590136,0.06530305873522237,False
"compliance_discussed_lag3, grocery_spike_lead2",calm_mobile_baseline,85,12.93759512937595,80.0,2.069291338582677,0.053483269971666796,False
"compliance_discussed_lag3, grocery_spike_lead2",vaccine_mentioned_lag3,85,12.93759512937595,82.35294117647058,1.8279014308426074,0.04825680124360302,False
"compliance_discussed_lag3, grocery_spike_lead2",grocery_spike_lead7,85,12.93759512937595,91.76470588235294,2.1080213903743314,0.06240255392691747,False
"compliance_discussed_lag3, grocery_spike_lead7",grocery_spike,86,13.08980213089802,91.86046511627907,2.163165791447862,0.0646567002356081,False
"compliance_discussed_lag3, grocery_spike_lead7",calm_mobile_baseline,86,13.08980213089802,79.06976744186046,2.0452298113898553,0.052894828900333375,False
"compliance_discussed_lag3, grocery_spike_lead7",grocery_spike_lead2,86,13.08980213089802,90.69767441860465,2.1205826367623932,0.06273615831381515,False
"compliance_discussed_lag3, residential_increase_lead2",residential_increase,102,15.52511415525114,89.2156862745098,2.0281905149603094,0.07021677335056956,False
"compliance_discussed_lag3, residential_increase_lead2",residential_increase_lead7,102,15.52511415525114,86.27450980392157,1.9613270913901895,0.06565056330490746,False
"compliance_discussed_lag3, residential_increase_lead7",residential_increase,106,16.13394216133942,91.50943396226415,2.0803355748514725,0.07667109155818733,False
"compliance_discussed_lag3, residential_increase_lead7",residential_increase_lead2,106,16.13394216133942,83.01886792452831,1.8873147483188615,0.06297246142120103,False
"compliance_discussed_lag3, partial_restrictions_lead2",partial_restrictions,94,14.30745814307458,80.85106382978722,1.9039121482498285,0.05491962219303184,False
"compliance_discussed_lag3, partial_restrictions_lead2",partial_restrictions_lead7,94,14.30745814307458,77.6595744680851,1.82875772134523,0.05035341214736974,False
"compliance_discussed_lag3, partial_restrictions_lead7",partial_restrictions,88,13.39421613394216,88.63636363636364,2.087243401759531,0.06184191322115886,False
"compliance_discussed_lag3, partial_restrictions_lead7",partial_restrictions_lead2,88,13.39421613394216,82.95454545454545,1.9534457478005867,0.05423156314505536,False
"compliance_discussed_lag7, sentiment_improved_lag1",high_positive_sentiment_lag1,66,10.045662100456621,78.78787878787878,2.029946524064171,0.040157628072809155,False
"compliance_discussed_lag7, sentiment_improved_lag7",high_positive_sentiment_lag7,81,12.32876712328767,75.30864197530865,1.9556433904259993,0.04537019661808553,False
"compliance_discussed_lag7, grocery_spike_lead2",grocery_spike,82,12.480974124809741,93.90243902439023,2.211250983477577,0.06419799420362378,False
"compliance_discussed_lag7, grocery_spike_lead2",calm_mobile_baseline,82,12.480974124809741,79.26829268292683,2.0503648934127137,0.05068238314000496,False
"compliance_discussed_lag7, grocery_spike_lead2",grocery_spike_lead7,82,12.480974124809741,93.90243902439023,2.157129455909944,0.0628682100502955,False
"compliance_discussed_lag7, grocery_spike_lead7",grocery_spike,94,14.30745814307458,90.42553191489363,2.129375428963624,0.06861825233001814,False
"compliance_discussed_lag7, grocery_spike_lead7",calm_mobile_baseline,94,14.30745814307458,76.59574468085107,1.981236388004691,0.054275580390548805,False
"compliance_discussed_lag7, grocery_spike_lead7",vaccine_mentioned_lag7,94,14.30745814307458,81.91489361702128,1.8243418680129824,0.05295737972287669,False
"compliance_discussed_lag7, grocery_spike_lead7",grocery_spike_lead2,94,14.30745814307458,81.91489361702128,1.915234345422882,0.056006153147580555,False
"compliance_discussed_lag7, residential_increase_lead2",residential_increase,102,15.52511415525114,84.31372549019608,1.916751475676776,0.06260642327446606,False
"compliance_discussed_lag7, residential_increase_lead7",residential_increase,98,14.916286149162861,87.75510204081633,1.9949862297860321,0.0652845251581725,False
"compliance_discussed_lag7, residential_increase_lead7",residential_increase_lead2,98,14.916286149162861,80.61224489795919,1.832603629687169,0.0546300350516276,False
"compliance_discussed_lag7, partial_restrictions_lead2",partial_restrictions,100,15.220700152207002,80.0,1.8838709677419356,0.05712975125622902,False
"compliance_discussed_lag7, partial_restrictions_lead2",mobility_drop_transit_lead2,100,15.220700152207002,100.0,1.8099173553719008,0.0681108956582779,False
"compliance_discussed_lag7, partial_restrictions_lead2",partial_restrictions_lead7,100,15.220700152207002,79.0,1.8603225806451615,0.05560768124100832,False
"compliance_discussed_lag7, partial_restrictions_lead7",partial_restrictions,94,14.30745814307458,88.29787234042553,2.0792724776938916,0.06557411229957674,False
"compliance_discussed_lag7, partial_restrictions_lead7",partial_restrictions_lead2,94,14.30745814307458,84.04255319148936,1.9790665751544272,0.05948583223869394,False
"health_concern_lag1, grocery_spike_lead2",grocery_spike,141,21.461187214611872,90.0709219858156,2.1210249370853353,0.10216634348741686,False
"health_concern_lag1, grocery_spike_lead2",grocery_spike_lead7,141,21.461187214611872,91.48936170212765,2.1016961761642614,0.10292390344933036,False
"health_concern_lag1, grocery_spike_lead7",grocery_spike,145,22.07001522070015,90.3448275862069,2.1274749721913238,0.10566918954984258,False
"health_concern_lag1, grocery_spike_lead7",grocery_spike_lead2,145,22.07001522070015,88.96551724137932,2.080083445821573,0.10195320735134333,False
"health_concern_lag1, mobility_drop_retail_lead2",mobility_drop_retail,91,13.850837138508371,85.71428571428571,3.9939209726443767,0.0889959202963519,False
"health_concern_lag1, mobility_drop_retail_lead2",mobility_drop_transit,91,13.850837138508371,100.0,1.8099173553719008,0.061980915049032886,False
"health_concern_lag1, mobility_drop_retail_lead2",residential_increase,91,13.850837138508371,100.0,2.273356401384083,0.07758155353076227,False
"health_concern_lag1, mobility_drop_retail_lead2",mobility_drop_retail_lead7,91,13.850837138508371,84.61538461538461,3.942716857610475,0.0874738502811312,False
"health_concern_lag1, mobility_drop_retail_lead2",mobility_drop_transit_lead2,91,13.850837138508371,100.0,1.8099173553719008,0.061980915049032886,False
"health_concern_lag1, mobility_drop_retail_lead2",mobility_drop_transit_lead7,91,13.850837138508371,100.0,1.8099173553719008,0.061980915049032886,False
"health_concern_lag1, mobility_drop_retail_lead2",residential_increase_lead2,91,13.850837138508371,96.7032967032967,2.1984105859538388,0.07301534348510016,False
"health_concern_lag1, mobility_drop_retail_lead2",residential_increase_lead7,91,13.850837138508371,98.9010989010989,2.2483744629073352,0.07605948351554156,False
"health_concern_lag1, mobility_drop_retail_lead7",mobility_drop_retail,95,14.45966514459665,89.47368421052632,4.16909294512878,0.09834379322088085,False
"health_concern_lag1, mobility_drop_retail_lead7",residential_increase,95,14.45966514459665,93.6842105263158,2.129775997086141,0.07185931161661442,False
"health_concern_lag1, mobility_drop_retail_lead7",mobility_drop_retail_lead2,95,14.45966514459665,81.05263157894737,3.7767077267637177,0.08616723309911525,False
"health_concern_lag1, mobility_drop_retail_lead7",mobility_drop_transit_lead7,95,14.45966514459665,100.0,1.8099173553719008,0.064705350875364,False
"health_concern_lag1, mobility_drop_retail_lead7",residential_increase_lead2,95,14.45966514459665,94.73684210526315,2.1537060644691315,0.07338138163183512,False
"health_concern_lag1, mobility_drop_retail_lead7",residential_increase_lead7,95,14.45966514459665,96.84210526315789,2.201566199235112,0.07642552166227652,False
"health_concern_lag1, mobility_drop_workplace_lead2",mobility_drop_retail,66,10.045662100456621,86.36363636363636,4.024177949709865,0.06519880736431684,False
"health_concern_lag1, mobility_drop_workplace_lead2",mobility_drop_workplace,66,10.045662100456621,83.33333333333334,5.116822429906542,0.0673533356963644,False
"health_concern_lag1, mobility_drop_workplace_lead2",residential_increase,66,10.045662100456621,93.93939393939394,2.1355772255426237,0.05017965986252719,False
"health_concern_lag1, mobility_drop_workplace_lead2",severe_lockdown_behavior,66,10.045662100456621,78.78787878787878,5.9498432601880875,0.0658451658639311,False
"health_concern_lag1, mobility_drop_workplace_lead2",mobility_drop_retail_lead2,66,10.045662100456621,83.33333333333334,3.8829787234042556,0.06215466733387544,False
"health_concern_lag1, mobility_drop_workplace_lead2",mobility_drop_retail_lead7,66,10.045662100456621,86.36363636363636,4.024177949709865,0.06519880736431684,False
"health_concern_lag1, mobility_drop_workplace_lead2",mobility_drop_workplace_lead7,66,10.045662100456621,80.3030303030303,4.930756159728122,0.064309195665923,False
"health_concern_lag1, mobility_drop_workplace_lead2",residential_increase_lead2,66,10.045662100456621,100.0,2.273356401384083,0.05626793992340999,False
"health_concern_lag1, mobility_drop_workplace_lead2",residential_increase_lead7,66,10.045662100456621,89.39393939393939,2.0322428436615287,0.04561344981686509,False
"health_concern_lag1, mobility_drop_workplace_lead2",severe_lockdown_behavior_lead2,66,10.045662100456621,83.33333333333334,6.293103448275863,0.0704113759095932,False
"health_concern_lag1, mobility_drop_workplace_lead2",severe_lockdown_behavior_lead7,66,10.045662100456621,80.3030303030303,6.064263322884012,0.0673672358791518,False
"health_concern_lag1, mobility_drop_workplace_lead7",mobility_drop_retail,74,11.263318112633181,79.72972972972973,3.715066129959747,0.06562971303072634,False
"health_concern_lag1, mobility_drop_workplace_lead7",mobility_drop_workplace,74,11.263318112633181,75.67567567567568,4.646627936347563,0.06689231296724885,False
"health_concern_lag1, mobility_drop_workplace_lead7",residential_increase,74,11.263318112633181,91.8918918918919,2.0890302066772657,0.05395587618643852,False
"health_concern_lag1, mobility_drop_workplace_lead7",severe_lockdown_behavior,74,11.263318112633181,75.67567567567568,5.714818266542405,0.07032102472147508,False
"health_concern_lag1, mobility_drop_workplace_lead7",mobility_drop_retail_lead2,74,11.263318112633181,81.08108108108108,3.778033352501438,0.06715178304594704,False
"health_concern_lag1, mobility_drop_workplace_lead7",mobility_drop_retail_lead7,74,11.263318112633181,82.43243243243244,3.8410005750431284,0.06867385306116774,False
"health_concern_lag1, mobility_drop_workplace_lead7",residential_increase_lead2,74,11.263318112633181,90.54054054054053,2.0583091742261295,0.05243380617121782,False
"health_concern_lag1, mobility_drop_workplace_lead7",residential_increase_lead7,74,11.263318112633181,100.0,2.273356401384083,0.06308829627776272,False
"health_concern_lag1, mobility_drop_workplace_lead7",severe_lockdown_behavior_lead7,74,11.263318112633181,82.43243243243244,6.225069897483691,0.07793137479757858,False
"health_concern_lag1, residential_increase_lead2",residential_increase,183,27.85388127853881,83.06010928961749,1.8882523115321348,0.1088314811339769,False
"health_concern_lag1, residential_increase_lead2",residential_increase_lead7,183,27.85388127853881,80.32786885245902,1.826138748652788,0.1012211310578734,False
"health_concern_lag1, residential_increase_lead7",residential_increase,185,28.15829528158295,87.02702702702703,1.9784344898531752,0.12119106032910999,False
"health_concern_lag1, residential_increase_lead7",residential_increase_lead2,185,28.15829528158295,79.45945945945945,1.806396708126812,0.09988208011602019,False
"health_concern_lag1, partial_restrictions_lead2",partial_restrictions,172,26.17960426179604,83.13953488372093,1.957801950487622,0.1064823502429057,False
"health_concern_lag1, partial_restrictions_lead2",partial_restrictions_lead7,172,26.17960426179604,82.55813953488372,1.9441110277569393,0.104960280227685,False
"health_concern_lag1, partial_restrictions_lead7",partial_restrictions,174,26.48401826484018,87.93103448275862,2.0706340378198,0.12041033339588415,False
"health_concern_lag1, partial_restrictions_lead7",partial_restrictions_lead2,174,26.48401826484018,81.60919540229885,1.9217649239896182,0.10366756322845645,False
"health_concern_lag3, grocery_spike_lead2",grocery_spike,142,21.61339421613394,90.14084507042254,2.12267151294866,0.10304205500302328,False
"health_concern_lag3, grocery_spike_lead2",calm_mobile_baseline,142,21.61339421613394,75.35211267605634,1.9490684263058669,0.07930285949926909,False
"health_concern_lag3, grocery_spike_lead2",grocery_spike_lead7,142,21.61339421613394,90.84507042253522,2.08689549886733,0.10226132806979744,False
"health_concern_lag3, grocery_spike_lead7",grocery_spike,145,22.07001522070015,91.0344827586207,2.1437152391546164,0.10719125956506328,False
"health_concern_lag3, grocery_spike_lead7",calm_mobile_baseline,145,22.07001522070015,77.93103448275862,2.0157751832745046,0.08666995637659301,False
"health_concern_lag3, grocery_spike_lead7",grocery_spike_lead2,145,22.07001522070015,88.96551724137932,2.080083445821573,0.10195320735134333,False
"health_concern_lag3, mobility_drop_retail_lead2",mobility_drop_retail,92,14.00304414003044,83.69565217391305,3.89986123959297,0.0871471959856272,False
"health_concern_lag3, mobility_drop_retail_lead2",residential_increase,92,14.00304414003044,100.0,2.273356401384083,0.07843409807505636,False
"health_concern_lag3, mobility_drop_retail_lead2",mobility_drop_retail_lead7,92,14.00304414003044,82.6086956521739,3.849213691026827,0.0856251259704065,False
"health_concern_lag3, mobility_drop_retail_lead2",mobility_drop_transit_lead2,92,14.00304414003044,100.0,1.8099173553719008,0.06266202400561567,False
"health_concern_lag3, mobility_drop_retail_lead2",mobility_drop_transit_lead7,92,14.00304414003044,100.0,1.8099173553719008,0.06266202400561567,False
"health_concern_lag3, mobility_drop_retail_lead2",residential_increase_lead2,92,14.00304414003044,96.73913043478261,2.199225214382428,0.07386788802939426,False
"health_concern_lag3, mobility_drop_retail_lead2",residential_increase_lead7,92,14.00304414003044,98.91304347826086,2.2486460057168647,0.07691202805983566,False
"health_concern_lag3, mobility_drop_retail_lead7",mobility_drop_retail,94,14.30745814307458,88.29787234042553,4.114305115436849,0.09562630748594343,False
"health_concern_lag3, mobility_drop_retail_lead7",residential_increase,94,14.30745814307458,93.61702127659575,2.1282485459765885,0.07100676707232033,False
"health_concern_lag3, mobility_drop_retail_lead7",mobility_drop_retail_lead2,94,14.30745814307458,80.85106382978722,3.767315527387958,0.08497181737939853,False
"health_concern_lag3, mobility_drop_retail_lead7",mobility_drop_transit_lead7,94,14.30745814307458,100.0,1.8099173553719008,0.06402424191878123,False
"health_concern_lag3, mobility_drop_retail_lead7",residential_increase_lead2,94,14.30745814307458,95.74468085106383,2.17661783111242,0.07405090710276173,False
"health_concern_lag3, mobility_drop_retail_lead7",residential_increase_lead7,94,14.30745814307458,97.87234042553192,2.2249871162482515,0.07709504713320313,False
"health_concern_lag3, mobility_drop_workplace_lead2",mobility_drop_retail,72,10.95890410958904,83.33333333333334,3.8829787234042556,0.06780509163695503,False
"health_concern_lag3, mobility_drop_workplace_lead2",mobility_drop_workplace,72,10.95890410958904,77.77777777777779,4.775700934579439,0.06738808615333292,False
"health_concern_lag3, mobility_drop_workplace_lead2",residential_increase,72,10.95890410958904,91.66666666666666,2.0839100346020762,0.05225078709785034,False
"health_concern_lag3, mobility_drop_workplace_lead2",mobility_drop_retail_lead2,72,10.95890410958904,81.94444444444444,3.8182624113475176,0.06628302162173433,False
"health_concern_lag3, mobility_drop_workplace_lead2",mobility_drop_retail_lead7,72,10.95890410958904,83.33333333333334,3.8829787234042556,0.06780509163695503,False
"health_concern_lag3, mobility_drop_workplace_lead2",residential_increase_lead2,72,10.95890410958904,100.0,2.273356401384083,0.06138320718917454,False
"health_concern_lag3, mobility_drop_workplace_lead2",residential_increase_lead7,72,10.95890410958904,86.11111111111111,1.9576124567474051,0.04616250703696754,False
"health_concern_lag3, mobility_drop_workplace_lead2",severe_lockdown_behavior_lead2,72,10.95890410958904,81.94444444444444,6.188218390804598,0.07529034006797189,False
"health_concern_lag3, mobility_drop_workplace_lead7",mobility_drop_retail,67,10.197869101978691,82.08955223880598,3.825023817084789,0.06182801303837145,False
"health_concern_lag3, mobility_drop_workplace_lead7",mobility_drop_workplace,67,10.197869101978691,77.61194029850746,4.765518203375645,0.06253923905766028,False
"health_concern_lag3, mobility_drop_workplace_lead7",residential_increase,67,10.197869101978691,94.02985074626866,2.1376336311521977,0.05103220440682128,False
"health_concern_lag3, mobility_drop_workplace_lead7",severe_lockdown_behavior,67,10.197869101978691,77.61194029850746,5.861039629439012,0.06564361321351375,False
"health_concern_lag3, mobility_drop_workplace_lead7",mobility_drop_retail_lead2,67,10.197869101978691,85.07462686567165,3.964115592251509,0.06487215306881286,False
"health_concern_lag3, mobility_drop_workplace_lead7",mobility_drop_retail_lead7,67,10.197869101978691,86.56716417910447,4.033661479834868,0.06639422308403356,False
"health_concern_lag3, mobility_drop_workplace_lead7",mobility_drop_workplace_lead2,67,10.197869101978691,79.1044776119403,4.857162784209792,0.06406130907288098,False
"health_concern_lag3, mobility_drop_workplace_lead7",residential_increase_lead2,67,10.197869101978691,94.02985074626866,2.1376336311521977,0.05103220440682128,False
"health_concern_lag3, mobility_drop_workplace_lead7",residential_increase_lead7,67,10.197869101978691,100.0,2.273356401384083,0.05712048446770408,False
"health_concern_lag3, mobility_drop_workplace_lead7",severe_lockdown_behavior_lead2,67,10.197869101978691,79.1044776119403,5.973751930005147,0.06716568322873445,False
"health_concern_lag3, mobility_drop_workplace_lead7",severe_lockdown_behavior_lead7,67,10.197869101978691,86.56716417910447,6.537313432835821,0.07477603330483795,False
"health_concern_lag3, residential_increase_lead2",residential_increase,183,27.85388127853881,82.5136612021858,1.8758295989562654,0.1073094111187562,False
"health_concern_lag3, residential_increase_lead7",residential_increase,182,27.701674277016743,88.46153846153845,2.0110460473782275,0.12319963674188983,False
"health_concern_lag3, partial_restrictions_lead2",partial_restrictions,171,26.027397260273972,83.62573099415205,1.9692510847009999,0.10712870874251997,False
"health_concern_lag3, partial_restrictions_lead2",partial_restrictions_lead7,171,26.027397260273972,80.7017543859649,1.9003961516694963,0.09951835866641646,False
"health_concern_lag3, partial_restrictions_lead7",partial_restrictions,173,26.331811263318112,87.28323699421965,2.055379451799366,0.11801255186505702,False
"health_concern_lag3, partial_restrictions_lead7",partial_restrictions_lead2,173,26.331811263318112,79.76878612716763,1.8784262539623346,0.09822564166718792,False
"health_concern_lag7, sentiment_improved_lag3",high_positive_sentiment_lag3,118,17.960426179604262,75.42372881355932,1.9509208594688376,0.06602818493729859,False
"health_concern_lag7, grocery_spike_lead2",grocery_spike,140,21.3089802130898,92.14285714285714,2.169815668202765,0.10585684201747253,False
"health_concern_lag7, grocery_spike_lead2",calm_mobile_baseline,140,21.3089802130898,77.85714285714286,2.0138638920134984,0.08352388167237733,False
"health_concern_lag7, grocery_spike_lead2",grocery_spike_lead7,140,21.3089802130898,95.0,2.1823426573426574,0.10967475888974607,False
"health_concern_lag7, grocery_spike_lead7",grocery_spike,151,22.98325722983257,89.40397350993378,2.1053193762016664,0.10787931861303976,False
"health_concern_lag7, grocery_spike_lead7",calm_mobile_baseline,151,22.98325722983257,76.15894039735099,1.9699379464984097,0.08618344997903389,False
"health_concern_lag7, grocery_spike_lead7",grocery_spike_lead2,151,22.98325722983257,88.0794701986755,2.059366972260847,0.10413553604896571,False
"health_concern_lag7, mobility_drop_retail_lead2",mobility_drop_retail,91,13.850837138508371,89.01098901098901,4.147533317746084,0.093562130342014,False
"health_concern_lag7, mobility_drop_retail_lead2",residential_increase,91,13.850837138508371,100.0,2.273356401384083,0.07758155353076227,False
"health_concern_lag7, mobility_drop_retail_lead2",mobility_drop_retail_lead7,91,13.850837138508371,83.51648351648352,3.8915127425765728,0.0859517802659105,False
"health_concern_lag7, mobility_drop_retail_lead2",mobility_drop_transit_lead2,91,13.850837138508371,100.0,1.8099173553719008,0.061980915049032886,False
"health_concern_lag7, mobility_drop_retail_lead2",mobility_drop_transit_lead7,91,13.850837138508371,100.0,1.8099173553719008,0.061980915049032886,False
"health_concern_lag7, mobility_drop_retail_lead2",residential_increase_lead2,91,13.850837138508371,95.6043956043956,2.1734286474770905,0.07149327346987946,False
"health_concern_lag7, mobility_drop_retail_lead2",residential_increase_lead7,91,13.850837138508371,98.9010989010989,2.2483744629073352,0.07605948351554156,False
"health_concern_lag7, mobility_drop_retail_lead7",mobility_drop_retail,94,14.30745814307458,90.42553191489363,4.2134449977365325,0.09867044751638483,False
"health_concern_lag7, mobility_drop_retail_lead7",residential_increase,94,14.30745814307458,91.48936170212765,2.079879260840757,0.06796262704187893,False
"health_concern_lag7, mobility_drop_retail_lead7",mobility_drop_retail_lead2,94,14.30745814307458,80.85106382978722,3.767315527387958,0.08497181737939853,False
"health_concern_lag7, mobility_drop_retail_lead7",mobility_drop_transit_lead7,94,14.30745814307458,100.0,1.8099173553719008,0.06402424191878123,False
"health_concern_lag7, mobility_drop_retail_lead7",residential_increase_lead2,94,14.30745814307458,94.68085106382979,2.1524331885445043,0.07252883708754103,False
"health_concern_lag7, mobility_drop_retail_lead7",residential_increase_lead7,94,14.30745814307458,96.80851063829788,2.2008024736803358,0.07557297711798243,False
"health_concern_lag7, mobility_drop_workplace_lead2",mobility_drop_retail,69,10.50228310502283,86.95652173913044,4.051803885291397,0.06878505452346698,False
"health_concern_lag7, mobility_drop_workplace_lead2",mobility_drop_workplace,69,10.50228310502283,85.5072463768116,5.250304754164974,0.0726979559781211,False
"health_concern_lag7, mobility_drop_workplace_lead2",residential_increase,69,10.50228310502283,95.65217391304348,2.17451481871521,0.05425936351063016,False
"health_concern_lag7, mobility_drop_workplace_lead2",severe_lockdown_behavior,69,10.50228310502283,81.15942028985508,6.128935532233884,0.07132878797356185,False
"health_concern_lag7, mobility_drop_workplace_lead2",mobility_drop_retail_lead2,69,10.50228310502283,85.5072463768116,3.9842738205365404,0.06726298450824628,False
"health_concern_lag7, mobility_drop_workplace_lead2",mobility_drop_retail_lead7,69,10.50228310502283,86.95652173913044,4.051803885291397,0.06878505452346698,False
"health_concern_lag7, mobility_drop_workplace_lead2",mobility_drop_transit_lead2,69,10.50228310502283,100.0,1.8099173553719008,0.04699651800421175,False
"health_concern_lag7, mobility_drop_workplace_lead2",mobility_drop_workplace_lead7,69,10.50228310502283,79.71014492753623,4.894351889475823,0.0666096759172383,False
"health_concern_lag7, mobility_drop_workplace_lead2",residential_increase_lead2,69,10.50228310502283,100.0,2.273356401384083,0.05882557355629226,False
"health_concern_lag7, mobility_drop_workplace_lead2",residential_increase_lead7,69,10.50228310502283,89.85507246376811,2.042726041823379,0.04817108344974736,False
"health_concern_lag7, mobility_drop_workplace_lead2",severe_lockdown_behavior_lead2,69,10.50228310502283,85.5072463768116,6.457271364317841,0.07589499801922395,False
"health_concern_lag7, mobility_drop_workplace_lead2",severe_lockdown_behavior_lead7,69,10.50228310502283,79.71014492753623,6.019490254872564,0.06980671795834115,False
"health_concern_lag7, mobility_drop_workplace_lead7",mobility_drop_retail,71,10.80669710806697,85.91549295774648,4.003296373988612,0.0696538159476797,False
"health_concern_lag7, mobility_drop_workplace_lead7",mobility_drop_workplace,71,10.80669710806697,78.87323943661971,4.84296432802422,0.06763597274637495,False
"health_concern_lag7, mobility_drop_workplace_lead7",residential_increase,71,10.80669710806697,92.95774647887323,2.113260880159852,0.052920312568776946,False
"health_concern_lag7, mobility_drop_workplace_lead7",severe_lockdown_behavior,71,10.80669710806697,78.87323943661971,5.956289460903351,0.07092568267272714,False
"health_concern_lag7, mobility_drop_workplace_lead7",mobility_drop_retail_lead2,71,10.80669710806697,85.91549295774648,4.003296373988612,0.0696538159476797,False
"health_concern_lag7, mobility_drop_workplace_lead7",mobility_drop_retail_lead7,71,10.80669710806697,87.32394366197182,4.068924183398262,0.0711758859629004,False
"health_concern_lag7, mobility_drop_workplace_lead7",mobility_drop_workplace_lead2,71,10.80669710806697,77.46478873239437,4.756482822166645,0.06611390273115425,False
"health_concern_lag7, mobility_drop_workplace_lead7",residential_increase_lead2,71,10.80669710806697,94.36619718309859,2.145279984404698,0.054442382583997646,False
"health_concern_lag7, mobility_drop_workplace_lead7",residential_increase_lead7,71,10.80669710806697,100.0,2.273356401384083,0.06053066264488045,False
"health_concern_lag7, mobility_drop_workplace_lead7",severe_lockdown_behavior_lead2,71,10.80669710806697,77.46478873239437,5.8499271491015055,0.06940361265750644,False
"health_concern_lag7, mobility_drop_workplace_lead7",severe_lockdown_behavior_lead7,71,10.80669710806697,87.32394366197182,6.594463331714424,0.08005810276405134,False
"health_concern_lag7, residential_increase_lead2",residential_increase,181,27.54946727549467,84.5303867403315,1.921676958076048,0.11169260209105084,False
"health_concern_lag7, residential_increase_lead2",residential_increase_lead7,181,27.54946727549467,80.11049723756905,1.8211971171308952,0.09951604196928523,False
"health_concern_lag7, residential_increase_lead7",residential_increase,181,27.54946727549467,87.84530386740332,1.997036838784913,0.12082502218237504,False
"health_concern_lag7, residential_increase_lead7",residential_increase_lead2,181,27.54946727549467,80.11049723756905,1.8211971171308952,0.09951604196928523,False
"health_concern_lag7, partial_restrictions_lead2",partial_restrictions,173,26.331811263318112,83.8150289017341,1.9737087451053514,0.10888013177373282,False
"health_concern_lag7, partial_restrictions_lead2",mobility_drop_transit_lead2,173,26.331811263318112,100.0,1.8099173553719008,0.11783184948882078,False
"health_concern_lag7, partial_restrictions_lead2",partial_restrictions_lead7,173,26.331811263318112,80.92485549132948,1.9056498228603396,0.10126978169762932,False
"health_concern_lag7, partial_restrictions_lead7",partial_restrictions,171,26.027397260273972,85.38011695906432,2.010564044519902,0.11169491878818207,False
"health_concern_lag7, partial_restrictions_lead7",partial_restrictions_lead2,171,26.027397260273972,81.87134502923976,1.9279381248820977,0.10256249869685787,False
"sentiment_shift_detected_lag1, grocery_spike_lead2",grocery_spike,161,24.50532724505327,91.92546583850931,2.16469645361651,0.12120264381476617,False
"sentiment_shift_detected_lag1, grocery_spike_lead2",grocery_spike_lead7,161,24.50532724505327,94.40993788819875,2.1687877340051256,0.1246800062087483,False
"sentiment_shift_detected_lag1, grocery_spike_lead7",grocery_spike,169,25.72298325722983,92.3076923076923,2.173697270471464,0.1282083359396176,False
"sentiment_shift_detected_lag1, grocery_spike_lead7",calm_mobile_baseline,169,25.72298325722983,75.7396449704142,1.9590923915575642,0.09537842089290141,False
"sentiment_shift_detected_lag1, grocery_spike_lead7",grocery_spike_lead2,169,25.72298325722983,89.94082840236686,2.1028869843542717,0.12133701224837773,False
"sentiment_shift_detected_lag1, mobility_drop_retail_lead2",mobility_drop_retail,90,13.698630136986301,83.33333333333334,3.8829787234042556,0.08475636454619379,False
"sentiment_shift_detected_lag1, mobility_drop_retail_lead2",residential_increase,90,13.698630136986301,100.0,2.273356401384083,0.07672900898646817,False
"sentiment_shift_detected_lag1, mobility_drop_retail_lead2",mobility_drop_retail_lead7,90,13.698630136986301,78.88888888888889,3.6758865248226953,0.07866808448531099,False
"sentiment_shift_detected_lag1, mobility_drop_retail_lead2",mobility_drop_transit_lead2,90,13.698630136986301,100.0,1.8099173553719008,0.061299806092450115,False
"sentiment_shift_detected_lag1, mobility_drop_retail_lead2",mobility_drop_transit_lead7,90,13.698630136986301,100.0,1.8099173553719008,0.061299806092450115,False
"sentiment_shift_detected_lag1, mobility_drop_retail_lead2",residential_increase_lead2,90,13.698630136986301,96.66666666666667,2.1975778546712803,0.07216279894080607,False
"sentiment_shift_detected_lag1, mobility_drop_retail_lead2",residential_increase_lead7,90,13.698630136986301,100.0,2.273356401384083,0.07672900898646817,False
"sentiment_shift_detected_lag1, mobility_drop_retail_lead7",mobility_drop_retail,84,12.785388127853881,92.85714285714286,4.326747720364742,0.0912825003648798,False
"sentiment_shift_detected_lag1, mobility_drop_retail_lead7",residential_increase,84,12.785388127853881,97.61904761904762,2.2192288680177956,0.06856960169026222,False
"sentiment_shift_detected_lag1, mobility_drop_retail_lead7",mobility_drop_retail_lead2,84,12.785388127853881,84.52380952380952,3.9384498480243164,0.0806280102583349,False
"sentiment_shift_detected_lag1, mobility_drop_retail_lead7",mobility_drop_transit_lead2,84,12.785388127853881,100.0,1.8099173553719008,0.057213152352953434,False
"sentiment_shift_detected_lag1, mobility_drop_retail_lead7",mobility_drop_transit_lead7,84,12.785388127853881,100.0,1.8099173553719008,0.057213152352953434,False
"sentiment_shift_detected_lag1, mobility_drop_retail_lead7",residential_increase_lead2,84,12.785388127853881,97.61904761904762,2.2192288680177956,0.06856960169026222,False
"sentiment_shift_detected_lag1, mobility_drop_retail_lead7",residential_increase_lead7,84,12.785388127853881,97.61904761904762,2.2192288680177956,0.06856960169026222,False
"sentiment_shift_detected_lag1, mobility_drop_transit_lead2",partial_restrictions_lead2,214,32.57229832572298,76.63551401869158,1.8046427494724149,0.11129876357874105,False
"sentiment_shift_detected_lag1, residential_increase_lead2",residential_increase,176,26.78843226788432,85.79545454545455,1.9504364580056621,0.11199608941524247,False
"sentiment_shift_detected_lag1, residential_increase_lead2",residential_increase_lead7,176,26.78843226788432,81.25,1.8471020761245676,0.09981952929347687,False
"sentiment_shift_detected_lag1, residential_increase_lead7",residential_increase,176,26.78843226788432,90.9090909090909,2.066687637621894,0.12569471955222877,False
"sentiment_shift_detected_lag1, residential_increase_lead7",residential_increase_lead2,176,26.78843226788432,81.25,1.8471020761245676,0.09981952929347687,False
"sentiment_shift_detected_lag1, partial_restrictions_lead2",partial_restrictions,166,25.266362252663622,83.13253012048193,1.9576369996113487,0.10275015116448781,False
"sentiment_shift_detected_lag1, partial_restrictions_lead2",partial_restrictions_lead7,166,25.266362252663622,79.51807228915662,1.8725223474543335,0.09361773107316361,False
"sentiment_shift_detected_lag1, partial_restrictions_lead7",partial_restrictions,162,24.65753424657534,89.50617283950618,2.107726005575468,0.11599007526948979,False
"sentiment_shift_detected_lag1, partial_restrictions_lead7",partial_restrictions_lead2,162,24.65753424657534,81.48148148148148,1.918757467144564,0.09620316507162069,False
"sentiment_shift_detected_lag3, sentiment_improved_lag1",high_positive_sentiment_lag1,129,19.63470319634703,75.96899224806202,1.9573187414500686,0.07295510935968808,False
"sentiment_shift_detected_lag3, sentiment_improved_lag7",high_positive_sentiment_lag7,115,17.50380517503805,75.65217391304347,1.964564358137137,0.06501578829094935,False
"sentiment_shift_detected_lag3, grocery_spike_lead2",grocery_spike,168,25.570776255707763,91.07142857142857,2.144585253456221,0.12428848439356978,False
"sentiment_shift_detected_lag3, grocery_spike_lead2",calm_mobile_baseline,168,25.570776255707763,77.38095238095238,2.001546681664792,0.09901100199467623,False
"sentiment_shift_detected_lag3, grocery_spike_lead2",grocery_spike_lead7,168,25.570776255707763,92.85714285714286,2.1331168831168834,0.12613025861290075,False
"sentiment_shift_detected_lag3, grocery_spike_lead7",grocery_spike,163,24.80974124809741,94.47852760736197,2.224816940431427,0.12904234690686184,False
"sentiment_shift_detected_lag3, grocery_spike_lead7",calm_mobile_baseline,163,24.80974124809741,79.75460122699386,2.062943819139172,0.10195320735134333,False
"sentiment_shift_detected_lag3, grocery_spike_lead7",grocery_spike_lead2,163,24.80974124809741,95.70552147239265,2.237670021614305,0.13133124367252097,False
"sentiment_shift_detected_lag3, mobility_drop_retail_lead2",mobility_drop_retail,87,13.24200913242009,83.9080459770115,3.90975788701394,0.08269218740226433,False
"sentiment_shift_detected_lag3, mobility_drop_retail_lead2",mobility_drop_transit,87,13.24200913242009,100.0,1.8099173553719008,0.059256479222701774,False
"sentiment_shift_detected_lag3, mobility_drop_retail_lead2",residential_increase,87,13.24200913242009,100.0,2.273356401384083,0.0741713753535859,False
"sentiment_shift_detected_lag3, mobility_drop_retail_lead2",mobility_drop_retail_lead7,87,13.24200913242009,80.45977011494253,3.749082905355833,0.07812597735660223,False
"sentiment_shift_detected_lag3, mobility_drop_retail_lead2",mobility_drop_transit_lead2,87,13.24200913242009,100.0,1.8099173553719008,0.059256479222701774,False
"sentiment_shift_detected_lag3, mobility_drop_retail_lead2",mobility_drop_transit_lead7,87,13.24200913242009,100.0,1.8099173553719008,0.059256479222701774,False
"sentiment_shift_detected_lag3, mobility_drop_retail_lead2",residential_increase_lead2,87,13.24200913242009,97.70114942528735,2.2210953346855984,0.0711272353231445,False
"sentiment_shift_detected_lag3, mobility_drop_retail_lead2",residential_increase_lead7,87,13.24200913242009,98.85057471264368,2.2472258680348407,0.0726493053383652,False
"sentiment_shift_detected_lag3, mobility_drop_retail_lead7",mobility_drop_retail,87,13.24200913242009,94.25287356321839,4.3917828319882615,0.09639081753925063,False
"sentiment_shift_detected_lag3, mobility_drop_retail_lead7",residential_increase,87,13.24200913242009,95.40229885057471,2.1688342679871138,0.0680830952927031,False
"sentiment_shift_detected_lag3, mobility_drop_retail_lead7",mobility_drop_retail_lead2,87,13.24200913242009,80.45977011494253,3.749082905355833,0.07812597735660223,False
"sentiment_shift_detected_lag3, mobility_drop_retail_lead7",mobility_drop_transit_lead7,87,13.24200913242009,100.0,1.8099173553719008,0.059256479222701774,False
"sentiment_shift_detected_lag3, mobility_drop_retail_lead7",residential_increase_lead2,87,13.24200913242009,96.55172413793103,2.194964801336356,0.0696051653079238,False
"sentiment_shift_detected_lag3, mobility_drop_retail_lead7",residential_increase_lead7,87,13.24200913242009,95.40229885057471,2.1688342679871138,0.0680830952927031,False
"sentiment_shift_detected_lag3, residential_increase_lead2",residential_increase,178,27.09284627092846,84.8314606741573,1.928521441623576,0.11065703847338926,False
"sentiment_shift_detected_lag3, residential_increase_lead2",residential_increase_lead7,178,27.09284627092846,79.21348314606742,1.8008047898604256,0.09543633832118226,False
"sentiment_shift_detected_lag3, residential_increase_lead7",residential_increase,175,26.636225266362253,89.14285714285714,2.0265348492338116,0.12027596496227258,False
"sentiment_shift_detected_lag3, residential_increase_lead7",residential_increase_lead2,175,26.636225266362253,80.57142857142857,1.8316757291151755,0.09744491473396208,False
"sentiment_shift_detected_lag3, partial_restrictions_lead2",partial_restrictions,164,24.961948249619482,84.7560975609756,1.9958693941778127,0.10556493817893706,False
"sentiment_shift_detected_lag3, partial_restrictions_lead2",partial_restrictions_lead7,164,24.961948249619482,82.92682926829268,1.95279307631786,0.10099872813327496,False
"sentiment_shift_detected_lag3, partial_restrictions_lead7",partial_restrictions,166,25.266362252663622,87.95180722891565,2.0711232024873687,0.11492671128625341,False
"sentiment_shift_detected_lag3, partial_restrictions_lead7",partial_restrictions_lead2,166,25.266362252663622,81.92771084337349,1.9292654488923435,0.09970601113404641,False
"sentiment_shift_detected_lag7, sentiment_improved_lag3",high_positive_sentiment_lag3,115,17.50380517503805,76.52173913043478,1.979322149948648,0.06627143813607815,False
"sentiment_shift_detected_lag7, grocery_spike_lead2",grocery_spike,164,24.961948249619482,93.90243902439023,2.211250983477577,0.12839598840724756,False
"sentiment_shift_detected_lag7, grocery_spike_lead2",calm_mobile_baseline,164,24.961948249619482,77.4390243902439,2.003048780487805,0.09679855623434781,False
"sentiment_shift_detected_lag7, grocery_spike_lead2",grocery_spike_lead7,164,24.961948249619482,93.90243902439023,2.157129455909944,0.125736420100591,False
"sentiment_shift_detected_lag7, grocery_spike_lead7",grocery_spike,166,25.266362252663622,92.7710843373494,2.184609405363389,0.12710327140801903,False
"sentiment_shift_detected_lag7, grocery_spike_lead7",calm_mobile_baseline,166,25.266362252663622,76.50602409638554,1.9789156626506024,0.09562167409168097,False
"sentiment_shift_detected_lag7, grocery_spike_lead7",grocery_spike_lead2,166,25.266362252663622,92.7710843373494,2.1690605839729025,0.12633412796044935,False
"sentiment_shift_detected_lag7, mobility_drop_retail_lead2",mobility_drop_retail,86,13.08980213089802,86.04651162790698,4.009401286491836,0.08454091171298903,False
"sentiment_shift_detected_lag7, mobility_drop_retail_lead2",mobility_drop_transit,86,13.08980213089802,100.0,1.8099173553719008,0.05857537026611899,False
"sentiment_shift_detected_lag7, mobility_drop_retail_lead2",residential_increase,86,13.08980213089802,100.0,2.273356401384083,0.0733188308092918,False
"sentiment_shift_detected_lag7, mobility_drop_retail_lead2",mobility_drop_retail_lead7,86,13.08980213089802,80.23255813953489,3.7384957941613064,0.07693056163688552,False
"sentiment_shift_detected_lag7, mobility_drop_retail_lead2",mobility_drop_transit_lead2,86,13.08980213089802,100.0,1.8099173553719008,0.05857537026611899,False
"sentiment_shift_detected_lag7, mobility_drop_retail_lead2",mobility_drop_transit_lead7,86,13.08980213089802,100.0,1.8099173553719008,0.05857537026611899,False
"sentiment_shift_detected_lag7, mobility_drop_retail_lead2",residential_increase_lead2,86,13.08980213089802,96.51162790697676,2.194053271103243,0.0687526207636297,False
"sentiment_shift_detected_lag7, mobility_drop_retail_lead2",residential_increase_lead7,86,13.08980213089802,100.0,2.273356401384083,0.0733188308092918,False
"sentiment_shift_detected_lag7, mobility_drop_retail_lead7",mobility_drop_retail,84,12.785388127853881,95.23809523809523,4.437689969604863,0.0943266403953212,False
"sentiment_shift_detected_lag7, mobility_drop_retail_lead7",residential_increase,84,12.785388127853881,94.04761904761905,2.138037567968364,0.06400339164460012,False
"sentiment_shift_detected_lag7, mobility_drop_retail_lead7",mobility_drop_retail_lead2,84,12.785388127853881,82.14285714285714,3.8275075987841944,0.0775838702278935,False
"sentiment_shift_detected_lag7, mobility_drop_retail_lead7",mobility_drop_transit_lead7,84,12.785388127853881,100.0,1.8099173553719008,0.057213152352953434,False
"sentiment_shift_detected_lag7, mobility_drop_retail_lead7",residential_increase_lead2,84,12.785388127853881,96.42857142857143,2.1921651013346515,0.06704753167504152,False
"sentiment_shift_detected_lag7, mobility_drop_retail_lead7",residential_increase_lead7,84,12.785388127853881,97.61904761904762,2.2192288680177956,0.06856960169026222,False
"sentiment_shift_detected_lag7, mobility_drop_transit_lead7",partial_restrictions_lead7,213,32.42009132420091,76.52582159624414,1.8020596698470395,0.11042305206313463,False
"sentiment_shift_detected_lag7, residential_increase_lead2",residential_increase,175,26.636225266362253,83.42857142857143,1.8966287691547208,0.10505526481006558,False
"sentiment_shift_detected_lag7, residential_increase_lead2",residential_increase_lead7,175,26.636225266362253,81.14285714285714,1.8446663371230845,0.09896698474918278,False
"sentiment_shift_detected_lag7, residential_increase_lead7",residential_increase,176,26.78843226788432,89.20454545454545,2.027937244416483,0.12112850950656667,False
"sentiment_shift_detected_lag7, residential_increase_lead7",residential_increase_lead2,176,26.78843226788432,80.68181818181817,1.8341852783894306,0.09829745927825617,False
"sentiment_shift_detected_lag7, partial_restrictions_lead2",partial_restrictions,162,24.65753424657534,82.09876543209876,1.9332935085623257,0.09772523508684139,False
"sentiment_shift_detected_lag7, partial_restrictions_lead2",partial_restrictions_lead7,162,24.65753424657534,82.09876543209876,1.9332935085623257,0.09772523508684139,False
"sentiment_shift_detected_lag7, partial_restrictions_lead7",partial_restrictions,165,25.11415525114155,85.45454545454545,2.012316715542522,0.10796271970976418,False
"sentiment_shift_detected_lag7, partial_restrictions_lead7",partial_restrictions_lead2,165,25.11415525114155,80.60606060606061,1.8981427174975563,0.09578615958799858,False
"sentiment_worsened_lag1, grocery_spike_lead2",grocery_spike,82,12.480974124809741,90.2439024390244,2.1250983477576715,0.05963178415796168,False
"sentiment_worsened_lag1, grocery_spike_lead2",calm_mobile_baseline,82,12.480974124809741,75.60975609756098,1.9557326675628963,0.046116173094342856,False
"sentiment_worsened_lag1, grocery_spike_lead2",grocery_spike_lead7,82,12.480974124809741,93.90243902439023,2.157129455909944,0.0628682100502955,False
"sentiment_worsened_lag1, grocery_spike_lead7",grocery_spike,84,12.785388127853881,91.66666666666666,2.1586021505376345,0.06290527720439523,False
"sentiment_worsened_lag1, grocery_spike_lead7",calm_mobile_baseline,84,12.785388127853881,75.0,1.93996062992126,0.046461360966896716,False
"sentiment_worsened_lag1, grocery_spike_lead7",grocery_spike_lead2,84,12.785388127853881,91.66666666666666,2.143238434163701,0.06251607208634793,False
"sentiment_worsened_lag1, mobility_drop_transit_lead2",partial_restrictions_lead2,105,15.981735159817351,80.0,1.8838709677419356,0.05998623881904047,False
"sentiment_worsened_lag1, mobility_drop_transit_lead7",partial_restrictions_lead7,107,16.28614916286149,76.63551401869158,1.8046427494724149,0.055649381789370525,False
"sentiment_worsened_lag1, residential_increase_lead2",residential_increase,82,12.480974124809741,90.2439024390244,2.051565532956368,0.057732092510349844,False
"sentiment_worsened_lag1, residential_increase_lead2",residential_increase_lead7,82,12.480974124809741,84.14634146341463,1.9129462401890456,0.050121742434246344,False
"sentiment_worsened_lag1, residential_increase_lead7",residential_increase,85,12.93759512937595,91.76470588235294,2.0861388153877467,0.061811796158452816,False
"sentiment_worsened_lag1, residential_increase_lead7",residential_increase_lead2,85,12.93759512937595,81.17647058823529,1.8454304905353145,0.048113166021466515,False
"sentiment_worsened_lag1, partial_restrictions_lead2",partial_restrictions,85,12.93759512937595,80.0,1.8838709677419356,0.048560288567794666,False
"sentiment_worsened_lag1, partial_restrictions_lead2",partial_restrictions_lead7,85,12.93759512937595,78.82352941176471,1.8561669829222012,0.047038218552573965,False
"sentiment_worsened_lag1, partial_restrictions_lead7",partial_restrictions,82,12.480974124809741,86.58536585365853,2.0389457120377656,0.05506557411229958,False
"sentiment_worsened_lag1, partial_restrictions_lead7",mobility_drop_transit_lead7,82,12.480974124809741,100.0,1.8099173553719008,0.05585093443978788,False
"sentiment_worsened_lag1, partial_restrictions_lead7",partial_restrictions_lead2,82,12.480974124809741,81.70731707317073,1.9240755310778914,0.04897729405141678,False
"sentiment_worsened_lag3, sentiment_improved_lag1",high_positive_sentiment_lag1,76,11.56773211567732,75.0,1.9323529411764706,0.041860400464266104,False
"sentiment_worsened_lag3, grocery_spike_lead2",grocery_spike,84,12.785388127853881,91.66666666666666,2.1586021505376345,0.06290527720439523,False
"sentiment_worsened_lag3, grocery_spike_lead2",calm_mobile_baseline,84,12.785388127853881,79.76190476190477,2.0631327334083243,0.052549641027779516,False
"sentiment_worsened_lag3, grocery_spike_lead2",grocery_spike_lead7,84,12.785388127853881,92.85714285714286,2.1331168831168834,0.06306512930645038,False
"sentiment_worsened_lag3, grocery_spike_lead7",grocery_spike,82,12.480974124809741,96.34146341463415,2.2686860739575136,0.06724213423406518,False
"sentiment_worsened_lag3, grocery_spike_lead7",calm_mobile_baseline,82,12.480974124809741,84.14634146341463,2.1765411945458037,0.05677066320088776,False
"sentiment_worsened_lag3, grocery_spike_lead7",grocery_spike_lead2,82,12.480974124809741,95.1219512195122,2.2240256922142176,0.06534012588932211,False
"sentiment_worsened_lag3, mobility_drop_transit_lead2",partial_restrictions_lead2,105,15.981735159817351,77.14285714285715,1.8165898617511522,0.05542002877337837,False
"sentiment_worsened_lag3, mobility_drop_transit_lead7",partial_restrictions_lead7,103,15.67732115677321,77.66990291262135,1.8290009395552773,0.055190675757386204,False
"sentiment_worsened_lag3, residential_increase_lead7",residential_increase,80,12.1765601217656,90.0,2.046020761245675,0.056027003421761666,False
"sentiment_worsened_lag3, partial_restrictions_lead2",partial_restrictions,82,12.480974124809741,85.36585365853658,2.010228166797797,0.05354350409707888,False
"sentiment_worsened_lag3, partial_restrictions_lead2",partial_restrictions_lead7,82,12.480974124809741,84.14634146341463,1.9815106215578284,0.05202143408185818,False
"sentiment_worsened_lag3, partial_restrictions_lead7",partial_restrictions,82,12.480974124809741,91.46341463414635,2.1538158929976396,0.06115385417318238,False
"sentiment_worsened_lag3, partial_restrictions_lead7",partial_restrictions_lead2,82,12.480974124809741,84.14634146341463,1.9815106215578284,0.05202143408185818,False
"sentiment_worsened_lag7, grocery_spike_lead2",grocery_spike,81,12.32876712328767,96.29629629629629,2.2676224611708484,0.06636642271845875,False
"sentiment_worsened_lag7, grocery_spike_lead2",calm_mobile_baseline,81,12.32876712328767,79.01234567901234,2.043744531933508,0.04974875419611768,False
"sentiment_worsened_lag7, grocery_spike_lead2",grocery_spike_lead7,81,12.32876712328767,97.53086419753086,2.2404817404817408,0.0665749254602698,False
"sentiment_worsened_lag7, grocery_spike_lead7",grocery_spike,85,12.93759512937595,92.94117647058823,2.1886148007590136,0.06530305873522237,False
"sentiment_worsened_lag7, grocery_spike_lead7",calm_mobile_baseline,85,12.93759512937595,78.82352941176471,2.0388605836035203,0.051961199956446096,False
"sentiment_worsened_lag7, grocery_spike_lead7",grocery_spike_lead2,85,12.93759512937595,92.94117647058823,2.1730374712162446,0.0649092202229126,False
"sentiment_worsened_lag7, mobility_drop_transit_lead2",partial_restrictions_lead2,102,15.52511415525114,76.47058823529412,1.8007590132827325,0.052792894226559084,False
"sentiment_worsened_lag7, residential_increase_lead2",residential_increase,85,12.93759512937595,82.35294117647058,1.8721758599633624,0.049635236036687215,False
"sentiment_worsened_lag7, residential_increase_lead2",residential_increase_lead7,85,12.93759512937595,80.0,1.8186851211072665,0.046591096006245815,False
"sentiment_worsened_lag7, residential_increase_lead7",residential_increase,87,13.24200913242009,89.65517241379311,2.038181601240902,0.0604727452165996,False
"sentiment_worsened_lag7, partial_restrictions_lead2",partial_restrictions,80,12.1765601217656,83.75,1.972177419354839,0.05027001105064532,False
"sentiment_worsened_lag7, partial_restrictions_lead2",partial_restrictions_lead7,80,12.1765601217656,78.75,1.8544354838709678,0.04418173098976252,False
"sentiment_worsened_lag7, partial_restrictions_lead7",partial_restrictions,77,11.71993911719939,88.31168831168831,2.0795978215333055,0.053731156564708824,False
"sentiment_worsened_lag7, partial_restrictions_lead7",partial_restrictions_lead2,77,11.71993911719939,81.81818181818183,1.926686217008798,0.04612080648860532,False
"sentiment_improved_lag1, grocery_spike_lead2",grocery_spike,79,12.02435312024353,93.67088607594937,2.205798285014292,0.061570859656804484,False
"sentiment_improved_lag1, grocery_spike_lead2",high_positive_sentiment_lag1,79,12.02435312024353,78.48101265822784,2.0220402084884586,0.04769847723497564,False
"sentiment_improved_lag1, grocery_spike_lead2",grocery_spike_lead7,79,12.02435312024353,94.9367088607595,2.1808887315216428,0.061811796158452816,False
"sentiment_improved_lag1, grocery_spike_lead7",grocery_spike,85,12.93759512937595,92.94117647058823,2.1886148007590136,0.06530305873522237,False
"sentiment_improved_lag1, grocery_spike_lead7",calm_mobile_baseline,85,12.93759512937595,76.47058823529412,1.977999073645206,0.048917059926004695,False
"sentiment_improved_lag1, grocery_spike_lead7",high_positive_sentiment_lag1,85,12.93759512937595,80.0,2.0611764705882356,0.05328635071551191,False
"sentiment_improved_lag1, grocery_spike_lead7",grocery_spike_lead2,85,12.93759512937595,88.23529411764706,2.0630102574837763,0.058820940162029794,False
"sentiment_improved_lag1, residential_increase_lead2",residential_increase,94,14.30745814307458,81.91489361702128,1.862217477729515,0.05426399690489263,False
"sentiment_improved_lag1, residential_increase_lead7",residential_increase,91,13.850837138508371,90.10989010989012,2.04851895509335,0.06388292339377596,False
"sentiment_improved_lag1, residential_increase_lead7",residential_increase_lead2,91,13.850837138508371,81.31868131868131,1.8486634472793644,0.051706363272010364,False
"sentiment_improved_lag1, partial_restrictions_lead2",partial_restrictions,81,12.32876712328767,86.41975308641975,2.035045798486659,0.054189862596693145,False
"sentiment_improved_lag1, partial_restrictions_lead2",partial_restrictions_lead7,81,12.32876712328767,80.24691358024691,1.8896853843090404,0.046579512520589644,False
"sentiment_improved_lag1, partial_restrictions_lead7",partial_restrictions,80,12.1765601217656,92.5,2.1782258064516133,0.06092450115719022,False
"sentiment_improved_lag1, partial_restrictions_lead7",high_positive_sentiment_lag1,80,12.1765601217656,77.5,1.9967647058823532,0.04710771946651098,False
"sentiment_improved_lag1, partial_restrictions_lead7",partial_restrictions_lead2,80,12.1765601217656,81.25,1.9133064516129032,0.04722587102020392,False
"sentiment_improved_lag1, sentiment_shift_detected_lead2",high_positive_sentiment_lag1,115,17.50380517503805,76.52173913043478,1.9715601023017904,0.06600501796598625,False
"sentiment_improved_lag1, solidarity_messages_lead7",high_positive_sentiment_lag1,83,12.633181126331811,77.10843373493977,1.9866761162296247,0.04837958619155842,False
"sentiment_improved_lag1, compliance_discussed_lead7",high_positive_sentiment_lag1,66,10.045662100456621,81.81818181818183,2.108021390374332,0.043201768103250555,False
"sentiment_improved_lag3, grocery_spike_lead2",grocery_spike,84,12.785388127853881,90.47619047619048,2.130568356374808,0.06138320718917454,False
"sentiment_improved_lag3, grocery_spike_lead2",calm_mobile_baseline,84,12.785388127853881,75.0,1.93996062992126,0.046461360966896716,False
"sentiment_improved_lag3, grocery_spike_lead2",high_positive_sentiment_lag3,84,12.785388127853881,77.38095238095238,2.001546681664792,0.049505500997338116,False
"sentiment_improved_lag3, grocery_spike_lead2",grocery_spike_lead7,84,12.785388127853881,92.85714285714286,2.1331168831168834,0.06306512930645038,False
"sentiment_improved_lag3, grocery_spike_lead7",grocery_spike,81,12.32876712328767,92.5925925925926,2.1804062126642774,0.061800212672796645,False
"sentiment_improved_lag3, grocery_spike_lead7",calm_mobile_baseline,81,12.32876712328767,75.30864197530865,1.9479440069991252,0.04518254415045558,False
"sentiment_improved_lag3, grocery_spike_lead7",high_positive_sentiment_lag3,81,12.32876712328767,79.01234567901234,2.043744531933508,0.04974875419611768,False
"sentiment_improved_lag3, grocery_spike_lead7",grocery_spike_lead2,81,12.32876712328767,96.29629629629629,2.2514827995255042,0.06599111778319885,False
"sentiment_improved_lag3, residential_increase_lead2",residential_increase,91,13.850837138508371,92.3076923076923,2.0984828320468463,0.06692706342421736,False
"sentiment_improved_lag3, residential_increase_lead2",residential_increase_lead7,91,13.850837138508371,85.71428571428571,1.9485912011863569,0.057794643332893164,False
"sentiment_improved_lag3, residential_increase_lead7",residential_increase,95,14.45966514459665,88.42105263157895,2.010125660171189,0.06424896154051092,False
"sentiment_improved_lag3, residential_increase_lead7",residential_increase_lead2,95,14.45966514459665,82.10526315789474,1.8665452558732472,0.05511654144918672,False
"sentiment_improved_lag3, partial_restrictions_lead2",partial_restrictions,82,12.480974124809741,84.14634146341463,1.9815106215578284,0.05202143408185818,False
"sentiment_improved_lag3, partial_restrictions_lead2",high_positive_sentiment_lag3,82,12.480974124809741,75.60975609756098,1.9557326675628963,0.046116173094342856,False
"sentiment_improved_lag3, partial_restrictions_lead2",partial_restrictions_lead7,82,12.480974124809741,81.70731707317073,1.9240755310778914,0.04897729405141678,False
"sentiment_improved_lag3, partial_restrictions_lead7",partial_restrictions,84,12.785388127853881,84.52380952380952,1.990399385560676,0.05377285711307104,False
"sentiment_improved_lag3, partial_restrictions_lead7",partial_restrictions_lead2,84,12.785388127853881,79.76190476190477,1.8782642089093704,0.04768457705218824,False
"sentiment_improved_lag3, sentiment_shift_detected_lead2",high_positive_sentiment_lag3,108,16.43835616438356,75.0,1.93996062992126,0.05973603552886721,False
"sentiment_improved_lag3, sentiment_shift_detected_lead7",high_positive_sentiment_lag3,114,17.35159817351598,76.31578947368422,1.9739950269374225,0.06533780919219087,False
"sentiment_improved_lag7, lockdown_mentioned_lag1",high_positive_sentiment_lag7,66,10.045662100456621,75.75757575757575,1.9673014732303271,0.037419292063690636,False
"sentiment_improved_lag7, lockdown_mentioned_lag3",high_positive_sentiment_lag7,75,11.415525114155251,76.0,1.9735968379446642,0.04279866280241585,False
"sentiment_improved_lag7, grocery_spike_lead2",grocery_spike,83,12.633181126331811,91.56626506024097,2.156237854644384,0.062029565688788806,False
"sentiment_improved_lag7, grocery_spike_lead2",calm_mobile_baseline,83,12.633181126331811,75.90361445783132,1.9633336495588656,0.047049802038230136,False
"sentiment_improved_lag7, grocery_spike_lead2",high_positive_sentiment_lag7,83,12.633181126331811,75.90361445783132,1.9710938616124578,0.047242087900122555,False
"sentiment_improved_lag7, grocery_spike_lead2",grocery_spike_lead7,83,12.633181126331811,90.36144578313254,2.07578566012301,0.05916149464032119,False
"sentiment_improved_lag7, grocery_spike_lead7",grocery_spike,81,12.32876712328767,92.5925925925926,2.1804062126642774,0.061800212672796645,False
"sentiment_improved_lag7, grocery_spike_lead7",high_positive_sentiment_lag7,81,12.32876712328767,77.77777777777779,2.0197628458498027,0.04841433664852693,False
"sentiment_improved_lag7, grocery_spike_lead7",grocery_spike_lead2,81,12.32876712328767,92.5925925925926,2.1648873072360617,0.06142490773753675,False
"sentiment_improved_lag7, mobility_drop_transit_lead7",partial_restrictions_lead7,113,17.19939117199391,76.99115044247787,1.8130174136454469,0.059381580867788414,False
"sentiment_improved_lag7, residential_increase_lead2",residential_increase,90,13.698630136986301,84.44444444444444,1.9197231833910036,0.05542002877337837,False
"sentiment_improved_lag7, residential_increase_lead2",residential_increase_lead7,90,13.698630136986301,82.22222222222221,1.869204152249135,0.05237588874293697,False
"sentiment_improved_lag7, residential_increase_lead7",residential_increase,89,13.54642313546423,88.76404494382022,2.0179230978577816,0.06065576428996708,False
"sentiment_improved_lag7, residential_increase_lead7",residential_increase_lead2,89,13.54642313546423,83.14606741573034,1.890206446094631,0.05304541421386358,False
"sentiment_improved_lag7, partial_restrictions_lead2",partial_restrictions,82,12.480974124809741,80.48780487804879,1.895357985837923,0.04745522403619608,False
"sentiment_improved_lag7, partial_restrictions_lead2",high_positive_sentiment_lag7,82,12.480974124809741,76.82926829268293,1.995131591632122,0.04782821227432474,False
"sentiment_improved_lag7, partial_restrictions_lead2",partial_restrictions_lead7,82,12.480974124809741,85.36585365853658,2.010228166797797,0.05354350409707888,False
"sentiment_improved_lag7, partial_restrictions_lead7",partial_restrictions,88,13.39421613394216,82.95454545454545,1.9534457478005867,0.05423156314505536,False
"sentiment_improved_lag7, partial_restrictions_lead7",partial_restrictions_lead2,88,13.39421613394216,79.54545454545455,1.87316715542522,0.04966535309939326,False
"sentiment_improved_lag7, compliance_discussed_lead7",high_positive_sentiment_lag7,72,10.95890410958904,75.0,1.947628458498024,0.039990825879360314,False
"lockdown_mentioned_lag1, grocery_spike_lead2",grocery_spike,68,10.350076103500761,95.58823529411765,2.2509487666034156,0.054982173015575155,False
"lockdown_mentioned_lag1, grocery_spike_lead2",vaccine_mentioned_lag1,68,10.350076103500761,83.82352941176471,1.8542780748663104,0.03996997560517921,False
"lockdown_mentioned_lag1, grocery_spike_lead2",grocery_spike_lead7,68,10.350076103500761,94.11764705882352,2.1620732208967506,0.0523573551658871,False
"lockdown_mentioned_lag1, grocery_spike_lead7",grocery_spike,70,10.6544901065449,94.28571428571428,2.2202764976958527,0.055211526031567315,False
"lockdown_mentioned_lag1, grocery_spike_lead7",vaccine_mentioned_lag1,70,10.6544901065449,87.14285714285714,1.927705627705628,0.04468213757010905,False
"lockdown_mentioned_lag1, grocery_spike_lead7",grocery_spike_lead2,70,10.6544901065449,91.42857142857143,2.137671581087951,0.05184304840275316,False
"lockdown_mentioned_lag1, mobility_drop_retail_lead2",mobility_drop_retail,82,12.480974124809741,93.90243902439023,4.375454073689673,0.09041373894066707,False
"lockdown_mentioned_lag1, mobility_drop_retail_lead2",mobility_drop_transit,82,12.480974124809741,100.0,1.8099173553719008,0.05585093443978788,False
"lockdown_mentioned_lag1, mobility_drop_retail_lead2",mobility_drop_workplace,82,12.480974124809741,75.60975609756098,4.6425803510371555,0.0740416403142368,False
"lockdown_mentioned_lag1, mobility_drop_retail_lead2",residential_increase,82,12.480974124809741,100.0,2.273356401384083,0.06990865263211545,False
"lockdown_mentioned_lag1, mobility_drop_retail_lead2",severe_lockdown_behavior,82,12.480974124809741,75.60975609756098,5.7098402018502945,0.07784102360946046,False
"lockdown_mentioned_lag1, mobility_drop_retail_lead2",mobility_drop_retail_lead7,82,12.480974124809741,92.6829268292683,4.318629994810587,0.08889166892544637,False
"lockdown_mentioned_lag1, mobility_drop_retail_lead2",mobility_drop_transit_lead2,82,12.480974124809741,100.0,1.8099173553719008,0.05585093443978788,False
"lockdown_mentioned_lag1, mobility_drop_retail_lead2",mobility_drop_transit_lead7,82,12.480974124809741,100.0,1.8099173553719008,0.05585093443978788,False
"lockdown_mentioned_lag1, mobility_drop_retail_lead2",residential_increase_lead2,82,12.480974124809741,100.0,2.273356401384083,0.06990865263211545,False
"lockdown_mentioned_lag1, mobility_drop_retail_lead2",residential_increase_lead7,82,12.480974124809741,100.0,2.273356401384083,0.06990865263211545,False
"lockdown_mentioned_lag1, mobility_drop_retail_lead7",mobility_drop_retail,85,12.93759512937595,96.47058823529412,4.4951188986232795,0.0970441261302586,False
"lockdown_mentioned_lag1, mobility_drop_retail_lead7",residential_increase,85,12.93759512937595,95.29411764705881,2.1663749236718908,0.06637800620411491,False
"lockdown_mentioned_lag1, mobility_drop_retail_lead7",mobility_drop_retail_lead2,85,12.93759512937595,89.41176470588236,4.166207759699625,0.0879117060389344,False
"lockdown_mentioned_lag1, mobility_drop_retail_lead7",mobility_drop_transit_lead7,85,12.93759512937595,100.0,1.8099173553719008,0.05789426130953622,False
"lockdown_mentioned_lag1, mobility_drop_retail_lead7",residential_increase_lead2,85,12.93759512937595,96.47058823529412,2.193120293099939,0.06790007621933561,False
"lockdown_mentioned_lag1, mobility_drop_retail_lead7",residential_increase_lead7,85,12.93759512937595,98.82352941176471,2.2466110319560353,0.07094421624977701,False
"lockdown_mentioned_lag1, mobility_drop_transit_lead2",residential_increase,139,21.15677321156773,81.29496402877699,1.8481242687510893,0.07892987126114041,False
"lockdown_mentioned_lag1, mobility_drop_transit_lead2",residential_increase_lead2,139,21.15677321156773,80.57553956834532,1.8317691867267432,0.07740780124591971,False
"lockdown_mentioned_lag1, mobility_drop_transit_lead7",residential_increase,138,21.00456621004566,81.15942028985508,1.8450428764856328,0.07807732671684632,False
"lockdown_mentioned_lag1, mobility_drop_transit_lead7",residential_increase_lead2,138,21.00456621004566,81.15942028985508,1.8450428764856328,0.07807732671684632,False
"lockdown_mentioned_lag1, mobility_drop_transit_lead7",residential_increase_lead7,138,21.00456621004566,82.6086956521739,1.8779900707085904,0.08112146674728772,False
"lockdown_mentioned_lag1, mobility_drop_workplace_lead2",mobility_drop_retail,66,10.045662100456621,92.42424242424242,4.306576402321083,0.07128708742519964,False
"lockdown_mentioned_lag1, mobility_drop_workplace_lead2",mobility_drop_workplace,66,10.045662100456621,86.36363636363636,5.302888700084962,0.0703974757268058,False
"lockdown_mentioned_lag1, mobility_drop_workplace_lead2",residential_increase,66,10.045662100456621,93.93939393939394,2.1355772255426237,0.05017965986252719,False
"lockdown_mentioned_lag1, mobility_drop_workplace_lead2",severe_lockdown_behavior,66,10.045662100456621,84.84848484848484,6.407523510971787,0.0719334459248139,False
"lockdown_mentioned_lag1, mobility_drop_workplace_lead2",mobility_drop_retail_lead2,66,10.045662100456621,89.39393939393939,4.165377176015474,0.06824294739475824,False
"lockdown_mentioned_lag1, mobility_drop_workplace_lead2",mobility_drop_retail_lead7,66,10.045662100456621,92.42424242424242,4.306576402321083,0.07128708742519964,False
"lockdown_mentioned_lag1, mobility_drop_workplace_lead2",mobility_drop_workplace_lead7,66,10.045662100456621,83.33333333333334,5.116822429906542,0.0673533356963644,False
"lockdown_mentioned_lag1, mobility_drop_workplace_lead2",residential_increase_lead2,66,10.045662100456621,100.0,2.273356401384083,0.05626793992340999,False
"lockdown_mentioned_lag1, mobility_drop_workplace_lead2",residential_increase_lead7,66,10.045662100456621,93.93939393939394,2.1355772255426237,0.05017965986252719,False
"lockdown_mentioned_lag1, mobility_drop_workplace_lead2",severe_lockdown_behavior_lead2,66,10.045662100456621,89.39393939393939,6.7507836990595615,0.076499655970476,False
"lockdown_mentioned_lag1, mobility_drop_workplace_lead2",severe_lockdown_behavior_lead7,66,10.045662100456621,83.33333333333334,6.293103448275863,0.0704113759095932,False
"lockdown_mentioned_lag1, mobility_drop_workplace_lead7",mobility_drop_retail,66,10.045662100456621,90.9090909090909,4.235976789168278,0.06976501740997894,False
"lockdown_mentioned_lag1, mobility_drop_workplace_lead7",mobility_drop_workplace,66,10.045662100456621,89.39393939393939,5.488954970263381,0.0734416157572472,False
"lockdown_mentioned_lag1, mobility_drop_workplace_lead7",residential_increase,66,10.045662100456621,93.93939393939394,2.1355772255426237,0.05017965986252719,False
"lockdown_mentioned_lag1, mobility_drop_workplace_lead7",severe_lockdown_behavior,66,10.045662100456621,89.39393939393939,6.7507836990595615,0.076499655970476,False
"lockdown_mentioned_lag1, mobility_drop_workplace_lead7",mobility_drop_retail_lead2,66,10.045662100456621,90.9090909090909,4.235976789168278,0.06976501740997894,False
"lockdown_mentioned_lag1, mobility_drop_workplace_lead7",mobility_drop_retail_lead7,66,10.045662100456621,92.42424242424242,4.306576402321083,0.07128708742519964,False
"lockdown_mentioned_lag1, mobility_drop_workplace_lead7",mobility_drop_workplace_lead2,66,10.045662100456621,83.33333333333334,5.116822429906542,0.0673533356963644,False
"lockdown_mentioned_lag1, mobility_drop_workplace_lead7",residential_increase_lead2,66,10.045662100456621,95.45454545454545,2.1700220195029885,0.05170172987774789,False
"lockdown_mentioned_lag1, mobility_drop_workplace_lead7",residential_increase_lead7,66,10.045662100456621,100.0,2.273356401384083,0.05626793992340999,False
"lockdown_mentioned_lag1, mobility_drop_workplace_lead7",severe_lockdown_behavior_lead2,66,10.045662100456621,83.33333333333334,6.293103448275863,0.0704113759095932,False
"lockdown_mentioned_lag1, mobility_drop_workplace_lead7",severe_lockdown_behavior_lead7,66,10.045662100456621,92.42424242424242,6.97962382445141,0.0795437960009174,False
"lockdown_mentioned_lag1, residential_increase_lead2",residential_increase,120,18.2648401826484,90.0,2.046020761245675,0.0840405051326425,False
"lockdown_mentioned_lag1, residential_increase_lead2",residential_increase_lead7,120,18.2648401826484,90.0,2.046020761245675,0.0840405051326425,False
"lockdown_mentioned_lag1, residential_increase_lead7",residential_increase,122,18.56925418569254,91.80327868852459,2.0870157127460436,0.08878973425167208,False
"lockdown_mentioned_lag1, residential_increase_lead7",residential_increase_lead2,122,18.56925418569254,88.52459016393442,2.012479437290828,0.08270145419078928,False
"lockdown_mentioned_lag1, partial_restrictions_lead2",partial_restrictions,82,12.480974124809741,79.26829268292683,1.8666404405979546,0.04593315402097538,False
"lockdown_mentioned_lag1, partial_restrictions_lead2",partial_restrictions_lead7,82,12.480974124809741,78.04878048780488,1.837922895357986,0.04441108400575468,False
"lockdown_mentioned_lag1, partial_restrictions_lead7",partial_restrictions,78,11.87214611872146,85.8974358974359,2.022746071133168,0.05156272804987386,False
"lockdown_mentioned_lag1, partial_restrictions_lead7",partial_restrictions_lead2,78,11.87214611872146,82.05128205128204,1.9321753515301903,0.04699651800421176,False
"lockdown_mentioned_lag3, vaccine_mentioned_lag1",vaccine_mentioned_lag3,81,12.32876712328767,82.71604938271605,1.835960960960961,0.04643356060132191,False
"lockdown_mentioned_lag3, grocery_spike_lead2",grocery_spike,70,10.6544901065449,90.0,2.1193548387096777,0.050645315985905215,False
"lockdown_mentioned_lag3, grocery_spike_lead2",vaccine_mentioned_lag3,70,10.6544901065449,85.71428571428571,1.9025096525096525,0.04332223635407472,False
"lockdown_mentioned_lag3, grocery_spike_lead2",grocery_spike_lead7,70,10.6544901065449,91.42857142857143,2.1002997002997,0.05103220440682128,False
"lockdown_mentioned_lag3, grocery_spike_lead7",grocery_spike,66,10.045662100456621,92.42424242424242,2.17644183773216,0.050186609953920894,False
"lockdown_mentioned_lag3, grocery_spike_lead7",vaccine_mentioned_lag3,66,10.045662100456621,84.84848484848484,1.8832923832923834,0.03997692569657291,False
"lockdown_mentioned_lag3, grocery_spike_lead7",grocery_spike_lead2,66,10.045662100456621,96.96969696969697,2.267227434487221,0.05444701597826011,False
"lockdown_mentioned_lag3, mobility_drop_retail_lead2",mobility_drop_retail,82,12.480974124809741,93.90243902439023,4.375454073689673,0.09041373894066707,False
"lockdown_mentioned_lag3, mobility_drop_retail_lead2",mobility_drop_transit,82,12.480974124809741,100.0,1.8099173553719008,0.05585093443978788,False
"lockdown_mentioned_lag3, mobility_drop_retail_lead2",residential_increase,82,12.480974124809741,100.0,2.273356401384083,0.06990865263211545,False
"lockdown_mentioned_lag3, mobility_drop_retail_lead2",mobility_drop_retail_lead7,82,12.480974124809741,92.6829268292683,4.318629994810587,0.08889166892544637,False
"lockdown_mentioned_lag3, mobility_drop_retail_lead2",mobility_drop_transit_lead2,82,12.480974124809741,100.0,1.8099173553719008,0.05585093443978788,False
"lockdown_mentioned_lag3, mobility_drop_retail_lead2",mobility_drop_transit_lead7,82,12.480974124809741,100.0,1.8099173553719008,0.05585093443978788,False
"lockdown_mentioned_lag3, mobility_drop_retail_lead2",residential_increase_lead2,82,12.480974124809741,100.0,2.273356401384083,0.06990865263211545,False
"lockdown_mentioned_lag3, mobility_drop_retail_lead2",residential_increase_lead7,82,12.480974124809741,100.0,2.273356401384083,0.06990865263211545,False
"lockdown_mentioned_lag3, mobility_drop_retail_lead7",mobility_drop_retail,83,12.633181126331811,95.18072289156626,4.435016662394258,0.09313122467560447,False
"lockdown_mentioned_lag3, mobility_drop_retail_lead7",residential_increase,83,12.633181126331811,97.59036144578313,2.218576729061575,0.06771705714596814,False
"lockdown_mentioned_lag3, mobility_drop_retail_lead7",mobility_drop_retail_lead2,83,12.633181126331811,91.56626506024097,4.266598308126121,0.08856501462994237,False
"lockdown_mentioned_lag3, mobility_drop_retail_lead7",mobility_drop_transit_lead7,83,12.633181126331811,100.0,1.8099173553719008,0.05653204339637066,False
"lockdown_mentioned_lag3, mobility_drop_retail_lead7",residential_increase_lead2,83,12.633181126331811,97.59036144578313,2.218576729061575,0.06771705714596814,False
"lockdown_mentioned_lag3, mobility_drop_retail_lead7",residential_increase_lead7,83,12.633181126331811,98.79518072289156,2.245966565222829,0.06923912716118884,False
"lockdown_mentioned_lag3, mobility_drop_transit_lead2",residential_increase,134,20.395738203957382,82.83582089552239,1.883153436967412,0.07923335858533206,False
"lockdown_mentioned_lag3, mobility_drop_transit_lead2",residential_increase_lead2,134,20.395738203957382,82.08955223880598,1.8661880906884265,0.07771128857011136,False
"lockdown_mentioned_lag3, mobility_drop_transit_lead7",residential_increase,139,21.15677321156773,80.57553956834532,1.8317691867267432,0.07740780124591971,False
"lockdown_mentioned_lag3, mobility_drop_transit_lead7",residential_increase_lead2,139,21.15677321156773,80.57553956834532,1.8317691867267432,0.07740780124591971,False
"lockdown_mentioned_lag3, mobility_drop_workplace_lead2",mobility_drop_retail,66,10.045662100456621,92.42424242424242,4.306576402321083,0.07128708742519964,False
"lockdown_mentioned_lag3, mobility_drop_workplace_lead2",mobility_drop_workplace,66,10.045662100456621,84.84848484848484,5.2098555649957525,0.0688754057115851,False
"lockdown_mentioned_lag3, mobility_drop_workplace_lead2",residential_increase,66,10.045662100456621,96.96969696969697,2.2044668134633536,0.05322379989296859,False
"lockdown_mentioned_lag3, mobility_drop_workplace_lead2",severe_lockdown_behavior,66,10.045662100456621,81.81818181818183,6.178683385579938,0.0688893058943725,False
"lockdown_mentioned_lag3, mobility_drop_workplace_lead2",mobility_drop_retail_lead2,66,10.045662100456621,90.9090909090909,4.235976789168278,0.06976501740997894,False
"lockdown_mentioned_lag3, mobility_drop_workplace_lead2",mobility_drop_retail_lead7,66,10.045662100456621,92.42424242424242,4.306576402321083,0.07128708742519964,False
"lockdown_mentioned_lag3, mobility_drop_workplace_lead2",mobility_drop_workplace_lead7,66,10.045662100456621,80.3030303030303,4.930756159728122,0.064309195665923,False
"lockdown_mentioned_lag3, mobility_drop_workplace_lead2",residential_increase_lead2,66,10.045662100456621,100.0,2.273356401384083,0.05626793992340999,False
"lockdown_mentioned_lag3, mobility_drop_workplace_lead2",residential_increase_lead7,66,10.045662100456621,93.93939393939394,2.1355772255426237,0.05017965986252719,False
"lockdown_mentioned_lag3, mobility_drop_workplace_lead2",severe_lockdown_behavior_lead2,66,10.045662100456621,90.9090909090909,6.865203761755486,0.0780217259856967,False
"lockdown_mentioned_lag3, mobility_drop_workplace_lead2",severe_lockdown_behavior_lead7,66,10.045662100456621,80.3030303030303,6.064263322884012,0.0673672358791518,False
"lockdown_mentioned_lag3, residential_increase_lead2",residential_increase,119,18.11263318112633,91.59663865546219,2.0823180483265973,0.0862321006187898,False
"lockdown_mentioned_lag3, residential_increase_lead2",residential_increase_lead7,119,18.11263318112633,89.07563025210085,2.0250065424093515,0.0816658905731277,False
"lockdown_mentioned_lag3, residential_increase_lead7",residential_increase,116,17.65601217656012,94.82758620689656,2.1557690013124926,0.08976274704679033,False
"lockdown_mentioned_lag3, residential_increase_lead7",residential_increase_lead2,116,17.65601217656012,91.37931034482759,2.0773774012647657,0.08367446698590753,False
"lockdown_mentioned_lag3, partial_restrictions_lead2",partial_restrictions,75,11.415525114155251,86.66666666666667,2.0408602150537636,0.05045766351827526,False
"lockdown_mentioned_lag3, partial_restrictions_lead2",partial_restrictions_lead7,75,11.415525114155251,82.66666666666667,1.9466666666666668,0.04589145347261316,False
"lockdown_mentioned_lag3, partial_restrictions_lead7",partial_restrictions,80,12.1765601217656,86.25,2.0310483870967744,0.05331415108108672,False
"lockdown_mentioned_lag3, partial_restrictions_lead7",mobility_drop_transit_lead7,80,12.1765601217656,100.0,1.8099173553719008,0.05448871652662232,False
"lockdown_mentioned_lag3, partial_restrictions_lead7",partial_restrictions_lead2,80,12.1765601217656,77.5,1.8250000000000002,0.04265966097454182,False
"lockdown_mentioned_lag7, vaccine_mentioned_lag1",vaccine_mentioned_lag7,79,12.02435312024353,83.54430379746836,1.860630765930058,0.04646599436115918,False
"lockdown_mentioned_lag7, grocery_spike_lead7",grocery_spike,71,10.80669710806697,88.73239436619718,2.089504770558837,0.04999895748629094,False
"lockdown_mentioned_lag7, grocery_spike_lead7",vaccine_mentioned_lag7,71,10.80669710806697,87.32394366197182,1.9448078300310336,0.04584511952998849,False
"lockdown_mentioned_lag7, grocery_spike_lead7",grocery_spike_lead2,71,10.80669710806697,83.09859154929578,1.9429101298180544,0.043581706432772926,False
"lockdown_mentioned_lag7, mobility_drop_retail_lead2",mobility_drop_retail,80,12.1765601217656,93.75,4.368351063829787,0.08802290750123364,False
"lockdown_mentioned_lag7, mobility_drop_retail_lead2",mobility_drop_transit,80,12.1765601217656,100.0,1.8099173553719008,0.05448871652662232,False
"lockdown_mentioned_lag7, mobility_drop_retail_lead2",mobility_drop_workplace,80,12.1765601217656,77.5,4.758644859813084,0.07453741350032086,False
"lockdown_mentioned_lag7, mobility_drop_retail_lead2",residential_increase,80,12.1765601217656,100.0,2.273356401384083,0.06820356354352727,False
"lockdown_mentioned_lag7, mobility_drop_retail_lead2",severe_lockdown_behavior,80,12.1765601217656,77.5,5.852586206896552,0.07824412891029517,False
"lockdown_mentioned_lag7, mobility_drop_retail_lead2",mobility_drop_retail_lead7,80,12.1765601217656,93.75,4.368351063829787,0.08802290750123364,False
"lockdown_mentioned_lag7, mobility_drop_retail_lead2",mobility_drop_transit_lead2,80,12.1765601217656,100.0,1.8099173553719008,0.05448871652662232,False
"lockdown_mentioned_lag7, mobility_drop_retail_lead2",mobility_drop_transit_lead7,80,12.1765601217656,100.0,1.8099173553719008,0.05448871652662232,False
"lockdown_mentioned_lag7, mobility_drop_retail_lead2",mobility_drop_workplace_lead2,80,12.1765601217656,75.0,4.605140186915888,0.07149327346987946,False
"lockdown_mentioned_lag7, mobility_drop_retail_lead2",mobility_drop_workplace_lead7,80,12.1765601217656,75.0,4.605140186915888,0.07149327346987946,False
"lockdown_mentioned_lag7, mobility_drop_retail_lead2",residential_increase_lead2,80,12.1765601217656,100.0,2.273356401384083,0.06820356354352727,False
"lockdown_mentioned_lag7, mobility_drop_retail_lead2",residential_increase_lead7,80,12.1765601217656,100.0,2.273356401384083,0.06820356354352727,False
"lockdown_mentioned_lag7, mobility_drop_retail_lead2",severe_lockdown_behavior_lead2,80,12.1765601217656,75.0,5.663793103448276,0.07519998887985377,False
"lockdown_mentioned_lag7, mobility_drop_retail_lead2",severe_lockdown_behavior_lead7,80,12.1765601217656,75.0,5.663793103448276,0.07519998887985377,False
"lockdown_mentioned_lag7, mobility_drop_retail_lead7",mobility_drop_retail,82,12.480974124809741,96.34146341463415,4.489102231447847,0.09345787897110847,False
"lockdown_mentioned_lag7, mobility_drop_retail_lead7",mobility_drop_workplace,82,12.480974124809741,75.60975609756098,4.6425803510371555,0.0740416403142368,False
"lockdown_mentioned_lag7, mobility_drop_retail_lead7",residential_increase,82,12.480974124809741,98.78048780487805,2.2456325428306187,0.06838658261689474,False
"lockdown_mentioned_lag7, mobility_drop_retail_lead7",severe_lockdown_behavior,82,12.480974124809741,75.60975609756098,5.7098402018502945,0.07784102360946046,False
"lockdown_mentioned_lag7, mobility_drop_retail_lead7",mobility_drop_retail_lead2,82,12.480974124809741,91.46341463414635,4.2618059159315,0.08736959891022567,False
"lockdown_mentioned_lag7, mobility_drop_retail_lead7",mobility_drop_transit_lead7,82,12.480974124809741,100.0,1.8099173553719008,0.05585093443978788,False
"lockdown_mentioned_lag7, mobility_drop_retail_lead7",residential_increase_lead2,82,12.480974124809741,97.5609756097561,2.2179086842771545,0.06686451260167404,False
"lockdown_mentioned_lag7, mobility_drop_retail_lead7",residential_increase_lead7,82,12.480974124809741,100.0,2.273356401384083,0.06990865263211545,False
"lockdown_mentioned_lag7, mobility_drop_transit_lead7",residential_increase,137,20.85235920852359,80.2919708029197,1.8253226580456143,0.07570271215733154,False
"lockdown_mentioned_lag7, mobility_drop_transit_lead7",residential_increase_lead7,137,20.85235920852359,81.02189781021897,1.8419165003914835,0.07722478217255224,False
"lockdown_mentioned_lag7, residential_increase_lead2",residential_increase,112,17.04718417047184,93.75,2.131271626297578,0.08483049885439327,False
"lockdown_mentioned_lag7, residential_increase_lead2",residential_increase_lead7,112,17.04718417047184,92.85714285714286,2.11097380128522,0.08330842883917257,False
"lockdown_mentioned_lag7, residential_increase_lead7",residential_increase,120,18.2648401826484,93.33333333333333,2.1217993079584776,0.0901287851935253,False
"lockdown_mentioned_lag7, residential_increase_lead7",residential_increase_lead2,120,18.2648401826484,86.66666666666667,1.9702422145328722,0.0779522250717597,False
"lockdown_mentioned_lag7, partial_restrictions_lead2",mobility_drop_transit_lead2,91,13.850837138508371,100.0,1.8099173553719008,0.061980915049032886,False
"lockdown_mentioned_lag7, partial_restrictions_lead7",partial_restrictions,78,11.87214611872146,84.61538461538461,1.9925558312655087,0.05004065803465316,False
"lockdown_mentioned_lag7, partial_restrictions_lead7",partial_restrictions_lead2,78,11.87214611872146,84.61538461538461,1.9925558312655087,0.05004065803465316,False
"vaccine_mentioned_lag1, policy_governance_discussion_lag3",vaccine_mentioned_lag3,82,12.480974124809741,85.36585365853658,1.89477587343441,0.05031402829613876,False
"vaccine_mentioned_lag1, policy_governance_discussion_lag7",vaccine_mentioned_lag7,76,11.56773211567732,86.8421052631579,1.934076717216771,0.04851627132230122,False
"vaccine_mentioned_lag1, grocery_spike_lead2",grocery_spike,172,26.17960426179604,91.86046511627907,2.163165791447862,0.1293134004712162,False
"vaccine_mentioned_lag1, grocery_spike_lead2",calm_mobile_baseline,172,26.17960426179604,75.0,1.93996062992126,0.09513516769412185,False
"vaccine_mentioned_lag1, grocery_spike_lead2",grocery_spike_lead7,172,26.17960426179604,92.44186046511628,2.123577004390958,0.1280461671404312,False
"vaccine_mentioned_lag1, grocery_spike_lead7",grocery_spike,178,27.09284627092846,92.69662921348315,2.1828561072852484,0.13608973958007548,False
"vaccine_mentioned_lag1, grocery_spike_lead7",calm_mobile_baseline,178,27.09284627092846,75.28089887640449,1.9472264000707777,0.09921487134222481,False
"vaccine_mentioned_lag1, grocery_spike_lead7",grocery_spike_lead2,178,27.09284627092846,89.32584269662921,2.0885081370706544,0.126132575310032,False
"vaccine_mentioned_lag1, mobility_drop_transit_lead2",partial_restrictions,114,17.35159817351598,79.82456140350878,1.8797396717600454,0.06482350242905695,False
"vaccine_mentioned_lag1, mobility_drop_transit_lead2",partial_restrictions_lead2,114,17.35159817351598,99.12280701754386,2.3341822297679684,0.09830904276391235,False
"vaccine_mentioned_lag1, mobility_drop_transit_lead7",partial_restrictions,114,17.35159817351598,85.08771929824562,2.0036785512167516,0.07395592252038115,False
"vaccine_mentioned_lag1, mobility_drop_transit_lead7",partial_restrictions_lead7,114,17.35159817351598,99.12280701754386,2.3341822297679684,0.09830904276391235,False
"vaccine_mentioned_lag1, partial_restrictions_lead2",partial_restrictions,115,17.50380517503805,79.13043478260869,1.8633941093969144,0.06417714392944267,False
"vaccine_mentioned_lag1, partial_restrictions_lead7",partial_restrictions,115,17.50380517503805,84.34782608695653,1.9862552594670408,0.07330956402076687,False
"vaccine_mentioned_lag3, policy_governance_discussion_lag1",vaccine_mentioned_lag1,86,13.08980213089802,83.72093023255815,1.8520084566596196,0.050415962969913054,False
"vaccine_mentioned_lag3, policy_governance_discussion_lag7",vaccine_mentioned_lag7,78,11.87214611872146,83.33333333333334,1.8559322033898307,0.0456273499996525,False
"vaccine_mentioned_lag3, grocery_spike_lead2",grocery_spike,175,26.636225266362253,90.85714285714286,2.1395391705069127,0.1288963949875941,False
"vaccine_mentioned_lag3, grocery_spike_lead2",calm_mobile_baseline,175,26.636225266362253,75.42857142857143,1.9510461192350959,0.09793605452578368,False
"vaccine_mentioned_lag3, grocery_spike_lead2",grocery_spike_lead7,175,26.636225266362253,92.57142857142857,2.1265534465534466,0.1306246510474946,False
"vaccine_mentioned_lag3, grocery_spike_lead7",grocery_spike,176,26.78843226788432,92.61363636363636,2.180901759530792,0.13433831654886264,False
"vaccine_mentioned_lag3, grocery_spike_lead7",calm_mobile_baseline,176,26.78843226788432,76.70454545454545,1.9840506442376524,0.10191382350011235,False
"vaccine_mentioned_lag3, grocery_spike_lead7",grocery_spike_lead2,176,26.78843226788432,92.04545454545455,2.1520947913296666,0.13200076914344755,False
"vaccine_mentioned_lag3, mobility_drop_transit_lead2",partial_restrictions,109,16.590563165905632,79.81651376146789,1.8795501627700504,0.06196701486624549,False
"vaccine_mentioned_lag3, mobility_drop_transit_lead2",partial_restrictions_lead2,109,16.590563165905632,99.08256880733946,2.333234684817994,0.0939304851858802,False
"vaccine_mentioned_lag3, mobility_drop_transit_lead2",partial_restrictions_lead7,109,16.590563165905632,77.06422018348624,1.814738088191773,0.05740080482058339,False
"vaccine_mentioned_lag3, mobility_drop_transit_lead7",partial_restrictions,109,16.590563165905632,84.40366972477065,1.9875702870671799,0.069577364942349,False
"vaccine_mentioned_lag3, mobility_drop_transit_lead7",partial_restrictions_lead2,109,16.590563165905632,77.06422018348624,1.814738088191773,0.05740080482058339,False
"vaccine_mentioned_lag3, mobility_drop_transit_lead7",partial_restrictions_lead7,109,16.590563165905632,99.08256880733946,2.333234684817994,0.0939304851858802,False
"vaccine_mentioned_lag3, partial_restrictions_lead2",partial_restrictions,110,16.7427701674277,79.0909090909091,1.8624633431085045,0.06132065636663123,False
"vaccine_mentioned_lag3, partial_restrictions_lead7",partial_restrictions,109,16.590563165905632,84.40366972477065,1.9875702870671799,0.069577364942349,False
"vaccine_mentioned_lag3, partial_restrictions_lead7",partial_restrictions_lead2,109,16.590563165905632,77.06422018348624,1.814738088191773,0.05740080482058339,False
"vaccine_mentioned_lag7, policy_governance_discussion_lag1",vaccine_mentioned_lag1,81,12.32876712328767,85.18518518518519,1.884399551066218,0.049290048164133356,False
"vaccine_mentioned_lag7, policy_governance_discussion_lag3",vaccine_mentioned_lag3,78,11.87214611872146,83.33333333333334,1.8496621621621623,0.04544664762341625,False
"vaccine_mentioned_lag7, grocery_spike_lead2",grocery_spike,174,26.48401826484018,94.25287356321839,2.2195031516499815,0.13715310356331184,False
"vaccine_mentioned_lag7, grocery_spike_lead2",calm_mobile_baseline,174,26.48401826484018,79.3103448275862,2.0514526201466197,0.1076569156884413,False
"vaccine_mentioned_lag7, grocery_spike_lead2",grocery_spike_lead7,174,26.48401826484018,93.10344827586206,2.138775018085363,0.1312872264270275,False
"vaccine_mentioned_lag7, grocery_spike_lead7",grocery_spike,180,27.397260273972602,93.88888888888889,2.210931899641577,0.14088530264172974,False
"vaccine_mentioned_lag7, grocery_spike_lead7",calm_mobile_baseline,180,27.397260273972602,78.33333333333333,2.0261811023622047,0.10869247930610287,False
"vaccine_mentioned_lag7, grocery_spike_lead7",grocery_spike_lead2,180,27.397260273972602,90.0,2.104270462633452,0.12939680156794062,False
"vaccine_mentioned_lag7, mobility_drop_transit_lead2",partial_restrictions_lead2,114,17.35159817351598,99.12280701754386,2.3341822297679684,0.09830904276391235,False
"vaccine_mentioned_lag7, mobility_drop_transit_lead7",partial_restrictions,110,16.7427701674277,85.45454545454545,2.012316715542522,0.07197514647317613,False
"vaccine_mentioned_lag7, mobility_drop_transit_lead7",partial_restrictions_lead2,110,16.7427701674277,77.27272727272727,1.8196480938416424,0.058276516336189826,False
"vaccine_mentioned_lag7, mobility_drop_transit_lead7",partial_restrictions_lead7,110,16.7427701674277,98.18181818181819,2.312023460410557,0.09328412668626593,False
"vaccine_mentioned_lag7, partial_restrictions_lead7",partial_restrictions,109,16.590563165905632,85.3211009174312,2.0091743119266057,0.0710994349575697,False
"vaccine_mentioned_lag7, partial_restrictions_lead7",partial_restrictions_lead2,109,16.590563165905632,77.06422018348624,1.814738088191773,0.05740080482058339,False
"policy_governance_discussion_lag1, grocery_spike_lead2",grocery_spike,66,10.045662100456621,87.87878787878788,2.069403714565005,0.045620399908258794,False
"policy_governance_discussion_lag1, grocery_spike_lead2",vaccine_mentioned_lag1,66,10.045662100456621,89.39393939393939,1.977502295684114,0.044390233731573574,False
"policy_governance_discussion_lag1, grocery_spike_lead2",grocery_spike_lead7,66,10.045662100456621,84.84848484848484,1.9491417673235856,0.04150594580318731,False
"policy_governance_discussion_lag1, grocery_spike_lead7",grocery_spike,68,10.350076103500761,88.23529411764706,2.0777988614800758,0.047371822939471654,False
"policy_governance_discussion_lag1, grocery_spike_lead7",vaccine_mentioned_lag1,68,10.350076103500761,88.23529411764706,1.9518716577540107,0.04453618565084131,False
"policy_governance_discussion_lag1, grocery_spike_lead7",grocery_spike_lead2,68,10.350076103500761,82.35294117647058,1.9254762403181913,0.04096847206874104,False
"policy_governance_discussion_lag1, residential_increase_lead2",residential_increase,87,13.24200913242009,85.0574712643678,1.9336594678439327,0.0543844651557168,False
"policy_governance_discussion_lag1, residential_increase_lead2",residential_increase_lead7,87,13.24200913242009,85.0574712643678,1.9336594678439327,0.0543844651557168,False
"policy_governance_discussion_lag1, residential_increase_lead7",residential_increase,93,14.15525114155251,82.79569892473118,1.882241321576069,0.05493352237581924,False
"policy_governance_discussion_lag1, residential_increase_lead7",residential_increase_lead2,93,14.15525114155251,79.56989247311827,1.8089072441120662,0.05036731233015714,False
"policy_governance_discussion_lag1, partial_restrictions_lead2",partial_restrictions,74,11.263318112633181,83.78378378378379,1.972972972972973,0.046537811972227436,False
"policy_governance_discussion_lag1, partial_restrictions_lead2",mobility_drop_transit_lead2,74,11.263318112633181,100.0,1.8099173553719008,0.05040206278712565,False
"policy_governance_discussion_lag1, partial_restrictions_lead2",partial_restrictions_lead7,74,11.263318112633181,78.37837837837837,1.8456843940714909,0.040449531911344636,False
"policy_governance_discussion_lag1, partial_restrictions_lead7",partial_restrictions,74,11.263318112633181,85.13513513513513,2.0047951176983436,0.048059881987448136,False
"policy_governance_discussion_lag1, partial_restrictions_lead7",partial_restrictions_lead2,74,11.263318112633181,78.37837837837837,1.8456843940714909,0.040449531911344636,False
"policy_governance_discussion_lag3, residential_increase_lead2",residential_increase,88,13.39421613394216,86.36363636363636,1.963353255740799,0.056759079715231586,False
"policy_governance_discussion_lag3, residential_increase_lead2",residential_increase_lead7,88,13.39421613394216,85.22727272727273,1.9375196602705256,0.055237009700010886,False
"policy_governance_discussion_lag3, residential_increase_lead7",residential_increase,96,14.61187214611872,81.25,1.8471020761245676,0.05444701597826011,False
"policy_governance_discussion_lag3, partial_restrictions_lead2",partial_restrictions,72,10.95890410958904,83.33333333333334,1.9623655913978497,0.044786388941014575,False
"policy_governance_discussion_lag3, partial_restrictions_lead2",partial_restrictions_lead7,72,10.95890410958904,83.33333333333334,1.9623655913978497,0.044786388941014575,False
"policy_governance_discussion_lag3, partial_restrictions_lead7",partial_restrictions,77,11.71993911719939,83.11688311688312,1.9572685379136994,0.04764287650382602,False
"policy_governance_discussion_lag3, partial_restrictions_lead7",partial_restrictions_lead2,77,11.71993911719939,77.92207792207793,1.8349392542940932,0.04155459644294322,False
"policy_governance_discussion_lag7, grocery_spike_lead7",grocery_spike,68,10.350076103500761,91.17647058823529,2.1470588235294117,0.050415962969913054,False
"policy_governance_discussion_lag7, grocery_spike_lead7",calm_mobile_baseline,68,10.350076103500761,83.82352941176471,2.168191292264938,0.046743998016907255,False
"policy_governance_discussion_lag7, grocery_spike_lead7",vaccine_mentioned_lag7,68,10.350076103500761,91.17647058823529,2.030608175473579,0.047895396491130525,False
"policy_governance_discussion_lag7, grocery_spike_lead7",grocery_spike_lead2,68,10.350076103500761,85.29411764705883,1.9942432489009838,0.04401261209918244,False
"policy_governance_discussion_lag7, residential_increase_lead2",residential_increase,93,14.15525114155251,86.02150537634408,1.9555753990400715,0.05949973242148134,False
"policy_governance_discussion_lag7, residential_increase_lead2",residential_increase_lead7,93,14.15525114155251,82.79569892473118,1.882241321576069,0.05493352237581924,False
"policy_governance_discussion_lag7, residential_increase_lead7",residential_increase,94,14.30745814307458,84.04255319148936,1.9105867628653466,0.05730813693533403,False
"policy_governance_discussion_lag7, residential_increase_lead7",residential_increase_lead2,94,14.30745814307458,81.91489361702128,1.862217477729515,0.05426399690489263,False
"policy_governance_discussion_lag7, partial_restrictions_lead2",mobility_drop_transit_lead2,76,11.56773211567732,100.0,1.8099173553719008,0.05176428070029121,False
"policy_governance_discussion_lag7, partial_restrictions_lead2",partial_restrictions_lead7,76,11.56773211567732,77.63157894736842,1.8280984719864177,0.040678884927336796,False
"policy_governance_discussion_lag7, partial_restrictions_lead7",partial_restrictions,73,11.11111111111111,83.56164383561644,1.967741935483871,0.045662100456621,False
"policy_governance_discussion_lag7, partial_restrictions_lead7",mobility_drop_transit_lead7,73,11.11111111111111,100.0,1.8099173553719008,0.04972095383054287,False
"policy_governance_discussion_lag7, partial_restrictions_lead7",partial_restrictions_lead2,73,11.11111111111111,80.82191780821918,1.903225806451613,0.0426179604261796,False
"grocery_spike_lead2, grocery_spike_lead7",grocery_spike,259,39.42161339421613,97.68339768339769,2.300286461576784,0.21767686245074122,False
"grocery_spike_lead2, grocery_spike_lead7",calm_mobile_baseline,259,39.42161339421613,77.99227799227799,2.0173593165719153,0.1550519055992253,False
"grocery_spike_lead2, sentiment_shift_detected_lead2",grocery_spike,161,24.50532724505327,95.65217391304348,2.2524544179523143,0.13033506390609037,False
"grocery_spike_lead2, sentiment_shift_detected_lead2",calm_mobile_baseline,161,24.50532724505327,79.5031055900621,2.0564385973492443,0.10008594946356877,False
"grocery_spike_lead2, sentiment_shift_detected_lead2",grocery_spike_lead7,161,24.50532724505327,96.27329192546584,2.211592755071016,0.1292462162544104,False
"grocery_spike_lead2, sentiment_shift_detected_lead7",grocery_spike,162,24.65753424657534,91.35802469135803,2.1513341298287534,0.12055628531515189,False
"grocery_spike_lead2, sentiment_shift_detected_lead7",grocery_spike_lead7,162,24.65753424657534,91.9753086419753,2.112859362859363,0.1194512207835533,False
"grocery_spike_lead2, sentiment_worsened_lead2",grocery_spike,80,12.1765601217656,93.75,2.207661290322581,0.06244657117241092,False
"grocery_spike_lead2, sentiment_worsened_lead2",calm_mobile_baseline,80,12.1765601217656,82.5,2.1339566929133857,0.0533813352978925,False
"grocery_spike_lead2, sentiment_worsened_lead2",grocery_spike_lead7,80,12.1765601217656,95.0,2.1823426573426574,0.0626712907941406,False
"grocery_spike_lead2, sentiment_worsened_lead7",grocery_spike,79,12.02435312024353,94.9367088607595,2.2356063699469173,0.06309292967202518,False
"grocery_spike_lead2, sentiment_worsened_lead7",grocery_spike_lead7,79,12.02435312024353,92.40506329113924,2.122731698681066,0.058767656128011415,False
"grocery_spike_lead2, sentiment_improved_lead2",grocery_spike,81,12.32876712328767,97.53086419753086,2.296694544006372,0.06788849273367945,False
"grocery_spike_lead2, sentiment_improved_lead2",calm_mobile_baseline,81,12.32876712328767,76.5432098765432,1.979877515310586,0.04670461416567628,False
"grocery_spike_lead2, sentiment_improved_lead2",grocery_spike_lead7,81,12.32876712328767,97.53086419753086,2.2404817404817408,0.0665749254602698,False
"grocery_spike_lead2, sentiment_improved_lead7",grocery_spike,83,12.633181126331811,87.95180722891565,2.0711232024873687,0.057463355643126705,False
"grocery_spike_lead2, sentiment_improved_lead7",calm_mobile_baseline,83,12.633181126331811,75.90361445783132,1.9633336495588656,0.047049802038230136,False
"grocery_spike_lead2, sentiment_improved_lead7",grocery_spike_lead7,83,12.633181126331811,91.56626506024097,2.103462802257983,0.06068356465554189,False
"grocery_spike_lead2, solidarity_messages_lead2",grocery_spike,101,15.37290715372907,93.06930693069307,2.19163206643245,0.07779237296970455,False
"grocery_spike_lead2, solidarity_messages_lead2",calm_mobile_baseline,101,15.37290715372907,80.19801980198021,2.074413346846496,0.06385512302820115,False
"grocery_spike_lead2, solidarity_messages_lead2",grocery_spike_lead7,101,15.37290715372907,93.06930693069307,2.137990722149138,0.07615446809792216,False
"grocery_spike_lead2, solidarity_messages_lead7",grocery_spike,97,14.76407914764079,89.69072164948454,2.112071832391088,0.06972331686161673,False
"grocery_spike_lead2, solidarity_messages_lead7",calm_mobile_baseline,97,14.76407914764079,76.28865979381443,1.973293286792759,0.05555439720698994,False
"grocery_spike_lead2, solidarity_messages_lead7",grocery_spike_lead7,97,14.76407914764079,92.78350515463917,2.131425275755173,0.07271648955517099,False
"grocery_spike_lead2, compliance_discussed_lead2",grocery_spike,88,13.39421613394216,93.18181818181817,2.1942815249266863,0.06793019328204167,False
"grocery_spike_lead2, compliance_discussed_lead2",calm_mobile_baseline,88,13.39421613394216,76.13636363636364,1.9693539727988547,0.05019587674244583,False
"grocery_spike_lead2, compliance_discussed_lead2",grocery_spike_lead7,88,13.39421613394216,93.18181818181817,2.140575333757152,0.06650310784920155,False
"grocery_spike_lead2, compliance_discussed_lead7",grocery_spike,85,12.93759512937595,91.76470588235294,2.160910815939279,0.06378098872000167,False
"grocery_spike_lead2, compliance_discussed_lead7",calm_mobile_baseline,85,12.93759512937595,76.47058823529412,1.977999073645206,0.048917059926004695,False
"grocery_spike_lead2, compliance_discussed_lead7",grocery_spike_lead7,85,12.93759512937595,91.76470588235294,2.1080213903743314,0.06240255392691747,False
"grocery_spike_lead7, sentiment_shift_detected_lead2",grocery_spike,172,26.17960426179604,93.02325581395348,2.1905476369092276,0.1323575405016576,False
"grocery_spike_lead7, sentiment_shift_detected_lead2",calm_mobile_baseline,172,26.17960426179604,77.90697674418605,2.015152902398828,0.10274551777022535,False
"grocery_spike_lead7, sentiment_shift_detected_lead2",grocery_spike_lead2,172,26.17960426179604,90.11627906976744,2.106989158321609,0.12395024661240962,False
"grocery_spike_lead7, sentiment_shift_detected_lead7",grocery_spike,162,24.65753424657534,92.5925925925926,2.1804062126642774,0.12360042534559329,False
"grocery_spike_lead7, sentiment_shift_detected_lead7",grocery_spike_lead2,162,24.65753424657534,91.9753086419753,2.150454725187821,0.1213277454598528,False
"grocery_spike_lead7, sentiment_worsened_lead2",grocery_spike,85,12.93759512937595,90.58823529411765,2.1332068311195447,0.062258918704780966,False
"grocery_spike_lead7, sentiment_worsened_lead2",calm_mobile_baseline,85,12.93759512937595,78.82352941176471,2.0388605836035203,0.051961199956446096,False
"grocery_spike_lead7, sentiment_worsened_lead2",grocery_spike_lead2,85,12.93759512937595,89.41176470588236,2.0905170609168935,0.060343010177250495,False
"grocery_spike_lead7, sentiment_worsened_lead7",grocery_spike,80,12.1765601217656,95.0,2.2370967741935486,0.06396864118763163,False
"grocery_spike_lead7, sentiment_worsened_lead7",grocery_spike_lead2,80,12.1765601217656,91.25,2.133496441281139,0.05903175960097209,False
"grocery_spike_lead7, sentiment_improved_lead2",grocery_spike,87,13.24200913242009,95.40229885057471,2.246570263255469,0.07009862179687662,False
"grocery_spike_lead7, sentiment_improved_lead2",calm_mobile_baseline,87,13.24200913242009,77.01149425287356,1.991990225359761,0.05078431781377925,False
"grocery_spike_lead7, sentiment_improved_lead2",grocery_spike_lead2,87,13.24200913242009,90.80459770114942,2.123082586820469,0.06360723643515911,False
"grocery_spike_lead7, sentiment_improved_lead7",grocery_spike,82,12.480974124809741,90.2439024390244,2.1250983477576715,0.05963178415796168,False
"grocery_spike_lead7, sentiment_improved_lead7",calm_mobile_baseline,82,12.480974124809741,76.82926829268293,1.9872767428461688,0.047638243109563556,False
"grocery_spike_lead7, sentiment_improved_lead7",grocery_spike_lead2,82,12.480974124809741,92.6829268292683,2.166999392413853,0.06229598585888071,False
"grocery_spike_lead7, solidarity_messages_lead2",grocery_spike,100,15.220700152207002,95.0,2.2370967741935486,0.07996080148453952,False
"grocery_spike_lead7, solidarity_messages_lead2",calm_mobile_baseline,100,15.220700152207002,81.0,2.095157480314961,0.06444356409953458,False
"grocery_spike_lead7, solidarity_messages_lead2",grocery_spike_lead2,100,15.220700152207002,94.0,2.19779359430605,0.07797539204307204,False
"grocery_spike_lead7, solidarity_messages_lead7",grocery_spike,102,15.52511415525114,90.19607843137256,2.1239721695129665,0.07410187443964888,False
"grocery_spike_lead7, solidarity_messages_lead7",calm_mobile_baseline,102,15.52511415525114,75.49019607843137,1.9526401111625753,0.057178401895984936,False
"grocery_spike_lead7, solidarity_messages_lead7",grocery_spike_lead2,102,15.52511415525114,88.23529411764706,2.0630102574837763,0.07058512819443576,False
"grocery_spike_lead7, compliance_discussed_lead2",grocery_spike,88,13.39421613394216,92.04545454545455,2.1675219941348973,0.06640812326682097,False
"grocery_spike_lead7, compliance_discussed_lead2",calm_mobile_baseline,88,13.39421613394216,76.13636363636364,1.9693539727988547,0.05019587674244583,False
"grocery_spike_lead7, compliance_discussed_lead2",grocery_spike_lead2,88,13.39421613394216,93.18181818181817,2.178663862827564,0.06752245458694447,False
"grocery_spike_lead7, compliance_discussed_lead7",grocery_spike,89,13.54642313546423,93.25842696629213,2.196085538238492,0.06880590479764809,False
"grocery_spike_lead7, compliance_discussed_lead7",calm_mobile_baseline,89,13.54642313546423,75.28089887640449,1.9472264000707777,0.04960743567111241,False
"grocery_spike_lead7, compliance_discussed_lead7",vaccine_mentioned_lag7,89,13.54642313546423,82.02247191011236,1.826737764235384,0.050286227930563955,False
"grocery_spike_lead7, compliance_discussed_lead7",grocery_spike_lead2,89,13.54642313546423,87.64044943820225,2.049102323163661,0.06078318263218495,False
"mobility_drop_retail_lead2, mobility_drop_retail_lead7",mobility_drop_retail,116,17.65601217656012,97.41379310344827,4.539068231841527,0.13410201344147676,False
"mobility_drop_retail_lead2, mobility_drop_retail_lead7",mobility_drop_workplace,116,17.65601217656012,75.0,4.605140186915888,0.10366524653132522,False
"mobility_drop_retail_lead2, mobility_drop_retail_lead7",residential_increase,116,17.65601217656012,100.0,2.273356401384083,0.09889516713811453,False
"mobility_drop_retail_lead2, mobility_drop_retail_lead7",severe_lockdown_behavior,116,17.65601217656012,75.0,5.663793103448276,0.10903998387578796,False
"mobility_drop_retail_lead2, mobility_drop_retail_lead7",mobility_drop_transit_lead2,116,17.65601217656012,100.0,1.8099173553719008,0.07900863896360236,False
"mobility_drop_retail_lead2, mobility_drop_retail_lead7",mobility_drop_transit_lead7,116,17.65601217656012,100.0,1.8099173553719008,0.07900863896360236,False
"mobility_drop_retail_lead2, mobility_drop_retail_lead7",mobility_drop_workplace_lead2,116,17.65601217656012,75.0,4.605140186915888,0.10366524653132522,False
"mobility_drop_retail_lead2, mobility_drop_retail_lead7",residential_increase_lead2,116,17.65601217656012,100.0,2.273356401384083,0.09889516713811453,False
"mobility_drop_retail_lead2, mobility_drop_retail_lead7",residential_increase_lead7,116,17.65601217656012,100.0,2.273356401384083,0.09889516713811453,False
"mobility_drop_retail_lead2, mobility_drop_retail_lead7",severe_lockdown_behavior_lead2,116,17.65601217656012,75.0,5.663793103448276,0.10903998387578796,False
"mobility_drop_retail_lead2, mobility_drop_transit_lead2",mobility_drop_retail,141,21.461187214611872,85.1063829787234,3.965595291987325,0.136590146160422,False
"mobility_drop_retail_lead2, mobility_drop_transit_lead2",residential_increase,141,21.461187214611872,100.0,2.273356401384083,0.1202087807454668,False
"mobility_drop_retail_lead2, mobility_drop_transit_lead2",mobility_drop_retail_lead7,141,21.461187214611872,82.26950354609929,3.8334087822544136,0.1305018660995392,False
"mobility_drop_retail_lead2, mobility_drop_transit_lead2",mobility_drop_transit_lead7,141,21.461187214611872,100.0,1.8099173553719008,0.09603636287817184,False
"mobility_drop_retail_lead2, mobility_drop_transit_lead2",residential_increase_lead2,141,21.461187214611872,97.16312056737588,2.208864021202974,0.114120500684584,False
"mobility_drop_retail_lead2, mobility_drop_transit_lead2",residential_increase_lead7,141,21.461187214611872,99.29078014184397,2.257233306338806,0.1186867107302461,False
"mobility_drop_retail_lead2, mobility_drop_transit_lead7",mobility_drop_retail,141,21.461187214611872,85.1063829787234,3.965595291987325,0.136590146160422,False
"mobility_drop_retail_lead2, mobility_drop_transit_lead7",residential_increase,141,21.461187214611872,100.0,2.273356401384083,0.1202087807454668,False
"mobility_drop_retail_lead2, mobility_drop_transit_lead7",mobility_drop_retail_lead7,141,21.461187214611872,82.26950354609929,3.8334087822544136,0.1305018660995392,False
"mobility_drop_retail_lead2, mobility_drop_transit_lead7",mobility_drop_transit_lead2,141,21.461187214611872,100.0,1.8099173553719008,0.09603636287817184,False
"mobility_drop_retail_lead2, mobility_drop_transit_lead7",residential_increase_lead2,141,21.461187214611872,97.16312056737588,2.208864021202974,0.114120500684584,False
"mobility_drop_retail_lead2, mobility_drop_transit_lead7",residential_increase_lead7,141,21.461187214611872,99.29078014184397,2.257233306338806,0.1186867107302461,False
"mobility_drop_retail_lead2, mobility_drop_workplace_lead2",mobility_drop_retail,87,13.24200913242009,100.0,4.659574468085107,0.10400116761535413,False
"mobility_drop_retail_lead2, mobility_drop_workplace_lead2",mobility_drop_transit,87,13.24200913242009,100.0,1.8099173553719008,0.059256479222701774,False
"mobility_drop_retail_lead2, mobility_drop_workplace_lead2",mobility_drop_workplace,87,13.24200913242009,90.80459770114942,5.575572027070577,0.09867739760777854,False
"mobility_drop_retail_lead2, mobility_drop_workplace_lead2",residential_increase,87,13.24200913242009,100.0,2.273356401384083,0.0741713753535859,False
"mobility_drop_retail_lead2, mobility_drop_workplace_lead2",severe_lockdown_behavior,87,13.24200913242009,90.80459770114942,6.857312722948871,0.1027084506161256,False
"mobility_drop_retail_lead2, mobility_drop_workplace_lead2",mobility_drop_retail_lead7,87,13.24200913242009,100.0,4.659574468085107,0.10400116761535413,False
"mobility_drop_retail_lead2, mobility_drop_workplace_lead2",mobility_drop_transit_lead2,87,13.24200913242009,100.0,1.8099173553719008,0.059256479222701774,False
"mobility_drop_retail_lead2, mobility_drop_workplace_lead2",mobility_drop_transit_lead7,87,13.24200913242009,100.0,1.8099173553719008,0.059256479222701774,False
"mobility_drop_retail_lead2, mobility_drop_workplace_lead2",mobility_drop_workplace_lead7,87,13.24200913242009,88.50574712643679,5.434418304866259,0.09563325757733714,False
"mobility_drop_retail_lead2, mobility_drop_workplace_lead2",residential_increase_lead2,87,13.24200913242009,100.0,2.273356401384083,0.0741713753535859,False
"mobility_drop_retail_lead2, mobility_drop_workplace_lead2",residential_increase_lead7,87,13.24200913242009,100.0,2.273356401384083,0.0741713753535859,False
"mobility_drop_retail_lead2, mobility_drop_workplace_lead2",severe_lockdown_behavior_lead2,87,13.24200913242009,100.0,7.551724137931035,0.1148850107378912,False
"mobility_drop_retail_lead2, mobility_drop_workplace_lead2",severe_lockdown_behavior_lead7,87,13.24200913242009,88.50574712643679,6.68370986920333,0.0996643105856842,False
"mobility_drop_retail_lead2, mobility_drop_workplace_lead7",mobility_drop_retail,86,13.08980213089802,97.67441860465115,4.551212271152894,0.09976161186519603,False
"mobility_drop_retail_lead2, mobility_drop_workplace_lead7",mobility_drop_workplace,86,13.08980213089802,93.02325581395348,5.711801782221256,0.10044735421604127,False
"mobility_drop_retail_lead2, mobility_drop_workplace_lead7",residential_increase,86,13.08980213089802,100.0,2.273356401384083,0.0733188308092918,False
"mobility_drop_retail_lead2, mobility_drop_workplace_lead7",severe_lockdown_behavior,86,13.08980213089802,93.02325581395348,7.02485966319166,0.10443207328176365,False
"mobility_drop_retail_lead2, mobility_drop_workplace_lead7",mobility_drop_retail_lead7,86,13.08980213089802,100.0,4.659574468085107,0.10280575189563743,False
"mobility_drop_retail_lead2, mobility_drop_workplace_lead7",mobility_drop_transit_lead2,86,13.08980213089802,100.0,1.8099173553719008,0.05857537026611899,False
"mobility_drop_retail_lead2, mobility_drop_workplace_lead7",mobility_drop_transit_lead7,86,13.08980213089802,100.0,1.8099173553719008,0.05857537026611899,False
"mobility_drop_retail_lead2, mobility_drop_workplace_lead7",mobility_drop_workplace_lead2,86,13.08980213089802,89.53488372093024,5.49760921538796,0.09588114417037917,False
"mobility_drop_retail_lead2, mobility_drop_workplace_lead7",residential_increase_lead2,86,13.08980213089802,100.0,2.273356401384083,0.0733188308092918,False
"mobility_drop_retail_lead2, mobility_drop_workplace_lead7",residential_increase_lead7,86,13.08980213089802,100.0,2.273356401384083,0.0733188308092918,False
"mobility_drop_retail_lead2, mobility_drop_workplace_lead7",severe_lockdown_behavior_lead2,86,13.08980213089802,89.53488372093024,6.7614274258219735,0.09986586323610155,False
"mobility_drop_retail_lead2, mobility_drop_workplace_lead7",severe_lockdown_behavior_lead7,86,13.08980213089802,100.0,7.551724137931035,0.11356449337308785,False
"mobility_drop_retail_lead2, residential_increase_lead2",mobility_drop_retail,137,20.85235920852359,86.86131386861314,4.047367603665166,0.13637469332721724,False
"mobility_drop_retail_lead2, residential_increase_lead2",residential_increase,137,20.85235920852359,100.0,2.273356401384083,0.11679860256829044,False
"mobility_drop_retail_lead2, residential_increase_lead2",mobility_drop_retail_lead7,137,20.85235920852359,84.67153284671532,3.945333126261842,0.13180848328155514,False
"mobility_drop_retail_lead2, residential_increase_lead2",mobility_drop_transit_lead2,137,20.85235920852359,100.0,1.8099173553719008,0.09331192705184072,False
"mobility_drop_retail_lead2, residential_increase_lead2",mobility_drop_transit_lead7,137,20.85235920852359,100.0,1.8099173553719008,0.09331192705184072,False
"mobility_drop_retail_lead2, residential_increase_lead2",residential_increase_lead7,137,20.85235920852359,100.0,2.273356401384083,0.11679860256829044,False
"mobility_drop_retail_lead2, residential_increase_lead7",mobility_drop_retail,140,21.3089802130898,85.71428571428571,3.9939209726443767,0.136916800455926,False
"mobility_drop_retail_lead2, residential_increase_lead7",residential_increase,140,21.3089802130898,100.0,2.273356401384083,0.11935623620117271,False
"mobility_drop_retail_lead2, residential_increase_lead7",mobility_drop_retail_lead7,140,21.3089802130898,82.85714285714286,3.8607902735562316,0.1308285203950432,False
"mobility_drop_retail_lead2, residential_increase_lead7",mobility_drop_transit_lead2,140,21.3089802130898,100.0,1.8099173553719008,0.09535525392158906,False
"mobility_drop_retail_lead2, residential_increase_lead7",mobility_drop_transit_lead7,140,21.3089802130898,100.0,1.8099173553719008,0.09535525392158906,False
"mobility_drop_retail_lead2, residential_increase_lead7",residential_increase_lead2,140,21.3089802130898,97.85714285714285,2.224641621354424,0.11479002615551061,False
"mobility_drop_retail_lead2, severe_lockdown_behavior_lead2",mobility_drop_retail,87,13.24200913242009,100.0,4.659574468085107,0.10400116761535413,False
"mobility_drop_retail_lead2, severe_lockdown_behavior_lead2",mobility_drop_transit,87,13.24200913242009,100.0,1.8099173553719008,0.059256479222701774,False
"mobility_drop_retail_lead2, severe_lockdown_behavior_lead2",mobility_drop_workplace,87,13.24200913242009,90.80459770114942,5.575572027070577,0.09867739760777854,False
"mobility_drop_retail_lead2, severe_lockdown_behavior_lead2",residential_increase,87,13.24200913242009,100.0,2.273356401384083,0.0741713753535859,False
"mobility_drop_retail_lead2, severe_lockdown_behavior_lead2",severe_lockdown_behavior,87,13.24200913242009,90.80459770114942,6.857312722948871,0.1027084506161256,False
"mobility_drop_retail_lead2, severe_lockdown_behavior_lead2",mobility_drop_retail_lead7,87,13.24200913242009,100.0,4.659574468085107,0.10400116761535413,False
"mobility_drop_retail_lead2, severe_lockdown_behavior_lead2",mobility_drop_transit_lead2,87,13.24200913242009,100.0,1.8099173553719008,0.059256479222701774,False
"mobility_drop_retail_lead2, severe_lockdown_behavior_lead2",mobility_drop_transit_lead7,87,13.24200913242009,100.0,1.8099173553719008,0.059256479222701774,False
"mobility_drop_retail_lead2, severe_lockdown_behavior_lead2",mobility_drop_workplace_lead2,87,13.24200913242009,100.0,6.140186915887851,0.11085395772954414,False
"mobility_drop_retail_lead2, severe_lockdown_behavior_lead2",mobility_drop_workplace_lead7,87,13.24200913242009,88.50574712643679,5.434418304866259,0.09563325757733714,False
"mobility_drop_retail_lead2, severe_lockdown_behavior_lead2",residential_increase_lead2,87,13.24200913242009,100.0,2.273356401384083,0.0741713753535859,False
"mobility_drop_retail_lead2, severe_lockdown_behavior_lead2",residential_increase_lead7,87,13.24200913242009,100.0,2.273356401384083,0.0741713753535859,False
"mobility_drop_retail_lead2, severe_lockdown_behavior_lead2",severe_lockdown_behavior_lead7,87,13.24200913242009,88.50574712643679,6.68370986920333,0.0996643105856842,False
"mobility_drop_retail_lead2, severe_lockdown_behavior_lead7",mobility_drop_retail,86,13.08980213089802,97.67441860465115,4.551212271152894,0.09976161186519603,False
"mobility_drop_retail_lead2, severe_lockdown_behavior_lead7",mobility_drop_workplace,86,13.08980213089802,93.02325581395348,5.711801782221256,0.10044735421604127,False
"mobility_drop_retail_lead2, severe_lockdown_behavior_lead7",residential_increase,86,13.08980213089802,100.0,2.273356401384083,0.0733188308092918,False
"mobility_drop_retail_lead2, severe_lockdown_behavior_lead7",severe_lockdown_behavior,86,13.08980213089802,93.02325581395348,7.02485966319166,0.10443207328176365,False
"mobility_drop_retail_lead2, severe_lockdown_behavior_lead7",mobility_drop_retail_lead7,86,13.08980213089802,100.0,4.659574468085107,0.10280575189563743,False
"mobility_drop_retail_lead2, severe_lockdown_behavior_lead7",mobility_drop_transit_lead2,86,13.08980213089802,100.0,1.8099173553719008,0.05857537026611899,False
"mobility_drop_retail_lead2, severe_lockdown_behavior_lead7",mobility_drop_transit_lead7,86,13.08980213089802,100.0,1.8099173553719008,0.05857537026611899,False
"mobility_drop_retail_lead2, severe_lockdown_behavior_lead7",mobility_drop_workplace_lead2,86,13.08980213089802,89.53488372093024,5.49760921538796,0.09588114417037917,False
"mobility_drop_retail_lead2, severe_lockdown_behavior_lead7",mobility_drop_workplace_lead7,86,13.08980213089802,100.0,6.140186915887851,0.10957977430736547,False
"mobility_drop_retail_lead2, severe_lockdown_behavior_lead7",residential_increase_lead2,86,13.08980213089802,100.0,2.273356401384083,0.0733188308092918,False
"mobility_drop_retail_lead2, severe_lockdown_behavior_lead7",residential_increase_lead7,86,13.08980213089802,100.0,2.273356401384083,0.0733188308092918,False
"mobility_drop_retail_lead2, severe_lockdown_behavior_lead7",severe_lockdown_behavior_lead2,86,13.08980213089802,89.53488372093024,6.7614274258219735,0.09986586323610155,False
"mobility_drop_retail_lead2, sentiment_shift_detected_lead2",mobility_drop_retail,87,13.24200913242009,83.9080459770115,3.90975788701394,0.08269218740226433,False
"mobility_drop_retail_lead2, sentiment_shift_detected_lead2",residential_increase,87,13.24200913242009,100.0,2.273356401384083,0.0741713753535859,False
"mobility_drop_retail_lead2, sentiment_shift_detected_lead2",mobility_drop_retail_lead7,87,13.24200913242009,80.45977011494253,3.749082905355833,0.07812597735660223,False
"mobility_drop_retail_lead2, sentiment_shift_detected_lead2",mobility_drop_transit_lead2,87,13.24200913242009,100.0,1.8099173553719008,0.059256479222701774,False
"mobility_drop_retail_lead2, sentiment_shift_detected_lead2",mobility_drop_transit_lead7,87,13.24200913242009,100.0,1.8099173553719008,0.059256479222701774,False
"mobility_drop_retail_lead2, sentiment_shift_detected_lead2",residential_increase_lead2,87,13.24200913242009,96.55172413793103,2.194964801336356,0.0696051653079238,False
"mobility_drop_retail_lead2, sentiment_shift_detected_lead2",residential_increase_lead7,87,13.24200913242009,98.85057471264368,2.2472258680348407,0.0726493053383652,False
"mobility_drop_retail_lead2, sentiment_shift_detected_lead7",mobility_drop_retail,88,13.39421613394216,85.22727272727273,3.9712282398452614,0.08540967313720176,False
"mobility_drop_retail_lead2, sentiment_shift_detected_lead7",mobility_drop_transit,88,13.39421613394216,100.0,1.8099173553719008,0.059937588179284546,False
"mobility_drop_retail_lead2, sentiment_shift_detected_lead7",residential_increase,88,13.39421613394216,100.0,2.273356401384083,0.07502391989787999,False
"mobility_drop_retail_lead2, sentiment_shift_detected_lead7",mobility_drop_retail_lead7,88,13.39421613394216,81.81818181818183,3.812379110251451,0.08084346309153966,False
"mobility_drop_retail_lead2, sentiment_shift_detected_lead7",mobility_drop_transit_lead2,88,13.39421613394216,100.0,1.8099173553719008,0.059937588179284546,False
"mobility_drop_retail_lead2, sentiment_shift_detected_lead7",mobility_drop_transit_lead7,88,13.39421613394216,100.0,1.8099173553719008,0.059937588179284546,False
"mobility_drop_retail_lead2, sentiment_shift_detected_lead7",residential_increase_lead2,88,13.39421613394216,97.72727272727273,2.221689210443536,0.07197977986743859,False
"mobility_drop_retail_lead2, sentiment_shift_detected_lead7",residential_increase_lead7,88,13.39421613394216,98.86363636363636,2.2475228059138095,0.07350184988265929,False
"mobility_drop_retail_lead2, solidarity_messages_lead2",mobility_drop_retail,86,13.08980213089802,87.20930232558139,4.063582384957942,0.08606298172820973,False
"mobility_drop_retail_lead2, solidarity_messages_lead2",residential_increase,86,13.08980213089802,100.0,2.273356401384083,0.0733188308092918,False
"mobility_drop_retail_lead2, solidarity_messages_lead2",mobility_drop_retail_lead7,86,13.08980213089802,83.72093023255815,3.9010390895596245,0.08149677168254763,False
"mobility_drop_retail_lead2, solidarity_messages_lead2",mobility_drop_transit_lead2,86,13.08980213089802,100.0,1.8099173553719008,0.05857537026611899,False
"mobility_drop_retail_lead2, solidarity_messages_lead2",mobility_drop_transit_lead7,86,13.08980213089802,100.0,1.8099173553719008,0.05857537026611899,False
"mobility_drop_retail_lead2, solidarity_messages_lead2",residential_increase_lead2,86,13.08980213089802,96.51162790697676,2.194053271103243,0.0687526207636297,False
"mobility_drop_retail_lead2, solidarity_messages_lead2",residential_increase_lead7,86,13.08980213089802,100.0,2.273356401384083,0.0733188308092918,False
"mobility_drop_retail_lead2, solidarity_messages_lead7",mobility_drop_retail,82,12.480974124809741,89.02439024390245,4.148157758173327,0.08432545887978427,False
"mobility_drop_retail_lead2, solidarity_messages_lead7",residential_increase,82,12.480974124809741,100.0,2.273356401384083,0.06990865263211545,False
"mobility_drop_retail_lead2, solidarity_messages_lead7",mobility_drop_retail_lead7,82,12.480974124809741,87.8048780487805,4.09133367929424,0.08280338886456357,False
"mobility_drop_retail_lead2, solidarity_messages_lead7",mobility_drop_transit_lead2,82,12.480974124809741,100.0,1.8099173553719008,0.05585093443978788,False
"mobility_drop_retail_lead2, solidarity_messages_lead7",mobility_drop_transit_lead7,82,12.480974124809741,100.0,1.8099173553719008,0.05585093443978788,False
"mobility_drop_retail_lead2, solidarity_messages_lead7",residential_increase_lead2,82,12.480974124809741,98.78048780487805,2.2456325428306187,0.06838658261689474,False
"mobility_drop_retail_lead2, solidarity_messages_lead7",residential_increase_lead7,82,12.480974124809741,100.0,2.273356401384083,0.06990865263211545,False
"mobility_drop_retail_lead7, mobility_drop_transit_lead2",mobility_drop_retail,137,20.85235920852359,94.16058394160584,4.38748252834291,0.15159539347942425,False
"mobility_drop_retail_lead7, mobility_drop_transit_lead2",residential_increase,137,20.85235920852359,97.08029197080292,2.2069810320006065,0.11071032250740764,False
"mobility_drop_retail_lead7, mobility_drop_transit_lead2",mobility_drop_retail_lead2,137,20.85235920852359,84.67153284671532,3.945333126261842,0.13180848328155514,False
"mobility_drop_retail_lead7, mobility_drop_transit_lead2",mobility_drop_transit_lead7,137,20.85235920852359,100.0,1.8099173553719008,0.09331192705184072,False
"mobility_drop_retail_lead7, mobility_drop_transit_lead2",residential_increase_lead2,137,20.85235920852359,97.8102189781022,2.2235748743464754,0.11223239252262834,False
"mobility_drop_retail_lead7, mobility_drop_transit_lead2",residential_increase_lead7,137,20.85235920852359,97.08029197080292,2.2069810320006065,0.11071032250740764,False
"mobility_drop_retail_lead7, mobility_drop_transit_lead7",mobility_drop_retail,141,21.461187214611872,91.48936170212765,4.263014938886374,0.1502887762974083,False
"mobility_drop_retail_lead7, mobility_drop_transit_lead7",residential_increase,141,21.461187214611872,94.32624113475178,2.144371641021866,0.1080322206237012,False
"mobility_drop_retail_lead7, mobility_drop_transit_lead7",mobility_drop_retail_lead2,141,21.461187214611872,82.26950354609929,3.8334087822544136,0.1305018660995392,False
"mobility_drop_retail_lead7, mobility_drop_transit_lead7",residential_increase_lead2,141,21.461187214611872,95.74468085106383,2.17661783111242,0.1110763606541426,False
"mobility_drop_retail_lead7, mobility_drop_transit_lead7",residential_increase_lead7,141,21.461187214611872,97.16312056737588,2.208864021202974,0.114120500684584,False
"mobility_drop_retail_lead7, mobility_drop_workplace_lead2",mobility_drop_retail,89,13.54642313546423,100.0,4.659574468085107,0.10639199905478756,False
"mobility_drop_retail_lead7, mobility_drop_workplace_lead2",mobility_drop_transit,89,13.54642313546423,100.0,1.8099173553719008,0.06061869713586733,False
"mobility_drop_retail_lead7, mobility_drop_workplace_lead2",mobility_drop_workplace,89,13.54642313546423,88.76404494382022,5.450278273653261,0.09818162442169448,False
"mobility_drop_retail_lead7, mobility_drop_workplace_lead2",residential_increase,89,13.54642313546423,100.0,2.273356401384083,0.07587646444217408,False
"mobility_drop_retail_lead7, mobility_drop_workplace_lead2",severe_lockdown_behavior,89,13.54642313546423,88.76404494382022,6.703215807826424,0.1023053453152909,False
"mobility_drop_retail_lead7, mobility_drop_workplace_lead2",mobility_drop_retail_lead2,89,13.54642313546423,97.75280898876404,4.5548649294764525,0.10334785902434616,False
"mobility_drop_retail_lead7, mobility_drop_workplace_lead2",mobility_drop_transit_lead2,89,13.54642313546423,100.0,1.8099173553719008,0.06061869713586733,False
"mobility_drop_retail_lead7, mobility_drop_workplace_lead2",mobility_drop_transit_lead7,89,13.54642313546423,100.0,1.8099173553719008,0.06061869713586733,False
"mobility_drop_retail_lead7, mobility_drop_workplace_lead2",mobility_drop_workplace_lead7,89,13.54642313546423,86.51685393258427,5.312296545206343,0.09513748439125308,False
"mobility_drop_retail_lead7, mobility_drop_workplace_lead2",residential_increase_lead2,89,13.54642313546423,100.0,2.273356401384083,0.07587646444217408,False
"mobility_drop_retail_lead7, mobility_drop_workplace_lead2",residential_increase_lead7,89,13.54642313546423,100.0,2.273356401384083,0.07587646444217408,False
"mobility_drop_retail_lead7, mobility_drop_workplace_lead2",severe_lockdown_behavior_lead2,89,13.54642313546423,97.75280898876404,7.382022471910112,0.1144819054370565,False
"mobility_drop_retail_lead7, mobility_drop_workplace_lead2",severe_lockdown_behavior_lead7,89,13.54642313546423,86.51685393258427,6.533514141805502,0.0992612052848495,False
"mobility_drop_retail_lead7, mobility_drop_workplace_lead7",mobility_drop_retail,87,13.24200913242009,96.55172413793103,4.498899486427,0.09943495756969203,False
"mobility_drop_retail_lead7, mobility_drop_workplace_lead7",mobility_drop_workplace,87,13.24200913242009,91.95402298850574,5.646148888172736,0.10019946762299924,False
"mobility_drop_retail_lead7, mobility_drop_workplace_lead7",residential_increase,87,13.24200913242009,98.85057471264368,2.2472258680348407,0.0726493053383652,False
"mobility_drop_retail_lead7, mobility_drop_workplace_lead7",severe_lockdown_behavior,87,13.24200913242009,91.95402298850574,6.944114149821641,0.1042305206313463,False
"mobility_drop_retail_lead7, mobility_drop_workplace_lead7",mobility_drop_retail_lead2,87,13.24200913242009,98.85057471264368,4.606016140865738,0.10247909760013343,False
"mobility_drop_retail_lead7, mobility_drop_workplace_lead7",mobility_drop_transit_lead2,87,13.24200913242009,100.0,1.8099173553719008,0.059256479222701774,False
"mobility_drop_retail_lead7, mobility_drop_workplace_lead7",mobility_drop_transit_lead7,87,13.24200913242009,100.0,1.8099173553719008,0.059256479222701774,False
"mobility_drop_retail_lead7, mobility_drop_workplace_lead7",mobility_drop_workplace_lead2,87,13.24200913242009,88.50574712643679,5.434418304866259,0.09563325757733714,False
"mobility_drop_retail_lead7, mobility_drop_workplace_lead7",residential_increase_lead2,87,13.24200913242009,100.0,2.273356401384083,0.0741713753535859,False
"mobility_drop_retail_lead7, mobility_drop_workplace_lead7",residential_increase_lead7,87,13.24200913242009,100.0,2.273356401384083,0.0741713753535859,False
"mobility_drop_retail_lead7, mobility_drop_workplace_lead7",severe_lockdown_behavior_lead2,87,13.24200913242009,88.50574712643679,6.68370986920333,0.0996643105856842,False
"mobility_drop_retail_lead7, mobility_drop_workplace_lead7",severe_lockdown_behavior_lead7,87,13.24200913242009,100.0,7.551724137931035,0.1148850107378912,False
"mobility_drop_retail_lead7, residential_increase_lead2",mobility_drop_retail,135,20.54794520547945,94.81481481481482,4.417966903073286,0.15072663205521153,False
"mobility_drop_retail_lead7, residential_increase_lead2",residential_increase,135,20.54794520547945,97.03703703703704,2.205997693194925,0.10900523341881946,False
"mobility_drop_retail_lead7, residential_increase_lead2",mobility_drop_retail_lead2,135,20.54794520547945,85.92592592592592,4.0037825059101655,0.13246179187256313,False
"mobility_drop_retail_lead7, residential_increase_lead2",mobility_drop_transit_lead7,135,20.54794520547945,100.0,1.8099173553719008,0.09194970913867516,False
"mobility_drop_retail_lead7, residential_increase_lead2",residential_increase_lead7,135,20.54794520547945,97.77777777777777,2.2228373702422144,0.11052730343404016,False
"mobility_drop_retail_lead7, residential_increase_lead7",mobility_drop_retail,137,20.85235920852359,91.97080291970804,4.285448050939587,0.14702918343376215,False
"mobility_drop_retail_lead7, residential_increase_lead7",residential_increase,137,20.85235920852359,95.62043795620438,2.1737933473088678,0.10766618247696624,False
"mobility_drop_retail_lead7, residential_increase_lead7",mobility_drop_retail_lead2,137,20.85235920852359,84.67153284671532,3.945333126261842,0.13180848328155514,False
"mobility_drop_retail_lead7, residential_increase_lead7",mobility_drop_transit_lead7,137,20.85235920852359,100.0,1.8099173553719008,0.09331192705184072,False
"mobility_drop_retail_lead7, residential_increase_lead7",residential_increase_lead2,137,20.85235920852359,96.35036496350365,2.190387189654737,0.10918825249218694,False
"mobility_drop_retail_lead7, severe_lockdown_behavior_lead2",mobility_drop_retail,87,13.24200913242009,100.0,4.659574468085107,0.10400116761535413,False
"mobility_drop_retail_lead7, severe_lockdown_behavior_lead2",mobility_drop_transit,87,13.24200913242009,100.0,1.8099173553719008,0.059256479222701774,False
"mobility_drop_retail_lead7, severe_lockdown_behavior_lead2",mobility_drop_workplace,87,13.24200913242009,90.80459770114942,5.575572027070577,0.09867739760777854,False
"mobility_drop_retail_lead7, severe_lockdown_behavior_lead2",residential_increase,87,13.24200913242009,100.0,2.273356401384083,0.0741713753535859,False
"mobility_drop_retail_lead7, severe_lockdown_behavior_lead2",severe_lockdown_behavior,87,13.24200913242009,90.80459770114942,6.857312722948871,0.1027084506161256,False
"mobility_drop_retail_lead7, severe_lockdown_behavior_lead2",mobility_drop_retail_lead2,87,13.24200913242009,100.0,4.659574468085107,0.10400116761535413,False
"mobility_drop_retail_lead7, severe_lockdown_behavior_lead2",mobility_drop_transit_lead2,87,13.24200913242009,100.0,1.8099173553719008,0.059256479222701774,False
"mobility_drop_retail_lead7, severe_lockdown_behavior_lead2",mobility_drop_transit_lead7,87,13.24200913242009,100.0,1.8099173553719008,0.059256479222701774,False
"mobility_drop_retail_lead7, severe_lockdown_behavior_lead2",mobility_drop_workplace_lead2,87,13.24200913242009,100.0,6.140186915887851,0.11085395772954414,False
"mobility_drop_retail_lead7, severe_lockdown_behavior_lead2",mobility_drop_workplace_lead7,87,13.24200913242009,88.50574712643679,5.434418304866259,0.09563325757733714,False
"mobility_drop_retail_lead7, severe_lockdown_behavior_lead2",residential_increase_lead2,87,13.24200913242009,100.0,2.273356401384083,0.0741713753535859,False
"mobility_drop_retail_lead7, severe_lockdown_behavior_lead2",residential_increase_lead7,87,13.24200913242009,100.0,2.273356401384083,0.0741713753535859,False
"mobility_drop_retail_lead7, severe_lockdown_behavior_lead2",severe_lockdown_behavior_lead7,87,13.24200913242009,88.50574712643679,6.68370986920333,0.0996643105856842,False
"mobility_drop_retail_lead7, severe_lockdown_behavior_lead7",mobility_drop_retail,87,13.24200913242009,96.55172413793103,4.498899486427,0.09943495756969203,False
"mobility_drop_retail_lead7, severe_lockdown_behavior_lead7",mobility_drop_workplace,87,13.24200913242009,91.95402298850574,5.646148888172736,0.10019946762299924,False
"mobility_drop_retail_lead7, severe_lockdown_behavior_lead7",residential_increase,87,13.24200913242009,98.85057471264368,2.2472258680348407,0.0726493053383652,False
"mobility_drop_retail_lead7, severe_lockdown_behavior_lead7",severe_lockdown_behavior,87,13.24200913242009,91.95402298850574,6.944114149821641,0.1042305206313463,False
"mobility_drop_retail_lead7, severe_lockdown_behavior_lead7",mobility_drop_retail_lead2,87,13.24200913242009,98.85057471264368,4.606016140865738,0.10247909760013343,False
"mobility_drop_retail_lead7, severe_lockdown_behavior_lead7",mobility_drop_transit_lead2,87,13.24200913242009,100.0,1.8099173553719008,0.059256479222701774,False
"mobility_drop_retail_lead7, severe_lockdown_behavior_lead7",mobility_drop_transit_lead7,87,13.24200913242009,100.0,1.8099173553719008,0.059256479222701774,False
"mobility_drop_retail_lead7, severe_lockdown_behavior_lead7",mobility_drop_workplace_lead2,87,13.24200913242009,88.50574712643679,5.434418304866259,0.09563325757733714,False
"mobility_drop_retail_lead7, severe_lockdown_behavior_lead7",mobility_drop_workplace_lead7,87,13.24200913242009,100.0,6.140186915887851,0.11085395772954414,False
"mobility_drop_retail_lead7, severe_lockdown_behavior_lead7",residential_increase_lead2,87,13.24200913242009,100.0,2.273356401384083,0.0741713753535859,False
"mobility_drop_retail_lead7, severe_lockdown_behavior_lead7",residential_increase_lead7,87,13.24200913242009,100.0,2.273356401384083,0.0741713753535859,False
"mobility_drop_retail_lead7, severe_lockdown_behavior_lead7",severe_lockdown_behavior_lead2,87,13.24200913242009,88.50574712643679,6.68370986920333,0.0996643105856842,False
"mobility_drop_retail_lead7, sentiment_shift_detected_lead2",mobility_drop_retail,87,13.24200913242009,88.50574712643679,4.123991195891416,0.08878046746314713,False
"mobility_drop_retail_lead7, sentiment_shift_detected_lead2",residential_increase,87,13.24200913242009,93.10344827586206,2.116573201288629,0.0650389552622617,False
"mobility_drop_retail_lead7, sentiment_shift_detected_lead2",mobility_drop_retail_lead2,87,13.24200913242009,80.45977011494253,3.749082905355833,0.07812597735660223,False
"mobility_drop_retail_lead7, sentiment_shift_detected_lead2",mobility_drop_transit_lead7,87,13.24200913242009,100.0,1.8099173553719008,0.059256479222701774,False
"mobility_drop_retail_lead7, sentiment_shift_detected_lead2",residential_increase_lead2,87,13.24200913242009,95.40229885057471,2.1688342679871138,0.0680830952927031,False
"mobility_drop_retail_lead7, sentiment_shift_detected_lead2",residential_increase_lead7,87,13.24200913242009,97.70114942528735,2.2210953346855984,0.0711272353231445,False
"mobility_drop_retail_lead7, sentiment_shift_detected_lead7",mobility_drop_retail,87,13.24200913242009,93.10344827586206,4.338224504768892,0.09486874752402993,False
"mobility_drop_retail_lead7, sentiment_shift_detected_lead7",residential_increase,87,13.24200913242009,96.55172413793103,2.194964801336356,0.0696051653079238,False
"mobility_drop_retail_lead7, sentiment_shift_detected_lead7",mobility_drop_retail_lead2,87,13.24200913242009,82.75862068965517,3.856199559794571,0.08117011738704363,False
"mobility_drop_retail_lead7, sentiment_shift_detected_lead7",mobility_drop_transit_lead7,87,13.24200913242009,100.0,1.8099173553719008,0.059256479222701774,False
"mobility_drop_retail_lead7, sentiment_shift_detected_lead7",residential_increase_lead2,87,13.24200913242009,95.40229885057471,2.1688342679871138,0.0680830952927031,False
"mobility_drop_retail_lead7, sentiment_shift_detected_lead7",residential_increase_lead7,87,13.24200913242009,96.55172413793103,2.194964801336356,0.0696051653079238,False
"mobility_drop_retail_lead7, solidarity_messages_lead2",mobility_drop_retail,84,12.785388127853881,90.47619047619048,4.215805471124621,0.0882383603344384,False
"mobility_drop_retail_lead7, solidarity_messages_lead2",residential_increase,84,12.785388127853881,95.23809523809523,2.165101334651508,0.06552546165982082,False
"mobility_drop_retail_lead7, solidarity_messages_lead2",mobility_drop_retail_lead2,84,12.785388127853881,85.71428571428571,3.9939209726443767,0.0821500802735556,False
"mobility_drop_retail_lead7, solidarity_messages_lead2",mobility_drop_transit_lead7,84,12.785388127853881,100.0,1.8099173553719008,0.057213152352953434,False
"mobility_drop_retail_lead7, solidarity_messages_lead2",residential_increase_lead2,84,12.785388127853881,95.23809523809523,2.165101334651508,0.06552546165982082,False
"mobility_drop_retail_lead7, solidarity_messages_lead2",residential_increase_lead7,84,12.785388127853881,96.42857142857143,2.1921651013346515,0.06704753167504152,False
"mobility_drop_retail_lead7, solidarity_messages_lead7",mobility_drop_retail,86,13.08980213089802,90.69767441860465,4.226125680356259,0.09062919177387183,False
"mobility_drop_retail_lead7, solidarity_messages_lead7",residential_increase,86,13.08980213089802,95.34883720930233,2.1676188943429633,0.067230550748409,False
"mobility_drop_retail_lead7, solidarity_messages_lead7",mobility_drop_retail_lead2,86,13.08980213089802,83.72093023255815,3.9010390895596245,0.08149677168254763,False
"mobility_drop_retail_lead7, solidarity_messages_lead7",mobility_drop_transit_lead7,86,13.08980213089802,100.0,1.8099173553719008,0.05857537026611899,False
"mobility_drop_retail_lead7, solidarity_messages_lead7",residential_increase_lead2,86,13.08980213089802,95.34883720930233,2.1676188943429633,0.067230550748409,False
"mobility_drop_retail_lead7, solidarity_messages_lead7",residential_increase_lead7,86,13.08980213089802,96.51162790697676,2.194053271103243,0.0687526207636297,False
"mobility_drop_transit_lead2, mobility_drop_workplace_lead2",mobility_drop_retail,104,15.82952815829528,85.57692307692307,3.987520458265139,0.10149218462222778,False
"mobility_drop_transit_lead2, mobility_drop_workplace_lead2",mobility_drop_workplace,104,15.82952815829528,81.73076923076923,5.018421998562186,0.1035957456173882,False
"mobility_drop_transit_lead2, mobility_drop_workplace_lead2",residential_increase,104,15.82952815829528,95.1923076923077,2.1640604205483096,0.08105428253048194,False
"mobility_drop_transit_lead2, mobility_drop_workplace_lead2",severe_lockdown_behavior,104,15.82952815829528,75.96153846153845,5.736405835543767,0.0992820555590306,False
"mobility_drop_transit_lead2, mobility_drop_workplace_lead2",mobility_drop_retail_lead2,104,15.82952815829528,83.65384615384616,3.8979132569558104,0.09844804459178638,False
"mobility_drop_transit_lead2, mobility_drop_workplace_lead2",mobility_drop_retail_lead7,104,15.82952815829528,85.57692307692307,3.987520458265139,0.10149218462222778,False
"mobility_drop_transit_lead2, mobility_drop_workplace_lead2",residential_increase_lead2,104,15.82952815829528,100.0,2.273356401384083,0.08866463260658544,False
"mobility_drop_transit_lead2, mobility_drop_workplace_lead2",residential_increase_lead7,104,15.82952815829528,89.42307692307693,2.032905243545382,0.07192186243915774,False
"mobility_drop_transit_lead2, mobility_drop_workplace_lead2",severe_lockdown_behavior_lead2,104,15.82952815829528,83.65384615384616,6.3173076923076925,0.1114586156807962,False
"mobility_drop_transit_lead2, mobility_drop_workplace_lead7",mobility_drop_retail,98,14.916286149162861,86.73469387755102,4.0414676508901435,0.09736383033436889,False
"mobility_drop_transit_lead2, mobility_drop_workplace_lead7",mobility_drop_workplace,98,14.916286149162861,81.63265306122449,5.0123974823574295,0.0974727150995369,False
"mobility_drop_transit_lead2, mobility_drop_workplace_lead7",residential_increase,98,14.916286149162861,96.93877551020408,2.2037638584845705,0.0789831552951588,False
"mobility_drop_transit_lead2, mobility_drop_workplace_lead7",severe_lockdown_behavior,98,14.916286149162861,81.63265306122449,6.164672765657988,0.10201344147675542,False
"mobility_drop_transit_lead2, mobility_drop_workplace_lead7",mobility_drop_retail_lead2,98,14.916286149162861,87.75510204081633,4.08901432913591,0.09888590034958959,False
"mobility_drop_transit_lead2, mobility_drop_workplace_lead7",mobility_drop_retail_lead7,98,14.916286149162861,88.77551020408163,4.136561007381676,0.10040797036481029,False
"mobility_drop_transit_lead2, mobility_drop_workplace_lead7",mobility_drop_transit_lead7,98,14.916286149162861,100.0,1.8099173553719008,0.06674867774511234,False
"mobility_drop_transit_lead2, mobility_drop_workplace_lead7",mobility_drop_workplace_lead2,98,14.916286149162861,78.57142857142857,4.824432576769025,0.0929065050538748,False
"mobility_drop_transit_lead2, mobility_drop_workplace_lead7",residential_increase_lead2,98,14.916286149162861,94.89795918367348,2.1573688298848954,0.0759390152647174,False
"mobility_drop_transit_lead2, mobility_drop_workplace_lead7",residential_increase_lead7,98,14.916286149162861,100.0,2.273356401384083,0.0835493653408209,False
"mobility_drop_transit_lead2, mobility_drop_workplace_lead7",severe_lockdown_behavior_lead2,98,14.916286149162861,78.57142857142857,5.933497536945813,0.09744723143109332,False
"mobility_drop_transit_lead2, mobility_drop_workplace_lead7",severe_lockdown_behavior_lead7,98,14.916286149162861,88.77551020408163,6.704081632653062,0.11266793158330032,False
"mobility_drop_transit_lead2, residential_increase_lead2",residential_increase,256,38.96499238964992,85.546875,1.9447853589965398,0.16193481277612135,False
"mobility_drop_transit_lead2, residential_increase_lead2",residential_increase_lead7,256,38.96499238964992,80.46875,1.8293414792387543,0.14214790257825224,False
"mobility_drop_transit_lead2, residential_increase_lead7",residential_increase,248,37.74733637747336,93.95161290322581,2.1358550061390784,0.188599996756624,False
"mobility_drop_transit_lead2, residential_increase_lead7",residential_increase_lead2,248,37.74733637747336,83.06451612903226,1.8883524946980692,0.1475041063456651,False
"mobility_drop_transit_lead2, severe_lockdown_behavior_lead2",mobility_drop_retail,87,13.24200913242009,100.0,4.659574468085107,0.10400116761535413,False
"mobility_drop_transit_lead2, severe_lockdown_behavior_lead2",mobility_drop_transit,87,13.24200913242009,100.0,1.8099173553719008,0.059256479222701774,False
"mobility_drop_transit_lead2, severe_lockdown_behavior_lead2",mobility_drop_workplace,87,13.24200913242009,90.80459770114942,5.575572027070577,0.09867739760777854,False
"mobility_drop_transit_lead2, severe_lockdown_behavior_lead2",residential_increase,87,13.24200913242009,100.0,2.273356401384083,0.0741713753535859,False
"mobility_drop_transit_lead2, severe_lockdown_behavior_lead2",severe_lockdown_behavior,87,13.24200913242009,90.80459770114942,6.857312722948871,0.1027084506161256,False
"mobility_drop_transit_lead2, severe_lockdown_behavior_lead2",mobility_drop_retail_lead2,87,13.24200913242009,100.0,4.659574468085107,0.10400116761535413,False
"mobility_drop_transit_lead2, severe_lockdown_behavior_lead2",mobility_drop_retail_lead7,87,13.24200913242009,100.0,4.659574468085107,0.10400116761535413,False
"mobility_drop_transit_lead2, severe_lockdown_behavior_lead2",mobility_drop_transit_lead7,87,13.24200913242009,100.0,1.8099173553719008,0.059256479222701774,False
"mobility_drop_transit_lead2, severe_lockdown_behavior_lead2",mobility_drop_workplace_lead2,87,13.24200913242009,100.0,6.140186915887851,0.11085395772954414,False
"mobility_drop_transit_lead2, severe_lockdown_behavior_lead2",mobility_drop_workplace_lead7,87,13.24200913242009,88.50574712643679,5.434418304866259,0.09563325757733714,False
"mobility_drop_transit_lead2, severe_lockdown_behavior_lead2",residential_increase_lead2,87,13.24200913242009,100.0,2.273356401384083,0.0741713753535859,False
"mobility_drop_transit_lead2, severe_lockdown_behavior_lead2",residential_increase_lead7,87,13.24200913242009,100.0,2.273356401384083,0.0741713753535859,False
"mobility_drop_transit_lead2, severe_lockdown_behavior_lead2",severe_lockdown_behavior_lead7,87,13.24200913242009,88.50574712643679,6.68370986920333,0.0996643105856842,False
"mobility_drop_transit_lead2, severe_lockdown_behavior_lead7",mobility_drop_retail,87,13.24200913242009,96.55172413793103,4.498899486427,0.09943495756969203,False
"mobility_drop_transit_lead2, severe_lockdown_behavior_lead7",mobility_drop_workplace,87,13.24200913242009,91.95402298850574,5.646148888172736,0.10019946762299924,False
"mobility_drop_transit_lead2, severe_lockdown_behavior_lead7",residential_increase,87,13.24200913242009,98.85057471264368,2.2472258680348407,0.0726493053383652,False
"mobility_drop_transit_lead2, severe_lockdown_behavior_lead7",severe_lockdown_behavior,87,13.24200913242009,91.95402298850574,6.944114149821641,0.1042305206313463,False
"mobility_drop_transit_lead2, severe_lockdown_behavior_lead7",mobility_drop_retail_lead2,87,13.24200913242009,98.85057471264368,4.606016140865738,0.10247909760013343,False
"mobility_drop_transit_lead2, severe_lockdown_behavior_lead7",mobility_drop_retail_lead7,87,13.24200913242009,100.0,4.659574468085107,0.10400116761535413,False
"mobility_drop_transit_lead2, severe_lockdown_behavior_lead7",mobility_drop_transit_lead7,87,13.24200913242009,100.0,1.8099173553719008,0.059256479222701774,False
"mobility_drop_transit_lead2, severe_lockdown_behavior_lead7",mobility_drop_workplace_lead2,87,13.24200913242009,88.50574712643679,5.434418304866259,0.09563325757733714,False
"mobility_drop_transit_lead2, severe_lockdown_behavior_lead7",mobility_drop_workplace_lead7,87,13.24200913242009,100.0,6.140186915887851,0.11085395772954414,False
"mobility_drop_transit_lead2, severe_lockdown_behavior_lead7",residential_increase_lead2,87,13.24200913242009,100.0,2.273356401384083,0.0741713753535859,False
"mobility_drop_transit_lead2, severe_lockdown_behavior_lead7",residential_increase_lead7,87,13.24200913242009,100.0,2.273356401384083,0.0741713753535859,False
"mobility_drop_transit_lead2, severe_lockdown_behavior_lead7",severe_lockdown_behavior_lead2,87,13.24200913242009,88.50574712643679,6.68370986920333,0.0996643105856842,False
"mobility_drop_transit_lead2, partial_restrictions_lead2",partial_restrictions,276,42.00913242009132,83.69565217391305,1.9708976157082752,0.17320322762244322,False
"mobility_drop_transit_lead2, partial_restrictions_lead2",partial_restrictions_lead7,276,42.00913242009132,81.15942028985508,1.911173445535297,0.16254873751589832,False
"mobility_drop_transit_lead2, partial_restrictions_lead7",partial_restrictions,234,35.61643835616438,93.58974358974359,2.2038875103391233,0.18208544442359417,False
"mobility_drop_transit_lead2, partial_restrictions_lead7",mobility_drop_transit_lead7,234,35.61643835616438,100.0,1.8099173553719008,0.15937949584037028,False
"mobility_drop_transit_lead2, partial_restrictions_lead7",partial_restrictions_lead2,234,35.61643835616438,95.72649572649573,2.2542045767852223,0.18969579449969767,False
"mobility_drop_transit_lead2, sentiment_shift_detected_lead7",partial_restrictions_lead2,221,33.63774733637747,76.92307692307693,1.8114143920595536,0.11590667417276537,False
"mobility_drop_transit_lead2, sentiment_worsened_lead2",partial_restrictions_lead2,104,15.82952815829528,76.92307692307693,1.8114143920595536,0.05454431725777194,False
"mobility_drop_transit_lead2, sentiment_worsened_lead7",partial_restrictions_lead2,105,15.981735159817351,78.0952380952381,1.8390168970814134,0.05694209878859907,False
"mobility_drop_transit_lead7, mobility_drop_workplace_lead2",mobility_drop_retail,98,14.916286149162861,90.81632653061224,4.231654363873209,0.10345211039525169,False
"mobility_drop_transit_lead7, mobility_drop_workplace_lead2",mobility_drop_workplace,98,14.916286149162861,84.6938775510204,5.200362387945833,0.102038925145199,False
"mobility_drop_transit_lead7, mobility_drop_workplace_lead2",residential_increase,98,14.916286149162861,96.93877551020408,2.2037638584845705,0.0789831552951588,False
"mobility_drop_transit_lead7, mobility_drop_workplace_lead2",severe_lockdown_behavior,98,14.916286149162861,80.61224489795919,6.087614356087263,0.10049137146153472,False
"mobility_drop_transit_lead7, mobility_drop_workplace_lead2",mobility_drop_retail_lead2,98,14.916286149162861,88.77551020408163,4.136561007381676,0.10040797036481029,False
"mobility_drop_transit_lead7, mobility_drop_workplace_lead2",mobility_drop_retail_lead7,98,14.916286149162861,90.81632653061224,4.231654363873209,0.10345211039525169,False
"mobility_drop_transit_lead7, mobility_drop_workplace_lead2",mobility_drop_transit_lead2,98,14.916286149162861,100.0,1.8099173553719008,0.06674867774511234,False
"mobility_drop_transit_lead7, mobility_drop_workplace_lead2",mobility_drop_workplace_lead7,98,14.916286149162861,78.57142857142857,4.824432576769025,0.0929065050538748,False
"mobility_drop_transit_lead7, mobility_drop_workplace_lead2",residential_increase_lead2,98,14.916286149162861,100.0,2.273356401384083,0.0835493653408209,False
"mobility_drop_transit_lead7, mobility_drop_workplace_lead2",residential_increase_lead7,98,14.916286149162861,93.87755102040816,2.134171315585058,0.0744169452494967,False
"mobility_drop_transit_lead7, mobility_drop_workplace_lead2",severe_lockdown_behavior_lead2,98,14.916286149162861,88.77551020408163,6.704081632653062,0.11266793158330032,False
"mobility_drop_transit_lead7, mobility_drop_workplace_lead2",severe_lockdown_behavior_lead7,98,14.916286149162861,78.57142857142857,5.933497536945813,0.09744723143109332,False
"mobility_drop_transit_lead7, mobility_drop_workplace_lead7",mobility_drop_retail,104,15.82952815829528,81.73076923076923,3.808306055646481,0.09540390456134498,False
"mobility_drop_transit_lead7, mobility_drop_workplace_lead7",mobility_drop_workplace,104,15.82952815829528,76.92307692307693,4.723220704529116,0.0959853955412847,False
"mobility_drop_transit_lead7, mobility_drop_workplace_lead7",residential_increase,104,15.82952815829528,94.23076923076923,2.1422012243811555,0.07953221251526124,False
"mobility_drop_transit_lead7, mobility_drop_workplace_lead7",severe_lockdown_behavior,104,15.82952815829528,76.92307692307693,5.809018567639258,0.1008041255742513,False
"mobility_drop_transit_lead7, mobility_drop_workplace_lead7",mobility_drop_retail_lead2,104,15.82952815829528,82.6923076923077,3.8531096563011458,0.09692597457656568,False
"mobility_drop_transit_lead7, mobility_drop_workplace_lead7",mobility_drop_retail_lead7,104,15.82952815829528,83.65384615384616,3.8979132569558104,0.09844804459178638,False
"mobility_drop_transit_lead7, mobility_drop_workplace_lead7",residential_increase_lead2,104,15.82952815829528,92.3076923076923,2.0984828320468463,0.07648807248481984,False
"mobility_drop_transit_lead7, mobility_drop_workplace_lead7",residential_increase_lead7,104,15.82952815829528,100.0,2.273356401384083,0.08866463260658544,False
"mobility_drop_transit_lead7, mobility_drop_workplace_lead7",severe_lockdown_behavior_lead7,104,15.82952815829528,83.65384615384616,6.3173076923076925,0.1114586156807962,False
"mobility_drop_transit_lead7, residential_increase_lead2",residential_increase,257,39.117199391171994,84.43579766536965,1.9195266112853933,0.15822114727475334,False
"mobility_drop_transit_lead7, residential_increase_lead2",residential_increase_lead7,257,39.117199391171994,81.32295719844358,1.848760653265655,0.14604458715298774,False
"mobility_drop_transit_lead7, residential_increase_lead7",residential_increase,256,38.96499238964992,90.625,2.0602292387543253,0.18172172297399045,False
"mobility_drop_transit_lead7, residential_increase_lead7",residential_increase_lead2,256,38.96499238964992,81.640625,1.8559823745674742,0.14671411262391434,False
"mobility_drop_transit_lead7, severe_lockdown_behavior_lead2",mobility_drop_retail,87,13.24200913242009,100.0,4.659574468085107,0.10400116761535413,False
"mobility_drop_transit_lead7, severe_lockdown_behavior_lead2",mobility_drop_transit,87,13.24200913242009,100.0,1.8099173553719008,0.059256479222701774,False
"mobility_drop_transit_lead7, severe_lockdown_behavior_lead2",mobility_drop_workplace,87,13.24200913242009,90.80459770114942,5.575572027070577,0.09867739760777854,False
"mobility_drop_transit_lead7, severe_lockdown_behavior_lead2",residential_increase,87,13.24200913242009,100.0,2.273356401384083,0.0741713753535859,False
"mobility_drop_transit_lead7, severe_lockdown_behavior_lead2",severe_lockdown_behavior,87,13.24200913242009,90.80459770114942,6.857312722948871,0.1027084506161256,False
"mobility_drop_transit_lead7, severe_lockdown_behavior_lead2",mobility_drop_retail_lead2,87,13.24200913242009,100.0,4.659574468085107,0.10400116761535413,False
"mobility_drop_transit_lead7, severe_lockdown_behavior_lead2",mobility_drop_retail_lead7,87,13.24200913242009,100.0,4.659574468085107,0.10400116761535413,False
"mobility_drop_transit_lead7, severe_lockdown_behavior_lead2",mobility_drop_transit_lead2,87,13.24200913242009,100.0,1.8099173553719008,0.059256479222701774,False
"mobility_drop_transit_lead7, severe_lockdown_behavior_lead2",mobility_drop_workplace_lead2,87,13.24200913242009,100.0,6.140186915887851,0.11085395772954414,False
"mobility_drop_transit_lead7, severe_lockdown_behavior_lead2",mobility_drop_workplace_lead7,87,13.24200913242009,88.50574712643679,5.434418304866259,0.09563325757733714,False
"mobility_drop_transit_lead7, severe_lockdown_behavior_lead2",residential_increase_lead2,87,13.24200913242009,100.0,2.273356401384083,0.0741713753535859,False
"mobility_drop_transit_lead7, severe_lockdown_behavior_lead2",residential_increase_lead7,87,13.24200913242009,100.0,2.273356401384083,0.0741713753535859,False
"mobility_drop_transit_lead7, severe_lockdown_behavior_lead2",severe_lockdown_behavior_lead7,87,13.24200913242009,88.50574712643679,6.68370986920333,0.0996643105856842,False
"mobility_drop_transit_lead7, severe_lockdown_behavior_lead7",mobility_drop_retail,87,13.24200913242009,96.55172413793103,4.498899486427,0.09943495756969203,False
"mobility_drop_transit_lead7, severe_lockdown_behavior_lead7",mobility_drop_workplace,87,13.24200913242009,91.95402298850574,5.646148888172736,0.10019946762299924,False
"mobility_drop_transit_lead7, severe_lockdown_behavior_lead7",residential_increase,87,13.24200913242009,98.85057471264368,2.2472258680348407,0.0726493053383652,False
"mobility_drop_transit_lead7, severe_lockdown_behavior_lead7",severe_lockdown_behavior,87,13.24200913242009,91.95402298850574,6.944114149821641,0.1042305206313463,False
"mobility_drop_transit_lead7, severe_lockdown_behavior_lead7",mobility_drop_retail_lead2,87,13.24200913242009,98.85057471264368,4.606016140865738,0.10247909760013343,False
"mobility_drop_transit_lead7, severe_lockdown_behavior_lead7",mobility_drop_retail_lead7,87,13.24200913242009,100.0,4.659574468085107,0.10400116761535413,False
"mobility_drop_transit_lead7, severe_lockdown_behavior_lead7",mobility_drop_transit_lead2,87,13.24200913242009,100.0,1.8099173553719008,0.059256479222701774,False
"mobility_drop_transit_lead7, severe_lockdown_behavior_lead7",mobility_drop_workplace_lead2,87,13.24200913242009,88.50574712643679,5.434418304866259,0.09563325757733714,False
"mobility_drop_transit_lead7, severe_lockdown_behavior_lead7",mobility_drop_workplace_lead7,87,13.24200913242009,100.0,6.140186915887851,0.11085395772954414,False
"mobility_drop_transit_lead7, severe_lockdown_behavior_lead7",residential_increase_lead2,87,13.24200913242009,100.0,2.273356401384083,0.0741713753535859,False
"mobility_drop_transit_lead7, severe_lockdown_behavior_lead7",residential_increase_lead7,87,13.24200913242009,100.0,2.273356401384083,0.0741713753535859,False
"mobility_drop_transit_lead7, severe_lockdown_behavior_lead7",severe_lockdown_behavior_lead2,87,13.24200913242009,88.50574712643679,6.68370986920333,0.0996643105856842,False
"mobility_drop_transit_lead7, partial_restrictions_lead2",partial_restrictions,234,35.61643835616438,92.3076923076923,2.173697270471464,0.17751923437793207,False
"mobility_drop_transit_lead7, partial_restrictions_lead2",mobility_drop_transit_lead2,234,35.61643835616438,100.0,1.8099173553719008,0.15937949584037028,False
"mobility_drop_transit_lead7, partial_restrictions_lead2",partial_restrictions_lead7,234,35.61643835616438,95.72649572649573,2.2542045767852223,0.18969579449969767,False
"mobility_drop_transit_lead7, partial_restrictions_lead7",partial_restrictions,276,42.00913242009132,87.68115942028986,2.0647498831229547,0.18994599778987092,False
"mobility_drop_transit_lead7, partial_restrictions_lead7",partial_restrictions_lead2,276,42.00913242009132,81.15942028985508,1.911173445535297,0.16254873751589832,False
"mobility_drop_transit_lead7, sentiment_worsened_lead2",partial_restrictions_lead7,105,15.981735159817351,77.14285714285715,1.8165898617511522,0.05542002877337837,False
"mobility_drop_transit_lead7, sentiment_worsened_lead7",partial_restrictions_lead7,104,15.82952815829528,76.92307692307693,1.8114143920595536,0.05454431725777194,False
"mobility_drop_workplace_lead2, mobility_drop_workplace_lead7",mobility_drop_retail,77,11.71993911719939,100.0,4.659574468085107,0.092047010418187,False
"mobility_drop_workplace_lead2, mobility_drop_workplace_lead7",mobility_drop_transit,77,11.71993911719939,100.0,1.8099173553719008,0.05244538965687398,False
"mobility_drop_workplace_lead2, mobility_drop_workplace_lead7",mobility_drop_workplace,77,11.71993911719939,97.40259740259741,5.980701541449205,0.09506798347731606,False
"mobility_drop_workplace_lead2, mobility_drop_workplace_lead7",residential_increase,77,11.71993911719939,100.0,2.273356401384083,0.065645929910645,False
"mobility_drop_workplace_lead2, mobility_drop_workplace_lead7",severe_lockdown_behavior,77,11.71993911719939,97.40259740259741,7.355575459023735,0.09863569705941633,False
"mobility_drop_workplace_lead2, mobility_drop_workplace_lead7",mobility_drop_retail_lead2,77,11.71993911719939,100.0,4.659574468085107,0.092047010418187,False
"mobility_drop_workplace_lead2, mobility_drop_workplace_lead7",mobility_drop_retail_lead7,77,11.71993911719939,100.0,4.659574468085107,0.092047010418187,False
"mobility_drop_workplace_lead2, mobility_drop_workplace_lead7",mobility_drop_transit_lead2,77,11.71993911719939,100.0,1.8099173553719008,0.05244538965687398,False
"mobility_drop_workplace_lead2, mobility_drop_workplace_lead7",mobility_drop_transit_lead7,77,11.71993911719939,100.0,1.8099173553719008,0.05244538965687398,False
"mobility_drop_workplace_lead2, mobility_drop_workplace_lead7",residential_increase_lead2,77,11.71993911719939,100.0,2.273356401384083,0.065645929910645,False
"mobility_drop_workplace_lead2, mobility_drop_workplace_lead7",residential_increase_lead7,77,11.71993911719939,100.0,2.273356401384083,0.065645929910645,False
"mobility_drop_workplace_lead2, mobility_drop_workplace_lead7",severe_lockdown_behavior_lead2,77,11.71993911719939,100.0,7.551724137931035,0.10167983708985773,False
"mobility_drop_workplace_lead2, mobility_drop_workplace_lead7",severe_lockdown_behavior_lead7,77,11.71993911719939,100.0,7.551724137931035,0.10167983708985773,False
"mobility_drop_workplace_lead2, residential_increase_lead2",mobility_drop_retail,107,16.28614916286149,83.17757009345794,3.8757208192483596,0.10051222173571582,False
"mobility_drop_workplace_lead2, residential_increase_lead2",mobility_drop_workplace,107,16.28614916286149,79.43925233644859,4.87771857804175,0.10285208583826211,False
"mobility_drop_workplace_lead2, residential_increase_lead2",residential_increase,107,16.28614916286149,92.5233644859813,2.1033858293179835,0.07904570611770212,False
"mobility_drop_workplace_lead2, residential_increase_lead2",mobility_drop_retail_lead2,107,16.28614916286149,81.30841121495327,3.78862596937761,0.09746808170527442,False
"mobility_drop_workplace_lead2, residential_increase_lead2",mobility_drop_retail_lead7,107,16.28614916286149,83.17757009345794,3.8757208192483596,0.10051222173571582,False
"mobility_drop_workplace_lead2, residential_increase_lead2",residential_increase_lead7,107,16.28614916286149,86.91588785046729,1.9759079002684088,0.06991328602637792,False
"mobility_drop_workplace_lead2, residential_increase_lead2",severe_lockdown_behavior_lead2,107,16.28614916286149,81.30841121495327,6.140186915887851,0.11085395772954414,False
"mobility_drop_workplace_lead2, residential_increase_lead7",mobility_drop_retail,93,14.15525114155251,95.6989247311828,4.459162663006177,0.10508538187277162,False
"mobility_drop_workplace_lead2, residential_increase_lead7",mobility_drop_transit,93,14.15525114155251,100.0,1.8099173553719008,0.06334313296219844,False
"mobility_drop_workplace_lead2, residential_increase_lead7",mobility_drop_workplace,93,14.15525114155251,87.09677419354838,5.347904733192644,0.10023421807996774,False
"mobility_drop_workplace_lead2, residential_increase_lead7",residential_increase,93,14.15525114155251,100.0,2.273356401384083,0.07928664261935045,False
"mobility_drop_workplace_lead2, residential_increase_lead7",severe_lockdown_behavior,93,14.15525114155251,84.94623655913979,6.414905450500557,0.10149913471362149,False
"mobility_drop_workplace_lead2, residential_increase_lead7",mobility_drop_retail_lead2,93,14.15525114155251,93.54838709677419,4.358956760466713,0.10204124184233022,False
"mobility_drop_workplace_lead2, residential_increase_lead7",mobility_drop_retail_lead7,93,14.15525114155251,95.6989247311828,4.459162663006177,0.10508538187277162,False
"mobility_drop_workplace_lead2, residential_increase_lead7",mobility_drop_transit_lead2,93,14.15525114155251,100.0,1.8099173553719008,0.06334313296219844,False
"mobility_drop_workplace_lead2, residential_increase_lead7",mobility_drop_workplace_lead7,93,14.15525114155251,82.79569892473118,5.083810672294242,0.09414593801908494,False
"mobility_drop_workplace_lead2, residential_increase_lead7",residential_increase_lead2,93,14.15525114155251,100.0,2.273356401384083,0.07928664261935045,False
"mobility_drop_workplace_lead2, residential_increase_lead7",severe_lockdown_behavior_lead2,93,14.15525114155251,93.54838709677419,7.064516129032258,0.11367569483538709,False
"mobility_drop_workplace_lead2, residential_increase_lead7",severe_lockdown_behavior_lead7,93,14.15525114155251,82.79569892473118,6.252502780867632,0.09845499468318009,False
"mobility_drop_workplace_lead2, severe_lockdown_behavior_lead2",mobility_drop_retail,87,13.24200913242009,100.0,4.659574468085107,0.10400116761535413,False
"mobility_drop_workplace_lead2, severe_lockdown_behavior_lead2",mobility_drop_transit,87,13.24200913242009,100.0,1.8099173553719008,0.059256479222701774,False
"mobility_drop_workplace_lead2, severe_lockdown_behavior_lead2",mobility_drop_workplace,87,13.24200913242009,90.80459770114942,5.575572027070577,0.09867739760777854,False
"mobility_drop_workplace_lead2, severe_lockdown_behavior_lead2",residential_increase,87,13.24200913242009,100.0,2.273356401384083,0.0741713753535859,False
"mobility_drop_workplace_lead2, severe_lockdown_behavior_lead2",severe_lockdown_behavior,87,13.24200913242009,90.80459770114942,6.857312722948871,0.1027084506161256,False
"mobility_drop_workplace_lead2, severe_lockdown_behavior_lead2",mobility_drop_retail_lead2,87,13.24200913242009,100.0,4.659574468085107,0.10400116761535413,False
"mobility_drop_workplace_lead2, severe_lockdown_behavior_lead2",mobility_drop_retail_lead7,87,13.24200913242009,100.0,4.659574468085107,0.10400116761535413,False
"mobility_drop_workplace_lead2, severe_lockdown_behavior_lead2",mobility_drop_transit_lead2,87,13.24200913242009,100.0,1.8099173553719008,0.059256479222701774,False
"mobility_drop_workplace_lead2, severe_lockdown_behavior_lead2",mobility_drop_transit_lead7,87,13.24200913242009,100.0,1.8099173553719008,0.059256479222701774,False
"mobility_drop_workplace_lead2, severe_lockdown_behavior_lead2",mobility_drop_workplace_lead7,87,13.24200913242009,88.50574712643679,5.434418304866259,0.09563325757733714,False
"mobility_drop_workplace_lead2, severe_lockdown_behavior_lead2",residential_increase_lead2,87,13.24200913242009,100.0,2.273356401384083,0.0741713753535859,False
"mobility_drop_workplace_lead2, severe_lockdown_behavior_lead2",residential_increase_lead7,87,13.24200913242009,100.0,2.273356401384083,0.0741713753535859,False
"mobility_drop_workplace_lead2, severe_lockdown_behavior_lead2",severe_lockdown_behavior_lead7,87,13.24200913242009,88.50574712643679,6.68370986920333,0.0996643105856842,False
"mobility_drop_workplace_lead2, severe_lockdown_behavior_lead7",mobility_drop_retail,77,11.71993911719939,100.0,4.659574468085107,0.092047010418187,False
"mobility_drop_workplace_lead2, severe_lockdown_behavior_lead7",mobility_drop_transit,77,11.71993911719939,100.0,1.8099173553719008,0.05244538965687398,False
"mobility_drop_workplace_lead2, severe_lockdown_behavior_lead7",mobility_drop_workplace,77,11.71993911719939,97.40259740259741,5.980701541449205,0.09506798347731606,False
"mobility_drop_workplace_lead2, severe_lockdown_behavior_lead7",residential_increase,77,11.71993911719939,100.0,2.273356401384083,0.065645929910645,False
"mobility_drop_workplace_lead2, severe_lockdown_behavior_lead7",severe_lockdown_behavior,77,11.71993911719939,97.40259740259741,7.355575459023735,0.09863569705941633,False
"mobility_drop_workplace_lead2, severe_lockdown_behavior_lead7",mobility_drop_retail_lead2,77,11.71993911719939,100.0,4.659574468085107,0.092047010418187,False
"mobility_drop_workplace_lead2, severe_lockdown_behavior_lead7",mobility_drop_retail_lead7,77,11.71993911719939,100.0,4.659574468085107,0.092047010418187,False
"mobility_drop_workplace_lead2, severe_lockdown_behavior_lead7",mobility_drop_transit_lead2,77,11.71993911719939,100.0,1.8099173553719008,0.05244538965687398,False
"mobility_drop_workplace_lead2, severe_lockdown_behavior_lead7",mobility_drop_transit_lead7,77,11.71993911719939,100.0,1.8099173553719008,0.05244538965687398,False
"mobility_drop_workplace_lead2, severe_lockdown_behavior_lead7",mobility_drop_workplace_lead7,77,11.71993911719939,100.0,6.140186915887851,0.09811212350775746,False
"mobility_drop_workplace_lead2, severe_lockdown_behavior_lead7",residential_increase_lead2,77,11.71993911719939,100.0,2.273356401384083,0.065645929910645,False
"mobility_drop_workplace_lead2, severe_lockdown_behavior_lead7",residential_increase_lead7,77,11.71993911719939,100.0,2.273356401384083,0.065645929910645,False
"mobility_drop_workplace_lead2, severe_lockdown_behavior_lead7",severe_lockdown_behavior_lead2,77,11.71993911719939,100.0,7.551724137931035,0.10167983708985773,False
"mobility_drop_workplace_lead7, residential_increase_lead2",mobility_drop_retail,96,14.61187214611872,88.54166666666666,4.125664893617022,0.09801713892537686,False
"mobility_drop_workplace_lead7, residential_increase_lead2",mobility_drop_workplace,96,14.61187214611872,83.33333333333334,5.116822429906542,0.09796848828562095,False
"mobility_drop_workplace_lead7, residential_increase_lead2",residential_increase,96,14.61187214611872,98.95833333333334,2.2496756055363325,0.08032220623701201,False
"mobility_drop_workplace_lead7, residential_increase_lead2",severe_lockdown_behavior,96,14.61187214611872,83.33333333333334,6.293103448275863,0.10241654677759013,False
"mobility_drop_workplace_lead7, residential_increase_lead2",mobility_drop_retail_lead2,96,14.61187214611872,89.58333333333334,4.174202127659575,0.09953920894059756,False
"mobility_drop_workplace_lead7, residential_increase_lead2",mobility_drop_retail_lead7,96,14.61187214611872,90.625,4.222739361702128,0.10106127895581826,False
"mobility_drop_workplace_lead7, residential_increase_lead2",mobility_drop_transit_lead7,96,14.61187214611872,100.0,1.8099173553719008,0.06538645983194678,False
"mobility_drop_workplace_lead7, residential_increase_lead2",mobility_drop_workplace_lead2,96,14.61187214611872,80.20833333333334,4.924941588785047,0.09340227823995885,False
"mobility_drop_workplace_lead7, residential_increase_lead2",residential_increase_lead7,96,14.61187214611872,100.0,2.273356401384083,0.08184427625223271,False
"mobility_drop_workplace_lead7, residential_increase_lead2",severe_lockdown_behavior_lead2,96,14.61187214611872,80.20833333333334,6.057112068965518,0.09785033673192803,False
"mobility_drop_workplace_lead7, residential_increase_lead2",severe_lockdown_behavior_lead7,96,14.61187214611872,90.625,6.84375,0.11307103688413503,False
"mobility_drop_workplace_lead7, residential_increase_lead7",mobility_drop_retail,107,16.28614916286149,79.43925233644859,3.70153111950686,0.09442394167483302,False
"mobility_drop_workplace_lead7, residential_increase_lead7",residential_increase,107,16.28614916286149,91.58878504672897,2.082139507809721,0.07752363610248142,False
"mobility_drop_workplace_lead7, residential_increase_lead7",mobility_drop_retail_lead2,107,16.28614916286149,80.37383177570094,3.745078544442235,0.09594601169005372,False
"mobility_drop_workplace_lead7, residential_increase_lead7",mobility_drop_retail_lead7,107,16.28614916286149,81.30841121495327,3.78862596937761,0.09746808170527442,False
"mobility_drop_workplace_lead7, residential_increase_lead7",residential_increase_lead2,107,16.28614916286149,89.7196261682243,2.039646864793196,0.07447949607204002,False
"mobility_drop_workplace_lead7, residential_increase_lead7",severe_lockdown_behavior_lead7,107,16.28614916286149,81.30841121495327,6.140186915887851,0.11085395772954414,False
"mobility_drop_workplace_lead7, severe_lockdown_behavior_lead2",mobility_drop_retail,77,11.71993911719939,100.0,4.659574468085107,0.092047010418187,False
"mobility_drop_workplace_lead7, severe_lockdown_behavior_lead2",mobility_drop_transit,77,11.71993911719939,100.0,1.8099173553719008,0.05244538965687398,False
"mobility_drop_workplace_lead7, severe_lockdown_behavior_lead2",mobility_drop_workplace,77,11.71993911719939,97.40259740259741,5.980701541449205,0.09506798347731606,False
"mobility_drop_workplace_lead7, severe_lockdown_behavior_lead2",residential_increase,77,11.71993911719939,100.0,2.273356401384083,0.065645929910645,False
"mobility_drop_workplace_lead7, severe_lockdown_behavior_lead2",severe_lockdown_behavior,77,11.71993911719939,97.40259740259741,7.355575459023735,0.09863569705941633,False
"mobility_drop_workplace_lead7, severe_lockdown_behavior_lead2",mobility_drop_retail_lead2,77,11.71993911719939,100.0,4.659574468085107,0.092047010418187,False
"mobility_drop_workplace_lead7, severe_lockdown_behavior_lead2",mobility_drop_retail_lead7,77,11.71993911719939,100.0,4.659574468085107,0.092047010418187,False
"mobility_drop_workplace_lead7, severe_lockdown_behavior_lead2",mobility_drop_transit_lead2,77,11.71993911719939,100.0,1.8099173553719008,0.05244538965687398,False
"mobility_drop_workplace_lead7, severe_lockdown_behavior_lead2",mobility_drop_transit_lead7,77,11.71993911719939,100.0,1.8099173553719008,0.05244538965687398,False
"mobility_drop_workplace_lead7, severe_lockdown_behavior_lead2",mobility_drop_workplace_lead2,77,11.71993911719939,100.0,6.140186915887851,0.09811212350775746,False
"mobility_drop_workplace_lead7, severe_lockdown_behavior_lead2",residential_increase_lead2,77,11.71993911719939,100.0,2.273356401384083,0.065645929910645,False
"mobility_drop_workplace_lead7, severe_lockdown_behavior_lead2",residential_increase_lead7,77,11.71993911719939,100.0,2.273356401384083,0.065645929910645,False
"mobility_drop_workplace_lead7, severe_lockdown_behavior_lead2",severe_lockdown_behavior_lead7,77,11.71993911719939,100.0,7.551724137931035,0.10167983708985773,False
"mobility_drop_workplace_lead7, severe_lockdown_behavior_lead7",mobility_drop_retail,87,13.24200913242009,96.55172413793103,4.498899486427,0.09943495756969203,False
"mobility_drop_workplace_lead7, severe_lockdown_behavior_lead7",mobility_drop_workplace,87,13.24200913242009,91.95402298850574,5.646148888172736,0.10019946762299924,False
"mobility_drop_workplace_lead7, severe_lockdown_behavior_lead7",residential_increase,87,13.24200913242009,98.85057471264368,2.2472258680348407,0.0726493053383652,False
"mobility_drop_workplace_lead7, severe_lockdown_behavior_lead7",severe_lockdown_behavior,87,13.24200913242009,91.95402298850574,6.944114149821641,0.1042305206313463,False
"mobility_drop_workplace_lead7, severe_lockdown_behavior_lead7",mobility_drop_retail_lead2,87,13.24200913242009,98.85057471264368,4.606016140865738,0.10247909760013343,False
"mobility_drop_workplace_lead7, severe_lockdown_behavior_lead7",mobility_drop_retail_lead7,87,13.24200913242009,100.0,4.659574468085107,0.10400116761535413,False
"mobility_drop_workplace_lead7, severe_lockdown_behavior_lead7",mobility_drop_transit_lead2,87,13.24200913242009,100.0,1.8099173553719008,0.059256479222701774,False
"mobility_drop_workplace_lead7, severe_lockdown_behavior_lead7",mobility_drop_transit_lead7,87,13.24200913242009,100.0,1.8099173553719008,0.059256479222701774,False
"mobility_drop_workplace_lead7, severe_lockdown_behavior_lead7",mobility_drop_workplace_lead2,87,13.24200913242009,88.50574712643679,5.434418304866259,0.09563325757733714,False
"mobility_drop_workplace_lead7, severe_lockdown_behavior_lead7",residential_increase_lead2,87,13.24200913242009,100.0,2.273356401384083,0.0741713753535859,False
"mobility_drop_workplace_lead7, severe_lockdown_behavior_lead7",residential_increase_lead7,87,13.24200913242009,100.0,2.273356401384083,0.0741713753535859,False
"mobility_drop_workplace_lead7, severe_lockdown_behavior_lead7",severe_lockdown_behavior_lead2,87,13.24200913242009,88.50574712643679,6.68370986920333,0.0996643105856842,False
"residential_increase_lead2, residential_increase_lead7",residential_increase,230,35.0076103500761,96.52173913043478,2.1942831352489844,0.1839086850658753,False
"residential_increase_lead2, severe_lockdown_behavior_lead2",mobility_drop_retail,87,13.24200913242009,100.0,4.659574468085107,0.10400116761535413,False
"residential_increase_lead2, severe_lockdown_behavior_lead2",mobility_drop_transit,87,13.24200913242009,100.0,1.8099173553719008,0.059256479222701774,False
"residential_increase_lead2, severe_lockdown_behavior_lead2",mobility_drop_workplace,87,13.24200913242009,90.80459770114942,5.575572027070577,0.09867739760777854,False
"residential_increase_lead2, severe_lockdown_behavior_lead2",residential_increase,87,13.24200913242009,100.0,2.273356401384083,0.0741713753535859,False
"residential_increase_lead2, severe_lockdown_behavior_lead2",severe_lockdown_behavior,87,13.24200913242009,90.80459770114942,6.857312722948871,0.1027084506161256,False
"residential_increase_lead2, severe_lockdown_behavior_lead2",mobility_drop_retail_lead2,87,13.24200913242009,100.0,4.659574468085107,0.10400116761535413,False
"residential_increase_lead2, severe_lockdown_behavior_lead2",mobility_drop_retail_lead7,87,13.24200913242009,100.0,4.659574468085107,0.10400116761535413,False
"residential_increase_lead2, severe_lockdown_behavior_lead2",mobility_drop_transit_lead2,87,13.24200913242009,100.0,1.8099173553719008,0.059256479222701774,False
"residential_increase_lead2, severe_lockdown_behavior_lead2",mobility_drop_transit_lead7,87,13.24200913242009,100.0,1.8099173553719008,0.059256479222701774,False
"residential_increase_lead2, severe_lockdown_behavior_lead2",mobility_drop_workplace_lead2,87,13.24200913242009,100.0,6.140186915887851,0.11085395772954414,False
"residential_increase_lead2, severe_lockdown_behavior_lead2",mobility_drop_workplace_lead7,87,13.24200913242009,88.50574712643679,5.434418304866259,0.09563325757733714,False
"residential_increase_lead2, severe_lockdown_behavior_lead2",residential_increase_lead7,87,13.24200913242009,100.0,2.273356401384083,0.0741713753535859,False
"residential_increase_lead2, severe_lockdown_behavior_lead2",severe_lockdown_behavior_lead7,87,13.24200913242009,88.50574712643679,6.68370986920333,0.0996643105856842,False
"residential_increase_lead2, severe_lockdown_behavior_lead7",mobility_drop_retail,87,13.24200913242009,96.55172413793103,4.498899486427,0.09943495756969203,False
"residential_increase_lead2, severe_lockdown_behavior_lead7",mobility_drop_workplace,87,13.24200913242009,91.95402298850574,5.646148888172736,0.10019946762299924,False
"residential_increase_lead2, severe_lockdown_behavior_lead7",residential_increase,87,13.24200913242009,98.85057471264368,2.2472258680348407,0.0726493053383652,False
"residential_increase_lead2, severe_lockdown_behavior_lead7",severe_lockdown_behavior,87,13.24200913242009,91.95402298850574,6.944114149821641,0.1042305206313463,False
"residential_increase_lead2, severe_lockdown_behavior_lead7",mobility_drop_retail_lead2,87,13.24200913242009,98.85057471264368,4.606016140865738,0.10247909760013343,False
"residential_increase_lead2, severe_lockdown_behavior_lead7",mobility_drop_retail_lead7,87,13.24200913242009,100.0,4.659574468085107,0.10400116761535413,False
"residential_increase_lead2, severe_lockdown_behavior_lead7",mobility_drop_transit_lead2,87,13.24200913242009,100.0,1.8099173553719008,0.059256479222701774,False
"residential_increase_lead2, severe_lockdown_behavior_lead7",mobility_drop_transit_lead7,87,13.24200913242009,100.0,1.8099173553719008,0.059256479222701774,False
"residential_increase_lead2, severe_lockdown_behavior_lead7",mobility_drop_workplace_lead2,87,13.24200913242009,88.50574712643679,5.434418304866259,0.09563325757733714,False
"residential_increase_lead2, severe_lockdown_behavior_lead7",mobility_drop_workplace_lead7,87,13.24200913242009,100.0,6.140186915887851,0.11085395772954414,False
"residential_increase_lead2, severe_lockdown_behavior_lead7",residential_increase_lead7,87,13.24200913242009,100.0,2.273356401384083,0.0741713753535859,False
"residential_increase_lead2, severe_lockdown_behavior_lead7",severe_lockdown_behavior_lead2,87,13.24200913242009,88.50574712643679,6.68370986920333,0.0996643105856842,False
"residential_increase_lead2, partial_restrictions_lead2",partial_restrictions,172,26.17960426179604,86.62790697674419,2.039947486871718,0.1156147703342299,False
"residential_increase_lead2, partial_restrictions_lead2",partial_restrictions_lead7,172,26.17960426179604,86.62790697674419,2.039947486871718,0.1156147703342299,False
"residential_increase_lead2, partial_restrictions_lead7",partial_restrictions,170,25.8751902587519,91.76470588235294,2.160910815939279,0.12756197744000333,False
"residential_increase_lead2, partial_restrictions_lead7",mobility_drop_transit_lead7,170,25.8751902587519,100.0,1.8099173553719008,0.11578852261907244,False
"residential_increase_lead2, partial_restrictions_lead7",partial_restrictions_lead2,170,25.8751902587519,87.6470588235294,2.0639468690702087,0.11690748733345843,False
"residential_increase_lead2, sentiment_shift_detected_lead2",residential_increase,178,27.09284627092846,84.26966292134831,1.915749776447261,0.10913496845816856,False
"residential_increase_lead2, sentiment_shift_detected_lead2",residential_increase_lead7,178,27.09284627092846,82.02247191011236,1.8646631157420008,0.10304668839728576,False
"residential_increase_lead2, sentiment_shift_detected_lead7",residential_increase,170,25.8751902587519,88.8235294117647,2.0192753918176267,0.11601324224080213,False
"residential_increase_lead2, sentiment_shift_detected_lead7",residential_increase_lead7,170,25.8751902587519,82.35294117647058,1.8721758599633624,0.09927047207337443,False
"residential_increase_lead2, sentiment_worsened_lead2",residential_increase,86,13.08980213089802,81.3953488372093,1.8504063732196026,0.04896571056576061,False
"residential_increase_lead2, sentiment_worsened_lead2",residential_increase_lead7,86,13.08980213089802,80.23255813953489,1.8239719964593224,0.04744364055053991,False
"residential_increase_lead2, sentiment_worsened_lead7",residential_increase,83,12.633181126331811,89.1566265060241,2.026847875932797,0.05706256703942324,False
"residential_increase_lead2, sentiment_worsened_lead7",residential_increase_lead7,83,12.633181126331811,81.92771084337349,1.862508858965273,0.04793014694809904,False
"residential_increase_lead2, sentiment_improved_lead2",residential_increase,92,14.00304414003044,86.95652173913044,1.9768316533774635,0.06016925789240795,False
"residential_increase_lead2, sentiment_improved_lead2",residential_increase_lead7,92,14.00304414003044,83.69565217391305,1.902700466375809,0.05560304784674585,False
"residential_increase_lead2, sentiment_improved_lead7",residential_increase,87,13.24200913242009,88.50574712643679,2.01205106789166,0.0589506752013789,False
"residential_increase_lead2, sentiment_improved_lead7",residential_increase_lead7,87,13.24200913242009,82.75862068965517,1.881398401145448,0.0513403251252754,False
"residential_increase_lead2, solidarity_messages_lead2",residential_increase,142,21.61339421613394,90.14084507042254,2.0492226716701594,0.09975234507667109,False
"residential_increase_lead2, solidarity_messages_lead2",residential_increase_lead7,142,21.61339421613394,86.61971830985915,1.9691749110580439,0.09214199500056759,False
"residential_increase_lead2, solidarity_messages_lead7",residential_increase,151,22.98325722983257,87.41721854304636,1.9873049336602582,0.09981489589921441,False
"residential_increase_lead2, solidarity_messages_lead7",residential_increase_lead7,151,22.98325722983257,81.45695364238411,1.8518068700016044,0.08611626576222811,False
"residential_increase_lead2, compliance_discussed_lead2",residential_increase,101,15.37290715372907,85.14851485148515,1.9357292130597143,0.06327594874539266,False
"residential_increase_lead2, compliance_discussed_lead2",residential_increase_lead7,101,15.37290715372907,80.19801980198021,1.8231868169515915,0.05566559866928916,False
"residential_increase_lead2, compliance_discussed_lead7",residential_increase,103,15.67732115677321,80.58252427184466,1.8319279739308632,0.05737068775787735,False
"residential_increase_lead7, severe_lockdown_behavior_lead2",mobility_drop_retail,87,13.24200913242009,100.0,4.659574468085107,0.10400116761535413,False
"residential_increase_lead7, severe_lockdown_behavior_lead2",mobility_drop_transit,87,13.24200913242009,100.0,1.8099173553719008,0.059256479222701774,False
"residential_increase_lead7, severe_lockdown_behavior_lead2",mobility_drop_workplace,87,13.24200913242009,90.80459770114942,5.575572027070577,0.09867739760777854,False
"residential_increase_lead7, severe_lockdown_behavior_lead2",residential_increase,87,13.24200913242009,100.0,2.273356401384083,0.0741713753535859,False
"residential_increase_lead7, severe_lockdown_behavior_lead2",severe_lockdown_behavior,87,13.24200913242009,90.80459770114942,6.857312722948871,0.1027084506161256,False
"residential_increase_lead7, severe_lockdown_behavior_lead2",mobility_drop_retail_lead2,87,13.24200913242009,100.0,4.659574468085107,0.10400116761535413,False
"residential_increase_lead7, severe_lockdown_behavior_lead2",mobility_drop_retail_lead7,87,13.24200913242009,100.0,4.659574468085107,0.10400116761535413,False
"residential_increase_lead7, severe_lockdown_behavior_lead2",mobility_drop_transit_lead2,87,13.24200913242009,100.0,1.8099173553719008,0.059256479222701774,False
"residential_increase_lead7, severe_lockdown_behavior_lead2",mobility_drop_transit_lead7,87,13.24200913242009,100.0,1.8099173553719008,0.059256479222701774,False
"residential_increase_lead7, severe_lockdown_behavior_lead2",mobility_drop_workplace_lead2,87,13.24200913242009,100.0,6.140186915887851,0.11085395772954414,False
"residential_increase_lead7, severe_lockdown_behavior_lead2",mobility_drop_workplace_lead7,87,13.24200913242009,88.50574712643679,5.434418304866259,0.09563325757733714,False
"residential_increase_lead7, severe_lockdown_behavior_lead2",residential_increase_lead2,87,13.24200913242009,100.0,2.273356401384083,0.0741713753535859,False
"residential_increase_lead7, severe_lockdown_behavior_lead2",severe_lockdown_behavior_lead7,87,13.24200913242009,88.50574712643679,6.68370986920333,0.0996643105856842,False
"residential_increase_lead7, severe_lockdown_behavior_lead7",mobility_drop_retail,87,13.24200913242009,96.55172413793103,4.498899486427,0.09943495756969203,False
"residential_increase_lead7, severe_lockdown_behavior_lead7",mobility_drop_workplace,87,13.24200913242009,91.95402298850574,5.646148888172736,0.10019946762299924,False
"residential_increase_lead7, severe_lockdown_behavior_lead7",residential_increase,87,13.24200913242009,98.85057471264368,2.2472258680348407,0.0726493053383652,False
"residential_increase_lead7, severe_lockdown_behavior_lead7",severe_lockdown_behavior,87,13.24200913242009,91.95402298850574,6.944114149821641,0.1042305206313463,False
"residential_increase_lead7, severe_lockdown_behavior_lead7",mobility_drop_retail_lead2,87,13.24200913242009,98.85057471264368,4.606016140865738,0.10247909760013343,False
"residential_increase_lead7, severe_lockdown_behavior_lead7",mobility_drop_retail_lead7,87,13.24200913242009,100.0,4.659574468085107,0.10400116761535413,False
"residential_increase_lead7, severe_lockdown_behavior_lead7",mobility_drop_transit_lead2,87,13.24200913242009,100.0,1.8099173553719008,0.059256479222701774,False
"residential_increase_lead7, severe_lockdown_behavior_lead7",mobility_drop_transit_lead7,87,13.24200913242009,100.0,1.8099173553719008,0.059256479222701774,False
"residential_increase_lead7, severe_lockdown_behavior_lead7",mobility_drop_workplace_lead2,87,13.24200913242009,88.50574712643679,5.434418304866259,0.09563325757733714,False
"residential_increase_lead7, severe_lockdown_behavior_lead7",mobility_drop_workplace_lead7,87,13.24200913242009,100.0,6.140186915887851,0.11085395772954414,False
"residential_increase_lead7, severe_lockdown_behavior_lead7",residential_increase_lead2,87,13.24200913242009,100.0,2.273356401384083,0.0741713753535859,False
"residential_increase_lead7, severe_lockdown_behavior_lead7",severe_lockdown_behavior_lead2,87,13.24200913242009,88.50574712643679,6.68370986920333,0.0996643105856842,False
"residential_increase_lead7, partial_restrictions_lead2",residential_increase,161,24.50532724505327,90.6832298136646,2.0615530099507837,0.11442862140303811,False
"residential_increase_lead7, partial_restrictions_lead2",partial_restrictions,161,24.50532724505327,86.95652173913044,2.047685834502104,0.10902608369300057,False
"residential_increase_lead7, partial_restrictions_lead2",mobility_drop_transit_lead2,161,24.50532724505327,100.0,1.8099173553719008,0.10965854200982741,False
"residential_increase_lead7, partial_restrictions_lead2",partial_restrictions_lead7,161,24.50532724505327,88.81987577639751,2.0915648166700063,0.11359229373866267,False
"residential_increase_lead7, partial_restrictions_lead7",residential_increase,172,26.17960426179604,84.88372093023256,1.9297095035004426,0.10706384122284542,False
"residential_increase_lead7, partial_restrictions_lead7",partial_restrictions,172,26.17960426179604,84.30232558139535,1.9851837959489875,0.1095264902733471,False
"residential_increase_lead7, partial_restrictions_lead7",partial_restrictions_lead2,172,26.17960426179604,83.13953488372093,1.957801950487622,0.1064823502429057,False
"residential_increase_lead7, sentiment_shift_detected_lead2",residential_increase,178,27.09284627092846,91.57303370786516,2.0817814237393573,0.12892187865603766,False
"residential_increase_lead7, sentiment_shift_detected_lead2",residential_increase_lead2,178,27.09284627092846,82.02247191011236,1.8646631157420008,0.10304668839728576,False
"residential_increase_lead7, sentiment_shift_detected_lead7",residential_increase,178,27.09284627092846,90.4494382022472,2.056238093386727,0.12587773862559626,False
"residential_increase_lead7, sentiment_worsened_lead2",residential_increase,87,13.24200913242009,90.80459770114942,2.0643121345901445,0.0619948152318203,False
"residential_increase_lead7, sentiment_worsened_lead2",residential_increase_lead2,87,13.24200913242009,79.3103448275862,1.8030068010977212,0.0467741150796133,False
"residential_increase_lead7, sentiment_worsened_lead7",residential_increase,86,13.08980213089802,93.02325581395348,2.114750140822403,0.0641864107179676,False
"residential_increase_lead7, sentiment_improved_lead2",residential_increase,91,13.850837138508371,92.3076923076923,2.0984828320468463,0.06692706342421736,False
"residential_increase_lead7, sentiment_improved_lead2",residential_increase_lead2,91,13.850837138508371,84.61538461538461,1.9236092627096089,0.056272573317672464,False
"residential_increase_lead7, sentiment_improved_lead7",residential_increase,92,14.00304414003044,88.04347826086956,2.001542049044682,0.06169132790762865,False
"residential_increase_lead7, solidarity_messages_lead2",residential_increase,152,23.13546423135464,87.5,1.9891868512110729,0.1006674404435085,False
"residential_increase_lead7, solidarity_messages_lead2",residential_increase_lead2,152,23.13546423135464,80.92105263157895,1.8396239300673831,0.0854467402913015,False
"residential_increase_lead7, solidarity_messages_lead7",residential_increase,142,21.61339421613394,92.95774647887323,2.113260880159852,0.10584062513755389,False
"residential_increase_lead7, solidarity_messages_lead7",residential_increase_lead2,142,21.61339421613394,86.61971830985915,1.9691749110580439,0.09214199500056759,False
"residential_increase_lead7, compliance_discussed_lead2",residential_increase,102,15.52511415525114,87.25490196078431,1.983614899246896,0.06717263332012816,False
"residential_increase_lead7, compliance_discussed_lead2",residential_increase_lead2,102,15.52511415525114,79.41176470588235,1.8053124363932425,0.054996073198362555,False
"residential_increase_lead7, compliance_discussed_lead7",residential_increase,101,15.37290715372907,85.14851485148515,1.9357292130597143,0.06327594874539266,False
"residential_increase_lead7, compliance_discussed_lead7",residential_increase_lead2,101,15.37290715372907,80.19801980198021,1.8231868169515915,0.05566559866928916,False
"severe_lockdown_behavior_lead2, severe_lockdown_behavior_lead7",mobility_drop_retail,77,11.71993911719939,100.0,4.659574468085107,0.092047010418187,False
"severe_lockdown_behavior_lead2, severe_lockdown_behavior_lead7",mobility_drop_transit,77,11.71993911719939,100.0,1.8099173553719008,0.05244538965687398,False
"severe_lockdown_behavior_lead2, severe_lockdown_behavior_lead7",mobility_drop_workplace,77,11.71993911719939,97.40259740259741,5.980701541449205,0.09506798347731606,False
"severe_lockdown_behavior_lead2, severe_lockdown_behavior_lead7",residential_increase,77,11.71993911719939,100.0,2.273356401384083,0.065645929910645,False
"severe_lockdown_behavior_lead2, severe_lockdown_behavior_lead7",severe_lockdown_behavior,77,11.71993911719939,97.40259740259741,7.355575459023735,0.09863569705941633,False
"severe_lockdown_behavior_lead2, severe_lockdown_behavior_lead7",mobility_drop_retail_lead2,77,11.71993911719939,100.0,4.659574468085107,0.092047010418187,False
"severe_lockdown_behavior_lead2, severe_lockdown_behavior_lead7",mobility_drop_retail_lead7,77,11.71993911719939,100.0,4.659574468085107,0.092047010418187,False
"severe_lockdown_behavior_lead2, severe_lockdown_behavior_lead7",mobility_drop_transit_lead2,77,11.71993911719939,100.0,1.8099173553719008,0.05244538965687398,False
"severe_lockdown_behavior_lead2, severe_lockdown_behavior_lead7",mobility_drop_transit_lead7,77,11.71993911719939,100.0,1.8099173553719008,0.05244538965687398,False
"severe_lockdown_behavior_lead2, severe_lockdown_behavior_lead7",mobility_drop_workplace_lead2,77,11.71993911719939,100.0,6.140186915887851,0.09811212350775746,False
"severe_lockdown_behavior_lead2, severe_lockdown_behavior_lead7",mobility_drop_workplace_lead7,77,11.71993911719939,100.0,6.140186915887851,0.09811212350775746,False
"severe_lockdown_behavior_lead2, severe_lockdown_behavior_lead7",residential_increase_lead2,77,11.71993911719939,100.0,2.273356401384083,0.065645929910645,False
"severe_lockdown_behavior_lead2, severe_lockdown_behavior_lead7",residential_increase_lead7,77,11.71993911719939,100.0,2.273356401384083,0.065645929910645,False
"partial_restrictions_lead2, partial_restrictions_lead7",partial_restrictions,224,34.09436834094368,95.08928571428571,2.2391993087557602,0.17941660932841266,False
"partial_restrictions_lead2, partial_restrictions_lead7",mobility_drop_transit_lead2,224,34.09436834094368,100.0,1.8099173553719008,0.1525684062745425,False
"partial_restrictions_lead2, partial_restrictions_lead7",mobility_drop_transit_lead7,224,34.09436834094368,100.0,1.8099173553719008,0.1525684062745425,False
"partial_restrictions_lead2, sentiment_shift_detected_lead2",partial_restrictions,164,24.961948249619482,84.14634146341463,1.9815106215578284,0.10404286816371636,False
"partial_restrictions_lead2, sentiment_shift_detected_lead2",partial_restrictions_lead7,164,24.961948249619482,81.09756097560977,1.9097167584579073,0.09643251808761286,False
"partial_restrictions_lead2, sentiment_shift_detected_lead7",partial_restrictions,171,26.027397260273972,82.45614035087719,1.9417091114883986,0.10408456871207857,False
"partial_restrictions_lead2, sentiment_shift_detected_lead7",partial_restrictions_lead7,171,26.027397260273972,81.87134502923976,1.9279381248820977,0.10256249869685787,False
"partial_restrictions_lead2, sentiment_worsened_lead2",partial_restrictions,80,12.1765601217656,83.75,1.972177419354839,0.05027001105064532,False
"partial_restrictions_lead2, sentiment_worsened_lead2",mobility_drop_transit_lead2,80,12.1765601217656,100.0,1.8099173553719008,0.05448871652662232,False
"partial_restrictions_lead2, sentiment_worsened_lead2",partial_restrictions_lead7,80,12.1765601217656,82.5,1.9427419354838709,0.04874794103542462,False
"partial_restrictions_lead2, sentiment_worsened_lead7",partial_restrictions,83,12.633181126331811,86.74698795180723,2.042751651768364,0.055941285627906005,False
"partial_restrictions_lead2, sentiment_worsened_lead7",partial_restrictions_lead7,83,12.633181126331811,85.54216867469879,2.0143801010493587,0.054419215612685305,False
"partial_restrictions_lead2, sentiment_improved_lead2",partial_restrictions,84,12.785388127853881,84.52380952380952,1.990399385560676,0.05377285711307104,False
"partial_restrictions_lead2, sentiment_improved_lead2",partial_restrictions_lead7,84,12.785388127853881,79.76190476190477,1.8782642089093704,0.04768457705218824,False
"partial_restrictions_lead2, sentiment_improved_lead7",partial_restrictions,88,13.39421613394216,78.4090909090909,1.846407624633431,0.04814328308417256,False
"partial_restrictions_lead2, sentiment_improved_lead7",mobility_drop_transit_lead2,88,13.39421613394216,100.0,1.8099173553719008,0.059937588179284546,False
"partial_restrictions_lead2, sentiment_improved_lead7",partial_restrictions_lead7,88,13.39421613394216,78.4090909090909,1.846407624633431,0.04814328308417256,False
"partial_restrictions_lead2, solidarity_messages_lead2",partial_restrictions,127,19.330289193302892,85.03937007874016,2.0025400050800104,0.08229603219282333,False
"partial_restrictions_lead2, solidarity_messages_lead2",mobility_drop_transit_lead2,127,19.330289193302892,100.0,1.8099173553719008,0.08650083748601294,False
"partial_restrictions_lead2, solidarity_messages_lead2",partial_restrictions_lead7,127,19.330289193302892,82.67716535433071,1.9469138938277877,0.07772982214716123,False
"partial_restrictions_lead2, solidarity_messages_lead7",partial_restrictions,136,20.700152207001523,83.82352941176471,1.9739089184060723,0.08561122578761911,False
"partial_restrictions_lead2, solidarity_messages_lead7",mobility_drop_transit_lead2,136,20.700152207001523,100.0,1.8099173553719008,0.09263081809525794,False
"partial_restrictions_lead2, solidarity_messages_lead7",partial_restrictions_lead7,136,20.700152207001523,79.41176470588235,1.8700189753320684,0.07647880569629491,False
"partial_restrictions_lead2, compliance_discussed_lead2",partial_restrictions,94,14.30745814307458,81.91489361702128,1.9289636238846948,0.05644169220825254,False
"partial_restrictions_lead2, compliance_discussed_lead2",partial_restrictions_lead7,94,14.30745814307458,77.6595744680851,1.82875772134523,0.05035341214736974,False
"partial_restrictions_lead2, compliance_discussed_lead7",mobility_drop_transit_lead2,102,15.52511415525114,100.0,1.8099173553719008,0.06947311357144345,False
"partial_restrictions_lead7, sentiment_shift_detected_lead2",partial_restrictions,164,24.961948249619482,87.8048780487805,2.0676632572777343,0.11317528825504056,False
"partial_restrictions_lead7, sentiment_shift_detected_lead2",partial_restrictions_lead2,164,24.961948249619482,81.09756097560977,1.9097167584579073,0.09643251808761286,False
"partial_restrictions_lead7, sentiment_shift_detected_lead7",partial_restrictions,164,24.961948249619482,87.8048780487805,2.0676632572777343,0.11317528825504056,False
"partial_restrictions_lead7, sentiment_shift_detected_lead7",partial_restrictions_lead2,164,24.961948249619482,85.36585365853658,2.010228166797797,0.10708700819415776,False
"partial_restrictions_lead7, sentiment_worsened_lead2",partial_restrictions,82,12.480974124809741,85.36585365853658,2.010228166797797,0.05354350409707888,False
"partial_restrictions_lead7, sentiment_worsened_lead2",partial_restrictions_lead2,82,12.480974124809741,80.48780487804879,1.895357985837923,0.04745522403619608,False
"partial_restrictions_lead7, sentiment_worsened_lead7",partial_restrictions,80,12.1765601217656,88.75,2.0899193548387096,0.05635829111152812,False
"partial_restrictions_lead7, sentiment_worsened_lead7",mobility_drop_transit_lead7,80,12.1765601217656,100.0,1.8099173553719008,0.05448871652662232,False
"partial_restrictions_lead7, sentiment_worsened_lead7",partial_restrictions_lead2,80,12.1765601217656,88.75,2.0899193548387096,0.05635829111152812,False
"partial_restrictions_lead7, sentiment_improved_lead2",partial_restrictions,82,12.480974124809741,90.2439024390244,2.1250983477576715,0.05963178415796168,False
"partial_restrictions_lead7, sentiment_improved_lead2",partial_restrictions_lead2,82,12.480974124809741,81.70731707317073,1.9240755310778914,0.04897729405141678,False
"partial_restrictions_lead7, sentiment_improved_lead7",partial_restrictions,84,12.785388127853881,86.90476190476191,2.046466973886329,0.05681699714351244,False
"partial_restrictions_lead7, sentiment_improved_lead7",partial_restrictions_lead2,84,12.785388127853881,82.14285714285714,1.9343317972350231,0.05072871708262964,False
"partial_restrictions_lead7, solidarity_messages_lead2",partial_restrictions,129,19.63470319634703,88.37209302325581,2.081020255063766,0.090135735284919,False
"partial_restrictions_lead7, solidarity_messages_lead2",partial_restrictions_lead2,129,19.63470319634703,81.3953488372093,1.916729182295574,0.0764371051479327,False
"partial_restrictions_lead7, solidarity_messages_lead7",partial_restrictions,127,19.330289193302892,90.5511811023622,2.1323342646685295,0.09295052229936823,False
"partial_restrictions_lead7, solidarity_messages_lead7",mobility_drop_transit_lead7,127,19.330289193302892,100.0,1.8099173553719008,0.08650083748601294,False
"partial_restrictions_lead7, solidarity_messages_lead7",partial_restrictions_lead2,127,19.330289193302892,85.03937007874016,2.0025400050800104,0.08229603219282333,False
"partial_restrictions_lead7, compliance_discussed_lead2",partial_restrictions,94,14.30745814307458,84.04255319148936,1.9790665751544272,0.05948583223869394,False
"partial_restrictions_lead7, compliance_discussed_lead2",partial_restrictions_lead2,94,14.30745814307458,77.6595744680851,1.82875772134523,0.05035341214736974,False
"partial_restrictions_lead7, compliance_discussed_lead7",partial_restrictions,94,14.30745814307458,84.04255319148936,1.9790665751544272,0.05948583223869394,False
"partial_restrictions_lead7, compliance_discussed_lead7",partial_restrictions_lead2,94,14.30745814307458,78.72340425531915,1.8538091969800963,0.05187548216259044,False
