extent,intent,support
(),"('mobility_drop_retail', 'mobility_drop_transit', 'mobility_drop_workplace', 'residential_increase', 'grocery_spike', 'severe_lockdown_behavior', 'partial_restrictions', 'high_negative_sentiment', 'high_positive_sentiment', 'sentiment_shift_detected', 'sentiment_improved', 'sentiment_worsened', 'fear_keywords_present', 'anger_mentioned', 'sadness_keywords_present', 'anxiety_keywords_present', 'dominant_emotion_fear', 'mixed_emotions', 'covid_topic_detected', 'lockdown_mentioned', 'vaccine_mentioned', 'health_concern', 'compliance_discussed', 'policy_governance_discussion', 'solidarity_messages', 'weekend', 'emotion_with_mobility_signal', 'emotion_mobility_mismatch', 'low_emotion_low_mobility_signal')",0
"('Day_0',)","('high_negative_sentiment', 'dominant_emotion_fear', 'covid_topic_detected', 'lockdown_mentioned', 'vaccine_mentioned', 'health_concern', 'compliance_discussed', 'policy_governance_discussion', 'solidarity_messages', 'weekend', 'emotion_mobility_mismatch')",1
"('Day_3',)","('mobility_drop_transit', 'residential_increase', 'partial_restrictions', 'sentiment_shift_detected', 'dominant_emotion_fear', 'covid_topic_detected', 'health_concern', 'compliance_discussed', 'policy_governance_discussion')",1
"('Day_10',)","('mobility_drop_retail', 'mobility_drop_transit', 'mobility_drop_workplace', 'residential_increase', 'severe_lockdown_behavior', 'sentiment_shift_detected', 'sentiment_improved', 'dominant_emotion_fear', 'covid_topic_detected', 'lockdown_mentioned', 'health_concern', 'policy_governance_discussion', 'solidarity_messages')",1
"('Day_13',)","('mobility_drop_retail', 'mobility_drop_transit', 'mobility_drop_workplace', 'residential_increase', 'severe_lockdown_behavior', 'high_positive_sentiment', 'dominant_emotion_fear', 'covid_topic_detected', 'lockdown_mentioned', 'health_concern', 'compliance_discussed', 'solidarity_messages')",1
"('Day_14',)","('mobility_drop_retail', 'mobility_drop_transit', 'mobility_drop_workplace', 'residential_increase', 'severe_lockdown_behavior', 'high_positive_sentiment', 'sentiment_shift_detected', 'sentiment_improved', 'dominant_emotion_fear', 'covid_topic_detected', 'lockdown_mentioned', 'compliance_discussed', 'solidarity_messages')",1
"('Day_20',)","('mobility_drop_retail', 'mobility_drop_transit', 'residential_increase', 'partial_restrictions', 'dominant_emotion_fear', 'covid_topic_detected', 'health_concern', 'compliance_discussed', 'solidarity_messages')",1
"('Day_21',)","('mobility_drop_retail', 'mobility_drop_transit', 'residential_increase', 'partial_restrictions', 'high_positive_sentiment', 'sentiment_shift_detected', 'sentiment_worsened', 'dominant_emotion_fear', 'covid_topic_detected')",1
"('Day_22',)","('mobility_drop_transit', 'residential_increase', 'partial_restrictions', 'high_positive_sentiment', 'sentiment_shift_detected', 'dominant_emotion_fear', 'covid_topic_detected', 'solidarity_messages', 'emotion_with_mobility_signal')",1
"('Day_28',)","('mobility_drop_transit', 'residential_increase', 'partial_restrictions', 'high_positive_sentiment', 'dominant_emotion_fear', 'covid_topic_detected', 'health_concern', 'compliance_discussed', 'solidarity_messages')",1
"('Day_29',)","('mobility_drop_transit', 'residential_increase', 'partial_restrictions', 'sentiment_shift_detected', 'dominant_emotion_fear', 'covid_topic_detected', 'vaccine_mentioned', 'health_concern', 'compliance_discussed', 'solidarity_messages')",1
"('Day_30',)","('mobility_drop_retail', 'mobility_drop_transit', 'residential_increase', 'partial_restrictions', 'high_positive_sentiment', 'sentiment_shift_detected', 'dominant_emotion_fear', 'covid_topic_detected', 'health_concern', 'solidarity_messages')",1
"('Day_34',)","('mobility_drop_transit', 'residential_increase', 'partial_restrictions', 'sentiment_shift_detected', 'sentiment_improved', 'dominant_emotion_fear', 'covid_topic_detected', 'health_concern')",1
"('Day_38',)","('mobility_drop_transit', 'residential_increase', 'partial_restrictions', 'high_positive_sentiment', 'sentiment_shift_detected', 'dominant_emotion_fear', 'covid_topic_detected', 'compliance_discussed')",1
"('Day_48',)","('mobility_drop_transit', 'residential_increase', 'partial_restrictions', 'sentiment_shift_detected', 'dominant_emotion_fear', 'covid_topic_detected', 'vaccine_mentioned', 'health_concern', 'policy_governance_discussion', 'solidarity_messages')",1
"('Day_49',)","('mobility_drop_transit', 'partial_restrictions', 'high_positive_sentiment', 'sentiment_shift_detected', 'dominant_emotion_fear', 'covid_topic_detected', 'lockdown_mentioned', 'vaccine_mentioned', 'health_concern')",1
"('Day_50',)","('mobility_drop_transit', 'partial_restrictions', 'dominant_emotion_fear', 'covid_topic_detected', 'lockdown_mentioned', 'vaccine_mentioned', 'health_concern', 'compliance_discussed')",1
"('Day_57',)","('grocery_spike', 'sentiment_shift_detected', 'dominant_emotion_fear', 'covid_topic_detected', 'vaccine_mentioned', 'policy_governance_discussion', 'solidarity_messages', 'low_emotion_low_mobility_signal')",1
"('Day_59',)","('residential_increase', 'grocery_spike', 'sentiment_shift_detected', 'dominant_emotion_fear', 'covid_topic_detected', 'vaccine_mentioned', 'health_concern', 'compliance_discussed', 'policy_governance_discussion', 'low_emotion_low_mobility_signal')",1
"('Day_61',)","('residential_increase', 'grocery_spike', 'high_positive_sentiment', 'sentiment_shift_detected', 'dominant_emotion_fear', 'covid_topic_detected', 'solidarity_messages', 'low_emotion_low_mobility_signal')",1
"('Day_63',)","('mobility_drop_transit', 'mobility_drop_workplace', 'residential_increase', 'grocery_spike', 'partial_restrictions', 'dominant_emotion_fear', 'covid_topic_detected', 'vaccine_mentioned', 'health_concern')",1
"('Day_68',)","('grocery_spike', 'sentiment_shift_detected', 'sentiment_worsened', 'dominant_emotion_fear', 'covid_topic_detected', 'lockdown_mentioned', 'vaccine_mentioned', 'health_concern', 'low_emotion_low_mobility_signal')",1
"('Day_69',)","('grocery_spike', 'sentiment_shift_detected', 'sentiment_improved', 'dominant_emotion_fear', 'covid_topic_detected', 'vaccine_mentioned', 'health_concern', 'low_emotion_low_mobility_signal')",1
"('Day_71',)","('grocery_spike', 'sentiment_shift_detected', 'dominant_emotion_fear', 'covid_topic_detected', 'vaccine_mentioned', 'health_concern', 'solidarity_messages', 'low_emotion_low_mobility_signal')",1
"('Day_74',)","('mobility_drop_transit', 'grocery_spike', 'partial_restrictions', 'dominant_emotion_fear', 'covid_topic_detected', 'vaccine_mentioned', 'solidarity_messages')",1
"('Day_76',)","('grocery_spike', 'high_positive_sentiment', 'sentiment_shift_detected', 'dominant_emotion_fear', 'covid_topic_detected', 'vaccine_mentioned', 'health_concern', 'policy_governance_discussion', 'low_emotion_low_mobility_signal')",1
"('Day_77',)","('grocery_spike', 'high_positive_sentiment', 'dominant_emotion_fear', 'covid_topic_detected', 'vaccine_mentioned', 'health_concern', 'compliance_discussed', 'low_emotion_low_mobility_signal')",1
"('Day_80',)","('grocery_spike', 'high_positive_sentiment', 'sentiment_shift_detected', 'dominant_emotion_fear', 'covid_topic_detected', 'vaccine_mentioned', 'solidarity_messages', 'low_emotion_low_mobility_signal')",1
"('Day_85',)","('grocery_spike', 'sentiment_shift_detected', 'sentiment_worsened', 'dominant_emotion_fear', 'covid_topic_detected', 'health_concern', 'compliance_discussed', 'low_emotion_low_mobility_signal')",1
"('Day_90',)","('grocery_spike', 'sentiment_shift_detected', 'sentiment_improved', 'dominant_emotion_fear', 'covid_topic_detected', 'vaccine_mentioned', 'solidarity_messages', 'low_emotion_low_mobility_signal')",1
"('Day_0', 'Day_29')","('dominant_emotion_fear', 'covid_topic_detected', 'vaccine_mentioned', 'health_concern', 'compliance_discussed', 'solidarity_messages')",2
"('Day_0', 'Day_50')","('dominant_emotion_fear', 'covid_topic_detected', 'lockdown_mentioned', 'vaccine_mentioned', 'health_concern', 'compliance_discussed')",2
"('Day_0', 'Day_59')","('dominant_emotion_fear', 'covid_topic_detected', 'vaccine_mentioned', 'health_concern', 'compliance_discussed', 'policy_governance_discussion')",2
"('Day_3', 'Day_48')","('mobility_drop_transit', 'residential_increase', 'partial_restrictions', 'sentiment_shift_detected', 'dominant_emotion_fear', 'covid_topic_detected', 'health_concern', 'policy_governance_discussion')",2
"('Day_4', 'Day_8')","('mobility_drop_retail', 'mobility_drop_transit', 'mobility_drop_workplace', 'residential_increase', 'severe_lockdown_behavior', 'sentiment_shift_detected', 'dominant_emotion_fear', 'covid_topic_detected', 'lockdown_mentioned', 'health_concern', 'compliance_discussed', 'policy_governance_discussion', 'solidarity_messages')",2
"('Day_10', 'Day_14')","('mobility_drop_retail', 'mobility_drop_transit', 'mobility_drop_workplace', 'residential_increase', 'severe_lockdown_behavior', 'sentiment_shift_detected', 'sentiment_improved', 'dominant_emotion_fear', 'covid_topic_detected', 'lockdown_mentioned', 'solidarity_messages')",2
"('Day_10', 'Day_34')","('mobility_drop_transit', 'residential_increase', 'sentiment_shift_detected', 'sentiment_improved', 'dominant_emotion_fear', 'covid_topic_detected', 'health_concern')",2
"('Day_13', 'Day_14')","('mobility_drop_retail', 'mobility_drop_transit', 'mobility_drop_workplace', 'residential_increase', 'severe_lockdown_behavior', 'high_positive_sentiment', 'dominant_emotion_fear', 'covid_topic_detected', 'lockdown_mentioned', 'compliance_discussed', 'solidarity_messages')",2
"('Day_13', 'Day_28')","('mobility_drop_transit', 'residential_increase', 'high_positive_sentiment', 'dominant_emotion_fear', 'covid_topic_detected', 'health_concern', 'compliance_discussed', 'solidarity_messages')",2
"('Day_13', 'Day_30')","('mobility_drop_retail', 'mobility_drop_transit', 'residential_increase', 'high_positive_sentiment', 'dominant_emotion_fear', 'covid_topic_detected', 'health_concern', 'solidarity_messages')",2
"('Day_13', 'Day_49')","('mobility_drop_transit', 'high_positive_sentiment', 'dominant_emotion_fear', 'covid_topic_detected', 'lockdown_mentioned', 'health_concern')",2
"('Day_14', 'Day_38')","('mobility_drop_transit', 'residential_increase', 'high_positive_sentiment', 'sentiment_shift_detected', 'dominant_emotion_fear', 'covid_topic_detected', 'compliance_discussed')",2
"('Day_14', 'Day_49')","('mobility_drop_transit', 'high_positive_sentiment', 'sentiment_shift_detected', 'dominant_emotion_fear', 'covid_topic_detected', 'lockdown_mentioned')",2
"('Day_17', 'Day_18')","('mobility_drop_retail', 'mobility_drop_transit', 'residential_increase', 'partial_restrictions', 'sentiment_shift_detected', 'dominant_emotion_fear', 'covid_topic_detected', 'lockdown_mentioned', 'health_concern')",2
"('Day_19', 'Day_30')","('mobility_drop_retail', 'mobility_drop_transit', 'residential_increase', 'partial_restrictions', 'high_positive_sentiment', 'sentiment_shift_detected', 'dominant_emotion_fear', 'covid_topic_detected', 'solidarity_messages')",2
"('Day_20', 'Day_30')","('mobility_drop_retail', 'mobility_drop_transit', 'residential_increase', 'partial_restrictions', 'dominant_emotion_fear', 'covid_topic_detected', 'health_concern', 'solidarity_messages')",2
"('Day_28', 'Day_38')","('mobility_drop_transit', 'residential_increase', 'partial_restrictions', 'high_positive_sentiment', 'dominant_emotion_fear', 'covid_topic_detected', 'compliance_discussed')",2
"('Day_29', 'Day_31')","('mobility_drop_transit', 'residential_increase', 'partial_restrictions', 'sentiment_shift_detected', 'dominant_emotion_fear', 'covid_topic_detected', 'health_concern', 'compliance_discussed', 'solidarity_messages')",2
"('Day_29', 'Day_48')","('mobility_drop_transit', 'residential_increase', 'partial_restrictions', 'sentiment_shift_detected', 'dominant_emotion_fear', 'covid_topic_detected', 'vaccine_mentioned', 'health_concern', 'solidarity_messages')",2
"('Day_29', 'Day_50')","('mobility_drop_transit', 'partial_restrictions', 'dominant_emotion_fear', 'covid_topic_detected', 'vaccine_mentioned', 'health_concern', 'compliance_discussed')",2
"('Day_29', 'Day_59')","('residential_increase', 'sentiment_shift_detected', 'dominant_emotion_fear', 'covid_topic_detected', 'vaccine_mentioned', 'health_concern', 'compliance_discussed')",2
"('Day_46', 'Day_48')","('mobility_drop_transit', 'partial_restrictions', 'dominant_emotion_fear', 'covid_topic_detected', 'vaccine_mentioned', 'health_concern', 'policy_governance_discussion', 'solidarity_messages')",2
"('Day_48', 'Day_57')","('sentiment_shift_detected', 'dominant_emotion_fear', 'covid_topic_detected', 'vaccine_mentioned', 'policy_governance_discussion', 'solidarity_messages')",2
"('Day_48', 'Day_59')","('residential_increase', 'sentiment_shift_detected', 'dominant_emotion_fear', 'covid_topic_detected', 'vaccine_mentioned', 'health_concern', 'policy_governance_discussion')",2
"('Day_49', 'Day_50')","('mobility_drop_transit', 'partial_restrictions', 'dominant_emotion_fear', 'covid_topic_detected', 'lockdown_mentioned', 'vaccine_mentioned', 'health_concern')",2
"('Day_49', 'Day_68')","('sentiment_shift_detected', 'dominant_emotion_fear', 'covid_topic_detected', 'lockdown_mentioned', 'vaccine_mentioned', 'health_concern')",2
"('Day_59', 'Day_62')","('residential_increase', 'grocery_spike', 'sentiment_shift_detected', 'dominant_emotion_fear', 'covid_topic_detected', 'vaccine_mentioned', 'health_concern', 'low_emotion_low_mobility_signal')",2
"('Day_59', 'Day_76')","('grocery_spike', 'sentiment_shift_detected', 'dominant_emotion_fear', 'covid_topic_detected', 'vaccine_mentioned', 'health_concern', 'policy_governance_discussion', 'low_emotion_low_mobility_signal')",2
"('Day_59', 'Day_77')","('grocery_spike', 'dominant_emotion_fear', 'covid_topic_detected', 'vaccine_mentioned', 'health_concern', 'compliance_discussed', 'low_emotion_low_mobility_signal')",2
"('Day_59', 'Day_85')","('grocery_spike', 'sentiment_shift_detected', 'dominant_emotion_fear', 'covid_topic_detected', 'health_concern', 'compliance_discussed', 'low_emotion_low_mobility_signal')",2
"('Day_61', 'Day_80')","('grocery_spike', 'high_positive_sentiment', 'sentiment_shift_detected', 'dominant_emotion_fear', 'covid_topic_detected', 'solidarity_messages', 'low_emotion_low_mobility_signal')",2
"('Day_63', 'Day_73')","('mobility_drop_transit', 'mobility_drop_workplace', 'residential_increase', 'grocery_spike', 'partial_restrictions')",2
"('Day_63', 'Day_74')","('mobility_drop_transit', 'grocery_spike', 'partial_restrictions', 'dominant_emotion_fear', 'covid_topic_detected', 'vaccine_mentioned')",2
"('Day_68', 'Day_85')","('grocery_spike', 'sentiment_shift_detected', 'sentiment_worsened', 'dominant_emotion_fear', 'covid_topic_detected', 'health_concern', 'low_emotion_low_mobility_signal')",2
"('Day_71', 'Day_72')","('grocery_spike', 'dominant_emotion_fear', 'covid_topic_detected', 'health_concern', 'solidarity_messages', 'low_emotion_low_mobility_signal')",2
"('Day_0', 'Day_4', 'Day_8')","('dominant_emotion_fear', 'covid_topic_detected', 'lockdown_mentioned', 'health_concern', 'compliance_discussed', 'policy_governance_discussion', 'solidarity_messages')",3
"('Day_0', 'Day_46', 'Day_48')","('dominant_emotion_fear', 'covid_topic_detected', 'vaccine_mentioned', 'health_concern', 'policy_governance_discussion', 'solidarity_messages')",3
"('Day_3', 'Day_4', 'Day_8')","('mobility_drop_transit', 'residential_increase', 'sentiment_shift_detected', 'dominant_emotion_fear', 'covid_topic_detected', 'health_concern', 'compliance_discussed', 'policy_governance_discussion')",3
"('Day_3', 'Day_29', 'Day_31')","('mobility_drop_transit', 'residential_increase', 'partial_restrictions', 'sentiment_shift_detected', 'dominant_emotion_fear', 'covid_topic_detected', 'health_concern', 'compliance_discussed')",3
"('Day_3', 'Day_46', 'Day_48')","('mobility_drop_transit', 'partial_restrictions', 'dominant_emotion_fear', 'covid_topic_detected', 'health_concern', 'policy_governance_discussion')",3
"('Day_4', 'Day_8', 'Day_10')","('mobility_drop_retail', 'mobility_drop_transit', 'mobility_drop_workplace', 'residential_increase', 'severe_lockdown_behavior', 'sentiment_shift_detected', 'dominant_emotion_fear', 'covid_topic_detected', 'lockdown_mentioned', 'health_concern', 'policy_governance_discussion', 'solidarity_messages')",3
"('Day_10', 'Day_14', 'Day_34')","('mobility_drop_transit', 'residential_increase', 'sentiment_shift_detected', 'sentiment_improved', 'dominant_emotion_fear', 'covid_topic_detected')",3
"('Day_10', 'Day_14', 'Day_90')","('sentiment_shift_detected', 'sentiment_improved', 'dominant_emotion_fear', 'covid_topic_detected', 'solidarity_messages')",3
"('Day_10', 'Day_34', 'Day_69')","('sentiment_shift_detected', 'sentiment_improved', 'dominant_emotion_fear', 'covid_topic_detected', 'health_concern')",3
"('Day_13', 'Day_14', 'Day_28')","('mobility_drop_transit', 'residential_increase', 'high_positive_sentiment', 'dominant_emotion_fear', 'covid_topic_detected', 'compliance_discussed', 'solidarity_messages')",3
"('Day_13', 'Day_14', 'Day_49')","('mobility_drop_transit', 'high_positive_sentiment', 'dominant_emotion_fear', 'covid_topic_detected', 'lockdown_mentioned')",3
"('Day_13', 'Day_28', 'Day_77')","('high_positive_sentiment', 'dominant_emotion_fear', 'covid_topic_detected', 'health_concern', 'compliance_discussed')",3
"('Day_14', 'Day_19', 'Day_30')","('mobility_drop_retail', 'mobility_drop_transit', 'residential_increase', 'high_positive_sentiment', 'sentiment_shift_detected', 'dominant_emotion_fear', 'covid_topic_detected', 'solidarity_messages')",3
"('Day_17', 'Day_18', 'Day_30')","('mobility_drop_retail', 'mobility_drop_transit', 'residential_increase', 'partial_restrictions', 'sentiment_shift_detected', 'dominant_emotion_fear', 'covid_topic_detected', 'health_concern')",3
"('Day_17', 'Day_18', 'Day_49')","('mobility_drop_transit', 'partial_restrictions', 'sentiment_shift_detected', 'dominant_emotion_fear', 'covid_topic_detected', 'lockdown_mentioned', 'health_concern')",3
"('Day_19', 'Day_20', 'Day_30')","('mobility_drop_retail', 'mobility_drop_transit', 'residential_increase', 'partial_restrictions', 'dominant_emotion_fear', 'covid_topic_detected', 'solidarity_messages')",3
"('Day_19', 'Day_21', 'Day_30')","('mobility_drop_retail', 'mobility_drop_transit', 'residential_increase', 'partial_restrictions', 'high_positive_sentiment', 'sentiment_shift_detected', 'dominant_emotion_fear', 'covid_topic_detected')",3
"('Day_21', 'Day_68', 'Day_85')","('sentiment_shift_detected', 'sentiment_worsened', 'dominant_emotion_fear', 'covid_topic_detected')",3
"('Day_24', 'Day_25', 'Day_30')","('mobility_drop_transit', 'residential_increase', 'partial_restrictions', 'high_positive_sentiment', 'sentiment_shift_detected', 'dominant_emotion_fear', 'covid_topic_detected', 'health_concern', 'solidarity_messages')",3
"('Day_29', 'Day_48', 'Day_63')","('mobility_drop_transit', 'residential_increase', 'partial_restrictions', 'dominant_emotion_fear', 'covid_topic_detected', 'vaccine_mentioned', 'health_concern')",3
"('Day_29', 'Day_48', 'Day_71')","('sentiment_shift_detected', 'dominant_emotion_fear', 'covid_topic_detected', 'vaccine_mentioned', 'health_concern', 'solidarity_messages')",3
"('Day_45', 'Day_47', 'Day_52')","('mobility_drop_transit', 'partial_restrictions', 'high_positive_sentiment', 'dominant_emotion_fear', 'covid_topic_detected', 'vaccine_mentioned', 'health_concern', 'solidarity_messages')",3
"('Day_56', 'Day_59', 'Day_76')","('sentiment_shift_detected', 'dominant_emotion_fear', 'covid_topic_detected', 'vaccine_mentioned', 'health_concern', 'policy_governance_discussion', 'low_emotion_low_mobility_signal')",3
"('Day_57', 'Day_59', 'Day_76')","('grocery_spike', 'sentiment_shift_detected', 'dominant_emotion_fear', 'covid_topic_detected', 'vaccine_mentioned', 'policy_governance_discussion', 'low_emotion_low_mobility_signal')",3
"('Day_59', 'Day_60', 'Day_62')","('residential_increase', 'grocery_spike', 'dominant_emotion_fear', 'covid_topic_detected', 'vaccine_mentioned', 'health_concern', 'low_emotion_low_mobility_signal')",3
"('Day_59', 'Day_61', 'Day_62')","('residential_increase', 'grocery_spike', 'sentiment_shift_detected', 'dominant_emotion_fear', 'covid_topic_detected', 'low_emotion_low_mobility_signal')",3
"('Day_59', 'Day_77', 'Day_85')","('grocery_spike', 'dominant_emotion_fear', 'covid_topic_detected', 'health_concern', 'compliance_discussed', 'low_emotion_low_mobility_signal')",3
"('Day_63', 'Day_73', 'Day_74')","('mobility_drop_transit', 'grocery_spike', 'partial_restrictions')",3
"('Day_67', 'Day_76', 'Day_83')","('grocery_spike', 'high_positive_sentiment', 'sentiment_shift_detected', 'dominant_emotion_fear', 'covid_topic_detected', 'vaccine_mentioned', 'health_concern', 'low_emotion_low_mobility_signal')",3
"('Day_69', 'Day_90', 'Day_95')","('grocery_spike', 'sentiment_shift_detected', 'sentiment_improved', 'dominant_emotion_fear', 'covid_topic_detected', 'vaccine_mentioned', 'low_emotion_low_mobility_signal')",3
"('Day_0', 'Day_46', 'Day_48', 'Day_57')","('dominant_emotion_fear', 'covid_topic_detected', 'vaccine_mentioned', 'policy_governance_discussion', 'solidarity_messages')",4
"('Day_0', 'Day_49', 'Day_50', 'Day_68')","('dominant_emotion_fear', 'covid_topic_detected', 'lockdown_mentioned', 'vaccine_mentioned', 'health_concern')",4
"('Day_3', 'Day_4', 'Day_8', 'Day_59')","('residential_increase', 'sentiment_shift_detected', 'dominant_emotion_fear', 'covid_topic_detected', 'health_concern', 'compliance_discussed', 'policy_governance_discussion')",4
"('Day_3', 'Day_29', 'Day_31', 'Day_38')","('mobility_drop_transit', 'residential_increase', 'partial_restrictions', 'sentiment_shift_detected', 'dominant_emotion_fear', 'covid_topic_detected', 'compliance_discussed')",4
"('Day_4', 'Day_5', 'Day_8', 'Day_15')","('mobility_drop_retail', 'mobility_drop_transit', 'mobility_drop_workplace', 'residential_increase', 'severe_lockdown_behavior', 'sentiment_shift_detected', 'dominant_emotion_fear', 'covid_topic_detected', 'lockdown_mentioned', 'health_concern', 'compliance_discussed', 'solidarity_messages')",4
"('Day_4', 'Day_7', 'Day_8', 'Day_10')","('mobility_drop_retail', 'mobility_drop_transit', 'mobility_drop_workplace', 'residential_increase', 'severe_lockdown_behavior', 'dominant_emotion_fear', 'covid_topic_detected', 'lockdown_mentioned', 'health_concern', 'policy_governance_discussion', 'solidarity_messages')",4
"('Day_4', 'Day_8', 'Day_10', 'Day_48')","('mobility_drop_transit', 'residential_increase', 'sentiment_shift_detected', 'dominant_emotion_fear', 'covid_topic_detected', 'health_concern', 'policy_governance_discussion', 'solidarity_messages')",4
"('Day_13', 'Day_14', 'Day_19', 'Day_30')","('mobility_drop_retail', 'mobility_drop_transit', 'residential_increase', 'high_positive_sentiment', 'dominant_emotion_fear', 'covid_topic_detected', 'solidarity_messages')",4
"('Day_13', 'Day_14', 'Day_28', 'Day_38')","('mobility_drop_transit', 'residential_increase', 'high_positive_sentiment', 'dominant_emotion_fear', 'covid_topic_detected', 'compliance_discussed')",4
"('Day_14', 'Day_19', 'Day_21', 'Day_30')","('mobility_drop_retail', 'mobility_drop_transit', 'residential_increase', 'high_positive_sentiment', 'sentiment_shift_detected', 'dominant_emotion_fear', 'covid_topic_detected')",4
"('Day_17', 'Day_18', 'Day_20', 'Day_30')","('mobility_drop_retail', 'mobility_drop_transit', 'residential_increase', 'partial_restrictions', 'dominant_emotion_fear', 'covid_topic_detected', 'health_concern')",4
"('Day_17', 'Day_18', 'Day_49', 'Day_50')","('mobility_drop_transit', 'partial_restrictions', 'dominant_emotion_fear', 'covid_topic_detected', 'lockdown_mentioned', 'health_concern')",4
"('Day_20', 'Day_28', 'Day_29', 'Day_31')","('mobility_drop_transit', 'residential_increase', 'partial_restrictions', 'dominant_emotion_fear', 'covid_topic_detected', 'health_concern', 'compliance_discussed', 'solidarity_messages')",4
"('Day_24', 'Day_25', 'Day_28', 'Day_30')","('mobility_drop_transit', 'residential_increase', 'partial_restrictions', 'high_positive_sentiment', 'dominant_emotion_fear', 'covid_topic_detected', 'health_concern', 'solidarity_messages')",4
"('Day_29', 'Day_48', 'Day_59', 'Day_62')","('residential_increase', 'sentiment_shift_detected', 'dominant_emotion_fear', 'covid_topic_detected', 'vaccine_mentioned', 'health_concern')",4
"('Day_43', 'Day_67', 'Day_76', 'Day_83')","('high_positive_sentiment', 'sentiment_shift_detected', 'dominant_emotion_fear', 'covid_topic_detected', 'vaccine_mentioned', 'health_concern', 'low_emotion_low_mobility_signal')",4
"('Day_45', 'Day_47', 'Day_49', 'Day_52')","('mobility_drop_transit', 'partial_restrictions', 'high_positive_sentiment', 'dominant_emotion_fear', 'covid_topic_detected', 'vaccine_mentioned', 'health_concern')",4
"('Day_45', 'Day_47', 'Day_52', 'Day_80')","('high_positive_sentiment', 'dominant_emotion_fear', 'covid_topic_detected', 'vaccine_mentioned', 'solidarity_messages')",4
"('Day_48', 'Day_56', 'Day_59', 'Day_76')","('sentiment_shift_detected', 'dominant_emotion_fear', 'covid_topic_detected', 'vaccine_mentioned', 'health_concern', 'policy_governance_discussion')",4
"('Day_56', 'Day_57', 'Day_59', 'Day_76')","('sentiment_shift_detected', 'dominant_emotion_fear', 'covid_topic_detected', 'vaccine_mentioned', 'policy_governance_discussion', 'low_emotion_low_mobility_signal')",4
"('Day_57', 'Day_58', 'Day_59', 'Day_76')","('grocery_spike', 'dominant_emotion_fear', 'covid_topic_detected', 'vaccine_mentioned', 'policy_governance_discussion', 'low_emotion_low_mobility_signal')",4
"('Day_57', 'Day_71', 'Day_80', 'Day_90')","('grocery_spike', 'sentiment_shift_detected', 'dominant_emotion_fear', 'covid_topic_detected', 'vaccine_mentioned', 'solidarity_messages', 'low_emotion_low_mobility_signal')",4
"('Day_59', 'Day_60', 'Day_61', 'Day_62')","('residential_increase', 'grocery_spike', 'dominant_emotion_fear', 'covid_topic_detected', 'low_emotion_low_mobility_signal')",4
"('Day_59', 'Day_60', 'Day_62', 'Day_63')","('residential_increase', 'grocery_spike', 'dominant_emotion_fear', 'covid_topic_detected', 'vaccine_mentioned', 'health_concern')",4
"('Day_67', 'Day_76', 'Day_77', 'Day_83')","('grocery_spike', 'high_positive_sentiment', 'dominant_emotion_fear', 'covid_topic_detected', 'vaccine_mentioned', 'health_concern', 'low_emotion_low_mobility_signal')",4
"('Day_0', 'Day_3', 'Day_4', 'Day_8', 'Day_59')","('dominant_emotion_fear', 'covid_topic_detected', 'health_concern', 'compliance_discussed', 'policy_governance_discussion')",5
"('Day_0', 'Day_4', 'Day_7', 'Day_8', 'Day_10')","('dominant_emotion_fear', 'covid_topic_detected', 'lockdown_mentioned', 'health_concern', 'policy_governance_discussion', 'solidarity_messages')",5
"('Day_0', 'Day_29', 'Day_50', 'Day_59', 'Day_77')","('dominant_emotion_fear', 'covid_topic_detected', 'vaccine_mentioned', 'health_concern', 'compliance_discussed')",5
"('Day_3', 'Day_4', 'Day_8', 'Day_10', 'Day_48')","('mobility_drop_transit', 'residential_increase', 'sentiment_shift_detected', 'dominant_emotion_fear', 'covid_topic_detected', 'health_concern', 'policy_governance_discussion')",5
"('Day_3', 'Day_20', 'Day_28', 'Day_29', 'Day_31')","('mobility_drop_transit', 'residential_increase', 'partial_restrictions', 'dominant_emotion_fear', 'covid_topic_detected', 'health_concern', 'compliance_discussed')",5
"('Day_4', 'Day_5', 'Day_8', 'Day_13', 'Day_15')","('mobility_drop_retail', 'mobility_drop_transit', 'mobility_drop_workplace', 'residential_increase', 'severe_lockdown_behavior', 'dominant_emotion_fear', 'covid_topic_detected', 'lockdown_mentioned', 'health_concern', 'compliance_discussed', 'solidarity_messages')",5
"('Day_4', 'Day_5', 'Day_8', 'Day_14', 'Day_15')","('mobility_drop_retail', 'mobility_drop_transit', 'mobility_drop_workplace', 'residential_increase', 'severe_lockdown_behavior', 'sentiment_shift_detected', 'dominant_emotion_fear', 'covid_topic_detected', 'lockdown_mentioned', 'compliance_discussed', 'solidarity_messages')",5
"('Day_4', 'Day_7', 'Day_8', 'Day_10', 'Day_48')","('mobility_drop_transit', 'residential_increase', 'dominant_emotion_fear', 'covid_topic_detected', 'health_concern', 'policy_governance_discussion', 'solidarity_messages')",5
"('Day_4', 'Day_8', 'Day_10', 'Day_48', 'Day_57')","('sentiment_shift_detected', 'dominant_emotion_fear', 'covid_topic_detected', 'policy_governance_discussion', 'solidarity_messages')",5
"('Day_13', 'Day_14', 'Day_19', 'Day_21', 'Day_30')","('mobility_drop_retail', 'mobility_drop_transit', 'residential_increase', 'high_positive_sentiment', 'dominant_emotion_fear', 'covid_topic_detected')",5
"('Day_13', 'Day_14', 'Day_28', 'Day_38', 'Day_77')","('high_positive_sentiment', 'dominant_emotion_fear', 'covid_topic_detected', 'compliance_discussed')",5
"('Day_13', 'Day_24', 'Day_25', 'Day_28', 'Day_30')","('mobility_drop_transit', 'residential_increase', 'high_positive_sentiment', 'dominant_emotion_fear', 'covid_topic_detected', 'health_concern', 'solidarity_messages')",5
"('Day_17', 'Day_18', 'Day_19', 'Day_21', 'Day_30')","('mobility_drop_retail', 'mobility_drop_transit', 'residential_increase', 'partial_restrictions', 'sentiment_shift_detected', 'dominant_emotion_fear', 'covid_topic_detected')",5
"('Day_24', 'Day_25', 'Day_30', 'Day_35', 'Day_49')","('mobility_drop_transit', 'partial_restrictions', 'high_positive_sentiment', 'sentiment_shift_detected', 'dominant_emotion_fear', 'covid_topic_detected', 'health_concern')",5
"('Day_29', 'Day_41', 'Day_44', 'Day_48', 'Day_49')","('mobility_drop_transit', 'partial_restrictions', 'sentiment_shift_detected', 'dominant_emotion_fear', 'covid_topic_detected', 'vaccine_mentioned', 'health_concern')",5
"('Day_43', 'Day_49', 'Day_67', 'Day_76', 'Day_83')","('high_positive_sentiment', 'sentiment_shift_detected', 'dominant_emotion_fear', 'covid_topic_detected', 'vaccine_mentioned', 'health_concern')",5
"('Day_43', 'Day_67', 'Day_76', 'Day_77', 'Day_83')","('high_positive_sentiment', 'dominant_emotion_fear', 'covid_topic_detected', 'vaccine_mentioned', 'health_concern', 'low_emotion_low_mobility_signal')",5
"('Day_48', 'Day_56', 'Day_57', 'Day_59', 'Day_76')","('sentiment_shift_detected', 'dominant_emotion_fear', 'covid_topic_detected', 'vaccine_mentioned', 'policy_governance_discussion')",5
"('Day_56', 'Day_57', 'Day_58', 'Day_59', 'Day_76')","('dominant_emotion_fear', 'covid_topic_detected', 'vaccine_mentioned', 'policy_governance_discussion', 'low_emotion_low_mobility_signal')",5
"('Day_57', 'Day_61', 'Day_71', 'Day_80', 'Day_90')","('grocery_spike', 'sentiment_shift_detected', 'dominant_emotion_fear', 'covid_topic_detected', 'solidarity_messages', 'low_emotion_low_mobility_signal')",5
"('Day_57', 'Day_64', 'Day_71', 'Day_80', 'Day_90')","('grocery_spike', 'dominant_emotion_fear', 'covid_topic_detected', 'vaccine_mentioned', 'solidarity_messages', 'low_emotion_low_mobility_signal')",5
"('Day_59', 'Day_60', 'Day_61', 'Day_62', 'Day_63')","('residential_increase', 'grocery_spike', 'dominant_emotion_fear', 'covid_topic_detected')",5
"('Day_65', 'Day_67', 'Day_76', 'Day_80', 'Day_83')","('grocery_spike', 'high_positive_sentiment', 'sentiment_shift_detected', 'dominant_emotion_fear', 'covid_topic_detected', 'vaccine_mentioned', 'low_emotion_low_mobility_signal')",5
"('Day_0', 'Day_4', 'Day_5', 'Day_8', 'Day_13', 'Day_15')","('dominant_emotion_fear', 'covid_topic_detected', 'lockdown_mentioned', 'health_concern', 'compliance_discussed', 'solidarity_messages')",6
"('Day_0', 'Day_46', 'Day_48', 'Day_56', 'Day_59', 'Day_76')","('dominant_emotion_fear', 'covid_topic_detected', 'vaccine_mentioned', 'health_concern', 'policy_governance_discussion')",6
"('Day_3', 'Day_4', 'Day_7', 'Day_8', 'Day_10', 'Day_48')","('mobility_drop_transit', 'residential_increase', 'dominant_emotion_fear', 'covid_topic_detected', 'health_concern', 'policy_governance_discussion')",6
"('Day_3', 'Day_4', 'Day_8', 'Day_10', 'Day_48', 'Day_59')","('residential_increase', 'sentiment_shift_detected', 'dominant_emotion_fear', 'covid_topic_detected', 'health_concern', 'policy_governance_discussion')",6
"('Day_3', 'Day_20', 'Day_28', 'Day_29', 'Day_31', 'Day_38')","('mobility_drop_transit', 'residential_increase', 'partial_restrictions', 'dominant_emotion_fear', 'covid_topic_detected', 'compliance_discussed')",6
"('Day_3', 'Day_20', 'Day_28', 'Day_29', 'Day_31', 'Day_50')","('mobility_drop_transit', 'partial_restrictions', 'dominant_emotion_fear', 'covid_topic_detected', 'health_concern', 'compliance_discussed')",6
"('Day_4', 'Day_5', 'Day_6', 'Day_8', 'Day_10', 'Day_15')","('mobility_drop_retail', 'mobility_drop_transit', 'mobility_drop_workplace', 'residential_increase', 'severe_lockdown_behavior', 'sentiment_shift_detected', 'dominant_emotion_fear', 'covid_topic_detected', 'lockdown_mentioned', 'health_concern', 'solidarity_messages')",6
"('Day_4', 'Day_5', 'Day_8', 'Day_13', 'Day_14', 'Day_15')","('mobility_drop_retail', 'mobility_drop_transit', 'mobility_drop_workplace', 'residential_increase', 'severe_lockdown_behavior', 'dominant_emotion_fear', 'covid_topic_detected', 'lockdown_mentioned', 'compliance_discussed', 'solidarity_messages')",6
"('Day_4', 'Day_5', 'Day_8', 'Day_13', 'Day_15', 'Day_20')","('mobility_drop_retail', 'mobility_drop_transit', 'residential_increase', 'dominant_emotion_fear', 'covid_topic_detected', 'health_concern', 'compliance_discussed', 'solidarity_messages')",6
"('Day_4', 'Day_5', 'Day_8', 'Day_13', 'Day_15', 'Day_50')","('mobility_drop_transit', 'dominant_emotion_fear', 'covid_topic_detected', 'lockdown_mentioned', 'health_concern', 'compliance_discussed')",6
"('Day_4', 'Day_5', 'Day_8', 'Day_15', 'Day_29', 'Day_31')","('mobility_drop_transit', 'residential_increase', 'sentiment_shift_detected', 'dominant_emotion_fear', 'covid_topic_detected', 'health_concern', 'compliance_discussed', 'solidarity_messages')",6
"('Day_4', 'Day_7', 'Day_8', 'Day_10', 'Day_46', 'Day_48')","('mobility_drop_transit', 'dominant_emotion_fear', 'covid_topic_detected', 'health_concern', 'policy_governance_discussion', 'solidarity_messages')",6
"('Day_10', 'Day_14', 'Day_34', 'Day_69', 'Day_90', 'Day_95')","('sentiment_shift_detected', 'sentiment_improved', 'dominant_emotion_fear', 'covid_topic_detected')",6
"('Day_17', 'Day_18', 'Day_19', 'Day_20', 'Day_21', 'Day_30')","('mobility_drop_retail', 'mobility_drop_transit', 'residential_increase', 'partial_restrictions', 'dominant_emotion_fear', 'covid_topic_detected')",6
"('Day_24', 'Day_25', 'Day_29', 'Day_30', 'Day_31', 'Day_48')","('mobility_drop_transit', 'residential_increase', 'partial_restrictions', 'sentiment_shift_detected', 'dominant_emotion_fear', 'covid_topic_detected', 'health_concern', 'solidarity_messages')",6
"('Day_29', 'Day_45', 'Day_46', 'Day_47', 'Day_48', 'Day_52')","('mobility_drop_transit', 'partial_restrictions', 'dominant_emotion_fear', 'covid_topic_detected', 'vaccine_mentioned', 'health_concern', 'solidarity_messages')",6
"('Day_29', 'Day_48', 'Day_57', 'Day_71', 'Day_80', 'Day_90')","('sentiment_shift_detected', 'dominant_emotion_fear', 'covid_topic_detected', 'vaccine_mentioned', 'solidarity_messages')",6
"('Day_29', 'Day_48', 'Day_59', 'Day_60', 'Day_62', 'Day_63')","('residential_increase', 'dominant_emotion_fear', 'covid_topic_detected', 'vaccine_mentioned', 'health_concern')",6
"('Day_43', 'Day_65', 'Day_67', 'Day_76', 'Day_80', 'Day_83')","('high_positive_sentiment', 'sentiment_shift_detected', 'dominant_emotion_fear', 'covid_topic_detected', 'vaccine_mentioned', 'low_emotion_low_mobility_signal')",6
"('Day_57', 'Day_64', 'Day_71', 'Day_74', 'Day_80', 'Day_90')","('grocery_spike', 'dominant_emotion_fear', 'covid_topic_detected', 'vaccine_mentioned', 'solidarity_messages')",6
"('Day_59', 'Day_60', 'Day_61', 'Day_62', 'Day_63', 'Day_73')","('residential_increase', 'grocery_spike')",6
"('Day_0', 'Day_4', 'Day_5', 'Day_8', 'Day_13', 'Day_14', 'Day_15')","('dominant_emotion_fear', 'covid_topic_detected', 'lockdown_mentioned', 'compliance_discussed', 'solidarity_messages')",7
"('Day_0', 'Day_4', 'Day_5', 'Day_8', 'Day_13', 'Day_15', 'Day_50')","('dominant_emotion_fear', 'covid_topic_detected', 'lockdown_mentioned', 'health_concern', 'compliance_discussed')",7
"('Day_0', 'Day_4', 'Day_7', 'Day_8', 'Day_10', 'Day_46', 'Day_48')","('dominant_emotion_fear', 'covid_topic_detected', 'health_concern', 'policy_governance_discussion', 'solidarity_messages')",7
"('Day_3', 'Day_4', 'Day_5', 'Day_8', 'Day_15', 'Day_29', 'Day_31')","('mobility_drop_transit', 'residential_increase', 'sentiment_shift_detected', 'dominant_emotion_fear', 'covid_topic_detected', 'health_concern', 'compliance_discussed')",7
"('Day_3', 'Day_4', 'Day_7', 'Day_8', 'Day_10', 'Day_46', 'Day_48')","('mobility_drop_transit', 'dominant_emotion_fear', 'covid_topic_detected', 'health_concern', 'policy_governance_discussion')",7
"('Day_3', 'Day_4', 'Day_7', 'Day_8', 'Day_10', 'Day_48', 'Day_59')","('residential_increase', 'dominant_emotion_fear', 'covid_topic_detected', 'health_concern', 'policy_governance_discussion')",7
"('Day_3', 'Day_20', 'Day_28', 'Day_29', 'Day_31', 'Day_38', 'Day_50')","('mobility_drop_transit', 'partial_restrictions', 'dominant_emotion_fear', 'covid_topic_detected', 'compliance_discussed')",7
"('Day_4', 'Day_5', 'Day_6', 'Day_8', 'Day_9', 'Day_10', 'Day_15')","('mobility_drop_retail', 'mobility_drop_transit', 'mobility_drop_workplace', 'residential_increase', 'severe_lockdown_behavior', 'sentiment_shift_detected', 'dominant_emotion_fear', 'covid_topic_detected', 'lockdown_mentioned', 'health_concern')",7
"('Day_4', 'Day_5', 'Day_6', 'Day_8', 'Day_10', 'Day_14', 'Day_15')","('mobility_drop_retail', 'mobility_drop_transit', 'mobility_drop_workplace', 'residential_increase', 'severe_lockdown_behavior', 'sentiment_shift_detected', 'dominant_emotion_fear', 'covid_topic_detected', 'lockdown_mentioned', 'solidarity_messages')",7
"('Day_4', 'Day_5', 'Day_6', 'Day_8', 'Day_10', 'Day_15', 'Day_30')","('mobility_drop_retail', 'mobility_drop_transit', 'residential_increase', 'sentiment_shift_detected', 'dominant_emotion_fear', 'covid_topic_detected', 'health_concern', 'solidarity_messages')",7
"('Day_4', 'Day_5', 'Day_8', 'Day_13', 'Day_14', 'Day_15', 'Day_20')","('mobility_drop_retail', 'mobility_drop_transit', 'residential_increase', 'dominant_emotion_fear', 'covid_topic_detected', 'compliance_discussed', 'solidarity_messages')",7
"('Day_4', 'Day_5', 'Day_8', 'Day_13', 'Day_14', 'Day_15', 'Day_50')","('mobility_drop_transit', 'dominant_emotion_fear', 'covid_topic_detected', 'lockdown_mentioned', 'compliance_discussed')",7
"('Day_4', 'Day_5', 'Day_8', 'Day_14', 'Day_15', 'Day_29', 'Day_31')","('mobility_drop_transit', 'residential_increase', 'sentiment_shift_detected', 'dominant_emotion_fear', 'covid_topic_detected', 'compliance_discussed', 'solidarity_messages')",7
"('Day_19', 'Day_22', 'Day_24', 'Day_25', 'Day_30', 'Day_32', 'Day_37')","('mobility_drop_transit', 'residential_increase', 'partial_restrictions', 'high_positive_sentiment', 'sentiment_shift_detected', 'dominant_emotion_fear', 'covid_topic_detected', 'solidarity_messages')",7
"('Day_24', 'Day_25', 'Day_28', 'Day_30', 'Day_45', 'Day_47', 'Day_52')","('mobility_drop_transit', 'partial_restrictions', 'high_positive_sentiment', 'dominant_emotion_fear', 'covid_topic_detected', 'health_concern', 'solidarity_messages')",7
"('Day_29', 'Day_45', 'Day_46', 'Day_47', 'Day_48', 'Day_52', 'Day_74')","('mobility_drop_transit', 'partial_restrictions', 'dominant_emotion_fear', 'covid_topic_detected', 'vaccine_mentioned', 'solidarity_messages')",7
"('Day_43', 'Day_49', 'Day_65', 'Day_67', 'Day_76', 'Day_80', 'Day_83')","('high_positive_sentiment', 'sentiment_shift_detected', 'dominant_emotion_fear', 'covid_topic_detected', 'vaccine_mentioned')",7
"('Day_57', 'Day_61', 'Day_64', 'Day_71', 'Day_72', 'Day_80', 'Day_90')","('grocery_spike', 'dominant_emotion_fear', 'covid_topic_detected', 'solidarity_messages', 'low_emotion_low_mobility_signal')",7
"('Day_61', 'Day_65', 'Day_67', 'Day_76', 'Day_80', 'Day_81', 'Day_83')","('grocery_spike', 'high_positive_sentiment', 'sentiment_shift_detected', 'dominant_emotion_fear', 'covid_topic_detected', 'low_emotion_low_mobility_signal')",7
"('Day_65', 'Day_67', 'Day_76', 'Day_77', 'Day_80', 'Day_83', 'Day_89')","('grocery_spike', 'high_positive_sentiment', 'dominant_emotion_fear', 'covid_topic_detected', 'vaccine_mentioned', 'low_emotion_low_mobility_signal')",7
"('Day_0', 'Day_4', 'Day_5', 'Day_8', 'Day_13', 'Day_14', 'Day_15', 'Day_50')","('dominant_emotion_fear', 'covid_topic_detected', 'lockdown_mentioned', 'compliance_discussed')",8
"('Day_0', 'Day_4', 'Day_7', 'Day_8', 'Day_10', 'Day_46', 'Day_48', 'Day_57')","('dominant_emotion_fear', 'covid_topic_detected', 'policy_governance_discussion', 'solidarity_messages')",8
"('Day_0', 'Day_29', 'Day_45', 'Day_46', 'Day_47', 'Day_48', 'Day_52', 'Day_71')","('dominant_emotion_fear', 'covid_topic_detected', 'vaccine_mentioned', 'health_concern', 'solidarity_messages')",8
"('Day_0', 'Day_46', 'Day_48', 'Day_56', 'Day_57', 'Day_58', 'Day_59', 'Day_76')","('dominant_emotion_fear', 'covid_topic_detected', 'vaccine_mentioned', 'policy_governance_discussion')",8
"('Day_3', 'Day_4', 'Day_5', 'Day_8', 'Day_15', 'Day_29', 'Day_31', 'Day_59')","('residential_increase', 'sentiment_shift_detected', 'dominant_emotion_fear', 'covid_topic_detected', 'health_concern', 'compliance_discussed')",8
"('Day_3', 'Day_4', 'Day_8', 'Day_10', 'Day_48', 'Day_56', 'Day_59', 'Day_76')","('sentiment_shift_detected', 'dominant_emotion_fear', 'covid_topic_detected', 'health_concern', 'policy_governance_discussion')",8
"('Day_4', 'Day_5', 'Day_6', 'Day_7', 'Day_8', 'Day_10', 'Day_13', 'Day_15')","('mobility_drop_retail', 'mobility_drop_transit', 'mobility_drop_workplace', 'residential_increase', 'severe_lockdown_behavior', 'dominant_emotion_fear', 'covid_topic_detected', 'lockdown_mentioned', 'health_concern', 'solidarity_messages')",8
"('Day_4', 'Day_5', 'Day_6', 'Day_8', 'Day_9', 'Day_10', 'Day_14', 'Day_15')","('mobility_drop_retail', 'mobility_drop_transit', 'mobility_drop_workplace', 'residential_increase', 'severe_lockdown_behavior', 'sentiment_shift_detected', 'dominant_emotion_fear', 'covid_topic_detected', 'lockdown_mentioned')",8
"('Day_13', 'Day_24', 'Day_25', 'Day_28', 'Day_30', 'Day_45', 'Day_47', 'Day_52')","('mobility_drop_transit', 'high_positive_sentiment', 'dominant_emotion_fear', 'covid_topic_detected', 'health_concern', 'solidarity_messages')",8
"('Day_14', 'Day_19', 'Day_22', 'Day_24', 'Day_25', 'Day_30', 'Day_32', 'Day_37')","('mobility_drop_transit', 'residential_increase', 'high_positive_sentiment', 'sentiment_shift_detected', 'dominant_emotion_fear', 'covid_topic_detected', 'solidarity_messages')",8
"('Day_19', 'Day_22', 'Day_24', 'Day_25', 'Day_28', 'Day_30', 'Day_32', 'Day_37')","('mobility_drop_transit', 'residential_increase', 'partial_restrictions', 'high_positive_sentiment', 'dominant_emotion_fear', 'covid_topic_detected', 'solidarity_messages')",8
"('Day_20', 'Day_24', 'Day_25', 'Day_28', 'Day_29', 'Day_30', 'Day_31', 'Day_48')","('mobility_drop_transit', 'residential_increase', 'partial_restrictions', 'dominant_emotion_fear', 'covid_topic_detected', 'health_concern', 'solidarity_messages')",8
"('Day_43', 'Day_61', 'Day_65', 'Day_67', 'Day_76', 'Day_80', 'Day_81', 'Day_83')","('high_positive_sentiment', 'sentiment_shift_detected', 'dominant_emotion_fear', 'covid_topic_detected', 'low_emotion_low_mobility_signal')",8
"('Day_43', 'Day_65', 'Day_67', 'Day_76', 'Day_77', 'Day_80', 'Day_83', 'Day_89')","('high_positive_sentiment', 'dominant_emotion_fear', 'covid_topic_detected', 'vaccine_mentioned', 'low_emotion_low_mobility_signal')",8
"('Day_57', 'Day_61', 'Day_64', 'Day_71', 'Day_72', 'Day_74', 'Day_80', 'Day_90')","('grocery_spike', 'dominant_emotion_fear', 'covid_topic_detected', 'solidarity_messages')",8
"('Day_65', 'Day_67', 'Day_76', 'Day_77', 'Day_80', 'Day_83', 'Day_89', 'Day_96')","('grocery_spike', 'high_positive_sentiment', 'dominant_emotion_fear', 'vaccine_mentioned', 'low_emotion_low_mobility_signal')",8
"('Day_0', 'Day_4', 'Day_5', 'Day_6', 'Day_7', 'Day_8', 'Day_10', 'Day_13', 'Day_15')","('dominant_emotion_fear', 'covid_topic_detected', 'lockdown_mentioned', 'health_concern', 'solidarity_messages')",9
"('Day_3', 'Day_4', 'Day_5', 'Day_8', 'Day_14', 'Day_15', 'Day_29', 'Day_31', 'Day_38')","('mobility_drop_transit', 'residential_increase', 'sentiment_shift_detected', 'dominant_emotion_fear', 'covid_topic_detected', 'compliance_discussed')",9
"('Day_3', 'Day_4', 'Day_5', 'Day_8', 'Day_15', 'Day_29', 'Day_31', 'Day_59', 'Day_85')","('sentiment_shift_detected', 'dominant_emotion_fear', 'covid_topic_detected', 'health_concern', 'compliance_discussed')",9
"('Day_3', 'Day_4', 'Day_8', 'Day_10', 'Day_48', 'Day_56', 'Day_57', 'Day_59', 'Day_76')","('sentiment_shift_detected', 'dominant_emotion_fear', 'covid_topic_detected', 'policy_governance_discussion')",9
"('Day_4', 'Day_5', 'Day_6', 'Day_7', 'Day_8', 'Day_9', 'Day_10', 'Day_13', 'Day_15')","('mobility_drop_retail', 'mobility_drop_transit', 'mobility_drop_workplace', 'residential_increase', 'severe_lockdown_behavior', 'dominant_emotion_fear', 'covid_topic_detected', 'lockdown_mentioned', 'health_concern')",9
"('Day_4', 'Day_5', 'Day_6', 'Day_7', 'Day_8', 'Day_10', 'Day_13', 'Day_14', 'Day_15')","('mobility_drop_retail', 'mobility_drop_transit', 'mobility_drop_workplace', 'residential_increase', 'severe_lockdown_behavior', 'dominant_emotion_fear', 'covid_topic_detected', 'lockdown_mentioned', 'solidarity_messages')",9
"('Day_4', 'Day_5', 'Day_6', 'Day_8', 'Day_9', 'Day_10', 'Day_14', 'Day_15', 'Day_16')","('mobility_drop_retail', 'mobility_drop_transit', 'mobility_drop_workplace', 'residential_increase', 'severe_lockdown_behavior', 'sentiment_shift_detected', 'dominant_emotion_fear', 'covid_topic_detected')",9
"('Day_4', 'Day_5', 'Day_6', 'Day_8', 'Day_9', 'Day_10', 'Day_15', 'Day_17', 'Day_18')","('mobility_drop_retail', 'mobility_drop_transit', 'residential_increase', 'sentiment_shift_detected', 'dominant_emotion_fear', 'covid_topic_detected', 'lockdown_mentioned', 'health_concern')",9
"('Day_4', 'Day_5', 'Day_6', 'Day_8', 'Day_10', 'Day_14', 'Day_15', 'Day_19', 'Day_30')","('mobility_drop_retail', 'mobility_drop_transit', 'residential_increase', 'sentiment_shift_detected', 'dominant_emotion_fear', 'covid_topic_detected', 'solidarity_messages')",9
"('Day_4', 'Day_5', 'Day_8', 'Day_13', 'Day_15', 'Day_20', 'Day_28', 'Day_29', 'Day_31')","('mobility_drop_transit', 'residential_increase', 'dominant_emotion_fear', 'covid_topic_detected', 'health_concern', 'compliance_discussed', 'solidarity_messages')",9
"('Day_14', 'Day_19', 'Day_22', 'Day_24', 'Day_25', 'Day_30', 'Day_32', 'Day_37', 'Day_61')","('residential_increase', 'high_positive_sentiment', 'sentiment_shift_detected', 'dominant_emotion_fear', 'covid_topic_detected', 'solidarity_messages')",9
"('Day_24', 'Day_25', 'Day_28', 'Day_30', 'Day_35', 'Day_45', 'Day_47', 'Day_49', 'Day_52')","('mobility_drop_transit', 'partial_restrictions', 'high_positive_sentiment', 'dominant_emotion_fear', 'covid_topic_detected', 'health_concern')",9
"('Day_24', 'Day_25', 'Day_30', 'Day_35', 'Day_43', 'Day_49', 'Day_67', 'Day_76', 'Day_83')","('high_positive_sentiment', 'sentiment_shift_detected', 'dominant_emotion_fear', 'covid_topic_detected', 'health_concern')",9
"('Day_43', 'Day_45', 'Day_47', 'Day_49', 'Day_52', 'Day_67', 'Day_76', 'Day_77', 'Day_83')","('high_positive_sentiment', 'dominant_emotion_fear', 'covid_topic_detected', 'vaccine_mentioned', 'health_concern')",9
"('Day_43', 'Day_65', 'Day_67', 'Day_76', 'Day_77', 'Day_80', 'Day_83', 'Day_89', 'Day_96')","('high_positive_sentiment', 'dominant_emotion_fear', 'vaccine_mentioned', 'low_emotion_low_mobility_signal')",9
"('Day_61', 'Day_65', 'Day_67', 'Day_76', 'Day_77', 'Day_80', 'Day_81', 'Day_83', 'Day_89')","('grocery_spike', 'high_positive_sentiment', 'dominant_emotion_fear', 'covid_topic_detected', 'low_emotion_low_mobility_signal')",9
"('Day_0', 'Day_4', 'Day_5', 'Day_6', 'Day_7', 'Day_8', 'Day_10', 'Day_13', 'Day_14', 'Day_15')","('dominant_emotion_fear', 'covid_topic_detected', 'lockdown_mentioned', 'solidarity_messages')",10
"('Day_0', 'Day_4', 'Day_5', 'Day_8', 'Day_13', 'Day_15', 'Day_20', 'Day_28', 'Day_29', 'Day_31')","('dominant_emotion_fear', 'covid_topic_detected', 'health_concern', 'compliance_discussed', 'solidarity_messages')",10
"('Day_3', 'Day_4', 'Day_5', 'Day_8', 'Day_13', 'Day_15', 'Day_20', 'Day_28', 'Day_29', 'Day_31')","('mobility_drop_transit', 'residential_increase', 'dominant_emotion_fear', 'covid_topic_detected', 'health_concern', 'compliance_discussed')",10
"('Day_3', 'Day_4', 'Day_5', 'Day_8', 'Day_14', 'Day_15', 'Day_29', 'Day_31', 'Day_38', 'Day_59')","('residential_increase', 'sentiment_shift_detected', 'dominant_emotion_fear', 'covid_topic_detected', 'compliance_discussed')",10
"('Day_4', 'Day_5', 'Day_6', 'Day_7', 'Day_8', 'Day_9', 'Day_10', 'Day_13', 'Day_14', 'Day_15')","('mobility_drop_retail', 'mobility_drop_transit', 'mobility_drop_workplace', 'residential_increase', 'severe_lockdown_behavior', 'dominant_emotion_fear', 'covid_topic_detected', 'lockdown_mentioned')",10
"('Day_4', 'Day_5', 'Day_6', 'Day_7', 'Day_8', 'Day_10', 'Day_11', 'Day_12', 'Day_13', 'Day_15')","('mobility_drop_retail', 'mobility_drop_transit', 'mobility_drop_workplace', 'residential_increase', 'severe_lockdown_behavior', 'dominant_emotion_fear', 'covid_topic_detected', 'health_concern', 'solidarity_messages')",10
"('Day_4', 'Day_5', 'Day_6', 'Day_8', 'Day_9', 'Day_10', 'Day_14', 'Day_15', 'Day_17', 'Day_18')","('mobility_drop_retail', 'mobility_drop_transit', 'residential_increase', 'sentiment_shift_detected', 'dominant_emotion_fear', 'covid_topic_detected', 'lockdown_mentioned')",10
"('Day_4', 'Day_5', 'Day_6', 'Day_8', 'Day_9', 'Day_10', 'Day_15', 'Day_17', 'Day_18', 'Day_30')","('mobility_drop_retail', 'mobility_drop_transit', 'residential_increase', 'sentiment_shift_detected', 'dominant_emotion_fear', 'covid_topic_detected', 'health_concern')",10
"('Day_4', 'Day_5', 'Day_6', 'Day_8', 'Day_9', 'Day_10', 'Day_15', 'Day_17', 'Day_18', 'Day_49')","('mobility_drop_transit', 'sentiment_shift_detected', 'dominant_emotion_fear', 'covid_topic_detected', 'lockdown_mentioned', 'health_concern')",10
"('Day_4', 'Day_5', 'Day_8', 'Day_13', 'Day_14', 'Day_15', 'Day_20', 'Day_28', 'Day_29', 'Day_31')","('mobility_drop_transit', 'residential_increase', 'dominant_emotion_fear', 'covid_topic_detected', 'compliance_discussed', 'solidarity_messages')",10
"('Day_13', 'Day_14', 'Day_19', 'Day_22', 'Day_24', 'Day_25', 'Day_28', 'Day_30', 'Day_32', 'Day_37')","('mobility_drop_transit', 'residential_increase', 'high_positive_sentiment', 'dominant_emotion_fear', 'covid_topic_detected', 'solidarity_messages')",10
"('Day_13', 'Day_24', 'Day_25', 'Day_28', 'Day_30', 'Day_35', 'Day_45', 'Day_47', 'Day_49', 'Day_52')","('mobility_drop_transit', 'high_positive_sentiment', 'dominant_emotion_fear', 'covid_topic_detected', 'health_concern')",10
"('Day_14', 'Day_19', 'Day_22', 'Day_24', 'Day_25', 'Day_30', 'Day_32', 'Day_37', 'Day_61', 'Day_80')","('high_positive_sentiment', 'sentiment_shift_detected', 'dominant_emotion_fear', 'covid_topic_detected', 'solidarity_messages')",10
"('Day_19', 'Day_21', 'Day_22', 'Day_24', 'Day_25', 'Day_30', 'Day_32', 'Day_37', 'Day_38', 'Day_39')","('mobility_drop_transit', 'residential_increase', 'partial_restrictions', 'high_positive_sentiment', 'sentiment_shift_detected', 'dominant_emotion_fear', 'covid_topic_detected')",10
"('Day_19', 'Day_22', 'Day_24', 'Day_25', 'Day_29', 'Day_30', 'Day_31', 'Day_32', 'Day_37', 'Day_48')","('mobility_drop_transit', 'residential_increase', 'partial_restrictions', 'sentiment_shift_detected', 'dominant_emotion_fear', 'covid_topic_detected', 'solidarity_messages')",10
"('Day_43', 'Day_61', 'Day_65', 'Day_67', 'Day_76', 'Day_77', 'Day_80', 'Day_81', 'Day_83', 'Day_89')","('high_positive_sentiment', 'dominant_emotion_fear', 'covid_topic_detected', 'low_emotion_low_mobility_signal')",10
"('Day_61', 'Day_65', 'Day_67', 'Day_76', 'Day_77', 'Day_80', 'Day_81', 'Day_83', 'Day_89', 'Day_96')","('grocery_spike', 'high_positive_sentiment', 'dominant_emotion_fear', 'low_emotion_low_mobility_signal')",10
"('Day_0', 'Day_3', 'Day_4', 'Day_7', 'Day_8', 'Day_10', 'Day_46', 'Day_48', 'Day_56', 'Day_59', 'Day_76')","('dominant_emotion_fear', 'covid_topic_detected', 'health_concern', 'policy_governance_discussion')",11
"('Day_0', 'Day_4', 'Day_5', 'Day_8', 'Day_13', 'Day_14', 'Day_15', 'Day_20', 'Day_28', 'Day_29', 'Day_31')","('dominant_emotion_fear', 'covid_topic_detected', 'compliance_discussed', 'solidarity_messages')",11
"('Day_3', 'Day_4', 'Day_5', 'Day_8', 'Day_13', 'Day_15', 'Day_20', 'Day_28', 'Day_29', 'Day_31', 'Day_50')","('mobility_drop_transit', 'dominant_emotion_fear', 'covid_topic_detected', 'health_concern', 'compliance_discussed')",11
"('Day_3', 'Day_4', 'Day_5', 'Day_8', 'Day_13', 'Day_15', 'Day_20', 'Day_28', 'Day_29', 'Day_31', 'Day_59')","('residential_increase', 'dominant_emotion_fear', 'covid_topic_detected', 'health_concern', 'compliance_discussed')",11
"('Day_3', 'Day_4', 'Day_5', 'Day_8', 'Day_14', 'Day_15', 'Day_29', 'Day_31', 'Day_38', 'Day_59', 'Day_85')","('sentiment_shift_detected', 'dominant_emotion_fear', 'covid_topic_detected', 'compliance_discussed')",11
"('Day_3', 'Day_17', 'Day_18', 'Day_24', 'Day_25', 'Day_29', 'Day_30', 'Day_31', 'Day_33', 'Day_34', 'Day_48')","('mobility_drop_transit', 'residential_increase', 'partial_restrictions', 'sentiment_shift_detected', 'dominant_emotion_fear', 'covid_topic_detected', 'health_concern')",11
"('Day_4', 'Day_5', 'Day_6', 'Day_7', 'Day_8', 'Day_9', 'Day_10', 'Day_11', 'Day_12', 'Day_13', 'Day_15')","('mobility_drop_retail', 'mobility_drop_transit', 'mobility_drop_workplace', 'residential_increase', 'severe_lockdown_behavior', 'dominant_emotion_fear', 'covid_topic_detected', 'health_concern')",11
"('Day_4', 'Day_5', 'Day_6', 'Day_7', 'Day_8', 'Day_9', 'Day_10', 'Day_13', 'Day_15', 'Day_17', 'Day_18')","('mobility_drop_retail', 'mobility_drop_transit', 'residential_increase', 'dominant_emotion_fear', 'covid_topic_detected', 'lockdown_mentioned', 'health_concern')",11
"('Day_4', 'Day_5', 'Day_6', 'Day_7', 'Day_8', 'Day_10', 'Day_11', 'Day_12', 'Day_13', 'Day_14', 'Day_15')","('mobility_drop_retail', 'mobility_drop_transit', 'mobility_drop_workplace', 'residential_increase', 'severe_lockdown_behavior', 'dominant_emotion_fear', 'covid_topic_detected', 'solidarity_messages')",11
"('Day_4', 'Day_5', 'Day_6', 'Day_8', 'Day_9', 'Day_10', 'Day_14', 'Day_15', 'Day_17', 'Day_18', 'Day_49')","('mobility_drop_transit', 'sentiment_shift_detected', 'dominant_emotion_fear', 'covid_topic_detected', 'lockdown_mentioned')",11
"('Day_4', 'Day_5', 'Day_6', 'Day_8', 'Day_9', 'Day_10', 'Day_15', 'Day_17', 'Day_18', 'Day_49', 'Day_68')","('sentiment_shift_detected', 'dominant_emotion_fear', 'covid_topic_detected', 'lockdown_mentioned', 'health_concern')",11
"('Day_13', 'Day_14', 'Day_19', 'Day_22', 'Day_24', 'Day_25', 'Day_28', 'Day_30', 'Day_32', 'Day_37', 'Day_61')","('residential_increase', 'high_positive_sentiment', 'dominant_emotion_fear', 'covid_topic_detected', 'solidarity_messages')",11
"('Day_14', 'Day_19', 'Day_21', 'Day_22', 'Day_24', 'Day_25', 'Day_30', 'Day_32', 'Day_37', 'Day_38', 'Day_39')","('mobility_drop_transit', 'residential_increase', 'high_positive_sentiment', 'sentiment_shift_detected', 'dominant_emotion_fear', 'covid_topic_detected')",11
"('Day_19', 'Day_21', 'Day_22', 'Day_24', 'Day_25', 'Day_28', 'Day_30', 'Day_32', 'Day_37', 'Day_38', 'Day_39')","('mobility_drop_transit', 'residential_increase', 'partial_restrictions', 'high_positive_sentiment', 'dominant_emotion_fear', 'covid_topic_detected')",11
"('Day_19', 'Day_22', 'Day_24', 'Day_25', 'Day_28', 'Day_30', 'Day_32', 'Day_37', 'Day_45', 'Day_47', 'Day_52')","('mobility_drop_transit', 'partial_restrictions', 'high_positive_sentiment', 'dominant_emotion_fear', 'covid_topic_detected', 'solidarity_messages')",11
"('Day_43', 'Day_61', 'Day_65', 'Day_67', 'Day_76', 'Day_77', 'Day_80', 'Day_81', 'Day_83', 'Day_89', 'Day_96')","('high_positive_sentiment', 'dominant_emotion_fear', 'low_emotion_low_mobility_signal')",11
"('Day_53', 'Day_59', 'Day_62', 'Day_67', 'Day_68', 'Day_69', 'Day_71', 'Day_76', 'Day_78', 'Day_79', 'Day_83')","('grocery_spike', 'sentiment_shift_detected', 'dominant_emotion_fear', 'covid_topic_detected', 'vaccine_mentioned', 'health_concern', 'low_emotion_low_mobility_signal')",11
"('Day_3', 'Day_4', 'Day_5', 'Day_8', 'Day_13', 'Day_14', 'Day_15', 'Day_20', 'Day_28', 'Day_29', 'Day_31', 'Day_38')","('mobility_drop_transit', 'residential_increase', 'dominant_emotion_fear', 'covid_topic_detected', 'compliance_discussed')",12
"('Day_4', 'Day_5', 'Day_6', 'Day_7', 'Day_8', 'Day_9', 'Day_10', 'Day_11', 'Day_12', 'Day_13', 'Day_15', 'Day_63')","('mobility_drop_transit', 'mobility_drop_workplace', 'residential_increase', 'dominant_emotion_fear', 'covid_topic_detected', 'health_concern')",12
"('Day_4', 'Day_5', 'Day_6', 'Day_7', 'Day_8', 'Day_9', 'Day_10', 'Day_13', 'Day_14', 'Day_15', 'Day_17', 'Day_18')","('mobility_drop_retail', 'mobility_drop_transit', 'residential_increase', 'dominant_emotion_fear', 'covid_topic_detected', 'lockdown_mentioned')",12
"('Day_4', 'Day_5', 'Day_6', 'Day_7', 'Day_8', 'Day_10', 'Day_11', 'Day_12', 'Day_13', 'Day_15', 'Day_20', 'Day_30')","('mobility_drop_retail', 'mobility_drop_transit', 'residential_increase', 'dominant_emotion_fear', 'covid_topic_detected', 'health_concern', 'solidarity_messages')",12
"('Day_4', 'Day_5', 'Day_6', 'Day_8', 'Day_9', 'Day_10', 'Day_14', 'Day_15', 'Day_17', 'Day_18', 'Day_49', 'Day_68')","('sentiment_shift_detected', 'dominant_emotion_fear', 'covid_topic_detected', 'lockdown_mentioned')",12
"('Day_4', 'Day_5', 'Day_6', 'Day_8', 'Day_10', 'Day_15', 'Day_24', 'Day_25', 'Day_29', 'Day_30', 'Day_31', 'Day_48')","('mobility_drop_transit', 'residential_increase', 'sentiment_shift_detected', 'dominant_emotion_fear', 'covid_topic_detected', 'health_concern', 'solidarity_messages')",12
"('Day_14', 'Day_19', 'Day_21', 'Day_22', 'Day_24', 'Day_25', 'Day_30', 'Day_32', 'Day_37', 'Day_38', 'Day_39', 'Day_61')","('residential_increase', 'high_positive_sentiment', 'sentiment_shift_detected', 'dominant_emotion_fear', 'covid_topic_detected')",12
"('Day_19', 'Day_20', 'Day_22', 'Day_24', 'Day_25', 'Day_28', 'Day_29', 'Day_30', 'Day_31', 'Day_32', 'Day_37', 'Day_48')","('mobility_drop_transit', 'residential_increase', 'partial_restrictions', 'dominant_emotion_fear', 'covid_topic_detected', 'solidarity_messages')",12
"('Day_20', 'Day_24', 'Day_25', 'Day_28', 'Day_29', 'Day_30', 'Day_31', 'Day_45', 'Day_46', 'Day_47', 'Day_48', 'Day_52')","('mobility_drop_transit', 'partial_restrictions', 'dominant_emotion_fear', 'covid_topic_detected', 'health_concern', 'solidarity_messages')",12
"('Day_29', 'Day_41', 'Day_44', 'Day_45', 'Day_46', 'Day_47', 'Day_48', 'Day_49', 'Day_50', 'Day_51', 'Day_52', 'Day_63')","('mobility_drop_transit', 'partial_restrictions', 'dominant_emotion_fear', 'covid_topic_detected', 'vaccine_mentioned', 'health_concern')",12
"('Day_43', 'Day_45', 'Day_47', 'Day_49', 'Day_52', 'Day_65', 'Day_67', 'Day_76', 'Day_77', 'Day_80', 'Day_83', 'Day_89')","('high_positive_sentiment', 'dominant_emotion_fear', 'covid_topic_detected', 'vaccine_mentioned')",12
"('Day_53', 'Day_59', 'Day_62', 'Day_67', 'Day_68', 'Day_69', 'Day_71', 'Day_76', 'Day_78', 'Day_79', 'Day_83', 'Day_85')","('grocery_spike', 'sentiment_shift_detected', 'dominant_emotion_fear', 'covid_topic_detected', 'health_concern', 'low_emotion_low_mobility_signal')",12
"('Day_0', 'Day_3', 'Day_4', 'Day_7', 'Day_8', 'Day_10', 'Day_46', 'Day_48', 'Day_56', 'Day_57', 'Day_58', 'Day_59', 'Day_76')","('dominant_emotion_fear', 'covid_topic_detected', 'policy_governance_discussion')",13
"('Day_0', 'Day_29', 'Day_45', 'Day_46', 'Day_47', 'Day_48', 'Day_52', 'Day_57', 'Day_64', 'Day_71', 'Day_74', 'Day_80', 'Day_90')","('dominant_emotion_fear', 'covid_topic_detected', 'vaccine_mentioned', 'solidarity_messages')",13
"('Day_3', 'Day_4', 'Day_5', 'Day_8', 'Day_13', 'Day_14', 'Day_15', 'Day_20', 'Day_28', 'Day_29', 'Day_31', 'Day_38', 'Day_50')","('mobility_drop_transit', 'dominant_emotion_fear', 'covid_topic_detected', 'compliance_discussed')",13
"('Day_3', 'Day_4', 'Day_5', 'Day_8', 'Day_13', 'Day_14', 'Day_15', 'Day_20', 'Day_28', 'Day_29', 'Day_31', 'Day_38', 'Day_59')","('residential_increase', 'dominant_emotion_fear', 'covid_topic_detected', 'compliance_discussed')",13
"('Day_4', 'Day_5', 'Day_6', 'Day_7', 'Day_8', 'Day_9', 'Day_10', 'Day_11', 'Day_12', 'Day_13', 'Day_14', 'Day_15', 'Day_16')","('mobility_drop_retail', 'mobility_drop_transit', 'mobility_drop_workplace', 'residential_increase', 'severe_lockdown_behavior', 'dominant_emotion_fear', 'covid_topic_detected')",13
"('Day_4', 'Day_5', 'Day_6', 'Day_7', 'Day_8', 'Day_9', 'Day_10', 'Day_13', 'Day_15', 'Day_17', 'Day_18', 'Day_49', 'Day_50')","('mobility_drop_transit', 'dominant_emotion_fear', 'covid_topic_detected', 'lockdown_mentioned', 'health_concern')",13
"('Day_4', 'Day_5', 'Day_6', 'Day_8', 'Day_10', 'Day_15', 'Day_24', 'Day_25', 'Day_29', 'Day_30', 'Day_31', 'Day_48', 'Day_71')","('sentiment_shift_detected', 'dominant_emotion_fear', 'covid_topic_detected', 'health_concern', 'solidarity_messages')",13
"('Day_13', 'Day_14', 'Day_19', 'Day_21', 'Day_22', 'Day_24', 'Day_25', 'Day_28', 'Day_30', 'Day_32', 'Day_37', 'Day_38', 'Day_39')","('mobility_drop_transit', 'residential_increase', 'high_positive_sentiment', 'dominant_emotion_fear', 'covid_topic_detected')",13
"('Day_13', 'Day_14', 'Day_19', 'Day_22', 'Day_24', 'Day_25', 'Day_28', 'Day_30', 'Day_32', 'Day_37', 'Day_45', 'Day_47', 'Day_52')","('mobility_drop_transit', 'high_positive_sentiment', 'dominant_emotion_fear', 'covid_topic_detected', 'solidarity_messages')",13
"('Day_19', 'Day_21', 'Day_22', 'Day_24', 'Day_25', 'Day_30', 'Day_32', 'Day_35', 'Day_37', 'Day_38', 'Day_39', 'Day_42', 'Day_49')","('mobility_drop_transit', 'partial_restrictions', 'high_positive_sentiment', 'sentiment_shift_detected', 'dominant_emotion_fear', 'covid_topic_detected')",13
"('Day_29', 'Day_41', 'Day_44', 'Day_45', 'Day_46', 'Day_47', 'Day_48', 'Day_49', 'Day_50', 'Day_51', 'Day_52', 'Day_63', 'Day_74')","('mobility_drop_transit', 'partial_restrictions', 'dominant_emotion_fear', 'covid_topic_detected', 'vaccine_mentioned')",13
"('Day_43', 'Day_45', 'Day_47', 'Day_49', 'Day_52', 'Day_65', 'Day_67', 'Day_76', 'Day_77', 'Day_80', 'Day_83', 'Day_89', 'Day_96')","('high_positive_sentiment', 'dominant_emotion_fear', 'vaccine_mentioned')",13
"('Day_53', 'Day_59', 'Day_62', 'Day_67', 'Day_68', 'Day_69', 'Day_71', 'Day_76', 'Day_78', 'Day_79', 'Day_83', 'Day_84', 'Day_85')","('grocery_spike', 'sentiment_shift_detected', 'dominant_emotion_fear', 'health_concern', 'low_emotion_low_mobility_signal')",13
"('Day_4', 'Day_5', 'Day_6', 'Day_7', 'Day_8', 'Day_9', 'Day_10', 'Day_11', 'Day_12', 'Day_13', 'Day_14', 'Day_15', 'Day_16', 'Day_63')","('mobility_drop_transit', 'mobility_drop_workplace', 'residential_increase', 'dominant_emotion_fear', 'covid_topic_detected')",14
"('Day_4', 'Day_5', 'Day_6', 'Day_7', 'Day_8', 'Day_9', 'Day_10', 'Day_13', 'Day_14', 'Day_15', 'Day_17', 'Day_18', 'Day_49', 'Day_50')","('mobility_drop_transit', 'dominant_emotion_fear', 'covid_topic_detected', 'lockdown_mentioned')",14
"('Day_4', 'Day_5', 'Day_6', 'Day_7', 'Day_8', 'Day_10', 'Day_11', 'Day_12', 'Day_13', 'Day_14', 'Day_15', 'Day_19', 'Day_20', 'Day_30')","('mobility_drop_retail', 'mobility_drop_transit', 'residential_increase', 'dominant_emotion_fear', 'covid_topic_detected', 'solidarity_messages')",14
"('Day_4', 'Day_5', 'Day_6', 'Day_8', 'Day_9', 'Day_10', 'Day_14', 'Day_15', 'Day_16', 'Day_17', 'Day_18', 'Day_19', 'Day_21', 'Day_30')","('mobility_drop_retail', 'mobility_drop_transit', 'residential_increase', 'sentiment_shift_detected', 'dominant_emotion_fear', 'covid_topic_detected')",14
"('Day_13', 'Day_14', 'Day_19', 'Day_21', 'Day_22', 'Day_24', 'Day_25', 'Day_28', 'Day_30', 'Day_32', 'Day_37', 'Day_38', 'Day_39', 'Day_61')","('residential_increase', 'high_positive_sentiment', 'dominant_emotion_fear', 'covid_topic_detected')",14
"('Day_14', 'Day_19', 'Day_21', 'Day_22', 'Day_24', 'Day_25', 'Day_30', 'Day_32', 'Day_35', 'Day_37', 'Day_38', 'Day_39', 'Day_42', 'Day_49')","('mobility_drop_transit', 'high_positive_sentiment', 'sentiment_shift_detected', 'dominant_emotion_fear', 'covid_topic_detected')",14
"('Day_0', 'Day_3', 'Day_4', 'Day_5', 'Day_8', 'Day_13', 'Day_15', 'Day_20', 'Day_28', 'Day_29', 'Day_31', 'Day_50', 'Day_59', 'Day_77', 'Day_85')","('dominant_emotion_fear', 'covid_topic_detected', 'health_concern', 'compliance_discussed')",15
"('Day_0', 'Day_4', 'Day_5', 'Day_6', 'Day_7', 'Day_8', 'Day_9', 'Day_10', 'Day_13', 'Day_15', 'Day_17', 'Day_18', 'Day_49', 'Day_50', 'Day_68')","('dominant_emotion_fear', 'covid_topic_detected', 'lockdown_mentioned', 'health_concern')",15
"('Day_3', 'Day_17', 'Day_18', 'Day_20', 'Day_24', 'Day_25', 'Day_28', 'Day_29', 'Day_30', 'Day_31', 'Day_33', 'Day_34', 'Day_36', 'Day_48', 'Day_63')","('mobility_drop_transit', 'residential_increase', 'partial_restrictions', 'dominant_emotion_fear', 'covid_topic_detected', 'health_concern')",15
"('Day_3', 'Day_17', 'Day_18', 'Day_24', 'Day_25', 'Day_29', 'Day_30', 'Day_31', 'Day_33', 'Day_34', 'Day_35', 'Day_41', 'Day_44', 'Day_48', 'Day_49')","('mobility_drop_transit', 'partial_restrictions', 'sentiment_shift_detected', 'dominant_emotion_fear', 'covid_topic_detected', 'health_concern')",15
"('Day_4', 'Day_5', 'Day_6', 'Day_7', 'Day_8', 'Day_9', 'Day_10', 'Day_11', 'Day_12', 'Day_13', 'Day_14', 'Day_15', 'Day_16', 'Day_63', 'Day_73')","('mobility_drop_transit', 'mobility_drop_workplace', 'residential_increase')",15
"('Day_4', 'Day_5', 'Day_6', 'Day_7', 'Day_8', 'Day_9', 'Day_10', 'Day_11', 'Day_12', 'Day_13', 'Day_15', 'Day_17', 'Day_18', 'Day_20', 'Day_30')","('mobility_drop_retail', 'mobility_drop_transit', 'residential_increase', 'dominant_emotion_fear', 'covid_topic_detected', 'health_concern')",15
"('Day_13', 'Day_14', 'Day_19', 'Day_22', 'Day_24', 'Day_25', 'Day_28', 'Day_30', 'Day_32', 'Day_37', 'Day_45', 'Day_47', 'Day_52', 'Day_61', 'Day_80')","('high_positive_sentiment', 'dominant_emotion_fear', 'covid_topic_detected', 'solidarity_messages')",15
"('Day_13', 'Day_24', 'Day_25', 'Day_28', 'Day_30', 'Day_35', 'Day_43', 'Day_45', 'Day_47', 'Day_49', 'Day_52', 'Day_67', 'Day_76', 'Day_77', 'Day_83')","('high_positive_sentiment', 'dominant_emotion_fear', 'covid_topic_detected', 'health_concern')",15
"('Day_43', 'Day_53', 'Day_54', 'Day_55', 'Day_56', 'Day_59', 'Day_62', 'Day_67', 'Day_68', 'Day_69', 'Day_71', 'Day_76', 'Day_78', 'Day_79', 'Day_83')","('sentiment_shift_detected', 'dominant_emotion_fear', 'covid_topic_detected', 'vaccine_mentioned', 'health_concern', 'low_emotion_low_mobility_signal')",15
"('Day_53', 'Day_59', 'Day_60', 'Day_62', 'Day_66', 'Day_67', 'Day_68', 'Day_69', 'Day_71', 'Day_75', 'Day_76', 'Day_77', 'Day_78', 'Day_79', 'Day_83')","('grocery_spike', 'dominant_emotion_fear', 'covid_topic_detected', 'vaccine_mentioned', 'health_concern', 'low_emotion_low_mobility_signal')",15
"('Day_0', 'Day_4', 'Day_5', 'Day_6', 'Day_7', 'Day_8', 'Day_9', 'Day_10', 'Day_13', 'Day_14', 'Day_15', 'Day_17', 'Day_18', 'Day_49', 'Day_50', 'Day_68')","('dominant_emotion_fear', 'covid_topic_detected', 'lockdown_mentioned')",16
"('Day_43', 'Day_53', 'Day_54', 'Day_55', 'Day_56', 'Day_59', 'Day_62', 'Day_67', 'Day_68', 'Day_69', 'Day_71', 'Day_76', 'Day_78', 'Day_79', 'Day_83', 'Day_85')","('sentiment_shift_detected', 'dominant_emotion_fear', 'covid_topic_detected', 'health_concern', 'low_emotion_low_mobility_signal')",16
"('Day_53', 'Day_59', 'Day_60', 'Day_62', 'Day_63', 'Day_66', 'Day_67', 'Day_68', 'Day_69', 'Day_71', 'Day_75', 'Day_76', 'Day_77', 'Day_78', 'Day_79', 'Day_83')","('grocery_spike', 'dominant_emotion_fear', 'covid_topic_detected', 'vaccine_mentioned', 'health_concern')",16
"('Day_0', 'Day_3', 'Day_4', 'Day_5', 'Day_8', 'Day_13', 'Day_14', 'Day_15', 'Day_20', 'Day_28', 'Day_29', 'Day_31', 'Day_38', 'Day_50', 'Day_59', 'Day_77', 'Day_85')","('dominant_emotion_fear', 'covid_topic_detected', 'compliance_discussed')",17
"('Day_4', 'Day_5', 'Day_6', 'Day_8', 'Day_10', 'Day_14', 'Day_15', 'Day_19', 'Day_22', 'Day_24', 'Day_25', 'Day_29', 'Day_30', 'Day_31', 'Day_32', 'Day_37', 'Day_48')","('mobility_drop_transit', 'residential_increase', 'sentiment_shift_detected', 'dominant_emotion_fear', 'covid_topic_detected', 'solidarity_messages')",17
"('Day_19', 'Day_20', 'Day_22', 'Day_24', 'Day_25', 'Day_28', 'Day_29', 'Day_30', 'Day_31', 'Day_32', 'Day_37', 'Day_45', 'Day_46', 'Day_47', 'Day_48', 'Day_52', 'Day_74')","('mobility_drop_transit', 'partial_restrictions', 'dominant_emotion_fear', 'covid_topic_detected', 'solidarity_messages')",17
"('Day_19', 'Day_21', 'Day_22', 'Day_24', 'Day_25', 'Day_28', 'Day_30', 'Day_32', 'Day_35', 'Day_37', 'Day_38', 'Day_39', 'Day_42', 'Day_45', 'Day_47', 'Day_49', 'Day_52')","('mobility_drop_transit', 'partial_restrictions', 'high_positive_sentiment', 'dominant_emotion_fear', 'covid_topic_detected')",17
"('Day_43', 'Day_53', 'Day_54', 'Day_55', 'Day_56', 'Day_59', 'Day_62', 'Day_67', 'Day_68', 'Day_69', 'Day_71', 'Day_76', 'Day_78', 'Day_79', 'Day_83', 'Day_84', 'Day_85')","('sentiment_shift_detected', 'dominant_emotion_fear', 'health_concern', 'low_emotion_low_mobility_signal')",17
"('Day_53', 'Day_59', 'Day_60', 'Day_62', 'Day_66', 'Day_67', 'Day_68', 'Day_69', 'Day_71', 'Day_72', 'Day_75', 'Day_76', 'Day_77', 'Day_78', 'Day_79', 'Day_83', 'Day_85')","('grocery_spike', 'dominant_emotion_fear', 'covid_topic_detected', 'health_concern', 'low_emotion_low_mobility_signal')",17
"('Day_3', 'Day_4', 'Day_5', 'Day_6', 'Day_8', 'Day_9', 'Day_10', 'Day_15', 'Day_17', 'Day_18', 'Day_24', 'Day_25', 'Day_29', 'Day_30', 'Day_31', 'Day_33', 'Day_34', 'Day_48')","('mobility_drop_transit', 'residential_increase', 'sentiment_shift_detected', 'dominant_emotion_fear', 'covid_topic_detected', 'health_concern')",18
"('Day_4', 'Day_5', 'Day_6', 'Day_7', 'Day_8', 'Day_10', 'Day_11', 'Day_12', 'Day_13', 'Day_15', 'Day_20', 'Day_24', 'Day_25', 'Day_28', 'Day_29', 'Day_30', 'Day_31', 'Day_48')","('mobility_drop_transit', 'residential_increase', 'dominant_emotion_fear', 'covid_topic_detected', 'health_concern', 'solidarity_messages')",18
"('Day_4', 'Day_5', 'Day_6', 'Day_8', 'Day_10', 'Day_14', 'Day_15', 'Day_19', 'Day_22', 'Day_24', 'Day_25', 'Day_29', 'Day_30', 'Day_31', 'Day_32', 'Day_37', 'Day_48', 'Day_61')","('residential_increase', 'sentiment_shift_detected', 'dominant_emotion_fear', 'covid_topic_detected', 'solidarity_messages')",18
"('Day_53', 'Day_59', 'Day_60', 'Day_62', 'Day_63', 'Day_66', 'Day_67', 'Day_68', 'Day_69', 'Day_71', 'Day_72', 'Day_75', 'Day_76', 'Day_77', 'Day_78', 'Day_79', 'Day_83', 'Day_85')","('grocery_spike', 'dominant_emotion_fear', 'covid_topic_detected', 'health_concern')",18
"('Day_53', 'Day_59', 'Day_60', 'Day_62', 'Day_66', 'Day_67', 'Day_68', 'Day_69', 'Day_71', 'Day_72', 'Day_75', 'Day_76', 'Day_77', 'Day_78', 'Day_79', 'Day_83', 'Day_84', 'Day_85')","('grocery_spike', 'dominant_emotion_fear', 'health_concern', 'low_emotion_low_mobility_signal')",18
"('Day_4', 'Day_5', 'Day_6', 'Day_7', 'Day_8', 'Day_9', 'Day_10', 'Day_11', 'Day_12', 'Day_13', 'Day_14', 'Day_15', 'Day_16', 'Day_17', 'Day_18', 'Day_19', 'Day_20', 'Day_21', 'Day_30')","('mobility_drop_retail', 'mobility_drop_transit', 'residential_increase', 'dominant_emotion_fear', 'covid_topic_detected')",19
"('Day_13', 'Day_14', 'Day_19', 'Day_21', 'Day_22', 'Day_24', 'Day_25', 'Day_28', 'Day_30', 'Day_32', 'Day_35', 'Day_37', 'Day_38', 'Day_39', 'Day_42', 'Day_45', 'Day_47', 'Day_49', 'Day_52')","('mobility_drop_transit', 'high_positive_sentiment', 'dominant_emotion_fear', 'covid_topic_detected')",19
"('Day_43', 'Day_53', 'Day_54', 'Day_55', 'Day_56', 'Day_59', 'Day_60', 'Day_62', 'Day_66', 'Day_67', 'Day_68', 'Day_69', 'Day_71', 'Day_75', 'Day_76', 'Day_77', 'Day_78', 'Day_79', 'Day_83')","('dominant_emotion_fear', 'covid_topic_detected', 'vaccine_mentioned', 'health_concern', 'low_emotion_low_mobility_signal')",19
"('Day_53', 'Day_57', 'Day_59', 'Day_62', 'Day_65', 'Day_67', 'Day_68', 'Day_69', 'Day_70', 'Day_71', 'Day_76', 'Day_78', 'Day_79', 'Day_80', 'Day_83', 'Day_87', 'Day_90', 'Day_91', 'Day_95')","('grocery_spike', 'sentiment_shift_detected', 'dominant_emotion_fear', 'covid_topic_detected', 'vaccine_mentioned', 'low_emotion_low_mobility_signal')",19
"('Day_53', 'Day_59', 'Day_60', 'Day_62', 'Day_63', 'Day_66', 'Day_67', 'Day_68', 'Day_69', 'Day_71', 'Day_72', 'Day_75', 'Day_76', 'Day_77', 'Day_78', 'Day_79', 'Day_83', 'Day_84', 'Day_85')","('grocery_spike', 'dominant_emotion_fear', 'health_concern')",19
"('Day_3', 'Day_4', 'Day_5', 'Day_6', 'Day_8', 'Day_9', 'Day_10', 'Day_15', 'Day_17', 'Day_18', 'Day_24', 'Day_25', 'Day_29', 'Day_30', 'Day_31', 'Day_33', 'Day_34', 'Day_48', 'Day_59', 'Day_62')","('residential_increase', 'sentiment_shift_detected', 'dominant_emotion_fear', 'covid_topic_detected', 'health_concern')",20
"('Day_3', 'Day_17', 'Day_18', 'Day_19', 'Day_21', 'Day_22', 'Day_24', 'Day_25', 'Day_26', 'Day_27', 'Day_29', 'Day_30', 'Day_31', 'Day_32', 'Day_33', 'Day_34', 'Day_37', 'Day_38', 'Day_39', 'Day_48')","('mobility_drop_transit', 'residential_increase', 'partial_restrictions', 'sentiment_shift_detected', 'dominant_emotion_fear', 'covid_topic_detected')",20
"('Day_29', 'Day_41', 'Day_43', 'Day_44', 'Day_48', 'Day_49', 'Day_53', 'Day_54', 'Day_55', 'Day_56', 'Day_59', 'Day_62', 'Day_67', 'Day_68', 'Day_69', 'Day_71', 'Day_76', 'Day_78', 'Day_79', 'Day_83')","('sentiment_shift_detected', 'dominant_emotion_fear', 'covid_topic_detected', 'vaccine_mentioned', 'health_concern')",20
"('Day_3', 'Day_4', 'Day_5', 'Day_6', 'Day_8', 'Day_9', 'Day_10', 'Day_15', 'Day_17', 'Day_18', 'Day_24', 'Day_25', 'Day_29', 'Day_30', 'Day_31', 'Day_33', 'Day_34', 'Day_35', 'Day_41', 'Day_44', 'Day_48', 'Day_49')","('mobility_drop_transit', 'sentiment_shift_detected', 'dominant_emotion_fear', 'covid_topic_detected', 'health_concern')",22
"('Day_4', 'Day_5', 'Day_6', 'Day_7', 'Day_8', 'Day_10', 'Day_11', 'Day_12', 'Day_13', 'Day_15', 'Day_20', 'Day_24', 'Day_25', 'Day_28', 'Day_29', 'Day_30', 'Day_31', 'Day_45', 'Day_46', 'Day_47', 'Day_48', 'Day_52')","('mobility_drop_transit', 'dominant_emotion_fear', 'covid_topic_detected', 'health_concern', 'solidarity_messages')",22
"('Day_4', 'Day_5', 'Day_6', 'Day_8', 'Day_10', 'Day_14', 'Day_15', 'Day_19', 'Day_22', 'Day_24', 'Day_25', 'Day_29', 'Day_30', 'Day_31', 'Day_32', 'Day_37', 'Day_48', 'Day_57', 'Day_61', 'Day_71', 'Day_80', 'Day_90')","('sentiment_shift_detected', 'dominant_emotion_fear', 'covid_topic_detected', 'solidarity_messages')",22
"('Day_14', 'Day_19', 'Day_21', 'Day_22', 'Day_24', 'Day_25', 'Day_30', 'Day_32', 'Day_35', 'Day_37', 'Day_38', 'Day_39', 'Day_42', 'Day_43', 'Day_49', 'Day_61', 'Day_65', 'Day_67', 'Day_76', 'Day_80', 'Day_81', 'Day_83')","('high_positive_sentiment', 'sentiment_shift_detected', 'dominant_emotion_fear', 'covid_topic_detected')",22
"('Day_1', 'Day_2', 'Day_43', 'Day_53', 'Day_54', 'Day_55', 'Day_56', 'Day_59', 'Day_60', 'Day_62', 'Day_66', 'Day_67', 'Day_68', 'Day_69', 'Day_71', 'Day_72', 'Day_75', 'Day_76', 'Day_77', 'Day_78', 'Day_79', 'Day_83', 'Day_85')","('dominant_emotion_fear', 'covid_topic_detected', 'health_concern', 'low_emotion_low_mobility_signal')",23
"('Day_4', 'Day_5', 'Day_6', 'Day_7', 'Day_8', 'Day_10', 'Day_11', 'Day_12', 'Day_13', 'Day_14', 'Day_15', 'Day_19', 'Day_20', 'Day_22', 'Day_24', 'Day_25', 'Day_28', 'Day_29', 'Day_30', 'Day_31', 'Day_32', 'Day_37', 'Day_48')","('mobility_drop_transit', 'residential_increase', 'dominant_emotion_fear', 'covid_topic_detected', 'solidarity_messages')",23
"('Day_43', 'Day_53', 'Day_54', 'Day_55', 'Day_56', 'Day_57', 'Day_59', 'Day_62', 'Day_65', 'Day_67', 'Day_68', 'Day_69', 'Day_70', 'Day_71', 'Day_76', 'Day_78', 'Day_79', 'Day_80', 'Day_83', 'Day_87', 'Day_90', 'Day_91', 'Day_95')","('sentiment_shift_detected', 'dominant_emotion_fear', 'covid_topic_detected', 'vaccine_mentioned', 'low_emotion_low_mobility_signal')",23
"('Day_53', 'Day_57', 'Day_59', 'Day_61', 'Day_62', 'Day_65', 'Day_67', 'Day_68', 'Day_69', 'Day_70', 'Day_71', 'Day_76', 'Day_78', 'Day_79', 'Day_80', 'Day_81', 'Day_83', 'Day_85', 'Day_87', 'Day_90', 'Day_91', 'Day_94', 'Day_95')","('grocery_spike', 'sentiment_shift_detected', 'dominant_emotion_fear', 'covid_topic_detected', 'low_emotion_low_mobility_signal')",23
"('Day_1', 'Day_2', 'Day_43', 'Day_53', 'Day_54', 'Day_55', 'Day_56', 'Day_59', 'Day_60', 'Day_62', 'Day_66', 'Day_67', 'Day_68', 'Day_69', 'Day_71', 'Day_72', 'Day_75', 'Day_76', 'Day_77', 'Day_78', 'Day_79', 'Day_83', 'Day_84', 'Day_85')","('dominant_emotion_fear', 'health_concern', 'low_emotion_low_mobility_signal')",24
"('Day_3', 'Day_17', 'Day_18', 'Day_19', 'Day_20', 'Day_21', 'Day_22', 'Day_24', 'Day_25', 'Day_26', 'Day_27', 'Day_28', 'Day_29', 'Day_30', 'Day_31', 'Day_32', 'Day_33', 'Day_34', 'Day_36', 'Day_37', 'Day_38', 'Day_39', 'Day_48', 'Day_63')","('mobility_drop_transit', 'residential_increase', 'partial_restrictions', 'dominant_emotion_fear', 'covid_topic_detected')",24
"('Day_4', 'Day_5', 'Day_6', 'Day_7', 'Day_8', 'Day_10', 'Day_11', 'Day_12', 'Day_13', 'Day_14', 'Day_15', 'Day_19', 'Day_20', 'Day_22', 'Day_24', 'Day_25', 'Day_28', 'Day_29', 'Day_30', 'Day_31', 'Day_32', 'Day_37', 'Day_48', 'Day_61')","('residential_increase', 'dominant_emotion_fear', 'covid_topic_detected', 'solidarity_messages')",24
"('Day_0', 'Day_4', 'Day_5', 'Day_6', 'Day_7', 'Day_8', 'Day_10', 'Day_11', 'Day_12', 'Day_13', 'Day_15', 'Day_20', 'Day_24', 'Day_25', 'Day_28', 'Day_29', 'Day_30', 'Day_31', 'Day_45', 'Day_46', 'Day_47', 'Day_48', 'Day_52', 'Day_71', 'Day_72')","('dominant_emotion_fear', 'covid_topic_detected', 'health_concern', 'solidarity_messages')",25
"('Day_3', 'Day_17', 'Day_18', 'Day_19', 'Day_20', 'Day_21', 'Day_22', 'Day_23', 'Day_24', 'Day_25', 'Day_26', 'Day_27', 'Day_28', 'Day_29', 'Day_30', 'Day_31', 'Day_32', 'Day_33', 'Day_34', 'Day_36', 'Day_37', 'Day_38', 'Day_39', 'Day_48', 'Day_63')","('mobility_drop_transit', 'residential_increase', 'partial_restrictions', 'covid_topic_detected')",25
"('Day_3', 'Day_17', 'Day_18', 'Day_19', 'Day_21', 'Day_22', 'Day_24', 'Day_25', 'Day_26', 'Day_27', 'Day_29', 'Day_30', 'Day_31', 'Day_32', 'Day_33', 'Day_34', 'Day_35', 'Day_37', 'Day_38', 'Day_39', 'Day_41', 'Day_42', 'Day_44', 'Day_48', 'Day_49')","('mobility_drop_transit', 'partial_restrictions', 'sentiment_shift_detected', 'dominant_emotion_fear', 'covid_topic_detected')",25
"('Day_3', 'Day_17', 'Day_18', 'Day_20', 'Day_24', 'Day_25', 'Day_28', 'Day_29', 'Day_30', 'Day_31', 'Day_33', 'Day_34', 'Day_35', 'Day_36', 'Day_41', 'Day_44', 'Day_45', 'Day_46', 'Day_47', 'Day_48', 'Day_49', 'Day_50', 'Day_51', 'Day_52', 'Day_63')","('mobility_drop_transit', 'partial_restrictions', 'dominant_emotion_fear', 'covid_topic_detected', 'health_concern')",25
"('Day_53', 'Day_57', 'Day_59', 'Day_61', 'Day_62', 'Day_65', 'Day_67', 'Day_68', 'Day_69', 'Day_70', 'Day_71', 'Day_76', 'Day_78', 'Day_79', 'Day_80', 'Day_81', 'Day_83', 'Day_84', 'Day_85', 'Day_86', 'Day_87', 'Day_90', 'Day_91', 'Day_94', 'Day_95')","('grocery_spike', 'sentiment_shift_detected', 'dominant_emotion_fear', 'low_emotion_low_mobility_signal')",25
"('Day_3', 'Day_4', 'Day_5', 'Day_6', 'Day_7', 'Day_8', 'Day_9', 'Day_10', 'Day_11', 'Day_12', 'Day_13', 'Day_15', 'Day_17', 'Day_18', 'Day_20', 'Day_24', 'Day_25', 'Day_28', 'Day_29', 'Day_30', 'Day_31', 'Day_33', 'Day_34', 'Day_36', 'Day_48', 'Day_63')","('mobility_drop_transit', 'residential_increase', 'dominant_emotion_fear', 'covid_topic_detected', 'health_concern')",26
"('Day_3', 'Day_17', 'Day_18', 'Day_19', 'Day_20', 'Day_21', 'Day_22', 'Day_23', 'Day_24', 'Day_25', 'Day_26', 'Day_27', 'Day_28', 'Day_29', 'Day_30', 'Day_31', 'Day_32', 'Day_33', 'Day_34', 'Day_36', 'Day_37', 'Day_38', 'Day_39', 'Day_48', 'Day_63', 'Day_73')","('mobility_drop_transit', 'residential_increase', 'partial_restrictions')",26
"('Day_43', 'Day_53', 'Day_54', 'Day_55', 'Day_56', 'Day_57', 'Day_59', 'Day_61', 'Day_62', 'Day_65', 'Day_67', 'Day_68', 'Day_69', 'Day_70', 'Day_71', 'Day_76', 'Day_78', 'Day_79', 'Day_80', 'Day_81', 'Day_83', 'Day_85', 'Day_87', 'Day_90', 'Day_91', 'Day_94', 'Day_95')","('sentiment_shift_detected', 'dominant_emotion_fear', 'covid_topic_detected', 'low_emotion_low_mobility_signal')",27
"('Day_53', 'Day_57', 'Day_58', 'Day_59', 'Day_60', 'Day_62', 'Day_64', 'Day_65', 'Day_66', 'Day_67', 'Day_68', 'Day_69', 'Day_70', 'Day_71', 'Day_75', 'Day_76', 'Day_77', 'Day_78', 'Day_79', 'Day_80', 'Day_83', 'Day_87', 'Day_88', 'Day_89', 'Day_90', 'Day_91', 'Day_95')","('grocery_spike', 'dominant_emotion_fear', 'covid_topic_detected', 'vaccine_mentioned', 'low_emotion_low_mobility_signal')",27
"('Day_4', 'Day_5', 'Day_6', 'Day_7', 'Day_8', 'Day_10', 'Day_11', 'Day_12', 'Day_13', 'Day_14', 'Day_15', 'Day_19', 'Day_20', 'Day_22', 'Day_24', 'Day_25', 'Day_28', 'Day_29', 'Day_30', 'Day_31', 'Day_32', 'Day_37', 'Day_45', 'Day_46', 'Day_47', 'Day_48', 'Day_52', 'Day_74')","('mobility_drop_transit', 'dominant_emotion_fear', 'covid_topic_detected', 'solidarity_messages')",28
"('Day_29', 'Day_41', 'Day_43', 'Day_44', 'Day_48', 'Day_49', 'Day_53', 'Day_54', 'Day_55', 'Day_56', 'Day_57', 'Day_59', 'Day_62', 'Day_65', 'Day_67', 'Day_68', 'Day_69', 'Day_70', 'Day_71', 'Day_76', 'Day_78', 'Day_79', 'Day_80', 'Day_83', 'Day_87', 'Day_90', 'Day_91', 'Day_95')","('sentiment_shift_detected', 'dominant_emotion_fear', 'covid_topic_detected', 'vaccine_mentioned')",28
"('Day_3', 'Day_4', 'Day_5', 'Day_6', 'Day_7', 'Day_8', 'Day_9', 'Day_10', 'Day_11', 'Day_12', 'Day_13', 'Day_15', 'Day_17', 'Day_18', 'Day_20', 'Day_24', 'Day_25', 'Day_28', 'Day_29', 'Day_30', 'Day_31', 'Day_33', 'Day_34', 'Day_36', 'Day_48', 'Day_59', 'Day_60', 'Day_62', 'Day_63')","('residential_increase', 'dominant_emotion_fear', 'covid_topic_detected', 'health_concern')",29
"('Day_3', 'Day_4', 'Day_5', 'Day_6', 'Day_8', 'Day_9', 'Day_10', 'Day_14', 'Day_15', 'Day_16', 'Day_17', 'Day_18', 'Day_19', 'Day_21', 'Day_22', 'Day_24', 'Day_25', 'Day_26', 'Day_27', 'Day_29', 'Day_30', 'Day_31', 'Day_32', 'Day_33', 'Day_34', 'Day_37', 'Day_38', 'Day_39', 'Day_48')","('mobility_drop_transit', 'residential_increase', 'sentiment_shift_detected', 'dominant_emotion_fear', 'covid_topic_detected')",29
"('Day_13', 'Day_14', 'Day_19', 'Day_21', 'Day_22', 'Day_24', 'Day_25', 'Day_28', 'Day_30', 'Day_32', 'Day_35', 'Day_37', 'Day_38', 'Day_39', 'Day_42', 'Day_43', 'Day_45', 'Day_47', 'Day_49', 'Day_52', 'Day_61', 'Day_65', 'Day_67', 'Day_76', 'Day_77', 'Day_80', 'Day_81', 'Day_83', 'Day_89')","('high_positive_sentiment', 'dominant_emotion_fear', 'covid_topic_detected')",29
"('Day_43', 'Day_53', 'Day_54', 'Day_55', 'Day_56', 'Day_57', 'Day_59', 'Day_61', 'Day_62', 'Day_65', 'Day_67', 'Day_68', 'Day_69', 'Day_70', 'Day_71', 'Day_76', 'Day_78', 'Day_79', 'Day_80', 'Day_81', 'Day_83', 'Day_84', 'Day_85', 'Day_86', 'Day_87', 'Day_90', 'Day_91', 'Day_94', 'Day_95')","('sentiment_shift_detected', 'dominant_emotion_fear', 'low_emotion_low_mobility_signal')",29
"('Day_53', 'Day_57', 'Day_58', 'Day_59', 'Day_60', 'Day_62', 'Day_63', 'Day_64', 'Day_65', 'Day_66', 'Day_67', 'Day_68', 'Day_69', 'Day_70', 'Day_71', 'Day_74', 'Day_75', 'Day_76', 'Day_77', 'Day_78', 'Day_79', 'Day_80', 'Day_83', 'Day_87', 'Day_88', 'Day_89', 'Day_90', 'Day_91', 'Day_95')","('grocery_spike', 'dominant_emotion_fear', 'covid_topic_detected', 'vaccine_mentioned')",29
"('Day_53', 'Day_57', 'Day_58', 'Day_59', 'Day_60', 'Day_62', 'Day_64', 'Day_65', 'Day_66', 'Day_67', 'Day_68', 'Day_69', 'Day_70', 'Day_71', 'Day_75', 'Day_76', 'Day_77', 'Day_78', 'Day_79', 'Day_80', 'Day_83', 'Day_87', 'Day_88', 'Day_89', 'Day_90', 'Day_91', 'Day_93', 'Day_95', 'Day_96')","('grocery_spike', 'dominant_emotion_fear', 'vaccine_mentioned', 'low_emotion_low_mobility_signal')",29
"('Day_13', 'Day_14', 'Day_19', 'Day_21', 'Day_22', 'Day_24', 'Day_25', 'Day_28', 'Day_30', 'Day_32', 'Day_35', 'Day_37', 'Day_38', 'Day_39', 'Day_42', 'Day_43', 'Day_45', 'Day_47', 'Day_49', 'Day_52', 'Day_61', 'Day_65', 'Day_67', 'Day_76', 'Day_77', 'Day_80', 'Day_81', 'Day_83', 'Day_89', 'Day_96')","('high_positive_sentiment', 'dominant_emotion_fear')",30
"('Day_43', 'Day_53', 'Day_54', 'Day_55', 'Day_56', 'Day_57', 'Day_58', 'Day_59', 'Day_60', 'Day_62', 'Day_64', 'Day_65', 'Day_66', 'Day_67', 'Day_68', 'Day_69', 'Day_70', 'Day_71', 'Day_75', 'Day_76', 'Day_77', 'Day_78', 'Day_79', 'Day_80', 'Day_83', 'Day_87', 'Day_88', 'Day_89', 'Day_90', 'Day_91', 'Day_95')","('dominant_emotion_fear', 'covid_topic_detected', 'vaccine_mentioned', 'low_emotion_low_mobility_signal')",31
"('Day_53', 'Day_57', 'Day_58', 'Day_59', 'Day_60', 'Day_62', 'Day_63', 'Day_64', 'Day_65', 'Day_66', 'Day_67', 'Day_68', 'Day_69', 'Day_70', 'Day_71', 'Day_74', 'Day_75', 'Day_76', 'Day_77', 'Day_78', 'Day_79', 'Day_80', 'Day_83', 'Day_87', 'Day_88', 'Day_89', 'Day_90', 'Day_91', 'Day_93', 'Day_95', 'Day_96')","('grocery_spike', 'dominant_emotion_fear', 'vaccine_mentioned')",31
"('Day_0', 'Day_29', 'Day_41', 'Day_43', 'Day_44', 'Day_45', 'Day_46', 'Day_47', 'Day_48', 'Day_49', 'Day_50', 'Day_51', 'Day_52', 'Day_53', 'Day_54', 'Day_55', 'Day_56', 'Day_59', 'Day_60', 'Day_62', 'Day_63', 'Day_66', 'Day_67', 'Day_68', 'Day_69', 'Day_71', 'Day_75', 'Day_76', 'Day_77', 'Day_78', 'Day_79', 'Day_83')","('dominant_emotion_fear', 'covid_topic_detected', 'vaccine_mentioned', 'health_concern')",32
"('Day_3', 'Day_4', 'Day_5', 'Day_6', 'Day_8', 'Day_9', 'Day_10', 'Day_14', 'Day_15', 'Day_16', 'Day_17', 'Day_18', 'Day_19', 'Day_21', 'Day_22', 'Day_24', 'Day_25', 'Day_26', 'Day_27', 'Day_29', 'Day_30', 'Day_31', 'Day_32', 'Day_33', 'Day_34', 'Day_37', 'Day_38', 'Day_39', 'Day_48', 'Day_59', 'Day_61', 'Day_62')","('residential_increase', 'sentiment_shift_detected', 'dominant_emotion_fear', 'covid_topic_detected')",32
"('Day_43', 'Day_53', 'Day_54', 'Day_55', 'Day_56', 'Day_57', 'Day_58', 'Day_59', 'Day_60', 'Day_62', 'Day_64', 'Day_65', 'Day_66', 'Day_67', 'Day_68', 'Day_69', 'Day_70', 'Day_71', 'Day_75', 'Day_76', 'Day_77', 'Day_78', 'Day_79', 'Day_80', 'Day_83', 'Day_87', 'Day_88', 'Day_89', 'Day_90', 'Day_91', 'Day_93', 'Day_95', 'Day_96')","('dominant_emotion_fear', 'vaccine_mentioned', 'low_emotion_low_mobility_signal')",33
"('Day_53', 'Day_57', 'Day_58', 'Day_59', 'Day_60', 'Day_61', 'Day_62', 'Day_64', 'Day_65', 'Day_66', 'Day_67', 'Day_68', 'Day_69', 'Day_70', 'Day_71', 'Day_72', 'Day_75', 'Day_76', 'Day_77', 'Day_78', 'Day_79', 'Day_80', 'Day_81', 'Day_82', 'Day_83', 'Day_85', 'Day_87', 'Day_88', 'Day_89', 'Day_90', 'Day_91', 'Day_94', 'Day_95')","('grocery_spike', 'dominant_emotion_fear', 'covid_topic_detected', 'low_emotion_low_mobility_signal')",33
"('Day_3', 'Day_4', 'Day_5', 'Day_6', 'Day_8', 'Day_9', 'Day_10', 'Day_14', 'Day_15', 'Day_16', 'Day_17', 'Day_18', 'Day_19', 'Day_21', 'Day_22', 'Day_24', 'Day_25', 'Day_26', 'Day_27', 'Day_29', 'Day_30', 'Day_31', 'Day_32', 'Day_33', 'Day_34', 'Day_35', 'Day_37', 'Day_38', 'Day_39', 'Day_41', 'Day_42', 'Day_44', 'Day_48', 'Day_49')","('mobility_drop_transit', 'sentiment_shift_detected', 'dominant_emotion_fear', 'covid_topic_detected')",34
"('Day_53', 'Day_57', 'Day_58', 'Day_59', 'Day_60', 'Day_61', 'Day_62', 'Day_64', 'Day_65', 'Day_66', 'Day_67', 'Day_68', 'Day_69', 'Day_70', 'Day_71', 'Day_72', 'Day_75', 'Day_76', 'Day_77', 'Day_78', 'Day_79', 'Day_80', 'Day_81', 'Day_82', 'Day_83', 'Day_85', 'Day_87', 'Day_88', 'Day_89', 'Day_90', 'Day_91', 'Day_92', 'Day_94', 'Day_95')","('grocery_spike', 'covid_topic_detected', 'low_emotion_low_mobility_signal')",34
"('Day_53', 'Day_57', 'Day_58', 'Day_59', 'Day_60', 'Day_61', 'Day_62', 'Day_63', 'Day_64', 'Day_65', 'Day_66', 'Day_67', 'Day_68', 'Day_69', 'Day_70', 'Day_71', 'Day_72', 'Day_74', 'Day_75', 'Day_76', 'Day_77', 'Day_78', 'Day_79', 'Day_80', 'Day_81', 'Day_82', 'Day_83', 'Day_85', 'Day_87', 'Day_88', 'Day_89', 'Day_90', 'Day_91', 'Day_94', 'Day_95')","('grocery_spike', 'dominant_emotion_fear', 'covid_topic_detected')",35
"('Day_0', 'Day_4', 'Day_5', 'Day_6', 'Day_7', 'Day_8', 'Day_10', 'Day_11', 'Day_12', 'Day_13', 'Day_14', 'Day_15', 'Day_19', 'Day_20', 'Day_22', 'Day_24', 'Day_25', 'Day_28', 'Day_29', 'Day_30', 'Day_31', 'Day_32', 'Day_37', 'Day_45', 'Day_46', 'Day_47', 'Day_48', 'Day_52', 'Day_57', 'Day_61', 'Day_64', 'Day_71', 'Day_72', 'Day_74', 'Day_80', 'Day_90')","('dominant_emotion_fear', 'covid_topic_detected', 'solidarity_messages')",36
"('Day_3', 'Day_4', 'Day_5', 'Day_6', 'Day_7', 'Day_8', 'Day_9', 'Day_10', 'Day_11', 'Day_12', 'Day_13', 'Day_15', 'Day_17', 'Day_18', 'Day_20', 'Day_24', 'Day_25', 'Day_28', 'Day_29', 'Day_30', 'Day_31', 'Day_33', 'Day_34', 'Day_35', 'Day_36', 'Day_41', 'Day_44', 'Day_45', 'Day_46', 'Day_47', 'Day_48', 'Day_49', 'Day_50', 'Day_51', 'Day_52', 'Day_63')","('mobility_drop_transit', 'dominant_emotion_fear', 'covid_topic_detected', 'health_concern')",36
"('Day_3', 'Day_17', 'Day_18', 'Day_19', 'Day_20', 'Day_21', 'Day_22', 'Day_24', 'Day_25', 'Day_26', 'Day_27', 'Day_28', 'Day_29', 'Day_30', 'Day_31', 'Day_32', 'Day_33', 'Day_34', 'Day_35', 'Day_36', 'Day_37', 'Day_38', 'Day_39', 'Day_41', 'Day_42', 'Day_44', 'Day_45', 'Day_46', 'Day_47', 'Day_48', 'Day_49', 'Day_50', 'Day_51', 'Day_52', 'Day_63', 'Day_74')","('mobility_drop_transit', 'partial_restrictions', 'dominant_emotion_fear', 'covid_topic_detected')",36
"('Day_53', 'Day_57', 'Day_58', 'Day_59', 'Day_60', 'Day_61', 'Day_62', 'Day_63', 'Day_64', 'Day_65', 'Day_66', 'Day_67', 'Day_68', 'Day_69', 'Day_70', 'Day_71', 'Day_72', 'Day_74', 'Day_75', 'Day_76', 'Day_77', 'Day_78', 'Day_79', 'Day_80', 'Day_81', 'Day_82', 'Day_83', 'Day_85', 'Day_87', 'Day_88', 'Day_89', 'Day_90', 'Day_91', 'Day_92', 'Day_94', 'Day_95')","('grocery_spike', 'covid_topic_detected')",36
"('Day_3', 'Day_4', 'Day_5', 'Day_6', 'Day_7', 'Day_8', 'Day_9', 'Day_10', 'Day_11', 'Day_12', 'Day_13', 'Day_14', 'Day_15', 'Day_16', 'Day_17', 'Day_18', 'Day_19', 'Day_20', 'Day_21', 'Day_22', 'Day_24', 'Day_25', 'Day_26', 'Day_27', 'Day_28', 'Day_29', 'Day_30', 'Day_31', 'Day_32', 'Day_33', 'Day_34', 'Day_36', 'Day_37', 'Day_38', 'Day_39', 'Day_48', 'Day_63')","('mobility_drop_transit', 'residential_increase', 'dominant_emotion_fear', 'covid_topic_detected')",37
"('Day_3', 'Day_17', 'Day_18', 'Day_19', 'Day_20', 'Day_21', 'Day_22', 'Day_23', 'Day_24', 'Day_25', 'Day_26', 'Day_27', 'Day_28', 'Day_29', 'Day_30', 'Day_31', 'Day_32', 'Day_33', 'Day_34', 'Day_35', 'Day_36', 'Day_37', 'Day_38', 'Day_39', 'Day_41', 'Day_42', 'Day_44', 'Day_45', 'Day_46', 'Day_47', 'Day_48', 'Day_49', 'Day_50', 'Day_51', 'Day_52', 'Day_63', 'Day_74')","('mobility_drop_transit', 'partial_restrictions', 'covid_topic_detected')",37
"('Day_3', 'Day_17', 'Day_18', 'Day_19', 'Day_20', 'Day_21', 'Day_22', 'Day_24', 'Day_25', 'Day_26', 'Day_27', 'Day_28', 'Day_29', 'Day_30', 'Day_31', 'Day_32', 'Day_33', 'Day_34', 'Day_35', 'Day_36', 'Day_37', 'Day_38', 'Day_39', 'Day_40', 'Day_41', 'Day_42', 'Day_44', 'Day_45', 'Day_46', 'Day_47', 'Day_48', 'Day_49', 'Day_50', 'Day_51', 'Day_52', 'Day_63', 'Day_74')","('mobility_drop_transit', 'partial_restrictions', 'dominant_emotion_fear')",37
"('Day_53', 'Day_57', 'Day_58', 'Day_59', 'Day_60', 'Day_61', 'Day_62', 'Day_64', 'Day_65', 'Day_66', 'Day_67', 'Day_68', 'Day_69', 'Day_70', 'Day_71', 'Day_72', 'Day_75', 'Day_76', 'Day_77', 'Day_78', 'Day_79', 'Day_80', 'Day_81', 'Day_82', 'Day_83', 'Day_84', 'Day_85', 'Day_86', 'Day_87', 'Day_88', 'Day_89', 'Day_90', 'Day_91', 'Day_93', 'Day_94', 'Day_95', 'Day_96')","('grocery_spike', 'dominant_emotion_fear', 'low_emotion_low_mobility_signal')",37
"('Day_3', 'Day_4', 'Day_5', 'Day_6', 'Day_7', 'Day_8', 'Day_9', 'Day_10', 'Day_11', 'Day_12', 'Day_13', 'Day_14', 'Day_15', 'Day_16', 'Day_17', 'Day_18', 'Day_19', 'Day_20', 'Day_21', 'Day_22', 'Day_23', 'Day_24', 'Day_25', 'Day_26', 'Day_27', 'Day_28', 'Day_29', 'Day_30', 'Day_31', 'Day_32', 'Day_33', 'Day_34', 'Day_36', 'Day_37', 'Day_38', 'Day_39', 'Day_48', 'Day_63')","('mobility_drop_transit', 'residential_increase', 'covid_topic_detected')",38
"('Day_3', 'Day_4', 'Day_5', 'Day_6', 'Day_8', 'Day_9', 'Day_10', 'Day_15', 'Day_17', 'Day_18', 'Day_24', 'Day_25', 'Day_29', 'Day_30', 'Day_31', 'Day_33', 'Day_34', 'Day_35', 'Day_41', 'Day_43', 'Day_44', 'Day_48', 'Day_49', 'Day_53', 'Day_54', 'Day_55', 'Day_56', 'Day_59', 'Day_62', 'Day_67', 'Day_68', 'Day_69', 'Day_71', 'Day_76', 'Day_78', 'Day_79', 'Day_83', 'Day_85')","('sentiment_shift_detected', 'dominant_emotion_fear', 'covid_topic_detected', 'health_concern')",38
"('Day_53', 'Day_57', 'Day_58', 'Day_59', 'Day_60', 'Day_61', 'Day_62', 'Day_64', 'Day_65', 'Day_66', 'Day_67', 'Day_68', 'Day_69', 'Day_70', 'Day_71', 'Day_72', 'Day_75', 'Day_76', 'Day_77', 'Day_78', 'Day_79', 'Day_80', 'Day_81', 'Day_82', 'Day_83', 'Day_84', 'Day_85', 'Day_86', 'Day_87', 'Day_88', 'Day_89', 'Day_90', 'Day_91', 'Day_92', 'Day_93', 'Day_94', 'Day_95', 'Day_96')","('grocery_spike', 'low_emotion_low_mobility_signal')",38
"('Day_1', 'Day_2', 'Day_43', 'Day_53', 'Day_54', 'Day_55', 'Day_56', 'Day_57', 'Day_58', 'Day_59', 'Day_60', 'Day_61', 'Day_62', 'Day_64', 'Day_65', 'Day_66', 'Day_67', 'Day_68', 'Day_69', 'Day_70', 'Day_71', 'Day_72', 'Day_75', 'Day_76', 'Day_77', 'Day_78', 'Day_79', 'Day_80', 'Day_81', 'Day_82', 'Day_83', 'Day_85', 'Day_87', 'Day_88', 'Day_89', 'Day_90', 'Day_91', 'Day_94', 'Day_95')","('dominant_emotion_fear', 'covid_topic_detected', 'low_emotion_low_mobility_signal')",39
"('Day_3', 'Day_4', 'Day_5', 'Day_6', 'Day_7', 'Day_8', 'Day_9', 'Day_10', 'Day_11', 'Day_12', 'Day_13', 'Day_14', 'Day_15', 'Day_16', 'Day_17', 'Day_18', 'Day_19', 'Day_20', 'Day_21', 'Day_22', 'Day_23', 'Day_24', 'Day_25', 'Day_26', 'Day_27', 'Day_28', 'Day_29', 'Day_30', 'Day_31', 'Day_32', 'Day_33', 'Day_34', 'Day_36', 'Day_37', 'Day_38', 'Day_39', 'Day_48', 'Day_63', 'Day_73')","('mobility_drop_transit', 'residential_increase')",39
"('Day_3', 'Day_4', 'Day_5', 'Day_6', 'Day_8', 'Day_9', 'Day_10', 'Day_15', 'Day_17', 'Day_18', 'Day_24', 'Day_25', 'Day_29', 'Day_30', 'Day_31', 'Day_33', 'Day_34', 'Day_35', 'Day_41', 'Day_43', 'Day_44', 'Day_48', 'Day_49', 'Day_53', 'Day_54', 'Day_55', 'Day_56', 'Day_59', 'Day_62', 'Day_67', 'Day_68', 'Day_69', 'Day_71', 'Day_76', 'Day_78', 'Day_79', 'Day_83', 'Day_84', 'Day_85')","('sentiment_shift_detected', 'dominant_emotion_fear', 'health_concern')",39
"('Day_3', 'Day_17', 'Day_18', 'Day_19', 'Day_20', 'Day_21', 'Day_22', 'Day_23', 'Day_24', 'Day_25', 'Day_26', 'Day_27', 'Day_28', 'Day_29', 'Day_30', 'Day_31', 'Day_32', 'Day_33', 'Day_34', 'Day_35', 'Day_36', 'Day_37', 'Day_38', 'Day_39', 'Day_40', 'Day_41', 'Day_42', 'Day_44', 'Day_45', 'Day_46', 'Day_47', 'Day_48', 'Day_49', 'Day_50', 'Day_51', 'Day_52', 'Day_63', 'Day_73', 'Day_74')","('mobility_drop_transit', 'partial_restrictions')",39
"('Day_53', 'Day_57', 'Day_58', 'Day_59', 'Day_60', 'Day_61', 'Day_62', 'Day_63', 'Day_64', 'Day_65', 'Day_66', 'Day_67', 'Day_68', 'Day_69', 'Day_70', 'Day_71', 'Day_72', 'Day_74', 'Day_75', 'Day_76', 'Day_77', 'Day_78', 'Day_79', 'Day_80', 'Day_81', 'Day_82', 'Day_83', 'Day_84', 'Day_85', 'Day_86', 'Day_87', 'Day_88', 'Day_89', 'Day_90', 'Day_91', 'Day_93', 'Day_94', 'Day_95', 'Day_96')","('grocery_spike', 'dominant_emotion_fear')",39
"('Day_1', 'Day_2', 'Day_43', 'Day_53', 'Day_54', 'Day_55', 'Day_56', 'Day_57', 'Day_58', 'Day_59', 'Day_60', 'Day_61', 'Day_62', 'Day_64', 'Day_65', 'Day_66', 'Day_67', 'Day_68', 'Day_69', 'Day_70', 'Day_71', 'Day_72', 'Day_75', 'Day_76', 'Day_77', 'Day_78', 'Day_79', 'Day_80', 'Day_81', 'Day_82', 'Day_83', 'Day_85', 'Day_87', 'Day_88', 'Day_89', 'Day_90', 'Day_91', 'Day_92', 'Day_94', 'Day_95')","('covid_topic_detected', 'low_emotion_low_mobility_signal')",40
"('Day_3', 'Day_4', 'Day_5', 'Day_6', 'Day_7', 'Day_8', 'Day_9', 'Day_10', 'Day_11', 'Day_12', 'Day_13', 'Day_14', 'Day_15', 'Day_16', 'Day_17', 'Day_18', 'Day_19', 'Day_20', 'Day_21', 'Day_22', 'Day_24', 'Day_25', 'Day_26', 'Day_27', 'Day_28', 'Day_29', 'Day_30', 'Day_31', 'Day_32', 'Day_33', 'Day_34', 'Day_36', 'Day_37', 'Day_38', 'Day_39', 'Day_48', 'Day_59', 'Day_60', 'Day_61', 'Day_62', 'Day_63')","('residential_increase', 'dominant_emotion_fear', 'covid_topic_detected')",41
"('Day_53', 'Day_57', 'Day_58', 'Day_59', 'Day_60', 'Day_61', 'Day_62', 'Day_63', 'Day_64', 'Day_65', 'Day_66', 'Day_67', 'Day_68', 'Day_69', 'Day_70', 'Day_71', 'Day_72', 'Day_73', 'Day_74', 'Day_75', 'Day_76', 'Day_77', 'Day_78', 'Day_79', 'Day_80', 'Day_81', 'Day_82', 'Day_83', 'Day_84', 'Day_85', 'Day_86', 'Day_87', 'Day_88', 'Day_89', 'Day_90', 'Day_91', 'Day_92', 'Day_93', 'Day_94', 'Day_95', 'Day_96')","('grocery_spike',)",41
"('Day_3', 'Day_4', 'Day_5', 'Day_6', 'Day_7', 'Day_8', 'Day_9', 'Day_10', 'Day_11', 'Day_12', 'Day_13', 'Day_14', 'Day_15', 'Day_16', 'Day_17', 'Day_18', 'Day_19', 'Day_20', 'Day_21', 'Day_22', 'Day_23', 'Day_24', 'Day_25', 'Day_26', 'Day_27', 'Day_28', 'Day_29', 'Day_30', 'Day_31', 'Day_32', 'Day_33', 'Day_34', 'Day_36', 'Day_37', 'Day_38', 'Day_39', 'Day_48', 'Day_59', 'Day_60', 'Day_61', 'Day_62', 'Day_63')","('residential_increase', 'covid_topic_detected')",42
"('Day_1', 'Day_2', 'Day_43', 'Day_53', 'Day_54', 'Day_55', 'Day_56', 'Day_57', 'Day_58', 'Day_59', 'Day_60', 'Day_61', 'Day_62', 'Day_64', 'Day_65', 'Day_66', 'Day_67', 'Day_68', 'Day_69', 'Day_70', 'Day_71', 'Day_72', 'Day_75', 'Day_76', 'Day_77', 'Day_78', 'Day_79', 'Day_80', 'Day_81', 'Day_82', 'Day_83', 'Day_84', 'Day_85', 'Day_86', 'Day_87', 'Day_88', 'Day_89', 'Day_90', 'Day_91', 'Day_93', 'Day_94', 'Day_95', 'Day_96')","('dominant_emotion_fear', 'low_emotion_low_mobility_signal')",43
"('Day_3', 'Day_4', 'Day_5', 'Day_6', 'Day_7', 'Day_8', 'Day_9', 'Day_10', 'Day_11', 'Day_12', 'Day_13', 'Day_14', 'Day_15', 'Day_16', 'Day_17', 'Day_18', 'Day_19', 'Day_20', 'Day_21', 'Day_22', 'Day_23', 'Day_24', 'Day_25', 'Day_26', 'Day_27', 'Day_28', 'Day_29', 'Day_30', 'Day_31', 'Day_32', 'Day_33', 'Day_34', 'Day_36', 'Day_37', 'Day_38', 'Day_39', 'Day_48', 'Day_59', 'Day_60', 'Day_61', 'Day_62', 'Day_63', 'Day_73')","('residential_increase',)",43
"('Day_1', 'Day_2', 'Day_43', 'Day_53', 'Day_54', 'Day_55', 'Day_56', 'Day_57', 'Day_58', 'Day_59', 'Day_60', 'Day_61', 'Day_62', 'Day_64', 'Day_65', 'Day_66', 'Day_67', 'Day_68', 'Day_69', 'Day_70', 'Day_71', 'Day_72', 'Day_75', 'Day_76', 'Day_77', 'Day_78', 'Day_79', 'Day_80', 'Day_81', 'Day_82', 'Day_83', 'Day_84', 'Day_85', 'Day_86', 'Day_87', 'Day_88', 'Day_89', 'Day_90', 'Day_91', 'Day_92', 'Day_93', 'Day_94', 'Day_95', 'Day_96')","('low_emotion_low_mobility_signal',)",44
"('Day_0', 'Day_29', 'Day_41', 'Day_43', 'Day_44', 'Day_45', 'Day_46', 'Day_47', 'Day_48', 'Day_49', 'Day_50', 'Day_51', 'Day_52', 'Day_53', 'Day_54', 'Day_55', 'Day_56', 'Day_57', 'Day_58', 'Day_59', 'Day_60', 'Day_62', 'Day_63', 'Day_64', 'Day_65', 'Day_66', 'Day_67', 'Day_68', 'Day_69', 'Day_70', 'Day_71', 'Day_74', 'Day_75', 'Day_76', 'Day_77', 'Day_78', 'Day_79', 'Day_80', 'Day_83', 'Day_87', 'Day_88', 'Day_89', 'Day_90', 'Day_91', 'Day_95')","('dominant_emotion_fear', 'covid_topic_detected', 'vaccine_mentioned')",45
"('Day_0', 'Day_29', 'Day_41', 'Day_43', 'Day_44', 'Day_45', 'Day_46', 'Day_47', 'Day_48', 'Day_49', 'Day_50', 'Day_51', 'Day_52', 'Day_53', 'Day_54', 'Day_55', 'Day_56', 'Day_57', 'Day_58', 'Day_59', 'Day_60', 'Day_62', 'Day_63', 'Day_64', 'Day_65', 'Day_66', 'Day_67', 'Day_68', 'Day_69', 'Day_70', 'Day_71', 'Day_74', 'Day_75', 'Day_76', 'Day_77', 'Day_78', 'Day_79', 'Day_80', 'Day_83', 'Day_87', 'Day_88', 'Day_89', 'Day_90', 'Day_91', 'Day_93', 'Day_95', 'Day_96')","('dominant_emotion_fear', 'vaccine_mentioned')",47
"('Day_3', 'Day_4', 'Day_5', 'Day_6', 'Day_7', 'Day_8', 'Day_9', 'Day_10', 'Day_11', 'Day_12', 'Day_13', 'Day_14', 'Day_15', 'Day_16', 'Day_17', 'Day_18', 'Day_19', 'Day_20', 'Day_21', 'Day_22', 'Day_24', 'Day_25', 'Day_26', 'Day_27', 'Day_28', 'Day_29', 'Day_30', 'Day_31', 'Day_32', 'Day_33', 'Day_34', 'Day_35', 'Day_36', 'Day_37', 'Day_38', 'Day_39', 'Day_41', 'Day_42', 'Day_44', 'Day_45', 'Day_46', 'Day_47', 'Day_48', 'Day_49', 'Day_50', 'Day_51', 'Day_52', 'Day_63', 'Day_74')","('mobility_drop_transit', 'dominant_emotion_fear', 'covid_topic_detected')",49
"('Day_3', 'Day_4', 'Day_5', 'Day_6', 'Day_7', 'Day_8', 'Day_9', 'Day_10', 'Day_11', 'Day_12', 'Day_13', 'Day_14', 'Day_15', 'Day_16', 'Day_17', 'Day_18', 'Day_19', 'Day_20', 'Day_21', 'Day_22', 'Day_23', 'Day_24', 'Day_25', 'Day_26', 'Day_27', 'Day_28', 'Day_29', 'Day_30', 'Day_31', 'Day_32', 'Day_33', 'Day_34', 'Day_35', 'Day_36', 'Day_37', 'Day_38', 'Day_39', 'Day_41', 'Day_42', 'Day_44', 'Day_45', 'Day_46', 'Day_47', 'Day_48', 'Day_49', 'Day_50', 'Day_51', 'Day_52', 'Day_63', 'Day_74')","('mobility_drop_transit', 'covid_topic_detected')",50
"('Day_3', 'Day_4', 'Day_5', 'Day_6', 'Day_7', 'Day_8', 'Day_9', 'Day_10', 'Day_11', 'Day_12', 'Day_13', 'Day_14', 'Day_15', 'Day_16', 'Day_17', 'Day_18', 'Day_19', 'Day_20', 'Day_21', 'Day_22', 'Day_24', 'Day_25', 'Day_26', 'Day_27', 'Day_28', 'Day_29', 'Day_30', 'Day_31', 'Day_32', 'Day_33', 'Day_34', 'Day_35', 'Day_36', 'Day_37', 'Day_38', 'Day_39', 'Day_40', 'Day_41', 'Day_42', 'Day_44', 'Day_45', 'Day_46', 'Day_47', 'Day_48', 'Day_49', 'Day_50', 'Day_51', 'Day_52', 'Day_63', 'Day_74')","('mobility_drop_transit', 'dominant_emotion_fear')",50
"('Day_3', 'Day_4', 'Day_5', 'Day_6', 'Day_7', 'Day_8', 'Day_9', 'Day_10', 'Day_11', 'Day_12', 'Day_13', 'Day_14', 'Day_15', 'Day_16', 'Day_17', 'Day_18', 'Day_19', 'Day_20', 'Day_21', 'Day_22', 'Day_23', 'Day_24', 'Day_25', 'Day_26', 'Day_27', 'Day_28', 'Day_29', 'Day_30', 'Day_31', 'Day_32', 'Day_33', 'Day_34', 'Day_35', 'Day_36', 'Day_37', 'Day_38', 'Day_39', 'Day_40', 'Day_41', 'Day_42', 'Day_44', 'Day_45', 'Day_46', 'Day_47', 'Day_48', 'Day_49', 'Day_50', 'Day_51', 'Day_52', 'Day_63', 'Day_73', 'Day_74')","('mobility_drop_transit',)",52
"('Day_0', 'Day_1', 'Day_2', 'Day_3', 'Day_4', 'Day_5', 'Day_6', 'Day_7', 'Day_8', 'Day_9', 'Day_10', 'Day_11', 'Day_12', 'Day_13', 'Day_15', 'Day_17', 'Day_18', 'Day_20', 'Day_24', 'Day_25', 'Day_28', 'Day_29', 'Day_30', 'Day_31', 'Day_33', 'Day_34', 'Day_35', 'Day_36', 'Day_41', 'Day_43', 'Day_44', 'Day_45', 'Day_46', 'Day_47', 'Day_48', 'Day_49', 'Day_50', 'Day_51', 'Day_52', 'Day_53', 'Day_54', 'Day_55', 'Day_56', 'Day_59', 'Day_60', 'Day_62', 'Day_63', 'Day_66', 'Day_67', 'Day_68', 'Day_69', 'Day_71', 'Day_72', 'Day_75', 'Day_76', 'Day_77', 'Day_78', 'Day_79', 'Day_83', 'Day_85')","('dominant_emotion_fear', 'covid_topic_detected', 'health_concern')",60
"('Day_0', 'Day_1', 'Day_2', 'Day_3', 'Day_4', 'Day_5', 'Day_6', 'Day_7', 'Day_8', 'Day_9', 'Day_10', 'Day_11', 'Day_12', 'Day_13', 'Day_15', 'Day_17', 'Day_18', 'Day_20', 'Day_24', 'Day_25', 'Day_28', 'Day_29', 'Day_30', 'Day_31', 'Day_33', 'Day_34', 'Day_35', 'Day_36', 'Day_41', 'Day_43', 'Day_44', 'Day_45', 'Day_46', 'Day_47', 'Day_48', 'Day_49', 'Day_50', 'Day_51', 'Day_52', 'Day_53', 'Day_54', 'Day_55', 'Day_56', 'Day_59', 'Day_60', 'Day_62', 'Day_63', 'Day_66', 'Day_67', 'Day_68', 'Day_69', 'Day_71', 'Day_72', 'Day_75', 'Day_76', 'Day_77', 'Day_78', 'Day_79', 'Day_83', 'Day_84', 'Day_85')","('dominant_emotion_fear', 'health_concern')",61
"('Day_3', 'Day_4', 'Day_5', 'Day_6', 'Day_8', 'Day_9', 'Day_10', 'Day_14', 'Day_15', 'Day_16', 'Day_17', 'Day_18', 'Day_19', 'Day_21', 'Day_22', 'Day_24', 'Day_25', 'Day_26', 'Day_27', 'Day_29', 'Day_30', 'Day_31', 'Day_32', 'Day_33', 'Day_34', 'Day_35', 'Day_37', 'Day_38', 'Day_39', 'Day_41', 'Day_42', 'Day_43', 'Day_44', 'Day_48', 'Day_49', 'Day_53', 'Day_54', 'Day_55', 'Day_56', 'Day_57', 'Day_59', 'Day_61', 'Day_62', 'Day_65', 'Day_67', 'Day_68', 'Day_69', 'Day_70', 'Day_71', 'Day_76', 'Day_78', 'Day_79', 'Day_80', 'Day_81', 'Day_83', 'Day_85', 'Day_87', 'Day_90', 'Day_91', 'Day_94', 'Day_95')","('sentiment_shift_detected', 'dominant_emotion_fear', 'covid_topic_detected')",61
"('Day_3', 'Day_4', 'Day_5', 'Day_6', 'Day_8', 'Day_9', 'Day_10', 'Day_14', 'Day_15', 'Day_16', 'Day_17', 'Day_18', 'Day_19', 'Day_21', 'Day_22', 'Day_24', 'Day_25', 'Day_26', 'Day_27', 'Day_29', 'Day_30', 'Day_31', 'Day_32', 'Day_33', 'Day_34', 'Day_35', 'Day_37', 'Day_38', 'Day_39', 'Day_41', 'Day_42', 'Day_43', 'Day_44', 'Day_48', 'Day_49', 'Day_53', 'Day_54', 'Day_55', 'Day_56', 'Day_57', 'Day_59', 'Day_61', 'Day_62', 'Day_65', 'Day_67', 'Day_68', 'Day_69', 'Day_70', 'Day_71', 'Day_76', 'Day_78', 'Day_79', 'Day_80', 'Day_81', 'Day_83', 'Day_84', 'Day_85', 'Day_86', 'Day_87', 'Day_90', 'Day_91', 'Day_94', 'Day_95')","('sentiment_shift_detected', 'dominant_emotion_fear')",63
"('Day_0', 'Day_1', 'Day_2', 'Day_3', 'Day_4', 'Day_5', 'Day_6', 'Day_7', 'Day_8', 'Day_9', 'Day_10', 'Day_11', 'Day_12', 'Day_13', 'Day_14', 'Day_15', 'Day_16', 'Day_17', 'Day_18', 'Day_19', 'Day_20', 'Day_21', 'Day_22', 'Day_24', 'Day_25', 'Day_26', 'Day_27', 'Day_28', 'Day_29', 'Day_30', 'Day_31', 'Day_32', 'Day_33', 'Day_34', 'Day_35', 'Day_36', 'Day_37', 'Day_38', 'Day_39', 'Day_41', 'Day_42', 'Day_43', 'Day_44', 'Day_45', 'Day_46', 'Day_47', 'Day_48', 'Day_49', 'Day_50', 'Day_51', 'Day_52', 'Day_53', 'Day_54', 'Day_55', 'Day_56', 'Day_57', 'Day_58', 'Day_59', 'Day_60', 'Day_61', 'Day_62', 'Day_63', 'Day_64', 'Day_65', 'Day_66', 'Day_67', 'Day_68', 'Day_69', 'Day_70', 'Day_71', 'Day_72', 'Day_74', 'Day_75', 'Day_76', 'Day_77', 'Day_78', 'Day_79', 'Day_80', 'Day_81', 'Day_82', 'Day_83', 'Day_85', 'Day_87', 'Day_88', 'Day_89', 'Day_90', 'Day_91', 'Day_94', 'Day_95')","('dominant_emotion_fear', 'covid_topic_detected')",89
"('Day_0', 'Day_1', 'Day_2', 'Day_3', 'Day_4', 'Day_5', 'Day_6', 'Day_7', 'Day_8', 'Day_9', 'Day_10', 'Day_11', 'Day_12', 'Day_13', 'Day_14', 'Day_15', 'Day_16', 'Day_17', 'Day_18', 'Day_19', 'Day_20', 'Day_21', 'Day_22', 'Day_23', 'Day_24', 'Day_25', 'Day_26', 'Day_27', 'Day_28', 'Day_29', 'Day_30', 'Day_31', 'Day_32', 'Day_33', 'Day_34', 'Day_35', 'Day_36', 'Day_37', 'Day_38', 'Day_39', 'Day_41', 'Day_42', 'Day_43', 'Day_44', 'Day_45', 'Day_46', 'Day_47', 'Day_48', 'Day_49', 'Day_50', 'Day_51', 'Day_52', 'Day_53', 'Day_54', 'Day_55', 'Day_56', 'Day_57', 'Day_58', 'Day_59', 'Day_60', 'Day_61', 'Day_62', 'Day_63', 'Day_64', 'Day_65', 'Day_66', 'Day_67', 'Day_68', 'Day_69', 'Day_70', 'Day_71', 'Day_72', 'Day_74', 'Day_75', 'Day_76', 'Day_77', 'Day_78', 'Day_79', 'Day_80', 'Day_81', 'Day_82', 'Day_83', 'Day_85', 'Day_87', 'Day_88', 'Day_89', 'Day_90', 'Day_91', 'Day_92', 'Day_94', 'Day_95')","('covid_topic_detected',)",91
"('Day_0', 'Day_1', 'Day_2', 'Day_3', 'Day_4', 'Day_5', 'Day_6', 'Day_7', 'Day_8', 'Day_9', 'Day_10', 'Day_11', 'Day_12', 'Day_13', 'Day_14', 'Day_15', 'Day_16', 'Day_17', 'Day_18', 'Day_19', 'Day_20', 'Day_21', 'Day_22', 'Day_24', 'Day_25', 'Day_26', 'Day_27', 'Day_28', 'Day_29', 'Day_30', 'Day_31', 'Day_32', 'Day_33', 'Day_34', 'Day_35', 'Day_36', 'Day_37', 'Day_38', 'Day_39', 'Day_40', 'Day_41', 'Day_42', 'Day_43', 'Day_44', 'Day_45', 'Day_46', 'Day_47', 'Day_48', 'Day_49', 'Day_50', 'Day_51', 'Day_52', 'Day_53', 'Day_54', 'Day_55', 'Day_56', 'Day_57', 'Day_58', 'Day_59', 'Day_60', 'Day_61', 'Day_62', 'Day_63', 'Day_64', 'Day_65', 'Day_66', 'Day_67', 'Day_68', 'Day_69', 'Day_70', 'Day_71', 'Day_72', 'Day_74', 'Day_75', 'Day_76', 'Day_77', 'Day_78', 'Day_79', 'Day_80', 'Day_81', 'Day_82', 'Day_83', 'Day_84', 'Day_85', 'Day_86', 'Day_87', 'Day_88', 'Day_89', 'Day_90', 'Day_91', 'Day_93', 'Day_94', 'Day_95', 'Day_96')","('dominant_emotion_fear',)",94
"('Day_0', 'Day_1', 'Day_2', 'Day_3', 'Day_4', 'Day_5', 'Day_6', 'Day_7', 'Day_8', 'Day_9', 'Day_10', 'Day_11', 'Day_12', 'Day_13', 'Day_14', 'Day_15', 'Day_16', 'Day_17', 'Day_18', 'Day_19', 'Day_20', 'Day_21', 'Day_22', 'Day_23', 'Day_24', 'Day_25', 'Day_26', 'Day_27', 'Day_28', 'Day_29', 'Day_30', 'Day_31', 'Day_32', 'Day_33', 'Day_34', 'Day_35', 'Day_36', 'Day_37', 'Day_38', 'Day_39', 'Day_40', 'Day_41', 'Day_42', 'Day_43', 'Day_44', 'Day_45', 'Day_46', 'Day_47', 'Day_48', 'Day_49', 'Day_50', 'Day_51', 'Day_52', 'Day_53', 'Day_54', 'Day_55', 'Day_56', 'Day_57', 'Day_58', 'Day_59', 'Day_60', 'Day_61', 'Day_62', 'Day_63', 'Day_64', 'Day_65', 'Day_66', 'Day_67', 'Day_68', 'Day_69', 'Day_70', 'Day_71', 'Day_72', 'Day_73', 'Day_74', 'Day_75', 'Day_76', 'Day_77', 'Day_78', 'Day_79', 'Day_80', 'Day_81', 'Day_82', 'Day_83', 'Day_84', 'Day_85', 'Day_86', 'Day_87', 'Day_88', 'Day_89', 'Day_90', 'Day_91', 'Day_92', 'Day_93', 'Day_94', 'Day_95', 'Day_96')",(),97
