country_region_code,country_region,sub_region_1,sub_region_2,metro_area,iso_3166_2_code,census_fips_code,place_id,date,retail_and_recreation_percent_change_from_baseline,grocery_and_pharmacy_percent_change_from_baseline,parks_percent_change_from_baseline,transit_stations_percent_change_from_baseline,workplaces_percent_change_from_baseline,residential_percent_change_from_baseline
AE,United Arab Emirates,,,,,,ChIJvRKrsd9IXj4RpwoIwFYv0zM,2020-02-15,0,4,5,0,2,1
AE,United Arab Emirates,,,,,,ChIJvRKrsd9IXj4RpwoIwFYv0zM,2020-02-16,1,4,4,1,2,1
AE,United Arab Emirates,,,,,,ChIJvRKrsd9IXj4RpwoIwFYv0zM,2020-02-17,-1,1,5,1,2,1
AE,United Arab Emirates,,,,,,ChIJvRKrsd9IXj4RpwoIwFYv0zM,2020-02-18,-2,1,5,0,2,1
AE,United Arab Emirates,,,,,,ChIJvRKrsd9IXj4RpwoIwFYv0zM,2020-02-19,-2,0,4,-1,2,1
AE,United Arab Emirates,,,,,,ChIJvRKrsd9IXj4RpwoIwFYv0zM,2020-02-20,-2,1,6,1,1,1
AE,United Arab Emirates,,,,,,ChIJvRKrsd9IXj4RpwoIwFYv0zM,2020-02-21,-3,2,6,0,-1,1
AE,United Arab Emirates,,,,,,ChIJvRKrsd9IXj4RpwoIwFYv0zM,2020-02-22,-2,2,4,-2,3,1
AE,United Arab Emirates,,,,,,ChIJvRKrsd9IXj4RpwoIwFYv0zM,2020-02-23,-1,3,3,-1,4,1
AE,United Arab Emirates,,,,,,ChIJvRKrsd9IXj4RpwoIwFYv0zM,2020-02-24,-3,0,5,-1,3,1
AE,United Arab Emirates,,,,,,ChIJvRKrsd9IXj4RpwoIwFYv0zM,2020-02-25,-3,2,3,-2,3,1
AE,United Arab Emirates,,,,,,ChIJvRKrsd9IXj4RpwoIwFYv0zM,2020-02-26,-2,1,-3,-2,3,1
AE,United Arab Emirates,,,,,,ChIJvRKrsd9IXj4RpwoIwFYv0zM,2020-02-27,1,5,-1,-1,3,1
AE,United Arab Emirates,,,,,,ChIJvRKrsd9IXj4RpwoIwFYv0zM,2020-02-28,1,5,-1,-1,1,1
AE,United Arab Emirates,,,,,,ChIJvRKrsd9IXj4RpwoIwFYv0zM,2020-02-29,2,7,-1,-1,5,0
AE,United Arab Emirates,,,,,,ChIJvRKrsd9IXj4RpwoIwFYv0zM,2020-03-01,3,10,2,-1,4,1
AE,United Arab Emirates,,,,,,ChIJvRKrsd9IXj4RpwoIwFYv0zM,2020-03-02,0,7,1,-2,4,1
AE,United Arab Emirates,,,,,,ChIJvRKrsd9IXj4RpwoIwFYv0zM,2020-03-03,0,6,0,-5,4,1
AE,United Arab Emirates,,,,,,ChIJvRKrsd9IXj4RpwoIwFYv0zM,2020-03-04,-1,7,-2,-5,3,2
AE,United Arab Emirates,,,,,,ChIJvRKrsd9IXj4RpwoIwFYv0zM,2020-03-05,-3,6,-2,-5,3,2
AE,United Arab Emirates,,,,,,ChIJvRKrsd9IXj4RpwoIwFYv0zM,2020-03-06,-7,5,-8,-9,0,3
AE,United Arab Emirates,,,,,,ChIJvRKrsd9IXj4RpwoIwFYv0zM,2020-03-07,-3,6,1,-8,4,2
AE,United Arab Emirates,,,,,,ChIJvRKrsd9IXj4RpwoIwFYv0zM,2020-03-08,1,8,6,-9,-1,3
AE,United Arab Emirates,,,,,,ChIJvRKrsd9IXj4RpwoIwFYv0zM,2020-03-09,-3,4,4,-10,-1,4
AE,United Arab Emirates,,,,,,ChIJvRKrsd9IXj4RpwoIwFYv0zM,2020-03-10,-4,6,3,-11,-2,4
AE,United Arab Emirates,,,,,,ChIJvRKrsd9IXj4RpwoIwFYv0zM,2020-03-11,-4,5,0,-12,-2,4
AE,United Arab Emirates,,,,,,ChIJvRKrsd9IXj4RpwoIwFYv0zM,2020-03-12,-8,6,-6,-15,-3,5
AE,United Arab Emirates,,,,,,ChIJvRKrsd9IXj4RpwoIwFYv0zM,2020-03-13,-16,3,-15,-20,-2,5
AE,United Arab Emirates,,,,,,ChIJvRKrsd9IXj4RpwoIwFYv0zM,2020-03-14,-12,4,-12,-17,2,4
AE,United Arab Emirates,,,,,,ChIJvRKrsd9IXj4RpwoIwFYv0zM,2020-03-15,-6,11,-11,-15,-4,5
AE,United Arab Emirates,,,,,,ChIJvRKrsd9IXj4RpwoIwFYv0zM,2020-03-16,-11,8,-14,-17,-6,6
AE,United Arab Emirates,,,,,,ChIJvRKrsd9IXj4RpwoIwFYv0zM,2020-03-17,-16,5,-18,-22,-9,7
AE,United Arab Emirates,,,,,,ChIJvRKrsd9IXj4RpwoIwFYv0zM,2020-03-18,-19,2,-19,-25,-11,9
AE,United Arab Emirates,,,,,,ChIJvRKrsd9IXj4RpwoIwFYv0zM,2020-03-19,-24,-1,-26,-31,-12,11
AE,United Arab Emirates,,,,,,ChIJvRKrsd9IXj4RpwoIwFYv0zM,2020-03-20,-37,-11,-45,-44,-12,11
AE,United Arab Emirates,,,,,,ChIJvRKrsd9IXj4RpwoIwFYv0zM,2020-03-21,-32,-12,-37,-42,-8,10
AE,United Arab Emirates,,,,,,ChIJvRKrsd9IXj4RpwoIwFYv0zM,2020-03-22,-30,-13,-36,-45,-17,13
AE,United Arab Emirates,,,,,,ChIJvRKrsd9IXj4RpwoIwFYv0zM,2020-03-23,-27,14,-38,-46,-20,14
AE,United Arab Emirates,,,,,,ChIJvRKrsd9IXj4RpwoIwFYv0zM,2020-03-24,-39,-6,-43,-53,-28,17
AE,United Arab Emirates,,,,,,ChIJvRKrsd9IXj4RpwoIwFYv0zM,2020-03-25,-50,-18,-47,-60,-35,21
AE,United Arab Emirates,,,,,,ChIJvRKrsd9IXj4RpwoIwFYv0zM,2020-03-26,-55,-13,-54,-67,-40,25
AE,United Arab Emirates,,,,,,ChIJvRKrsd9IXj4RpwoIwFYv0zM,2020-03-27,-80,-60,-80,-84,-52,25
AE,United Arab Emirates,,,,,,ChIJvRKrsd9IXj4RpwoIwFYv0zM,2020-03-28,-72,-47,-68,-80,-56,28
AE,United Arab Emirates,,,,,,ChIJvRKrsd9IXj4RpwoIwFYv0zM,2020-03-29,-55,-26,-53,-69,-45,26
AE,United Arab Emirates,,,,,,ChIJvRKrsd9IXj4RpwoIwFYv0zM,2020-03-30,-57,-27,-53,-69,-46,25
AE,United Arab Emirates,,,,,,ChIJvRKrsd9IXj4RpwoIwFYv0zM,2020-03-31,-56,-26,-53,-69,-46,25
AE,United Arab Emirates,,,,,,ChIJvRKrsd9IXj4RpwoIwFYv0zM,2020-04-01,-56,-24,-53,-70,-46,25
AE,United Arab Emirates,,,,,,ChIJvRKrsd9IXj4RpwoIwFYv0zM,2020-04-02,-58,-25,-56,-71,-47,28
AE,United Arab Emirates,,,,,,ChIJvRKrsd9IXj4RpwoIwFYv0zM,2020-04-03,-69,-39,-75,-79,-44,22
AE,United Arab Emirates,,,,,,ChIJvRKrsd9IXj4RpwoIwFYv0zM,2020-04-04,-58,-27,-58,-72,-37,21
AE,United Arab Emirates,,,,,,ChIJvRKrsd9IXj4RpwoIwFYv0zM,2020-04-05,-61,-30,-58,-79,-57,31
AE,United Arab Emirates,,,,,,ChIJvRKrsd9IXj4RpwoIwFYv0zM,2020-04-06,-63,-32,-58,-78,-56,30
AE,United Arab Emirates,,,,,,ChIJvRKrsd9IXj4RpwoIwFYv0zM,2020-04-07,-63,-30,-73,-78,-55,30
AE,United Arab Emirates,,,,,,ChIJvRKrsd9IXj4RpwoIwFYv0zM,2020-04-08,-63,-30,-74,-78,-55,30
AE,United Arab Emirates,,,,,,ChIJvRKrsd9IXj4RpwoIwFYv0zM,2020-04-09,-64,-31,-76,-79,-55,33
AE,United Arab Emirates,,,,,,ChIJvRKrsd9IXj4RpwoIwFYv0zM,2020-04-10,-74,-46,-86,-84,-49,23
AE,United Arab Emirates,,,,,,ChIJvRKrsd9IXj4RpwoIwFYv0zM,2020-04-11,-64,-32,-77,-79,-45,24
AE,United Arab Emirates,,,,,,ChIJvRKrsd9IXj4RpwoIwFYv0zM,2020-04-12,-60,-28,-74,-79,-55,30
AE,United Arab Emirates,,,,,,ChIJvRKrsd9IXj4RpwoIwFYv0zM,2020-04-13,-62,-30,-73,-78,-55,30
AE,United Arab Emirates,,,,,,ChIJvRKrsd9IXj4RpwoIwFYv0zM,2020-04-14,-62,-31,-74,-78,-55,30
AE,United Arab Emirates,,,,,,ChIJvRKrsd9IXj4RpwoIwFYv0zM,2020-04-15,-63,-32,-74,-78,-56,31
AE,United Arab Emirates,,,,,,ChIJvRKrsd9IXj4RpwoIwFYv0zM,2020-04-16,-63,-32,-74,-79,-55,34
AE,United Arab Emirates,,,,,,ChIJvRKrsd9IXj4RpwoIwFYv0zM,2020-04-17,-73,-45,-85,-84,-48,23
AE,United Arab Emirates,,,,,,ChIJvRKrsd9IXj4RpwoIwFYv0zM,2020-04-18,-66,-39,-78,-78,-45,24
AE,United Arab Emirates,,,,,,ChIJvRKrsd9IXj4RpwoIwFYv0zM,2020-04-19,-62,-35,-74,-78,-54,30
AE,United Arab Emirates,,,,,,ChIJvRKrsd9IXj4RpwoIwFYv0zM,2020-04-20,-63,-37,-74,-78,-55,30
AE,United Arab Emirates,,,,,,ChIJvRKrsd9IXj4RpwoIwFYv0zM,2020-04-21,-63,-35,-74,-78,-55,30
AE,United Arab Emirates,,,,,,ChIJvRKrsd9IXj4RpwoIwFYv0zM,2020-04-22,-62,-33,-75,-77,-55,30
AE,United Arab Emirates,,,,,,ChIJvRKrsd9IXj4RpwoIwFYv0zM,2020-04-23,-62,-29,-76,-77,-55,32
AE,United Arab Emirates,,,,,,ChIJvRKrsd9IXj4RpwoIwFYv0zM,2020-04-24,-72,-40,-86,-80,-47,24
AE,United Arab Emirates,,,,,,ChIJvRKrsd9IXj4RpwoIwFYv0zM,2020-04-25,-62,-32,-77,-74,-41,25
AE,United Arab Emirates,,,,,,ChIJvRKrsd9IXj4RpwoIwFYv0zM,2020-04-26,-56,-26,-73,-69,-49,30
AE,United Arab Emirates,,,,,,ChIJvRKrsd9IXj4RpwoIwFYv0zM,2020-04-27,-57,-28,-73,-68,-48,30
AE,United Arab Emirates,,,,,,ChIJvRKrsd9IXj4RpwoIwFYv0zM,2020-04-28,-56,-26,-72,-67,-48,28
AE,United Arab Emirates,,,,,,ChIJvRKrsd9IXj4RpwoIwFYv0zM,2020-04-29,-55,-24,-72,-67,-47,29
AE,United Arab Emirates,,,,,,ChIJvRKrsd9IXj4RpwoIwFYv0zM,2020-04-30,-57,-26,-71,-66,-47,31
AE,United Arab Emirates,,,,,,ChIJvRKrsd9IXj4RpwoIwFYv0zM,2020-05-01,-66,-36,-83,-73,-41,22
AE,United Arab Emirates,,,,,,ChIJvRKrsd9IXj4RpwoIwFYv0zM,2020-05-02,-56,-26,-72,-66,-34,22
AE,United Arab Emirates,,,,,,ChIJvRKrsd9IXj4RpwoIwFYv0zM,2020-05-03,-51,-22,-68,-65,-45,27
AE,United Arab Emirates,,,,,,ChIJvRKrsd9IXj4RpwoIwFYv0zM,2020-05-04,-52,-24,-68,-65,-45,28
AE,United Arab Emirates,,,,,,ChIJvRKrsd9IXj4RpwoIwFYv0zM,2020-05-05,-53,-23,-68,-64,-45,27
AE,United Arab Emirates,,,,,,ChIJvRKrsd9IXj4RpwoIwFYv0zM,2020-05-06,-51,-20,-67,-62,-44,28
AE,United Arab Emirates,,,,,,ChIJvRKrsd9IXj4RpwoIwFYv0zM,2020-05-07,-53,-23,-68,-63,-44,30
AE,United Arab Emirates,,,,,,ChIJvRKrsd9IXj4RpwoIwFYv0zM,2020-05-08,-63,-35,-81,-72,-38,21
AE,United Arab Emirates,,,,,,ChIJvRKrsd9IXj4RpwoIwFYv0zM,2020-05-09,-53,-25,-70,-63,-31,22
AE,United Arab Emirates,,,,,,ChIJvRKrsd9IXj4RpwoIwFYv0zM,2020-05-10,-48,-19,-66,-61,-42,27
AE,United Arab Emirates,,,,,,ChIJvRKrsd9IXj4RpwoIwFYv0zM,2020-05-11,-51,-22,-66,-61,-43,28
AE,United Arab Emirates,,,,,,ChIJvRKrsd9IXj4RpwoIwFYv0zM,2020-05-12,-50,-20,-66,-61,-43,28
AE,United Arab Emirates,,,,,,ChIJvRKrsd9IXj4RpwoIwFYv0zM,2020-05-13,-51,-21,-66,-61,-43,28
AE,United Arab Emirates,,,,,,ChIJvRKrsd9IXj4RpwoIwFYv0zM,2020-05-14,-53,-20,-67,-61,-43,29
AE,United Arab Emirates,,,,,,ChIJvRKrsd9IXj4RpwoIwFYv0zM,2020-05-15,-62,-32,-80,-70,-35,21
AE,United Arab Emirates,,,,,,ChIJvRKrsd9IXj4RpwoIwFYv0zM,2020-05-16,-51,-21,-68,-61,-29,21
AE,United Arab Emirates,,,,,,ChIJvRKrsd9IXj4RpwoIwFYv0zM,2020-05-17,-47,-16,-64,-60,-41,27
AE,United Arab Emirates,,,,,,ChIJvRKrsd9IXj4RpwoIwFYv0zM,2020-05-18,-48,-18,-64,-59,-42,27
AE,United Arab Emirates,,,,,,ChIJvRKrsd9IXj4RpwoIwFYv0zM,2020-05-19,-49,-19,-65,-60,-42,27
AE,United Arab Emirates,,,,,,ChIJvRKrsd9IXj4RpwoIwFYv0zM,2020-05-20,-53,-22,-67,-61,-44,28
AE,United Arab Emirates,,,,,,ChIJvRKrsd9IXj4RpwoIwFYv0zM,2020-05-21,-53,-20,-69,-61,-43,30
AE,United Arab Emirates,,,,,,ChIJvRKrsd9IXj4RpwoIwFYv0zM,2020-05-22,-59,-27,-81,-69,-33,21
AE,United Arab Emirates,,,,,,ChIJvRKrsd9IXj4RpwoIwFYv0zM,2020-05-23,-52,-17,-73,-66,-47,25
AE,United Arab Emirates,,,,,,ChIJvRKrsd9IXj4RpwoIwFYv0zM,2020-05-24,-56,-31,-68,-72,-77,36
AE,United Arab Emirates,,,,,,ChIJvRKrsd9IXj4RpwoIwFYv0zM,2020-05-25,-52,-23,-65,-69,-73,34
AE,United Arab Emirates,,,,,,ChIJvRKrsd9IXj4RpwoIwFYv0zM,2020-05-26,-50,-23,-66,-66,-63,31
AE,United Arab Emirates,,,,,,ChIJvRKrsd9IXj4RpwoIwFYv0zM,2020-05-27,-44,-18,-63,-55,-38,23
AE,United Arab Emirates,,,,,,ChIJvRKrsd9IXj4RpwoIwFYv0zM,2020-05-28,-46,-19,-64,-56,-37,25
AE,United Arab Emirates,,,,,,ChIJvRKrsd9IXj4RpwoIwFYv0zM,2020-05-29,-55,-29,-73,-64,-29,19
AE,United Arab Emirates,,,,,,ChIJvRKrsd9IXj4RpwoIwFYv0zM,2020-05-30,-42,-17,-62,-55,-20,16
AE,United Arab Emirates,,,,,,ChIJvRKrsd9IXj4RpwoIwFYv0zM,2020-05-31,-35,-9,-58,-52,-32,20
AE,United Arab Emirates,,,,,,ChIJvRKrsd9IXj4RpwoIwFYv0zM,2020-06-01,-37,-10,-57,-51,-32,20
AE,United Arab Emirates,,,,,,ChIJvRKrsd9IXj4RpwoIwFYv0zM,2020-06-02,-38,-12,-58,-52,-32,21
AE,United Arab Emirates,,,,,,ChIJvRKrsd9IXj4RpwoIwFYv0zM,2020-06-03,-38,-12,-57,-51,-32,21
AE,United Arab Emirates,,,,,,ChIJvRKrsd9IXj4RpwoIwFYv0zM,2020-06-04,-41,-14,-60,-52,-31,23
AE,United Arab Emirates,,,,,,ChIJvRKrsd9IXj4RpwoIwFYv0zM,2020-06-05,-49,-23,-68,-61,-26,17
AE,United Arab Emirates,,,,,,ChIJvRKrsd9IXj4RpwoIwFYv0zM,2020-06-06,-39,-15,-60,-54,-18,16
AE,United Arab Emirates,,,,,,ChIJvRKrsd9IXj4RpwoIwFYv0zM,2020-06-07,-35,-9,-56,-51,-30,20
AE,United Arab Emirates,,,,,,ChIJvRKrsd9IXj4RpwoIwFYv0zM,2020-06-08,-37,-13,-56,-50,-29,20
AE,United Arab Emirates,,,,,,ChIJvRKrsd9IXj4RpwoIwFYv0zM,2020-06-09,-39,-14,-57,-52,-29,20
AE,United Arab Emirates,,,,,,ChIJvRKrsd9IXj4RpwoIwFYv0zM,2020-06-10,-38,-13,-56,-52,-30,20
AE,United Arab Emirates,,,,,,ChIJvRKrsd9IXj4RpwoIwFYv0zM,2020-06-11,-40,-13,-57,-52,-29,22
AE,United Arab Emirates,,,,,,ChIJvRKrsd9IXj4RpwoIwFYv0zM,2020-06-12,-48,-23,-66,-60,-23,16
AE,United Arab Emirates,,,,,,ChIJvRKrsd9IXj4RpwoIwFYv0zM,2020-06-13,-38,-15,-57,-53,-16,15
AE,United Arab Emirates,,,,,,ChIJvRKrsd9IXj4RpwoIwFYv0zM,2020-06-14,-34,-10,-54,-50,-28,19
AE,United Arab Emirates,,,,,,ChIJvRKrsd9IXj4RpwoIwFYv0zM,2020-06-15,-36,-13,-53,-50,-27,19
AE,United Arab Emirates,,,,,,ChIJvRKrsd9IXj4RpwoIwFYv0zM,2020-06-16,-36,-12,-53,-50,-27,19
AE,United Arab Emirates,,,,,,ChIJvRKrsd9IXj4RpwoIwFYv0zM,2020-06-17,-37,-12,-54,-50,-27,19
AE,United Arab Emirates,,,,,,ChIJvRKrsd9IXj4RpwoIwFYv0zM,2020-06-18,-39,-14,-56,-51,-27,20
AE,United Arab Emirates,,,,,,ChIJvRKrsd9IXj4RpwoIwFYv0zM,2020-06-19,-46,-22,-66,-58,-21,16
AE,United Arab Emirates,,,,,,ChIJvRKrsd9IXj4RpwoIwFYv0zM,2020-06-20,-37,-15,-57,-52,-15,14
AE,United Arab Emirates,,,,,,ChIJvRKrsd9IXj4RpwoIwFYv0zM,2020-06-21,-33,-11,-52,-50,-27,18
AE,United Arab Emirates,,,,,,ChIJvRKrsd9IXj4RpwoIwFYv0zM,2020-06-22,-35,-13,-51,-48,-27,18
AE,United Arab Emirates,,,,,,ChIJvRKrsd9IXj4RpwoIwFYv0zM,2020-06-23,-34,-12,-51,-48,-27,18
AE,United Arab Emirates,,,,,,ChIJvRKrsd9IXj4RpwoIwFYv0zM,2020-06-24,-35,-12,-52,-48,-26,18
AE,United Arab Emirates,,,,,,ChIJvRKrsd9IXj4RpwoIwFYv0zM,2020-06-25,-33,-10,-53,-47,-25,19
AE,United Arab Emirates,,,,,,ChIJvRKrsd9IXj4RpwoIwFYv0zM,2020-06-26,-40,-18,-62,-54,-18,14
AE,United Arab Emirates,,,,,,ChIJvRKrsd9IXj4RpwoIwFYv0zM,2020-06-27,-32,-11,-55,-48,-14,13
AE,United Arab Emirates,,,,,,ChIJvRKrsd9IXj4RpwoIwFYv0zM,2020-06-28,-28,-7,-51,-47,-24,16
AE,United Arab Emirates,,,,,,ChIJvRKrsd9IXj4RpwoIwFYv0zM,2020-06-29,-29,-8,-49,-46,-24,16
AE,United Arab Emirates,,,,,,ChIJvRKrsd9IXj4RpwoIwFYv0zM,2020-06-30,-28,-6,-46,-47,-24,15
AE,United Arab Emirates,,,,,,ChIJvRKrsd9IXj4RpwoIwFYv0zM,2020-07-01,-28,-6,-47,-47,-24,15
AE,United Arab Emirates,,,,,,ChIJvRKrsd9IXj4RpwoIwFYv0zM,2020-07-02,-29,-5,-48,-47,-24,17
AE,United Arab Emirates,,,,,,ChIJvRKrsd9IXj4RpwoIwFYv0zM,2020-07-03,-36,-14,-58,-54,-17,13
AE,United Arab Emirates,,,,,,ChIJvRKrsd9IXj4RpwoIwFYv0zM,2020-07-04,-29,-8,-50,-49,-12,11
AE,United Arab Emirates,,,,,,ChIJvRKrsd9IXj4RpwoIwFYv0zM,2020-07-05,-24,-3,-45,-47,-24,14
AE,United Arab Emirates,,,,,,ChIJvRKrsd9IXj4RpwoIwFYv0zM,2020-07-06,-27,-6,-45,-46,-23,15
AE,United Arab Emirates,,,,,,ChIJvRKrsd9IXj4RpwoIwFYv0zM,2020-07-07,-27,-5,-45,-45,-24,15
AE,United Arab Emirates,,,,,,ChIJvRKrsd9IXj4RpwoIwFYv0zM,2020-07-08,-29,-8,-46,-47,-23,15
AE,United Arab Emirates,,,,,,ChIJvRKrsd9IXj4RpwoIwFYv0zM,2020-07-09,-29,-7,-48,-46,-24,16
AE,United Arab Emirates,,,,,,ChIJvRKrsd9IXj4RpwoIwFYv0zM,2020-07-10,-35,-14,-58,-54,-15,12
AE,United Arab Emirates,,,,,,ChIJvRKrsd9IXj4RpwoIwFYv0zM,2020-07-11,-28,-8,-50,-49,-11,11
AE,United Arab Emirates,,,,,,ChIJvRKrsd9IXj4RpwoIwFYv0zM,2020-07-12,-24,-4,-44,-45,-23,14
AE,United Arab Emirates,,,,,,ChIJvRKrsd9IXj4RpwoIwFYv0zM,2020-07-13,-26,-7,-45,-45,-23,14
AE,United Arab Emirates,,,,,,ChIJvRKrsd9IXj4RpwoIwFYv0zM,2020-07-14,-27,-7,-45,-46,-24,14
AE,United Arab Emirates,,,,,,ChIJvRKrsd9IXj4RpwoIwFYv0zM,2020-07-15,-26,-7,-43,-46,-23,14
AE,United Arab Emirates,,,,,,ChIJvRKrsd9IXj4RpwoIwFYv0zM,2020-07-16,-28,-6,-46,-46,-22,15
AE,United Arab Emirates,,,,,,ChIJvRKrsd9IXj4RpwoIwFYv0zM,2020-07-17,-34,-14,-56,-54,-15,12
AE,United Arab Emirates,,,,,,ChIJvRKrsd9IXj4RpwoIwFYv0zM,2020-07-18,-28,-9,-48,-49,-11,11
AE,United Arab Emirates,,,,,,ChIJvRKrsd9IXj4RpwoIwFYv0zM,2020-07-19,-23,-4,-42,-45,-22,13
AE,United Arab Emirates,,,,,,ChIJvRKrsd9IXj4RpwoIwFYv0zM,2020-07-20,-25,-7,-42,-45,-22,13
AE,United Arab Emirates,,,,,,ChIJvRKrsd9IXj4RpwoIwFYv0zM,2020-07-21,-27,-9,-44,-46,-23,13
AE,United Arab Emirates,,,,,,ChIJvRKrsd9IXj4RpwoIwFYv0zM,2020-07-22,-27,-9,-44,-45,-22,13
AE,United Arab Emirates,,,,,,ChIJvRKrsd9IXj4RpwoIwFYv0zM,2020-07-23,-27,-7,-45,-45,-22,14
AE,United Arab Emirates,,,,,,ChIJvRKrsd9IXj4RpwoIwFYv0zM,2020-07-24,-33,-15,-55,-52,-13,12
AE,United Arab Emirates,,,,,,ChIJvRKrsd9IXj4RpwoIwFYv0zM,2020-07-25,-25,-8,-46,-46,-11,10
AE,United Arab Emirates,,,,,,ChIJvRKrsd9IXj4RpwoIwFYv0zM,2020-07-26,-21,-3,-41,-43,-22,12
AE,United Arab Emirates,,,,,,ChIJvRKrsd9IXj4RpwoIwFYv0zM,2020-07-27,-21,-3,-41,-43,-22,12
AE,United Arab Emirates,,,,,,ChIJvRKrsd9IXj4RpwoIwFYv0zM,2020-07-28,-19,0,-42,-43,-22,11
AE,United Arab Emirates,,,,,,ChIJvRKrsd9IXj4RpwoIwFYv0zM,2020-07-29,-12,11,-39,-39,-22,9
AE,United Arab Emirates,,,,,,ChIJvRKrsd9IXj4RpwoIwFYv0zM,2020-07-30,-21,13,-46,-51,-58,26
AE,United Arab Emirates,,,,,,ChIJvRKrsd9IXj4RpwoIwFYv0zM,2020-07-31,-31,-15,-46,-47,-22,9
AE,United Arab Emirates,,,,,,ChIJvRKrsd9IXj4RpwoIwFYv0zM,2020-08-01,-22,-6,-29,-49,-53,17
AE,United Arab Emirates,,,,,,ChIJvRKrsd9IXj4RpwoIwFYv0zM,2020-08-02,-15,5,-34,-53,-59,22
AE,United Arab Emirates,,,,,,ChIJvRKrsd9IXj4RpwoIwFYv0zM,2020-08-03,-22,-4,-41,-43,-23,12
AE,United Arab Emirates,,,,,,ChIJvRKrsd9IXj4RpwoIwFYv0zM,2020-08-04,-22,-4,-42,-42,-23,12
AE,United Arab Emirates,,,,,,ChIJvRKrsd9IXj4RpwoIwFYv0zM,2020-08-05,-22,-4,-42,-41,-22,12
AE,United Arab Emirates,,,,,,ChIJvRKrsd9IXj4RpwoIwFYv0zM,2020-08-06,-24,-6,-45,-42,-22,13
AE,United Arab Emirates,,,,,,ChIJvRKrsd9IXj4RpwoIwFYv0zM,2020-08-07,-33,-15,-57,-51,-14,11
AE,United Arab Emirates,,,,,,ChIJvRKrsd9IXj4RpwoIwFYv0zM,2020-08-08,-24,-7,-45,-44,-12,9
AE,United Arab Emirates,,,,,,ChIJvRKrsd9IXj4RpwoIwFYv0zM,2020-08-09,-18,-1,-38,-41,-21,11
AE,United Arab Emirates,,,,,,ChIJvRKrsd9IXj4RpwoIwFYv0zM,2020-08-10,-21,-5,-39,-40,-22,11
AE,United Arab Emirates,,,,,,ChIJvRKrsd9IXj4RpwoIwFYv0zM,2020-08-11,-23,-6,-41,-43,-22,11
AE,United Arab Emirates,,,,,,ChIJvRKrsd9IXj4RpwoIwFYv0zM,2020-08-12,-22,-6,-41,-43,-22,11
AE,United Arab Emirates,,,,,,ChIJvRKrsd9IXj4RpwoIwFYv0zM,2020-08-13,-23,-5,-42,-42,-22,12
AE,United Arab Emirates,,,,,,ChIJvRKrsd9IXj4RpwoIwFYv0zM,2020-08-14,-30,-12,-53,-49,-14,10
AE,United Arab Emirates,,,,,,ChIJvRKrsd9IXj4RpwoIwFYv0zM,2020-08-15,-24,-7,-45,-43,-12,8
AE,United Arab Emirates,,,,,,ChIJvRKrsd9IXj4RpwoIwFYv0zM,2020-08-16,-19,-3,-39,-42,-22,10
AE,United Arab Emirates,,,,,,ChIJvRKrsd9IXj4RpwoIwFYv0zM,2020-08-17,-22,-6,-40,-42,-22,11
AE,United Arab Emirates,,,,,,ChIJvRKrsd9IXj4RpwoIwFYv0zM,2020-08-18,-23,-7,-42,-42,-21,11
AE,United Arab Emirates,,,,,,ChIJvRKrsd9IXj4RpwoIwFYv0zM,2020-08-19,-23,-7,-42,-42,-21,11
AE,United Arab Emirates,,,,,,ChIJvRKrsd9IXj4RpwoIwFYv0zM,2020-08-20,-26,-9,-45,-43,-22,12
AE,United Arab Emirates,,,,,,ChIJvRKrsd9IXj4RpwoIwFYv0zM,2020-08-21,-33,-16,-56,-50,-14,10
AE,United Arab Emirates,,,,,,ChIJvRKrsd9IXj4RpwoIwFYv0zM,2020-08-22,-23,-9,-43,-44,-15,8
AE,United Arab Emirates,,,,,,ChIJvRKrsd9IXj4RpwoIwFYv0zM,2020-08-23,-19,1,-37,-53,-58,22
AE,United Arab Emirates,,,,,,ChIJvRKrsd9IXj4RpwoIwFYv0zM,2020-08-24,-25,-10,-42,-42,-20,10
AE,United Arab Emirates,,,,,,ChIJvRKrsd9IXj4RpwoIwFYv0zM,2020-08-25,-24,-8,-41,-41,-21,10
AE,United Arab Emirates,,,,,,ChIJvRKrsd9IXj4RpwoIwFYv0zM,2020-08-26,-23,-7,-41,-41,-20,10
AE,United Arab Emirates,,,,,,ChIJvRKrsd9IXj4RpwoIwFYv0zM,2020-08-27,-22,-5,-42,-41,-20,11
AE,United Arab Emirates,,,,,,ChIJvRKrsd9IXj4RpwoIwFYv0zM,2020-08-28,-30,-11,-55,-47,-13,10
AE,United Arab Emirates,,,,,,ChIJvRKrsd9IXj4RpwoIwFYv0zM,2020-08-29,-23,-5,-46,-42,-11,8
AE,United Arab Emirates,,,,,,ChIJvRKrsd9IXj4RpwoIwFYv0zM,2020-08-30,-18,2,-38,-40,-21,9
AE,United Arab Emirates,,,,,,ChIJvRKrsd9IXj4RpwoIwFYv0zM,2020-08-31,-21,-3,-40,-41,-22,10
AE,United Arab Emirates,,,,,,ChIJvRKrsd9IXj4RpwoIwFYv0zM,2020-09-01,-22,-3,-40,-40,-21,10
AE,United Arab Emirates,,,,,,ChIJvRKrsd9IXj4RpwoIwFYv0zM,2020-09-02,-22,-4,-40,-41,-21,10
AE,United Arab Emirates,,,,,,ChIJvRKrsd9IXj4RpwoIwFYv0zM,2020-09-03,-22,-3,-40,-41,-21,10
AE,United Arab Emirates,,,,,,ChIJvRKrsd9IXj4RpwoIwFYv0zM,2020-09-04,-27,-8,-50,-45,-15,9
AE,United Arab Emirates,,,,,,ChIJvRKrsd9IXj4RpwoIwFYv0zM,2020-09-05,-21,-3,-42,-42,-13,7
AE,United Arab Emirates,,,,,,ChIJvRKrsd9IXj4RpwoIwFYv0zM,2020-09-06,-18,1,-35,-39,-21,9
AE,United Arab Emirates,,,,,,ChIJvRKrsd9IXj4RpwoIwFYv0zM,2020-09-07,-21,-3,-38,-40,-21,10
AE,United Arab Emirates,,,,,,ChIJvRKrsd9IXj4RpwoIwFYv0zM,2020-09-08,-21,-3,-38,-40,-22,10
AE,United Arab Emirates,,,,,,ChIJvRKrsd9IXj4RpwoIwFYv0zM,2020-09-09,-23,-5,-39,-41,-21,9
AE,United Arab Emirates,,,,,,ChIJvRKrsd9IXj4RpwoIwFYv0zM,2020-09-10,-21,-3,-38,-38,-21,10
AE,United Arab Emirates,,,,,,ChIJvRKrsd9IXj4RpwoIwFYv0zM,2020-09-11,-27,-8,-48,-45,-16,9
AE,United Arab Emirates,,,,,,ChIJvRKrsd9IXj4RpwoIwFYv0zM,2020-09-12,-22,-3,-39,-42,-13,7
AE,United Arab Emirates,,,,,,ChIJvRKrsd9IXj4RpwoIwFYv0zM,2020-09-13,-19,0,-32,-39,-20,9
AE,United Arab Emirates,,,,,,ChIJvRKrsd9IXj4RpwoIwFYv0zM,2020-09-14,-22,-4,-36,-40,-19,10
AE,United Arab Emirates,,,,,,ChIJvRKrsd9IXj4RpwoIwFYv0zM,2020-09-15,-22,-4,-36,-40,-19,10
AE,United Arab Emirates,,,,,,ChIJvRKrsd9IXj4RpwoIwFYv0zM,2020-09-16,-22,-5,-36,-40,-20,10
AE,United Arab Emirates,,,,,,ChIJvRKrsd9IXj4RpwoIwFYv0zM,2020-09-17,-23,-5,-38,-41,-21,11
AE,United Arab Emirates,,,,,,ChIJvRKrsd9IXj4RpwoIwFYv0zM,2020-09-18,-28,-11,-47,-46,-15,10
AE,United Arab Emirates,,,,,,ChIJvRKrsd9IXj4RpwoIwFYv0zM,2020-09-19,-23,-7,-40,-43,-13,8
AE,United Arab Emirates,,,,,,ChIJvRKrsd9IXj4RpwoIwFYv0zM,2020-09-20,-21,-4,-35,-40,-19,10
AE,United Arab Emirates,,,,,,ChIJvRKrsd9IXj4RpwoIwFYv0zM,2020-09-21,-24,-7,-38,-41,-21,10
AE,United Arab Emirates,,,,,,ChIJvRKrsd9IXj4RpwoIwFYv0zM,2020-09-22,-26,-8,-41,-42,-20,10
AE,United Arab Emirates,,,,,,ChIJvRKrsd9IXj4RpwoIwFYv0zM,2020-09-23,-27,-9,-44,-43,-20,11
AE,United Arab Emirates,,,,,,ChIJvRKrsd9IXj4RpwoIwFYv0zM,2020-09-24,-26,-8,-43,-43,-20,12
AE,United Arab Emirates,,,,,,ChIJvRKrsd9IXj4RpwoIwFYv0zM,2020-09-25,-31,-12,-49,-47,-15,10
AE,United Arab Emirates,,,,,,ChIJvRKrsd9IXj4RpwoIwFYv0zM,2020-09-26,-26,-7,-45,-43,-12,8
AE,United Arab Emirates,,,,,,ChIJvRKrsd9IXj4RpwoIwFYv0zM,2020-09-27,-22,-3,-41,-40,-19,10
AE,United Arab Emirates,,,,,,ChIJvRKrsd9IXj4RpwoIwFYv0zM,2020-09-28,-25,-7,-44,-41,-19,11
AE,United Arab Emirates,,,,,,ChIJvRKrsd9IXj4RpwoIwFYv0zM,2020-09-29,-24,-5,-42,-40,-19,10
AE,United Arab Emirates,,,,,,ChIJvRKrsd9IXj4RpwoIwFYv0zM,2020-09-30,-23,-2,-41,-38,-20,9
AE,United Arab Emirates,,,,,,ChIJvRKrsd9IXj4RpwoIwFYv0zM,2020-10-01,-22,0,-38,-38,-20,9
AE,United Arab Emirates,,,,,,ChIJvRKrsd9IXj4RpwoIwFYv0zM,2020-10-02,-26,-5,-44,-40,-16,8
AE,United Arab Emirates,,,,,,ChIJvRKrsd9IXj4RpwoIwFYv0zM,2020-10-03,-22,-1,-40,-38,-14,6
AE,United Arab Emirates,,,,,,ChIJvRKrsd9IXj4RpwoIwFYv0zM,2020-10-04,-20,1,-34,-35,-20,8
AE,United Arab Emirates,,,,,,ChIJvRKrsd9IXj4RpwoIwFYv0zM,2020-10-05,-23,-3,-38,-38,-21,9
AE,United Arab Emirates,,,,,,ChIJvRKrsd9IXj4RpwoIwFYv0zM,2020-10-06,-23,-3,-38,-38,-21,8
AE,United Arab Emirates,,,,,,ChIJvRKrsd9IXj4RpwoIwFYv0zM,2020-10-07,-24,-3,-38,-38,-20,9
AE,United Arab Emirates,,,,,,ChIJvRKrsd9IXj4RpwoIwFYv0zM,2020-10-08,-23,-2,-36,-37,-19,10
AE,United Arab Emirates,,,,,,ChIJvRKrsd9IXj4RpwoIwFYv0zM,2020-10-09,-27,-7,-41,-42,-15,8
AE,United Arab Emirates,,,,,,ChIJvRKrsd9IXj4RpwoIwFYv0zM,2020-10-10,-24,-5,-37,-39,-12,8
AE,United Arab Emirates,,,,,,ChIJvRKrsd9IXj4RpwoIwFYv0zM,2020-10-11,-21,0,-32,-37,-18,10
AE,United Arab Emirates,,,,,,ChIJvRKrsd9IXj4RpwoIwFYv0zM,2020-10-12,-24,-4,-34,-38,-19,10
AE,United Arab Emirates,,,,,,ChIJvRKrsd9IXj4RpwoIwFYv0zM,2020-10-13,-24,-3,-34,-38,-19,10
AE,United Arab Emirates,,,,,,ChIJvRKrsd9IXj4RpwoIwFYv0zM,2020-10-14,-23,-3,-36,-37,-19,10
AE,United Arab Emirates,,,,,,ChIJvRKrsd9IXj4RpwoIwFYv0zM,2020-10-15,-22,-1,-34,-35,-19,10
AE,United Arab Emirates,,,,,,ChIJvRKrsd9IXj4RpwoIwFYv0zM,2020-10-16,-26,-5,-36,-40,-15,9
AE,United Arab Emirates,,,,,,ChIJvRKrsd9IXj4RpwoIwFYv0zM,2020-10-17,-23,-4,-36,-38,-12,8
AE,United Arab Emirates,,,,,,ChIJvRKrsd9IXj4RpwoIwFYv0zM,2020-10-18,-20,-1,-32,-36,-20,10
AE,United Arab Emirates,,,,,,ChIJvRKrsd9IXj4RpwoIwFYv0zM,2020-10-19,-23,-4,-35,-36,-20,10
AE,United Arab Emirates,,,,,,ChIJvRKrsd9IXj4RpwoIwFYv0zM,2020-10-20,-23,-5,-33,-37,-20,10
AE,United Arab Emirates,,,,,,ChIJvRKrsd9IXj4RpwoIwFYv0zM,2020-10-21,-22,-3,-31,-37,-20,10
AE,United Arab Emirates,,,,,,ChIJvRKrsd9IXj4RpwoIwFYv0zM,2020-10-22,-21,-1,-25,-35,-19,10
AE,United Arab Emirates,,,,,,ChIJvRKrsd9IXj4RpwoIwFYv0zM,2020-10-23,-26,-5,-28,-40,-14,8
AE,United Arab Emirates,,,,,,ChIJvRKrsd9IXj4RpwoIwFYv0zM,2020-10-24,-23,-4,-29,-38,-11,7
AE,United Arab Emirates,,,,,,ChIJvRKrsd9IXj4RpwoIwFYv0zM,2020-10-25,-18,1,-25,-35,-18,9
AE,United Arab Emirates,,,,,,ChIJvRKrsd9IXj4RpwoIwFYv0zM,2020-10-26,-20,-1,-28,-35,-18,9
AE,United Arab Emirates,,,,,,ChIJvRKrsd9IXj4RpwoIwFYv0zM,2020-10-27,-19,0,-28,-35,-19,9
AE,United Arab Emirates,,,,,,ChIJvRKrsd9IXj4RpwoIwFYv0zM,2020-10-28,-13,7,-24,-32,-18,6
AE,United Arab Emirates,,,,,,ChIJvRKrsd9IXj4RpwoIwFYv0zM,2020-10-29,-15,8,-4,-45,-59,20
AE,United Arab Emirates,,,,,,ChIJvRKrsd9IXj4RpwoIwFYv0zM,2020-10-30,-24,-7,-24,-40,-16,6
AE,United Arab Emirates,,,,,,ChIJvRKrsd9IXj4RpwoIwFYv0zM,2020-10-31,-22,-4,-30,-39,-12,6
AE,United Arab Emirates,,,,,,ChIJvRKrsd9IXj4RpwoIwFYv0zM,2020-11-01,-17,3,-27,-35,-18,8
AE,United Arab Emirates,,,,,,ChIJvRKrsd9IXj4RpwoIwFYv0zM,2020-11-02,-19,0,-31,-36,-19,9
AE,United Arab Emirates,,,,,,ChIJvRKrsd9IXj4RpwoIwFYv0zM,2020-11-03,-19,0,-30,-36,-19,9
AE,United Arab Emirates,,,,,,ChIJvRKrsd9IXj4RpwoIwFYv0zM,2020-11-04,-20,-1,-31,-36,-19,9
AE,United Arab Emirates,,,,,,ChIJvRKrsd9IXj4RpwoIwFYv0zM,2020-11-05,-20,0,-29,-35,-19,9
AE,United Arab Emirates,,,,,,ChIJvRKrsd9IXj4RpwoIwFYv0zM,2020-11-06,-23,-4,-28,-38,-15,7
AE,United Arab Emirates,,,,,,ChIJvRKrsd9IXj4RpwoIwFYv0zM,2020-11-07,-20,-3,-30,-38,-12,7
AE,United Arab Emirates,,,,,,ChIJvRKrsd9IXj4RpwoIwFYv0zM,2020-11-08,-18,0,-28,-35,-18,9
AE,United Arab Emirates,,,,,,ChIJvRKrsd9IXj4RpwoIwFYv0zM,2020-11-09,-20,-2,-32,-36,-19,9
AE,United Arab Emirates,,,,,,ChIJvRKrsd9IXj4RpwoIwFYv0zM,2020-11-10,-20,-2,-32,-36,-19,9
AE,United Arab Emirates,,,,,,ChIJvRKrsd9IXj4RpwoIwFYv0zM,2020-11-11,-19,0,-31,-35,-19,9
AE,United Arab Emirates,,,,,,ChIJvRKrsd9IXj4RpwoIwFYv0zM,2020-11-12,-18,1,-28,-34,-19,9
AE,United Arab Emirates,,,,,,ChIJvRKrsd9IXj4RpwoIwFYv0zM,2020-11-13,-21,0,-26,-37,-13,6
AE,United Arab Emirates,,,,,,ChIJvRKrsd9IXj4RpwoIwFYv0zM,2020-11-14,-18,-1,-28,-37,-13,7
AE,United Arab Emirates,,,,,,ChIJvRKrsd9IXj4RpwoIwFYv0zM,2020-11-15,-17,1,-25,-34,-19,9
AE,United Arab Emirates,,,,,,ChIJvRKrsd9IXj4RpwoIwFYv0zM,2020-11-16,-20,-4,-29,-35,-19,9
AE,United Arab Emirates,,,,,,ChIJvRKrsd9IXj4RpwoIwFYv0zM,2020-11-17,-21,-4,-29,-36,-19,9
AE,United Arab Emirates,,,,,,ChIJvRKrsd9IXj4RpwoIwFYv0zM,2020-11-18,-21,-3,-31,-36,-18,9
AE,United Arab Emirates,,,,,,ChIJvRKrsd9IXj4RpwoIwFYv0zM,2020-11-19,-20,-2,-29,-36,-18,9
AE,United Arab Emirates,,,,,,ChIJvRKrsd9IXj4RpwoIwFYv0zM,2020-11-20,-23,-6,-29,-39,-13,7
AE,United Arab Emirates,,,,,,ChIJvRKrsd9IXj4RpwoIwFYv0zM,2020-11-21,-21,-5,-32,-38,-11,7
AE,United Arab Emirates,,,,,,ChIJvRKrsd9IXj4RpwoIwFYv0zM,2020-11-22,-18,-2,-29,-35,-18,9
AE,United Arab Emirates,,,,,,ChIJvRKrsd9IXj4RpwoIwFYv0zM,2020-11-23,-21,-6,-32,-37,-18,9
AE,United Arab Emirates,,,,,,ChIJvRKrsd9IXj4RpwoIwFYv0zM,2020-11-24,-21,-5,-32,-37,-19,9
AE,United Arab Emirates,,,,,,ChIJvRKrsd9IXj4RpwoIwFYv0zM,2020-11-25,-20,-3,-33,-35,-18,9
AE,United Arab Emirates,,,,,,ChIJvRKrsd9IXj4RpwoIwFYv0zM,2020-11-26,-18,0,-30,-33,-18,9
AE,United Arab Emirates,,,,,,ChIJvRKrsd9IXj4RpwoIwFYv0zM,2020-11-27,-20,-3,-30,-35,-11,6
AE,United Arab Emirates,,,,,,ChIJvRKrsd9IXj4RpwoIwFYv0zM,2020-11-28,-17,-1,-32,-35,-10,6
AE,United Arab Emirates,,,,,,ChIJvRKrsd9IXj4RpwoIwFYv0zM,2020-11-29,-13,4,-27,-32,-18,8
AE,United Arab Emirates,,,,,,ChIJvRKrsd9IXj4RpwoIwFYv0zM,2020-11-30,-10,7,-25,-30,-18,6
AE,United Arab Emirates,,,,,,ChIJvRKrsd9IXj4RpwoIwFYv0zM,2020-12-01,-2,19,7,-38,-55,15
AE,United Arab Emirates,,,,,,ChIJvRKrsd9IXj4RpwoIwFYv0zM,2020-12-02,-2,19,31,-39,-64,18
AE,United Arab Emirates,,,,,,ChIJvRKrsd9IXj4RpwoIwFYv0zM,2020-12-03,-14,5,5,-42,-59,19
AE,United Arab Emirates,,,,,,ChIJvRKrsd9IXj4RpwoIwFYv0zM,2020-12-04,-24,-7,-24,-37,-13,6
AE,United Arab Emirates,,,,,,ChIJvRKrsd9IXj4RpwoIwFYv0zM,2020-12-05,-20,-4,-31,-36,-10,6
AE,United Arab Emirates,,,,,,ChIJvRKrsd9IXj4RpwoIwFYv0zM,2020-12-06,-15,2,-27,-32,-17,8
AE,United Arab Emirates,,,,,,ChIJvRKrsd9IXj4RpwoIwFYv0zM,2020-12-07,-17,0,-30,-34,-19,8
AE,United Arab Emirates,,,,,,ChIJvRKrsd9IXj4RpwoIwFYv0zM,2020-12-08,-18,-1,-29,-34,-17,8
AE,United Arab Emirates,,,,,,ChIJvRKrsd9IXj4RpwoIwFYv0zM,2020-12-09,-17,-1,-29,-34,-18,8
AE,United Arab Emirates,,,,,,ChIJvRKrsd9IXj4RpwoIwFYv0zM,2020-12-10,-18,0,-25,-32,-18,9
AE,United Arab Emirates,,,,,,ChIJvRKrsd9IXj4RpwoIwFYv0zM,2020-12-11,-21,-1,-22,-33,-10,6
AE,United Arab Emirates,,,,,,ChIJvRKrsd9IXj4RpwoIwFYv0zM,2020-12-12,-18,-1,-24,-33,-10,6
AE,United Arab Emirates,,,,,,ChIJvRKrsd9IXj4RpwoIwFYv0zM,2020-12-13,-12,3,-17,-30,-20,8
AE,United Arab Emirates,,,,,,ChIJvRKrsd9IXj4RpwoIwFYv0zM,2020-12-14,-15,-1,-22,-32,-20,8
AE,United Arab Emirates,,,,,,ChIJvRKrsd9IXj4RpwoIwFYv0zM,2020-12-15,-15,1,-22,-32,-21,8
AE,United Arab Emirates,,,,,,ChIJvRKrsd9IXj4RpwoIwFYv0zM,2020-12-16,-15,1,-23,-31,-20,8
AE,United Arab Emirates,,,,,,ChIJvRKrsd9IXj4RpwoIwFYv0zM,2020-12-17,-16,1,-22,-30,-20,9
AE,United Arab Emirates,,,,,,ChIJvRKrsd9IXj4RpwoIwFYv0zM,2020-12-18,-19,-1,-20,-30,-10,6
AE,United Arab Emirates,,,,,,ChIJvRKrsd9IXj4RpwoIwFYv0zM,2020-12-19,-17,-2,-22,-31,-10,6
AE,United Arab Emirates,,,,,,ChIJvRKrsd9IXj4RpwoIwFYv0zM,2020-12-20,-11,4,-15,-28,-21,8
AE,United Arab Emirates,,,,,,ChIJvRKrsd9IXj4RpwoIwFYv0zM,2020-12-21,-13,1,-20,-30,-21,8
AE,United Arab Emirates,,,,,,ChIJvRKrsd9IXj4RpwoIwFYv0zM,2020-12-22,-14,1,-21,-32,-22,8
AE,United Arab Emirates,,,,,,ChIJvRKrsd9IXj4RpwoIwFYv0zM,2020-12-23,-12,5,-21,-30,-21,8
AE,United Arab Emirates,,,,,,ChIJvRKrsd9IXj4RpwoIwFYv0zM,2020-12-24,-13,7,-21,-30,-23,9
AE,United Arab Emirates,,,,,,ChIJvRKrsd9IXj4RpwoIwFYv0zM,2020-12-25,-19,-4,-20,-32,-12,5
AE,United Arab Emirates,,,,,,ChIJvRKrsd9IXj4RpwoIwFYv0zM,2020-12-26,-16,-1,-22,-31,-11,5
AE,United Arab Emirates,,,,,,ChIJvRKrsd9IXj4RpwoIwFYv0zM,2020-12-27,-9,5,-16,-29,-22,8
AE,United Arab Emirates,,,,,,ChIJvRKrsd9IXj4RpwoIwFYv0zM,2020-12-28,-10,4,-19,-31,-22,8
AE,United Arab Emirates,,,,,,ChIJvRKrsd9IXj4RpwoIwFYv0zM,2020-12-29,-10,4,-17,-32,-23,8
AE,United Arab Emirates,,,,,,ChIJvRKrsd9IXj4RpwoIwFYv0zM,2020-12-30,-7,9,-18,-29,-21,8
AE,United Arab Emirates,,,,,,ChIJvRKrsd9IXj4RpwoIwFYv0zM,2020-12-31,-10,11,3,-30,-25,10
AE,United Arab Emirates,,,,,,ChIJvRKrsd9IXj4RpwoIwFYv0zM,2021-01-01,-18,-2,-14,-31,-16,5
AE,United Arab Emirates,,,,,,ChIJvRKrsd9IXj4RpwoIwFYv0zM,2021-01-02,-16,2,-24,-32,-11,6
AE,United Arab Emirates,,,,,,ChIJvRKrsd9IXj4RpwoIwFYv0zM,2021-01-03,-12,6,-22,-28,-18,9
AE,United Arab Emirates,,,,,,ChIJvRKrsd9IXj4RpwoIwFYv0zM,2021-01-04,-16,2,-28,-31,-18,9
AE,United Arab Emirates,,,,,,ChIJvRKrsd9IXj4RpwoIwFYv0zM,2021-01-05,-17,1,-28,-32,-18,8
AE,United Arab Emirates,,,,,,ChIJvRKrsd9IXj4RpwoIwFYv0zM,2021-01-06,-16,2,-29,-31,-18,9
AE,United Arab Emirates,,,,,,ChIJvRKrsd9IXj4RpwoIwFYv0zM,2021-01-07,-17,1,-28,-32,-18,10
AE,United Arab Emirates,,,,,,ChIJvRKrsd9IXj4RpwoIwFYv0zM,2021-01-08,-19,0,-25,-32,-11,6
AE,United Arab Emirates,,,,,,ChIJvRKrsd9IXj4RpwoIwFYv0zM,2021-01-09,-17,0,-27,-31,-10,6
AE,United Arab Emirates,,,,,,ChIJvRKrsd9IXj4RpwoIwFYv0zM,2021-01-10,-14,4,-26,-28,-18,8
AE,United Arab Emirates,,,,,,ChIJvRKrsd9IXj4RpwoIwFYv0zM,2021-01-11,-17,1,-29,-31,-18,8
AE,United Arab Emirates,,,,,,ChIJvRKrsd9IXj4RpwoIwFYv0zM,2021-01-12,-18,-1,-29,-33,-19,8
AE,United Arab Emirates,,,,,,ChIJvRKrsd9IXj4RpwoIwFYv0zM,2021-01-13,-18,-1,-31,-34,-20,7
AE,United Arab Emirates,,,,,,ChIJvRKrsd9IXj4RpwoIwFYv0zM,2021-01-14,-19,-3,-28,-34,-23,7
AE,United Arab Emirates,,,,,,ChIJvRKrsd9IXj4RpwoIwFYv0zM,2021-01-15,-22,-6,-22,-36,-19,4
AE,United Arab Emirates,,,,,,ChIJvRKrsd9IXj4RpwoIwFYv0zM,2021-01-16,-21,-7,-29,-36,-18,5
AE,United Arab Emirates,,,,,,ChIJvRKrsd9IXj4RpwoIwFYv0zM,2021-01-17,-18,-3,-28,-34,-24,7
AE,United Arab Emirates,,,,,,ChIJvRKrsd9IXj4RpwoIwFYv0zM,2021-01-18,-21,-6,-31,-36,-24,8
AE,United Arab Emirates,,,,,,ChIJvRKrsd9IXj4RpwoIwFYv0zM,2021-01-19,-22,-7,-30,-37,-25,8
AE,United Arab Emirates,,,,,,ChIJvRKrsd9IXj4RpwoIwFYv0zM,2021-01-20,-22,-6,-31,-35,-24,8
AE,United Arab Emirates,,,,,,ChIJvRKrsd9IXj4RpwoIwFYv0zM,2021-01-21,-22,-6,-29,-35,-24,9
AE,United Arab Emirates,,,,,,ChIJvRKrsd9IXj4RpwoIwFYv0zM,2021-01-22,-24,-7,-24,-37,-17,6
AE,United Arab Emirates,,,,,,ChIJvRKrsd9IXj4RpwoIwFYv0zM,2021-01-23,-22,-7,-32,-36,-16,6
AE,United Arab Emirates,,,,,,ChIJvRKrsd9IXj4RpwoIwFYv0zM,2021-01-24,-19,-3,-28,-34,-23,9
AE,United Arab Emirates,,,,,,ChIJvRKrsd9IXj4RpwoIwFYv0zM,2021-01-25,-22,-6,-31,-35,-24,9
AE,United Arab Emirates,,,,,,ChIJvRKrsd9IXj4RpwoIwFYv0zM,2021-01-26,-21,-6,-31,-36,-25,9
AE,United Arab Emirates,,,,,,ChIJvRKrsd9IXj4RpwoIwFYv0zM,2021-01-27,-20,-3,-32,-35,-24,9
AE,United Arab Emirates,,,,,,ChIJvRKrsd9IXj4RpwoIwFYv0zM,2021-01-28,-18,0,-28,-34,-24,9
AE,United Arab Emirates,,,,,,ChIJvRKrsd9IXj4RpwoIwFYv0zM,2021-01-29,-20,0,-25,-35,-16,5
AE,United Arab Emirates,,,,,,ChIJvRKrsd9IXj4RpwoIwFYv0zM,2021-01-30,-16,1,-29,-34,-15,5
AE,United Arab Emirates,,,,,,ChIJvRKrsd9IXj4RpwoIwFYv0zM,2021-01-31,-14,6,-29,-33,-22,7
AE,United Arab Emirates,,,,,,ChIJvRKrsd9IXj4RpwoIwFYv0zM,2021-02-01,-16,3,-31,-35,-24,8
AE,United Arab Emirates,,,,,,ChIJvRKrsd9IXj4RpwoIwFYv0zM,2021-02-02,-16,3,-30,-36,-24,8
AE,United Arab Emirates,,,,,,ChIJvRKrsd9IXj4RpwoIwFYv0zM,2021-02-03,-19,-2,-33,-38,-24,8
AE,United Arab Emirates,,,,,,ChIJvRKrsd9IXj4RpwoIwFYv0zM,2021-02-04,-21,-3,-31,-38,-25,9
AE,United Arab Emirates,,,,,,ChIJvRKrsd9IXj4RpwoIwFYv0zM,2021-02-05,-23,-3,-26,-38,-18,5
AE,United Arab Emirates,,,,,,ChIJvRKrsd9IXj4RpwoIwFYv0zM,2021-02-06,-21,-4,-30,-38,-16,5
AE,United Arab Emirates,,,,,,ChIJvRKrsd9IXj4RpwoIwFYv0zM,2021-02-07,-18,-2,-29,-37,-24,8
AE,United Arab Emirates,,,,,,ChIJvRKrsd9IXj4RpwoIwFYv0zM,2021-02-08,-19,-3,-32,-37,-25,8
AE,United Arab Emirates,,,,,,ChIJvRKrsd9IXj4RpwoIwFYv0zM,2021-02-09,-18,1,-30,-36,-25,8
AE,United Arab Emirates,,,,,,ChIJvRKrsd9IXj4RpwoIwFYv0zM,2021-02-10,-18,1,-31,-35,-24,8
AE,United Arab Emirates,,,,,,ChIJvRKrsd9IXj4RpwoIwFYv0zM,2021-02-11,-18,1,-28,-35,-24,9
AE,United Arab Emirates,,,,,,ChIJvRKrsd9IXj4RpwoIwFYv0zM,2021-02-12,-20,-1,-24,-35,-16,5
AE,United Arab Emirates,,,,,,ChIJvRKrsd9IXj4RpwoIwFYv0zM,2021-02-13,-16,0,-28,-34,-15,5
AE,United Arab Emirates,,,,,,ChIJvRKrsd9IXj4RpwoIwFYv0zM,2021-02-14,-9,7,-23,-32,-22,8
AE,United Arab Emirates,,,,,,ChIJvRKrsd9IXj4RpwoIwFYv0zM,2021-02-15,-16,1,-29,-34,-24,8
AE,United Arab Emirates,,,,,,ChIJvRKrsd9IXj4RpwoIwFYv0zM,2021-02-16,-16,2,-26,-35,-24,8
AE,United Arab Emirates,,,,,,ChIJvRKrsd9IXj4RpwoIwFYv0zM,2021-02-17,-15,4,-27,-33,-23,8
AE,United Arab Emirates,,,,,,ChIJvRKrsd9IXj4RpwoIwFYv0zM,2021-02-18,-16,4,-24,-32,-23,9
AE,United Arab Emirates,,,,,,ChIJvRKrsd9IXj4RpwoIwFYv0zM,2021-02-19,-19,2,-20,-33,-14,5
AE,United Arab Emirates,,,,,,ChIJvRKrsd9IXj4RpwoIwFYv0zM,2021-02-20,-16,3,-25,-32,-13,5
AE,United Arab Emirates,,,,,,ChIJvRKrsd9IXj4RpwoIwFYv0zM,2021-02-21,-12,6,-23,-30,-21,7
AE,United Arab Emirates,,,,,,ChIJvRKrsd9IXj4RpwoIwFYv0zM,2021-02-22,-16,2,-28,-33,-21,8
AE,United Arab Emirates,,,,,,ChIJvRKrsd9IXj4RpwoIwFYv0zM,2021-02-23,-16,2,-27,-33,-21,8
AE,United Arab Emirates,,,,,,ChIJvRKrsd9IXj4RpwoIwFYv0zM,2021-02-24,-15,3,-28,-33,-21,8
AE,United Arab Emirates,,,,,,ChIJvRKrsd9IXj4RpwoIwFYv0zM,2021-02-25,-13,6,-24,-31,-21,8
AE,United Arab Emirates,,,,,,ChIJvRKrsd9IXj4RpwoIwFYv0zM,2021-02-26,-16,5,-21,-32,-13,5
AE,United Arab Emirates,,,,,,ChIJvRKrsd9IXj4RpwoIwFYv0zM,2021-02-27,-12,8,-25,-30,-12,4
AE,United Arab Emirates,,,,,,ChIJvRKrsd9IXj4RpwoIwFYv0zM,2021-02-28,-8,14,-23,-27,-19,6
AE,United Arab Emirates,,,,,,ChIJvRKrsd9IXj4RpwoIwFYv0zM,2021-03-01,-11,11,-26,-29,-20,7
AE,United Arab Emirates,,,,,,ChIJvRKrsd9IXj4RpwoIwFYv0zM,2021-03-02,-11,12,-25,-30,-21,7
AE,United Arab Emirates,,,,,,ChIJvRKrsd9IXj4RpwoIwFYv0zM,2021-03-03,-11,11,-27,-30,-20,7
AE,United Arab Emirates,,,,,,ChIJvRKrsd9IXj4RpwoIwFYv0zM,2021-03-04,-11,10,-23,-29,-20,8
AE,United Arab Emirates,,,,,,ChIJvRKrsd9IXj4RpwoIwFYv0zM,2021-03-05,-13,9,-20,-29,-13,5
AE,United Arab Emirates,,,,,,ChIJvRKrsd9IXj4RpwoIwFYv0zM,2021-03-06,-11,9,-24,-29,-12,4
AE,United Arab Emirates,,,,,,ChIJvRKrsd9IXj4RpwoIwFYv0zM,2021-03-07,-8,12,-22,-27,-19,7
AE,United Arab Emirates,,,,,,ChIJvRKrsd9IXj4RpwoIwFYv0zM,2021-03-08,-11,8,-26,-30,-20,7
AE,United Arab Emirates,,,,,,ChIJvRKrsd9IXj4RpwoIwFYv0zM,2021-03-09,-12,8,-24,-30,-20,7
AE,United Arab Emirates,,,,,,ChIJvRKrsd9IXj4RpwoIwFYv0zM,2021-03-10,-11,10,-26,-28,-19,7
AE,United Arab Emirates,,,,,,ChIJvRKrsd9IXj4RpwoIwFYv0zM,2021-03-11,-12,10,-22,-27,-19,8
AE,United Arab Emirates,,,,,,ChIJvRKrsd9IXj4RpwoIwFYv0zM,2021-03-12,-13,8,-20,-30,-12,5
AE,United Arab Emirates,,,,,,ChIJvRKrsd9IXj4RpwoIwFYv0zM,2021-03-13,-11,9,-26,-29,-11,4
AE,United Arab Emirates,,,,,,ChIJvRKrsd9IXj4RpwoIwFYv0zM,2021-03-14,-8,13,-21,-26,-18,7
AE,United Arab Emirates,,,,,,ChIJvRKrsd9IXj4RpwoIwFYv0zM,2021-03-15,-11,9,-25,-28,-18,7
AE,United Arab Emirates,,,,,,ChIJvRKrsd9IXj4RpwoIwFYv0zM,2021-03-16,-12,9,-23,-28,-19,7
AE,United Arab Emirates,,,,,,ChIJvRKrsd9IXj4RpwoIwFYv0zM,2021-03-17,-11,10,-25,-27,-17,7
AE,United Arab Emirates,,,,,,ChIJvRKrsd9IXj4RpwoIwFYv0zM,2021-03-18,-11,10,-22,-26,-17,8
AE,United Arab Emirates,,,,,,ChIJvRKrsd9IXj4RpwoIwFYv0zM,2021-03-19,-13,9,-20,-28,-10,5
AE,United Arab Emirates,,,,,,ChIJvRKrsd9IXj4RpwoIwFYv0zM,2021-03-20,-11,9,-23,-26,-9,4
AE,United Arab Emirates,,,,,,ChIJvRKrsd9IXj4RpwoIwFYv0zM,2021-03-21,-7,14,-21,-24,-16,7
AE,United Arab Emirates,,,,,,ChIJvRKrsd9IXj4RpwoIwFYv0zM,2021-03-22,-11,9,-24,-27,-17,7
AE,United Arab Emirates,,,,,,ChIJvRKrsd9IXj4RpwoIwFYv0zM,2021-03-23,-11,8,-23,-28,-17,7
AE,United Arab Emirates,,,,,,ChIJvRKrsd9IXj4RpwoIwFYv0zM,2021-03-24,-10,10,-25,-26,-17,7
AE,United Arab Emirates,,,,,,ChIJvRKrsd9IXj4RpwoIwFYv0zM,2021-03-25,-9,13,-22,-25,-19,8
AE,United Arab Emirates,,,,,,ChIJvRKrsd9IXj4RpwoIwFYv0zM,2021-03-26,-12,9,-23,-26,-10,5
AE,United Arab Emirates,,,,,,ChIJvRKrsd9IXj4RpwoIwFYv0zM,2021-03-27,-8,11,-23,-25,-9,4
AE,United Arab Emirates,,,,,,ChIJvRKrsd9IXj4RpwoIwFYv0zM,2021-03-28,-4,17,-17,-23,-18,6
AE,United Arab Emirates,,,,,,ChIJvRKrsd9IXj4RpwoIwFYv0zM,2021-03-29,-6,14,-20,-25,-19,7
AE,United Arab Emirates,,,,,,ChIJvRKrsd9IXj4RpwoIwFYv0zM,2021-03-30,-6,14,-19,-24,-19,6
AE,United Arab Emirates,,,,,,ChIJvRKrsd9IXj4RpwoIwFYv0zM,2021-03-31,-4,16,-20,-22,-19,6
AE,United Arab Emirates,,,,,,ChIJvRKrsd9IXj4RpwoIwFYv0zM,2021-04-01,-6,16,-19,-22,-18,7
AE,United Arab Emirates,,,,,,ChIJvRKrsd9IXj4RpwoIwFYv0zM,2021-04-02,-9,14,-20,-24,-9,4
AE,United Arab Emirates,,,,,,ChIJvRKrsd9IXj4RpwoIwFYv0zM,2021-04-03,-5,17,-21,-23,-8,3
AE,United Arab Emirates,,,,,,ChIJvRKrsd9IXj4RpwoIwFYv0zM,2021-04-04,1,23,-12,-20,-20,6
AE,United Arab Emirates,,,,,,ChIJvRKrsd9IXj4RpwoIwFYv0zM,2021-04-05,-4,17,-17,-23,-18,6
AE,United Arab Emirates,,,,,,ChIJvRKrsd9IXj4RpwoIwFYv0zM,2021-04-06,-4,16,-16,-24,-18,6
AE,United Arab Emirates,,,,,,ChIJvRKrsd9IXj4RpwoIwFYv0zM,2021-04-07,-4,17,-17,-23,-18,6
AE,United Arab Emirates,,,,,,ChIJvRKrsd9IXj4RpwoIwFYv0zM,2021-04-08,-5,16,-16,-21,-18,7
AE,United Arab Emirates,,,,,,ChIJvRKrsd9IXj4RpwoIwFYv0zM,2021-04-09,-9,14,-18,-24,-8,4
AE,United Arab Emirates,,,,,,ChIJvRKrsd9IXj4RpwoIwFYv0zM,2021-04-10,-5,16,-21,-23,-7,3
AE,United Arab Emirates,,,,,,ChIJvRKrsd9IXj4RpwoIwFYv0zM,2021-04-11,-1,23,-17,-20,-15,5
AE,United Arab Emirates,,,,,,ChIJvRKrsd9IXj4RpwoIwFYv0zM,2021-04-12,-2,30,-24,-23,-15,5
AE,United Arab Emirates,,,,,,ChIJvRKrsd9IXj4RpwoIwFYv0zM,2021-04-13,-21,22,-33,-29,-18,13
AE,United Arab Emirates,,,,,,ChIJvRKrsd9IXj4RpwoIwFYv0zM,2021-04-14,-20,15,-32,-28,-18,13
AE,United Arab Emirates,,,,,,ChIJvRKrsd9IXj4RpwoIwFYv0zM,2021-04-15,-20,12,-30,-28,-17,14
AE,United Arab Emirates,,,,,,ChIJvRKrsd9IXj4RpwoIwFYv0zM,2021-04-16,-25,6,-42,-36,-9,10
AE,United Arab Emirates,,,,,,ChIJvRKrsd9IXj4RpwoIwFYv0zM,2021-04-17,-19,10,-32,-30,-8,10
AE,United Arab Emirates,,,,,,ChIJvRKrsd9IXj4RpwoIwFYv0zM,2021-04-18,-14,18,-23,-25,-15,12
AE,United Arab Emirates,,,,,,ChIJvRKrsd9IXj4RpwoIwFYv0zM,2021-04-19,-17,15,-27,-28,-16,13
AE,United Arab Emirates,,,,,,ChIJvRKrsd9IXj4RpwoIwFYv0zM,2021-04-20,-16,15,-26,-28,-16,13
AE,United Arab Emirates,,,,,,ChIJvRKrsd9IXj4RpwoIwFYv0zM,2021-04-21,-16,15,-28,-27,-16,13
AE,United Arab Emirates,,,,,,ChIJvRKrsd9IXj4RpwoIwFYv0zM,2021-04-22,-17,13,-26,-28,-16,14
AE,United Arab Emirates,,,,,,ChIJvRKrsd9IXj4RpwoIwFYv0zM,2021-04-23,-23,6,-39,-35,-8,10
AE,United Arab Emirates,,,,,,ChIJvRKrsd9IXj4RpwoIwFYv0zM,2021-04-24,-18,9,-31,-28,-7,10
AE,United Arab Emirates,,,,,,ChIJvRKrsd9IXj4RpwoIwFYv0zM,2021-04-25,-12,18,-22,-27,-14,12
AE,United Arab Emirates,,,,,,ChIJvRKrsd9IXj4RpwoIwFYv0zM,2021-04-26,-14,16,-25,-29,-15,13
AE,United Arab Emirates,,,,,,ChIJvRKrsd9IXj4RpwoIwFYv0zM,2021-04-27,-14,17,-26,-30,-15,12
AE,United Arab Emirates,,,,,,ChIJvRKrsd9IXj4RpwoIwFYv0zM,2021-04-28,-13,19,-28,-29,-15,12
AE,United Arab Emirates,,,,,,ChIJvRKrsd9IXj4RpwoIwFYv0zM,2021-04-29,-12,18,-26,-27,-15,13
AE,United Arab Emirates,,,,,,ChIJvRKrsd9IXj4RpwoIwFYv0zM,2021-04-30,-17,14,-38,-33,-6,9
AE,United Arab Emirates,,,,,,ChIJvRKrsd9IXj4RpwoIwFYv0zM,2021-05-01,-11,18,-28,-29,-7,9
AE,United Arab Emirates,,,,,,ChIJvRKrsd9IXj4RpwoIwFYv0zM,2021-05-02,-7,25,-19,-25,-15,12
AE,United Arab Emirates,,,,,,ChIJvRKrsd9IXj4RpwoIwFYv0zM,2021-05-03,-9,23,-26,-27,-15,12
AE,United Arab Emirates,,,,,,ChIJvRKrsd9IXj4RpwoIwFYv0zM,2021-05-04,-10,22,-27,-27,-16,12
AE,United Arab Emirates,,,,,,ChIJvRKrsd9IXj4RpwoIwFYv0zM,2021-05-05,-9,23,-28,-27,-15,12
AE,United Arab Emirates,,,,,,ChIJvRKrsd9IXj4RpwoIwFYv0zM,2021-05-06,-11,20,-28,-27,-16,13
AE,United Arab Emirates,,,,,,ChIJvRKrsd9IXj4RpwoIwFYv0zM,2021-05-07,-16,15,-42,-33,-5,9
AE,United Arab Emirates,,,,,,ChIJvRKrsd9IXj4RpwoIwFYv0zM,2021-05-08,-12,16,-33,-30,-6,9
AE,United Arab Emirates,,,,,,ChIJvRKrsd9IXj4RpwoIwFYv0zM,2021-05-09,-3,27,-23,-25,-14,11
AE,United Arab Emirates,,,,,,ChIJvRKrsd9IXj4RpwoIwFYv0zM,2021-05-10,0,30,-23,-24,-15,10
AE,United Arab Emirates,,,,,,ChIJvRKrsd9IXj4RpwoIwFYv0zM,2021-05-11,6,45,-19,-33,-48,17
AE,United Arab Emirates,,,,,,ChIJvRKrsd9IXj4RpwoIwFYv0zM,2021-05-12,9,57,-15,-34,-58,20
AE,United Arab Emirates,,,,,,ChIJvRKrsd9IXj4RpwoIwFYv0zM,2021-05-13,0,24,20,-31,-69,21
AE,United Arab Emirates,,,,,,ChIJvRKrsd9IXj4RpwoIwFYv0zM,2021-05-14,-4,14,-13,-26,-18,5
AE,United Arab Emirates,,,,,,ChIJvRKrsd9IXj4RpwoIwFYv0zM,2021-05-15,-6,17,-23,-33,-29,10
AE,United Arab Emirates,,,,,,ChIJvRKrsd9IXj4RpwoIwFYv0zM,2021-05-16,-4,24,-23,-24,-11,7
AE,United Arab Emirates,,,,,,ChIJvRKrsd9IXj4RpwoIwFYv0zM,2021-05-17,-6,21,-27,-26,-12,8
AE,United Arab Emirates,,,,,,ChIJvRKrsd9IXj4RpwoIwFYv0zM,2021-05-18,-6,21,-26,-27,-13,8
AE,United Arab Emirates,,,,,,ChIJvRKrsd9IXj4RpwoIwFYv0zM,2021-05-19,-6,20,-28,-28,-12,8
AE,United Arab Emirates,,,,,,ChIJvRKrsd9IXj4RpwoIwFYv0zM,2021-05-20,-5,20,-27,-29,-11,9
AE,United Arab Emirates,,,,,,ChIJvRKrsd9IXj4RpwoIwFYv0zM,2021-05-21,-10,15,-36,-36,-4,8
AE,United Arab Emirates,,,,,,ChIJvRKrsd9IXj4RpwoIwFYv0zM,2021-05-22,-7,17,-33,-30,-2,6
AE,United Arab Emirates,,,,,,ChIJvRKrsd9IXj4RpwoIwFYv0zM,2021-05-23,-4,21,-26,-25,-10,8
AE,United Arab Emirates,,,,,,ChIJvRKrsd9IXj4RpwoIwFYv0zM,2021-05-24,-7,18,-29,-28,-11,8
AE,United Arab Emirates,,,,,,ChIJvRKrsd9IXj4RpwoIwFYv0zM,2021-05-25,-7,19,-28,-28,-11,8
AE,United Arab Emirates,,,,,,ChIJvRKrsd9IXj4RpwoIwFYv0zM,2021-05-26,-5,20,-30,-28,-11,8
AE,United Arab Emirates,,,,,,ChIJvRKrsd9IXj4RpwoIwFYv0zM,2021-05-27,-1,24,-28,-25,-10,8
AE,United Arab Emirates,,,,,,ChIJvRKrsd9IXj4RpwoIwFYv0zM,2021-05-28,-5,20,-38,-30,-3,6
AE,United Arab Emirates,,,,,,ChIJvRKrsd9IXj4RpwoIwFYv0zM,2021-05-29,-1,25,-33,-26,-1,5
AE,United Arab Emirates,,,,,,ChIJvRKrsd9IXj4RpwoIwFYv0zM,2021-05-30,0,28,-26,-24,-8,7
AE,United Arab Emirates,,,,,,ChIJvRKrsd9IXj4RpwoIwFYv0zM,2021-05-31,-2,25,-30,-26,-9,7
AE,United Arab Emirates,,,,,,ChIJvRKrsd9IXj4RpwoIwFYv0zM,2021-06-01,-1,28,-28,-25,-10,7
AE,United Arab Emirates,,,,,,ChIJvRKrsd9IXj4RpwoIwFYv0zM,2021-06-02,-1,27,-30,-26,-10,7
AE,United Arab Emirates,,,,,,ChIJvRKrsd9IXj4RpwoIwFYv0zM,2021-06-03,-1,26,-31,-25,-9,8
AE,United Arab Emirates,,,,,,ChIJvRKrsd9IXj4RpwoIwFYv0zM,2021-06-04,-6,22,-43,-31,-4,7
AE,United Arab Emirates,,,,,,ChIJvRKrsd9IXj4RpwoIwFYv0zM,2021-06-05,-3,24,-36,-28,-1,6
AE,United Arab Emirates,,,,,,ChIJvRKrsd9IXj4RpwoIwFYv0zM,2021-06-06,-1,27,-29,-25,-8,7
AE,United Arab Emirates,,,,,,ChIJvRKrsd9IXj4RpwoIwFYv0zM,2021-06-07,-4,23,-32,-27,-9,8
AE,United Arab Emirates,,,,,,ChIJvRKrsd9IXj4RpwoIwFYv0zM,2021-06-08,-4,24,-31,-27,-10,8
AE,United Arab Emirates,,,,,,ChIJvRKrsd9IXj4RpwoIwFYv0zM,2021-06-09,-3,23,-32,-27,-9,8
AE,United Arab Emirates,,,,,,ChIJvRKrsd9IXj4RpwoIwFYv0zM,2021-06-10,-2,24,-32,-26,-9,8
AE,United Arab Emirates,,,,,,ChIJvRKrsd9IXj4RpwoIwFYv0zM,2021-06-11,-8,19,-43,-33,-5,7
AE,United Arab Emirates,,,,,,ChIJvRKrsd9IXj4RpwoIwFYv0zM,2021-06-12,-6,20,-37,-30,-4,6
AE,United Arab Emirates,,,,,,ChIJvRKrsd9IXj4RpwoIwFYv0zM,2021-06-13,-3,23,-29,-26,-10,7
AE,United Arab Emirates,,,,,,ChIJvRKrsd9IXj4RpwoIwFYv0zM,2021-06-14,-5,22,-32,-28,-11,7
AE,United Arab Emirates,,,,,,ChIJvRKrsd9IXj4RpwoIwFYv0zM,2021-06-15,-6,20,-31,-28,-10,7
AE,United Arab Emirates,,,,,,ChIJvRKrsd9IXj4RpwoIwFYv0zM,2021-06-16,-5,20,-31,-28,-11,7
AE,United Arab Emirates,,,,,,ChIJvRKrsd9IXj4RpwoIwFYv0zM,2021-06-17,-7,18,-33,-29,-12,7
AE,United Arab Emirates,,,,,,ChIJvRKrsd9IXj4RpwoIwFYv0zM,2021-06-18,-12,13,-44,-35,-8,7
AE,United Arab Emirates,,,,,,ChIJvRKrsd9IXj4RpwoIwFYv0zM,2021-06-19,-9,14,-39,-31,-6,5
AE,United Arab Emirates,,,,,,ChIJvRKrsd9IXj4RpwoIwFYv0zM,2021-06-20,-5,20,-31,-27,-12,7
AE,United Arab Emirates,,,,,,ChIJvRKrsd9IXj4RpwoIwFYv0zM,2021-06-21,-8,16,-35,-30,-13,7
AE,United Arab Emirates,,,,,,ChIJvRKrsd9IXj4RpwoIwFYv0zM,2021-06-22,-8,16,-33,-30,-12,7
AE,United Arab Emirates,,,,,,ChIJvRKrsd9IXj4RpwoIwFYv0zM,2021-06-23,-8,16,-35,-29,-12,7
AE,United Arab Emirates,,,,,,ChIJvRKrsd9IXj4RpwoIwFYv0zM,2021-06-24,-6,18,-34,-28,-11,8
AE,United Arab Emirates,,,,,,ChIJvRKrsd9IXj4RpwoIwFYv0zM,2021-06-25,-12,13,-45,-35,-7,7
AE,United Arab Emirates,,,,,,ChIJvRKrsd9IXj4RpwoIwFYv0zM,2021-06-26,-7,16,-38,-30,-4,5
AE,United Arab Emirates,,,,,,ChIJvRKrsd9IXj4RpwoIwFYv0zM,2021-06-27,-3,22,-30,-26,-10,6
AE,United Arab Emirates,,,,,,ChIJvRKrsd9IXj4RpwoIwFYv0zM,2021-06-28,-5,20,-33,-28,-11,6
AE,United Arab Emirates,,,,,,ChIJvRKrsd9IXj4RpwoIwFYv0zM,2021-06-29,-7,18,-34,-29,-12,6
AE,United Arab Emirates,,,,,,ChIJvRKrsd9IXj4RpwoIwFYv0zM,2021-06-30,-4,22,-35,-28,-12,5
AE,United Arab Emirates,,,,,,ChIJvRKrsd9IXj4RpwoIwFYv0zM,2021-07-01,-2,25,-35,-23,-12,7
AE,United Arab Emirates,,,,,,ChIJvRKrsd9IXj4RpwoIwFYv0zM,2021-07-02,-7,19,-46,-29,-6,6
AE,United Arab Emirates,,,,,,ChIJvRKrsd9IXj4RpwoIwFYv0zM,2021-07-03,-4,22,-39,-25,-4,5
AE,United Arab Emirates,,,,,,ChIJvRKrsd9IXj4RpwoIwFYv0zM,2021-07-04,-1,27,-31,-23,-12,6
AE,United Arab Emirates,,,,,,ChIJvRKrsd9IXj4RpwoIwFYv0zM,2021-07-05,-4,23,-34,-26,-12,7
AE,United Arab Emirates,,,,,,ChIJvRKrsd9IXj4RpwoIwFYv0zM,2021-07-06,-4,23,-34,-27,-13,7
AE,United Arab Emirates,,,,,,ChIJvRKrsd9IXj4RpwoIwFYv0zM,2021-07-07,-4,22,-35,-26,-13,7
AE,United Arab Emirates,,,,,,ChIJvRKrsd9IXj4RpwoIwFYv0zM,2021-07-08,-4,22,-35,-26,-13,8
AE,United Arab Emirates,,,,,,ChIJvRKrsd9IXj4RpwoIwFYv0zM,2021-07-09,-10,16,-48,-31,-5,7
AE,United Arab Emirates,,,,,,ChIJvRKrsd9IXj4RpwoIwFYv0zM,2021-07-10,-6,19,-40,-26,-4,5
AE,United Arab Emirates,,,,,,ChIJvRKrsd9IXj4RpwoIwFYv0zM,2021-07-11,-3,23,-33,-25,-13,7
AE,United Arab Emirates,,,,,,ChIJvRKrsd9IXj4RpwoIwFYv0zM,2021-07-12,-6,20,-36,-27,-15,7
AE,United Arab Emirates,,,,,,ChIJvRKrsd9IXj4RpwoIwFYv0zM,2021-07-13,-6,21,-35,-27,-15,7
AE,United Arab Emirates,,,,,,ChIJvRKrsd9IXj4RpwoIwFYv0zM,2021-07-14,-5,22,-37,-27,-14,7
AE,United Arab Emirates,,,,,,ChIJvRKrsd9IXj4RpwoIwFYv0zM,2021-07-15,-6,20,-38,-26,-14,8
AE,United Arab Emirates,,,,,,ChIJvRKrsd9IXj4RpwoIwFYv0zM,2021-07-16,-13,14,-49,-31,-3,7
AE,United Arab Emirates,,,,,,ChIJvRKrsd9IXj4RpwoIwFYv0zM,2021-07-17,-7,16,-38,-27,-3,4
AE,United Arab Emirates,,,,,,ChIJvRKrsd9IXj4RpwoIwFYv0zM,2021-07-18,6,33,-29,-22,-16,5
AE,United Arab Emirates,,,,,,ChIJvRKrsd9IXj4RpwoIwFYv0zM,2021-07-19,2,44,-35,-36,-56,18
AE,United Arab Emirates,,,,,,ChIJvRKrsd9IXj4RpwoIwFYv0zM,2021-07-20,-4,23,-2,-36,-72,20
AE,United Arab Emirates,,,,,,ChIJvRKrsd9IXj4RpwoIwFYv0zM,2021-07-21,-2,23,-3,-40,-68,20
AE,United Arab Emirates,,,,,,ChIJvRKrsd9IXj4RpwoIwFYv0zM,2021-07-22,-12,11,-21,-44,-59,21
AE,United Arab Emirates,,,,,,ChIJvRKrsd9IXj4RpwoIwFYv0zM,2021-07-23,-23,-2,-45,-40,-6,8
AE,United Arab Emirates,,,,,,ChIJvRKrsd9IXj4RpwoIwFYv0zM,2021-07-24,-17,5,-43,-33,-5,6
AE,United Arab Emirates,,,,,,ChIJvRKrsd9IXj4RpwoIwFYv0zM,2021-07-25,-10,14,-34,-29,-14,8
AE,United Arab Emirates,,,,,,ChIJvRKrsd9IXj4RpwoIwFYv0zM,2021-07-26,-11,13,-37,-31,-15,8
AE,United Arab Emirates,,,,,,ChIJvRKrsd9IXj4RpwoIwFYv0zM,2021-07-27,-10,15,-36,-32,-15,7
AE,United Arab Emirates,,,,,,ChIJvRKrsd9IXj4RpwoIwFYv0zM,2021-07-28,-9,15,-37,-31,-14,7
AE,United Arab Emirates,,,,,,ChIJvRKrsd9IXj4RpwoIwFYv0zM,2021-07-29,-10,15,-39,-30,-14,8
AE,United Arab Emirates,,,,,,ChIJvRKrsd9IXj4RpwoIwFYv0zM,2021-07-30,-17,8,-51,-37,-2,7
AE,United Arab Emirates,,,,,,ChIJvRKrsd9IXj4RpwoIwFYv0zM,2021-07-31,-11,13,-44,-30,-3,5
AE,United Arab Emirates,,,,,,ChIJvRKrsd9IXj4RpwoIwFYv0zM,2021-08-01,-5,21,-34,-27,-14,7
AE,United Arab Emirates,,,,,,ChIJvRKrsd9IXj4RpwoIwFYv0zM,2021-08-02,-8,18,-37,-30,-15,7
AE,United Arab Emirates,,,,,,ChIJvRKrsd9IXj4RpwoIwFYv0zM,2021-08-03,-8,18,-36,-30,-15,7
AE,United Arab Emirates,,,,,,ChIJvRKrsd9IXj4RpwoIwFYv0zM,2021-08-04,-8,17,-37,-30,-15,7
AE,United Arab Emirates,,,,,,ChIJvRKrsd9IXj4RpwoIwFYv0zM,2021-08-05,-9,16,-39,-30,-14,8
AE,United Arab Emirates,,,,,,ChIJvRKrsd9IXj4RpwoIwFYv0zM,2021-08-06,-15,10,-51,-35,-4,7
AE,United Arab Emirates,,,,,,ChIJvRKrsd9IXj4RpwoIwFYv0zM,2021-08-07,-11,13,-43,-31,-4,5
AE,United Arab Emirates,,,,,,ChIJvRKrsd9IXj4RpwoIwFYv0zM,2021-08-08,-6,18,-34,-27,-14,7
AE,United Arab Emirates,,,,,,ChIJvRKrsd9IXj4RpwoIwFYv0zM,2021-08-09,-8,16,-38,-29,-15,7
AE,United Arab Emirates,,,,,,ChIJvRKrsd9IXj4RpwoIwFYv0zM,2021-08-10,-8,16,-37,-28,-15,7
AE,United Arab Emirates,,,,,,ChIJvRKrsd9IXj4RpwoIwFYv0zM,2021-08-11,-2,22,-36,-25,-15,5
AE,United Arab Emirates,,,,,,ChIJvRKrsd9IXj4RpwoIwFYv0zM,2021-08-12,-7,21,-36,-41,-55,20
AE,United Arab Emirates,,,,,,ChIJvRKrsd9IXj4RpwoIwFYv0zM,2021-08-13,-17,7,-49,-36,-7,7
AE,United Arab Emirates,,,,,,ChIJvRKrsd9IXj4RpwoIwFYv0zM,2021-08-14,-12,11,-43,-30,-6,5
AE,United Arab Emirates,,,,,,ChIJvRKrsd9IXj4RpwoIwFYv0zM,2021-08-15,-6,18,-35,-25,-14,7
AE,United Arab Emirates,,,,,,ChIJvRKrsd9IXj4RpwoIwFYv0zM,2021-08-16,-9,15,-38,-28,-16,7
AE,United Arab Emirates,,,,,,ChIJvRKrsd9IXj4RpwoIwFYv0zM,2021-08-17,-8,17,-36,-28,-16,7
AE,United Arab Emirates,,,,,,ChIJvRKrsd9IXj4RpwoIwFYv0zM,2021-08-18,-9,16,-36,-28,-15,7
AE,United Arab Emirates,,,,,,ChIJvRKrsd9IXj4RpwoIwFYv0zM,2021-08-19,-9,17,-38,-28,-15,8
AE,United Arab Emirates,,,,,,ChIJvRKrsd9IXj4RpwoIwFYv0zM,2021-08-20,-15,12,-48,-33,-5,7
AE,United Arab Emirates,,,,,,ChIJvRKrsd9IXj4RpwoIwFYv0zM,2021-08-21,-9,14,-39,-28,-8,5
AE,United Arab Emirates,,,,,,ChIJvRKrsd9IXj4RpwoIwFYv0zM,2021-08-22,-6,17,-33,-25,-13,7
AE,United Arab Emirates,,,,,,ChIJvRKrsd9IXj4RpwoIwFYv0zM,2021-08-23,-8,15,-36,-28,-14,7
AE,United Arab Emirates,,,,,,ChIJvRKrsd9IXj4RpwoIwFYv0zM,2021-08-24,-7,16,-34,-27,-14,6
AE,United Arab Emirates,,,,,,ChIJvRKrsd9IXj4RpwoIwFYv0zM,2021-08-25,-5,18,-36,-26,-13,6
AE,United Arab Emirates,,,,,,ChIJvRKrsd9IXj4RpwoIwFYv0zM,2021-08-26,-4,20,-37,-25,-13,7
AE,United Arab Emirates,,,,,,ChIJvRKrsd9IXj4RpwoIwFYv0zM,2021-08-27,-8,16,-47,-31,-5,6
AE,United Arab Emirates,,,,,,ChIJvRKrsd9IXj4RpwoIwFYv0zM,2021-08-28,-4,22,-41,-26,-5,4
AE,United Arab Emirates,,,,,,ChIJvRKrsd9IXj4RpwoIwFYv0zM,2021-08-29,0,26,-32,-22,-12,6
AE,United Arab Emirates,,,,,,ChIJvRKrsd9IXj4RpwoIwFYv0zM,2021-08-30,-3,23,-34,-24,-13,6
AE,United Arab Emirates,,,,,,ChIJvRKrsd9IXj4RpwoIwFYv0zM,2021-08-31,-2,25,-33,-23,-13,5
AE,United Arab Emirates,,,,,,ChIJvRKrsd9IXj4RpwoIwFYv0zM,2021-09-01,0,27,-34,-22,-13,5
AE,United Arab Emirates,,,,,,ChIJvRKrsd9IXj4RpwoIwFYv0zM,2021-09-02,0,26,-34,-22,-12,6
AE,United Arab Emirates,,,,,,ChIJvRKrsd9IXj4RpwoIwFYv0zM,2021-09-03,-4,23,-43,-26,-6,6
AE,United Arab Emirates,,,,,,ChIJvRKrsd9IXj4RpwoIwFYv0zM,2021-09-04,0,27,-37,-23,-6,4
AE,United Arab Emirates,,,,,,ChIJvRKrsd9IXj4RpwoIwFYv0zM,2021-09-05,2,29,-29,-20,-12,5
AE,United Arab Emirates,,,,,,ChIJvRKrsd9IXj4RpwoIwFYv0zM,2021-09-06,-1,25,-33,-22,-13,5
AE,United Arab Emirates,,,,,,ChIJvRKrsd9IXj4RpwoIwFYv0zM,2021-09-07,-2,25,-32,-22,-13,5
AE,United Arab Emirates,,,,,,ChIJvRKrsd9IXj4RpwoIwFYv0zM,2021-09-08,-1,25,-33,-22,-12,5
AE,United Arab Emirates,,,,,,ChIJvRKrsd9IXj4RpwoIwFYv0zM,2021-09-09,0,26,-33,-21,-12,5
AE,United Arab Emirates,,,,,,ChIJvRKrsd9IXj4RpwoIwFYv0zM,2021-09-10,-4,22,-42,-26,-7,6
AE,United Arab Emirates,,,,,,ChIJvRKrsd9IXj4RpwoIwFYv0zM,2021-09-11,-1,25,-35,-22,-6,4
AE,United Arab Emirates,,,,,,ChIJvRKrsd9IXj4RpwoIwFYv0zM,2021-09-12,2,28,-27,-18,-11,5
AE,United Arab Emirates,,,,,,ChIJvRKrsd9IXj4RpwoIwFYv0zM,2021-09-13,-1,24,-30,-21,-12,5
AE,United Arab Emirates,,,,,,ChIJvRKrsd9IXj4RpwoIwFYv0zM,2021-09-14,-1,25,-29,-21,-13,5
AE,United Arab Emirates,,,,,,ChIJvRKrsd9IXj4RpwoIwFYv0zM,2021-09-15,0,26,-31,-20,-12,5
AE,United Arab Emirates,,,,,,ChIJvRKrsd9IXj4RpwoIwFYv0zM,2021-09-16,1,26,-29,-17,-12,5
AE,United Arab Emirates,,,,,,ChIJvRKrsd9IXj4RpwoIwFYv0zM,2021-09-17,-2,24,-39,-23,-8,6
AE,United Arab Emirates,,,,,,ChIJvRKrsd9IXj4RpwoIwFYv0zM,2021-09-18,0,25,-34,-20,-7,4
AE,United Arab Emirates,,,,,,ChIJvRKrsd9IXj4RpwoIwFYv0zM,2021-09-19,2,27,-25,-17,-11,5
AE,United Arab Emirates,,,,,,ChIJvRKrsd9IXj4RpwoIwFYv0zM,2021-09-20,-1,24,-29,-18,-11,5
AE,United Arab Emirates,,,,,,ChIJvRKrsd9IXj4RpwoIwFYv0zM,2021-09-21,-1,24,-27,-19,-11,5
AE,United Arab Emirates,,,,,,ChIJvRKrsd9IXj4RpwoIwFYv0zM,2021-09-22,0,24,-28,-18,-8,5
AE,United Arab Emirates,,,,,,ChIJvRKrsd9IXj4RpwoIwFYv0zM,2021-09-23,2,26,-24,-15,-8,5
AE,United Arab Emirates,,,,,,ChIJvRKrsd9IXj4RpwoIwFYv0zM,2021-09-24,-1,22,-35,-20,-5,5
AE,United Arab Emirates,,,,,,ChIJvRKrsd9IXj4RpwoIwFYv0zM,2021-09-25,1,25,-31,-16,-4,4
AE,United Arab Emirates,,,,,,ChIJvRKrsd9IXj4RpwoIwFYv0zM,2021-09-26,4,29,-24,-13,-7,4
AE,United Arab Emirates,,,,,,ChIJvRKrsd9IXj4RpwoIwFYv0zM,2021-09-27,3,28,-26,-15,-8,4
AE,United Arab Emirates,,,,,,ChIJvRKrsd9IXj4RpwoIwFYv0zM,2021-09-28,3,29,-26,-15,-8,4
AE,United Arab Emirates,,,,,,ChIJvRKrsd9IXj4RpwoIwFYv0zM,2021-09-29,5,31,-27,-14,-8,4
AE,United Arab Emirates,,,,,,ChIJvRKrsd9IXj4RpwoIwFYv0zM,2021-09-30,7,32,-25,-9,-7,4
AE,United Arab Emirates,,,,,,ChIJvRKrsd9IXj4RpwoIwFYv0zM,2021-10-01,6,32,-30,-9,-4,4
AE,United Arab Emirates,,,,,,ChIJvRKrsd9IXj4RpwoIwFYv0zM,2021-10-02,8,36,-28,-8,-4,3
AE,United Arab Emirates,,,,,,ChIJvRKrsd9IXj4RpwoIwFYv0zM,2021-10-03,10,38,-20,-6,-6,4
AE,United Arab Emirates,,,,,,ChIJvRKrsd9IXj4RpwoIwFYv0zM,2021-10-04,7,34,-22,-9,-8,4
AE,United Arab Emirates,,,,,,ChIJvRKrsd9IXj4RpwoIwFYv0zM,2021-10-05,6,34,-22,-9,-8,4
AE,United Arab Emirates,,,,,,ChIJvRKrsd9IXj4RpwoIwFYv0zM,2021-10-06,7,34,-23,-9,-6,4
AE,United Arab Emirates,,,,,,ChIJvRKrsd9IXj4RpwoIwFYv0zM,2021-10-07,8,33,-20,-6,-6,4
AE,United Arab Emirates,,,,,,ChIJvRKrsd9IXj4RpwoIwFYv0zM,2021-10-08,6,32,-25,-6,-5,4
AE,United Arab Emirates,,,,,,ChIJvRKrsd9IXj4RpwoIwFYv0zM,2021-10-09,8,34,-25,-6,-4,3
AE,United Arab Emirates,,,,,,ChIJvRKrsd9IXj4RpwoIwFYv0zM,2021-10-10,10,37,-18,-3,-5,4
AE,United Arab Emirates,,,,,,ChIJvRKrsd9IXj4RpwoIwFYv0zM,2021-10-11,7,34,-19,-5,-5,4
AE,United Arab Emirates,,,,,,ChIJvRKrsd9IXj4RpwoIwFYv0zM,2021-10-12,7,35,-17,-6,-5,4
AE,United Arab Emirates,,,,,,ChIJvRKrsd9IXj4RpwoIwFYv0zM,2021-10-13,8,35,-18,-6,-5,4
AE,United Arab Emirates,,,,,,ChIJvRKrsd9IXj4RpwoIwFYv0zM,2021-10-14,9,35,-15,-4,-5,4
AE,United Arab Emirates,,,,,,ChIJvRKrsd9IXj4RpwoIwFYv0zM,2021-10-15,6,31,-18,-2,-4,4
AE,United Arab Emirates,,,,,,ChIJvRKrsd9IXj4RpwoIwFYv0zM,2021-10-16,8,34,-19,-3,-3,3
AE,United Arab Emirates,,,,,,ChIJvRKrsd9IXj4RpwoIwFYv0zM,2021-10-17,12,38,-11,0,-6,4
AE,United Arab Emirates,,,,,,ChIJvRKrsd9IXj4RpwoIwFYv0zM,2021-10-18,9,34,-13,-3,-7,4
AE,United Arab Emirates,,,,,,ChIJvRKrsd9IXj4RpwoIwFYv0zM,2021-10-19,10,34,-12,-3,-8,4
AE,United Arab Emirates,,,,,,ChIJvRKrsd9IXj4RpwoIwFYv0zM,2021-10-20,18,41,-6,3,-7,2
AE,United Arab Emirates,,,,,,ChIJvRKrsd9IXj4RpwoIwFYv0zM,2021-10-21,16,44,18,-11,-56,17
AE,United Arab Emirates,,,,,,ChIJvRKrsd9IXj4RpwoIwFYv0zM,2021-10-22,5,29,-6,-3,-5,3
AE,United Arab Emirates,,,,,,ChIJvRKrsd9IXj4RpwoIwFYv0zM,2021-10-23,6,32,-14,-3,-2,3
AE,United Arab Emirates,,,,,,ChIJvRKrsd9IXj4RpwoIwFYv0zM,2021-10-24,8,32,-12,-1,-4,4
AE,United Arab Emirates,,,,,,ChIJvRKrsd9IXj4RpwoIwFYv0zM,2021-10-25,8,35,-12,-3,-4,4
AE,United Arab Emirates,,,,,,ChIJvRKrsd9IXj4RpwoIwFYv0zM,2021-10-26,9,35,-11,-3,-4,4
AE,United Arab Emirates,,,,,,ChIJvRKrsd9IXj4RpwoIwFYv0zM,2021-10-27,12,39,-11,-1,-3,3
AE,United Arab Emirates,,,,,,ChIJvRKrsd9IXj4RpwoIwFYv0zM,2021-10-28,13,40,-5,0,-3,3
AE,United Arab Emirates,,,,,,ChIJvRKrsd9IXj4RpwoIwFYv0zM,2021-10-29,10,35,-8,1,0,3
AE,United Arab Emirates,,,,,,ChIJvRKrsd9IXj4RpwoIwFYv0zM,2021-10-30,13,41,-11,3,0,2
AE,United Arab Emirates,,,,,,ChIJvRKrsd9IXj4RpwoIwFYv0zM,2021-10-31,17,45,-7,5,-2,3
AE,United Arab Emirates,,,,,,ChIJvRKrsd9IXj4RpwoIwFYv0zM,2021-11-01,15,45,-9,2,-3,3
AE,United Arab Emirates,,,,,,ChIJvRKrsd9IXj4RpwoIwFYv0zM,2021-11-02,17,48,-8,2,-3,3
AE,United Arab Emirates,,,,,,ChIJvRKrsd9IXj4RpwoIwFYv0zM,2021-11-03,16,45,-8,3,-3,3
AE,United Arab Emirates,,,,,,ChIJvRKrsd9IXj4RpwoIwFYv0zM,2021-11-04,18,45,-1,4,-6,5
AE,United Arab Emirates,,,,,,ChIJvRKrsd9IXj4RpwoIwFYv0zM,2021-11-05,13,37,-3,2,-2,3
AE,United Arab Emirates,,,,,,ChIJvRKrsd9IXj4RpwoIwFYv0zM,2021-11-06,14,40,-7,3,-1,3
AE,United Arab Emirates,,,,,,ChIJvRKrsd9IXj4RpwoIwFYv0zM,2021-11-07,17,44,-2,7,-2,4
AE,United Arab Emirates,,,,,,ChIJvRKrsd9IXj4RpwoIwFYv0zM,2021-11-08,14,40,-5,4,-3,4
AE,United Arab Emirates,,,,,,ChIJvRKrsd9IXj4RpwoIwFYv0zM,2021-11-09,15,41,-2,3,-3,4
AE,United Arab Emirates,,,,,,ChIJvRKrsd9IXj4RpwoIwFYv0zM,2021-11-10,16,42,-3,5,-2,3
AE,United Arab Emirates,,,,,,ChIJvRKrsd9IXj4RpwoIwFYv0zM,2021-11-11,16,39,2,6,-2,4
AE,United Arab Emirates,,,,,,ChIJvRKrsd9IXj4RpwoIwFYv0zM,2021-11-12,17,39,4,7,1,2
AE,United Arab Emirates,,,,,,ChIJvRKrsd9IXj4RpwoIwFYv0zM,2021-11-13,16,40,-2,7,0,3
AE,United Arab Emirates,,,,,,ChIJvRKrsd9IXj4RpwoIwFYv0zM,2021-11-14,19,43,2,12,-1,4
AE,United Arab Emirates,,,,,,ChIJvRKrsd9IXj4RpwoIwFYv0zM,2021-11-15,16,41,-1,9,-2,4
AE,United Arab Emirates,,,,,,ChIJvRKrsd9IXj4RpwoIwFYv0zM,2021-11-16,17,42,2,8,-2,4
AE,United Arab Emirates,,,,,,ChIJvRKrsd9IXj4RpwoIwFYv0zM,2021-11-17,17,42,1,7,-2,4
AE,United Arab Emirates,,,,,,ChIJvRKrsd9IXj4RpwoIwFYv0zM,2021-11-18,17,41,6,10,-2,4
AE,United Arab Emirates,,,,,,ChIJvRKrsd9IXj4RpwoIwFYv0zM,2021-11-19,13,38,7,7,3,3
AE,United Arab Emirates,,,,,,ChIJvRKrsd9IXj4RpwoIwFYv0zM,2021-11-20,14,39,0,7,3,3
AE,United Arab Emirates,,,,,,ChIJvRKrsd9IXj4RpwoIwFYv0zM,2021-11-21,18,43,4,10,0,4
AE,United Arab Emirates,,,,,,ChIJvRKrsd9IXj4RpwoIwFYv0zM,2021-11-22,15,40,1,6,-1,4
AE,United Arab Emirates,,,,,,ChIJvRKrsd9IXj4RpwoIwFYv0zM,2021-11-23,15,41,2,5,-1,4
AE,United Arab Emirates,,,,,,ChIJvRKrsd9IXj4RpwoIwFYv0zM,2021-11-24,17,42,2,6,0,4
AE,United Arab Emirates,,,,,,ChIJvRKrsd9IXj4RpwoIwFYv0zM,2021-11-25,19,44,7,11,-1,4
AE,United Arab Emirates,,,,,,ChIJvRKrsd9IXj4RpwoIwFYv0zM,2021-11-26,19,44,8,16,5,2
AE,United Arab Emirates,,,,,,ChIJvRKrsd9IXj4RpwoIwFYv0zM,2021-11-27,20,45,2,12,5,2
AE,United Arab Emirates,,,,,,ChIJvRKrsd9IXj4RpwoIwFYv0zM,2021-11-28,24,51,7,14,0,3
AE,United Arab Emirates,,,,,,ChIJvRKrsd9IXj4RpwoIwFYv0zM,2021-11-29,22,46,5,11,-1,3
AE,United Arab Emirates,,,,,,ChIJvRKrsd9IXj4RpwoIwFYv0zM,2021-11-30,30,56,14,16,-2,1
AE,United Arab Emirates,,,,,,ChIJvRKrsd9IXj4RpwoIwFYv0zM,2021-12-01,42,74,60,5,-52,11
AE,United Arab Emirates,,,,,,ChIJvRKrsd9IXj4RpwoIwFYv0zM,2021-12-02,30,55,86,4,-62,15
AE,United Arab Emirates,,,,,,ChIJvRKrsd9IXj4RpwoIwFYv0zM,2021-12-03,15,38,20,11,1,1
AE,United Arab Emirates,,,,,,ChIJvRKrsd9IXj4RpwoIwFYv0zM,2021-12-04,16,41,3,10,2,3
AE,United Arab Emirates,,,,,,ChIJvRKrsd9IXj4RpwoIwFYv0zM,2021-12-05,22,50,7,15,0,4
AE,United Arab Emirates,,,,,,ChIJvRKrsd9IXj4RpwoIwFYv0zM,2021-12-06,19,46,3,10,-1,4
AE,United Arab Emirates,,,,,,ChIJvRKrsd9IXj4RpwoIwFYv0zM,2021-12-07,19,47,5,9,0,4
AE,United Arab Emirates,,,,,,ChIJvRKrsd9IXj4RpwoIwFYv0zM,2021-12-08,22,48,6,10,2,4
AE,United Arab Emirates,,,,,,ChIJvRKrsd9IXj4RpwoIwFYv0zM,2021-12-09,18,44,9,11,2,4
AE,United Arab Emirates,,,,,,ChIJvRKrsd9IXj4RpwoIwFYv0zM,2021-12-10,14,41,12,10,11,3
AE,United Arab Emirates,,,,,,ChIJvRKrsd9IXj4RpwoIwFYv0zM,2021-12-11,18,42,9,11,8,3
AE,United Arab Emirates,,,,,,ChIJvRKrsd9IXj4RpwoIwFYv0zM,2021-12-12,25,50,18,14,-2,4
AE,United Arab Emirates,,,,,,ChIJvRKrsd9IXj4RpwoIwFYv0zM,2021-12-13,21,46,10,10,-3,5
AE,United Arab Emirates,,,,,,ChIJvRKrsd9IXj4RpwoIwFYv0zM,2021-12-14,21,47,12,10,-3,5
AE,United Arab Emirates,,,,,,ChIJvRKrsd9IXj4RpwoIwFYv0zM,2021-12-15,22,48,11,11,-2,5
AE,United Arab Emirates,,,,,,ChIJvRKrsd9IXj4RpwoIwFYv0zM,2021-12-16,20,45,12,11,-3,5
AE,United Arab Emirates,,,,,,ChIJvRKrsd9IXj4RpwoIwFYv0zM,2021-12-17,16,41,16,11,12,2
AE,United Arab Emirates,,,,,,ChIJvRKrsd9IXj4RpwoIwFYv0zM,2021-12-18,18,40,9,10,8,2
AE,United Arab Emirates,,,,,,ChIJvRKrsd9IXj4RpwoIwFYv0zM,2021-12-19,24,49,15,12,-4,5
AE,United Arab Emirates,,,,,,ChIJvRKrsd9IXj4RpwoIwFYv0zM,2021-12-20,21,45,12,8,-5,5
AE,United Arab Emirates,,,,,,ChIJvRKrsd9IXj4RpwoIwFYv0zM,2021-12-21,21,46,14,7,-5,5
AE,United Arab Emirates,,,,,,ChIJvRKrsd9IXj4RpwoIwFYv0zM,2021-12-22,23,48,12,8,-5,5
AE,United Arab Emirates,,,,,,ChIJvRKrsd9IXj4RpwoIwFYv0zM,2021-12-23,20,49,13,8,-5,6
AE,United Arab Emirates,,,,,,ChIJvRKrsd9IXj4RpwoIwFYv0zM,2021-12-24,15,44,11,8,14,2
AE,United Arab Emirates,,,,,,ChIJvRKrsd9IXj4RpwoIwFYv0zM,2021-12-25,17,38,13,6,1,3
AE,United Arab Emirates,,,,,,ChIJvRKrsd9IXj4RpwoIwFYv0zM,2021-12-26,25,48,17,8,-7,6
AE,United Arab Emirates,,,,,,ChIJvRKrsd9IXj4RpwoIwFYv0zM,2021-12-27,23,46,16,5,-7,6
AE,United Arab Emirates,,,,,,ChIJvRKrsd9IXj4RpwoIwFYv0zM,2021-12-28,24,48,18,5,-8,6
AE,United Arab Emirates,,,,,,ChIJvRKrsd9IXj4RpwoIwFYv0zM,2021-12-29,26,51,16,5,-8,6
AE,United Arab Emirates,,,,,,ChIJvRKrsd9IXj4RpwoIwFYv0zM,2021-12-30,23,53,16,6,-8,7
AE,United Arab Emirates,,,,,,ChIJvRKrsd9IXj4RpwoIwFYv0zM,2021-12-31,15,45,23,11,15,2
AE,United Arab Emirates,,,,,,ChIJvRKrsd9IXj4RpwoIwFYv0zM,2022-01-01,14,36,11,-1,-43,11
AE,United Arab Emirates,,,,,,ChIJvRKrsd9IXj4RpwoIwFYv0zM,2022-01-02,28,63,13,-3,-37,15
AE,United Arab Emirates,,,,,,ChIJvRKrsd9IXj4RpwoIwFYv0zM,2022-01-03,15,45,-4,4,-3,8
AE,United Arab Emirates,,,,,,ChIJvRKrsd9IXj4RpwoIwFYv0zM,2022-01-04,15,47,-2,3,-5,8
AE,United Arab Emirates,,,,,,ChIJvRKrsd9IXj4RpwoIwFYv0zM,2022-01-05,14,45,-5,0,-5,9
AE,United Arab Emirates,,,,,,ChIJvRKrsd9IXj4RpwoIwFYv0zM,2022-01-06,5,35,-9,-4,-4,11
AE,United Arab Emirates,,,,,,ChIJvRKrsd9IXj4RpwoIwFYv0zM,2022-01-07,4,33,-17,9,138,-1
AE,United Arab Emirates,,,,,,ChIJvRKrsd9IXj4RpwoIwFYv0zM,2022-01-08,15,45,9,2,-4,7
AE,United Arab Emirates,,,,,,ChIJvRKrsd9IXj4RpwoIwFYv0zM,2022-01-09,22,62,16,-10,-45,17
AE,United Arab Emirates,,,,,,ChIJvRKrsd9IXj4RpwoIwFYv0zM,2022-01-10,10,42,-9,1,-6,9
AE,United Arab Emirates,,,,,,ChIJvRKrsd9IXj4RpwoIwFYv0zM,2022-01-11,10,43,-6,-2,-6,9
AE,United Arab Emirates,,,,,,ChIJvRKrsd9IXj4RpwoIwFYv0zM,2022-01-12,10,43,-6,-3,-6,10
AE,United Arab Emirates,,,,,,ChIJvRKrsd9IXj4RpwoIwFYv0zM,2022-01-13,2,33,-11,-6,-5,12
AE,United Arab Emirates,,,,,,ChIJvRKrsd9IXj4RpwoIwFYv0zM,2022-01-14,4,31,-15,9,144,-2
AE,United Arab Emirates,,,,,,ChIJvRKrsd9IXj4RpwoIwFYv0zM,2022-01-15,15,43,12,1,-4,6
AE,United Arab Emirates,,,,,,ChIJvRKrsd9IXj4RpwoIwFYv0zM,2022-01-16,20,55,9,-13,-48,18
AE,United Arab Emirates,,,,,,ChIJvRKrsd9IXj4RpwoIwFYv0zM,2022-01-17,10,39,-6,-1,-3,8
AE,United Arab Emirates,,,,,,ChIJvRKrsd9IXj4RpwoIwFYv0zM,2022-01-18,10,40,-3,-3,-3,8
AE,United Arab Emirates,,,,,,ChIJvRKrsd9IXj4RpwoIwFYv0zM,2022-01-19,13,41,-2,-2,-2,8
AE,United Arab Emirates,,,,,,ChIJvRKrsd9IXj4RpwoIwFYv0zM,2022-01-20,4,30,-5,-4,-1,11
AE,United Arab Emirates,,,,,,ChIJvRKrsd9IXj4RpwoIwFYv0zM,2022-01-21,3,25,-28,9,159,-2
AE,United Arab Emirates,,,,,,ChIJvRKrsd9IXj4RpwoIwFYv0zM,2022-01-22,20,44,12,2,0,6
AE,United Arab Emirates,,,,,,ChIJvRKrsd9IXj4RpwoIwFYv0zM,2022-01-23,27,61,22,-9,-46,17
AE,United Arab Emirates,,,,,,ChIJvRKrsd9IXj4RpwoIwFYv0zM,2022-01-24,13,38,-6,3,3,7
AE,United Arab Emirates,,,,,,ChIJvRKrsd9IXj4RpwoIwFYv0zM,2022-01-25,14,42,-1,3,2,7
AE,United Arab Emirates,,,,,,ChIJvRKrsd9IXj4RpwoIwFYv0zM,2022-01-26,16,43,-3,4,2,7
AE,United Arab Emirates,,,,,,ChIJvRKrsd9IXj4RpwoIwFYv0zM,2022-01-27,8,34,-7,0,4,9
AE,United Arab Emirates,,,,,,ChIJvRKrsd9IXj4RpwoIwFYv0zM,2022-01-28,12,35,-11,17,176,-5
AE,United Arab Emirates,,,,,,ChIJvRKrsd9IXj4RpwoIwFYv0zM,2022-01-29,25,51,19,8,3,4
AE,United Arab Emirates,,,,,,ChIJvRKrsd9IXj4RpwoIwFYv0zM,2022-01-30,33,70,27,-5,-45,15
AE,United Arab Emirates,,,,,,ChIJvRKrsd9IXj4RpwoIwFYv0zM,2022-01-31,18,47,-3,7,6,5
AE,United Arab Emirates,,,,,,ChIJvRKrsd9IXj4RpwoIwFYv0zM,2022-02-01,19,50,1,7,5,5
AE,United Arab Emirates,,,,,,ChIJvRKrsd9IXj4RpwoIwFYv0zM,2022-02-02,20,51,-1,7,6,6
AE,United Arab Emirates,,,,,,ChIJvRKrsd9IXj4RpwoIwFYv0zM,2022-02-03,10,38,-6,4,7,8
AE,United Arab Emirates,,,,,,ChIJvRKrsd9IXj4RpwoIwFYv0zM,2022-02-04,13,38,-9,22,184,-5
AE,United Arab Emirates,,,,,,ChIJvRKrsd9IXj4RpwoIwFYv0zM,2022-02-05,27,52,24,12,3,4
AE,United Arab Emirates,,,,,,ChIJvRKrsd9IXj4RpwoIwFYv0zM,2022-02-06,34,71,30,-2,-46,15
AE,United Arab Emirates,,,,,,ChIJvRKrsd9IXj4RpwoIwFYv0zM,2022-02-07,18,45,-2,10,7,5
AE,United Arab Emirates,,,,,,ChIJvRKrsd9IXj4RpwoIwFYv0zM,2022-02-08,19,47,3,8,6,5
AE,United Arab Emirates,,,,,,ChIJvRKrsd9IXj4RpwoIwFYv0zM,2022-02-09,20,47,2,7,7,5
AE,United Arab Emirates,,,,,,ChIJvRKrsd9IXj4RpwoIwFYv0zM,2022-02-10,11,37,-2,6,7,8
AE,United Arab Emirates,,,,,,ChIJvRKrsd9IXj4RpwoIwFYv0zM,2022-02-11,15,37,-5,26,186,-6
AE,United Arab Emirates,,,,,,ChIJvRKrsd9IXj4RpwoIwFYv0zM,2022-02-12,29,51,28,17,4,3
AE,United Arab Emirates,,,,,,ChIJvRKrsd9IXj4RpwoIwFYv0zM,2022-02-13,38,72,39,4,-46,15
AE,United Arab Emirates,,,,,,ChIJvRKrsd9IXj4RpwoIwFYv0zM,2022-02-14,26,50,9,17,7,4
AE,United Arab Emirates,,,,,,ChIJvRKrsd9IXj4RpwoIwFYv0zM,2022-02-15,22,48,12,15,6,5
AE,United Arab Emirates,,,,,,ChIJvRKrsd9IXj4RpwoIwFYv0zM,2022-02-16,22,48,9,15,7,5
AE,United Arab Emirates,,,,,,ChIJvRKrsd9IXj4RpwoIwFYv0zM,2022-02-17,12,36,3,11,8,8
AE,United Arab Emirates,,,,,,ChIJvRKrsd9IXj4RpwoIwFYv0zM,2022-02-18,15,35,-2,30,188,-6
AE,United Arab Emirates,,,,,,ChIJvRKrsd9IXj4RpwoIwFYv0zM,2022-02-19,26,49,34,19,6,3
AE,United Arab Emirates,,,,,,ChIJvRKrsd9IXj4RpwoIwFYv0zM,2022-02-20,33,68,41,4,-45,15
AE,United Arab Emirates,,,,,,ChIJvRKrsd9IXj4RpwoIwFYv0zM,2022-02-21,17,42,4,15,10,5
AE,United Arab Emirates,,,,,,ChIJvRKrsd9IXj4RpwoIwFYv0zM,2022-02-22,19,44,10,14,10,5
AE,United Arab Emirates,,,,,,ChIJvRKrsd9IXj4RpwoIwFYv0zM,2022-02-23,19,43,8,13,11,5
AE,United Arab Emirates,,,,,,ChIJvRKrsd9IXj4RpwoIwFYv0zM,2022-02-24,10,32,2,11,12,7
AE,United Arab Emirates,,,,,,ChIJvRKrsd9IXj4RpwoIwFYv0zM,2022-02-25,15,34,-2,33,198,-6
AE,United Arab Emirates,,,,,,ChIJvRKrsd9IXj4RpwoIwFYv0zM,2022-02-26,29,50,32,23,7,3
AE,United Arab Emirates,,,,,,ChIJvRKrsd9IXj4RpwoIwFYv0zM,2022-02-27,36,70,39,9,-44,14
AE,United Arab Emirates,,,,,,ChIJvRKrsd9IXj4RpwoIwFYv0zM,2022-02-28,22,50,7,21,12,3
AE,United Arab Emirates,,,,,,ChIJvRKrsd9IXj4RpwoIwFYv0zM,2022-03-01,23,53,12,23,11,4
AE,United Arab Emirates,,,,,,ChIJvRKrsd9IXj4RpwoIwFYv0zM,2022-03-02,24,53,10,23,12,4
AE,United Arab Emirates,,,,,,ChIJvRKrsd9IXj4RpwoIwFYv0zM,2022-03-03,15,39,7,18,12,6
AE,United Arab Emirates,,,,,,ChIJvRKrsd9IXj4RpwoIwFYv0zM,2022-03-04,19,37,1,41,200,-6
AE,United Arab Emirates,,,,,,ChIJvRKrsd9IXj4RpwoIwFYv0zM,2022-03-05,32,51,40,32,7,3
AE,United Arab Emirates,,,,,,ChIJvRKrsd9IXj4RpwoIwFYv0zM,2022-03-06,39,69,46,16,-45,14
AE,United Arab Emirates,,,,,,ChIJvRKrsd9IXj4RpwoIwFYv0zM,2022-03-07,21,45,12,24,13,4
AE,United Arab Emirates,,,,,,ChIJvRKrsd9IXj4RpwoIwFYv0zM,2022-03-08,22,45,14,23,12,5
AE,United Arab Emirates,,,,,,ChIJvRKrsd9IXj4RpwoIwFYv0zM,2022-03-09,21,45,15,22,13,5
AE,United Arab Emirates,,,,,,ChIJvRKrsd9IXj4RpwoIwFYv0zM,2022-03-10,11,32,11,18,14,8
AE,United Arab Emirates,,,,,,ChIJvRKrsd9IXj4RpwoIwFYv0zM,2022-03-11,15,32,2,43,202,-5
AE,United Arab Emirates,,,,,,ChIJvRKrsd9IXj4RpwoIwFYv0zM,2022-03-12,28,46,39,35,7,4
AE,United Arab Emirates,,,,,,ChIJvRKrsd9IXj4RpwoIwFYv0zM,2022-03-13,35,65,47,19,-45,15
AE,United Arab Emirates,,,,,,ChIJvRKrsd9IXj4RpwoIwFYv0zM,2022-03-14,19,41,15,26,14,5
AE,United Arab Emirates,,,,,,ChIJvRKrsd9IXj4RpwoIwFYv0zM,2022-03-15,20,43,18,25,13,5
AE,United Arab Emirates,,,,,,ChIJvRKrsd9IXj4RpwoIwFYv0zM,2022-03-16,21,43,15,25,14,5
AE,United Arab Emirates,,,,,,ChIJvRKrsd9IXj4RpwoIwFYv0zM,2022-03-17,10,30,9,19,14,8
AE,United Arab Emirates,,,,,,ChIJvRKrsd9IXj4RpwoIwFYv0zM,2022-03-18,12,30,6,45,201,-5
AE,United Arab Emirates,,,,,,ChIJvRKrsd9IXj4RpwoIwFYv0zM,2022-03-19,26,43,39,35,8,4
AE,United Arab Emirates,,,,,,ChIJvRKrsd9IXj4RpwoIwFYv0zM,2022-03-20,32,60,57,21,-44,15
AE,United Arab Emirates,,,,,,ChIJvRKrsd9IXj4RpwoIwFYv0zM,2022-03-21,19,39,17,27,14,5
AE,United Arab Emirates,,,,,,ChIJvRKrsd9IXj4RpwoIwFYv0zM,2022-03-22,19,40,20,26,13,6
AE,United Arab Emirates,,,,,,ChIJvRKrsd9IXj4RpwoIwFYv0zM,2022-03-23,19,40,19,25,14,6
AE,United Arab Emirates,,,,,,ChIJvRKrsd9IXj4RpwoIwFYv0zM,2022-03-24,10,29,17,23,14,8
AE,United Arab Emirates,,,,,,ChIJvRKrsd9IXj4RpwoIwFYv0zM,2022-03-25,14,30,4,47,202,-6
AE,United Arab Emirates,,,,,,ChIJvRKrsd9IXj4RpwoIwFYv0zM,2022-03-26,29,45,39,39,9,3
AE,United Arab Emirates,,,,,,ChIJvRKrsd9IXj4RpwoIwFYv0zM,2022-03-27,38,62,56,26,-44,14
AE,United Arab Emirates,,,,,,ChIJvRKrsd9IXj4RpwoIwFYv0zM,2022-03-28,23,42,21,32,9,5
AE,United Arab Emirates,,,,,,ChIJvRKrsd9IXj4RpwoIwFYv0zM,2022-03-29,24,44,25,30,8,5
AE,United Arab Emirates,,,,,,ChIJvRKrsd9IXj4RpwoIwFYv0zM,2022-03-30,25,46,22,30,9,5
AE,United Arab Emirates,,,,,,ChIJvRKrsd9IXj4RpwoIwFYv0zM,2022-03-31,14,35,21,29,9,7
AE,United Arab Emirates,,,,,,ChIJvRKrsd9IXj4RpwoIwFYv0zM,2022-04-01,17,46,-8,42,194,-6
AE,United Arab Emirates,,,,,,ChIJvRKrsd9IXj4RpwoIwFYv0zM,2022-04-02,7,51,-4,13,6,10
AE,United Arab Emirates,,,,,,ChIJvRKrsd9IXj4RpwoIwFYv0zM,2022-04-03,14,62,6,-2,-46,21
AE,United Arab Emirates,,,,,,ChIJvRKrsd9IXj4RpwoIwFYv0zM,2022-04-04,7,43,1,12,8,12
AE,United Arab Emirates,,,,,,ChIJvRKrsd9IXj4RpwoIwFYv0zM,2022-04-05,8,44,3,10,7,12
AE,United Arab Emirates,,,,,,ChIJvRKrsd9IXj4RpwoIwFYv0zM,2022-04-06,8,44,1,9,7,12
AE,United Arab Emirates,,,,,,ChIJvRKrsd9IXj4RpwoIwFYv0zM,2022-04-07,-1,31,-5,4,8,15
AE,United Arab Emirates,,,,,,ChIJvRKrsd9IXj4RpwoIwFYv0zM,2022-04-08,2,32,-17,26,187,0
AE,United Arab Emirates,,,,,,ChIJvRKrsd9IXj4RpwoIwFYv0zM,2022-04-09,13,45,5,15,7,9
AE,United Arab Emirates,,,,,,ChIJvRKrsd9IXj4RpwoIwFYv0zM,2022-04-10,18,61,11,1,-45,20
AE,United Arab Emirates,,,,,,ChIJvRKrsd9IXj4RpwoIwFYv0zM,2022-04-11,10,43,3,14,12,11
AE,United Arab Emirates,,,,,,ChIJvRKrsd9IXj4RpwoIwFYv0zM,2022-04-12,10,44,5,11,11,12
AE,United Arab Emirates,,,,,,ChIJvRKrsd9IXj4RpwoIwFYv0zM,2022-04-13,12,45,2,11,11,12
AE,United Arab Emirates,,,,,,ChIJvRKrsd9IXj4RpwoIwFYv0zM,2022-04-14,3,34,-4,7,12,14
AE,United Arab Emirates,,,,,,ChIJvRKrsd9IXj4RpwoIwFYv0zM,2022-04-15,5,30,-16,27,186,0
AE,United Arab Emirates,,,,,,ChIJvRKrsd9IXj4RpwoIwFYv0zM,2022-04-16,16,43,6,16,8,9
AE,United Arab Emirates,,,,,,ChIJvRKrsd9IXj4RpwoIwFYv0zM,2022-04-17,21,58,13,1,-46,20
AE,United Arab Emirates,,,,,,ChIJvRKrsd9IXj4RpwoIwFYv0zM,2022-04-18,10,40,4,12,13,11
AE,United Arab Emirates,,,,,,ChIJvRKrsd9IXj4RpwoIwFYv0zM,2022-04-19,9,41,6,9,13,12
AE,United Arab Emirates,,,,,,ChIJvRKrsd9IXj4RpwoIwFYv0zM,2022-04-20,9,41,3,10,13,12
AE,United Arab Emirates,,,,,,ChIJvRKrsd9IXj4RpwoIwFYv0zM,2022-04-21,0,29,-4,5,15,14
AE,United Arab Emirates,,,,,,ChIJvRKrsd9IXj4RpwoIwFYv0zM,2022-04-22,4,29,-17,26,200,0
AE,United Arab Emirates,,,,,,ChIJvRKrsd9IXj4RpwoIwFYv0zM,2022-04-23,14,41,4,14,9,9
AE,United Arab Emirates,,,,,,ChIJvRKrsd9IXj4RpwoIwFYv0zM,2022-04-24,20,56,8,-2,-44,21
AE,United Arab Emirates,,,,,,ChIJvRKrsd9IXj4RpwoIwFYv0zM,2022-04-25,11,41,-2,13,14,11
AE,United Arab Emirates,,,,,,ChIJvRKrsd9IXj4RpwoIwFYv0zM,2022-04-26,13,44,-1,14,13,11
AE,United Arab Emirates,,,,,,ChIJvRKrsd9IXj4RpwoIwFYv0zM,2022-04-27,15,47,-1,15,13,11
AE,United Arab Emirates,,,,,,ChIJvRKrsd9IXj4RpwoIwFYv0zM,2022-04-28,8,38,-7,12,13,13
AE,United Arab Emirates,,,,,,ChIJvRKrsd9IXj4RpwoIwFYv0zM,2022-04-29,13,41,-20,40,198,-2
AE,United Arab Emirates,,,,,,ChIJvRKrsd9IXj4RpwoIwFYv0zM,2022-04-30,27,59,4,26,-4,8
AE,United Arab Emirates,,,,,,ChIJvRKrsd9IXj4RpwoIwFYv0zM,2022-05-01,45,91,27,15,-54,18
AE,United Arab Emirates,,,,,,ChIJvRKrsd9IXj4RpwoIwFYv0zM,2022-05-02,46,64,111,25,-65,14
AE,United Arab Emirates,,,,,,ChIJvRKrsd9IXj4RpwoIwFYv0zM,2022-05-03,42,56,93,14,-62,16
AE,United Arab Emirates,,,,,,ChIJvRKrsd9IXj4RpwoIwFYv0zM,2022-05-04,30,48,41,5,-46,16
AE,United Arab Emirates,,,,,,ChIJvRKrsd9IXj4RpwoIwFYv0zM,2022-05-05,10,27,4,6,-6,12
AE,United Arab Emirates,,,,,,ChIJvRKrsd9IXj4RpwoIwFYv0zM,2022-05-06,8,24,-13,24,162,-2
AE,United Arab Emirates,,,,,,ChIJvRKrsd9IXj4RpwoIwFYv0zM,2022-05-07,20,38,5,18,9,6
AE,United Arab Emirates,,,,,,ChIJvRKrsd9IXj4RpwoIwFYv0zM,2022-05-08,24,58,12,5,-45,18
AE,United Arab Emirates,,,,,,ChIJvRKrsd9IXj4RpwoIwFYv0zM,2022-05-09,12,36,-2,19,14,6
AE,United Arab Emirates,,,,,,ChIJvRKrsd9IXj4RpwoIwFYv0zM,2022-05-10,14,39,2,18,13,6
AE,United Arab Emirates,,,,,,ChIJvRKrsd9IXj4RpwoIwFYv0zM,2022-05-11,15,39,0,16,13,7
AE,United Arab Emirates,,,,,,ChIJvRKrsd9IXj4RpwoIwFYv0zM,2022-05-12,5,26,-5,11,14,9
AE,United Arab Emirates,,,,,,ChIJvRKrsd9IXj4RpwoIwFYv0zM,2022-05-13,8,28,-14,32,205,-4
AE,United Arab Emirates,,,,,,ChIJvRKrsd9IXj4RpwoIwFYv0zM,2022-05-14,15,41,12,8,-30,14
AE,United Arab Emirates,,,,,,ChIJvRKrsd9IXj4RpwoIwFYv0zM,2022-05-15,28,58,33,4,-58,21
AE,United Arab Emirates,,,,,,ChIJvRKrsd9IXj4RpwoIwFYv0zM,2022-05-16,16,47,7,-3,-44,21
AE,United Arab Emirates,,,,,,ChIJvRKrsd9IXj4RpwoIwFYv0zM,2022-05-17,11,33,-3,16,15,6
AE,United Arab Emirates,,,,,,ChIJvRKrsd9IXj4RpwoIwFYv0zM,2022-05-18,13,36,-5,16,14,7
AE,United Arab Emirates,,,,,,ChIJvRKrsd9IXj4RpwoIwFYv0zM,2022-05-19,4,24,-7,11,15,9
AE,United Arab Emirates,,,,,,ChIJvRKrsd9IXj4RpwoIwFYv0zM,2022-05-20,8,24,-16,33,209,-4
AE,United Arab Emirates,,,,,,ChIJvRKrsd9IXj4RpwoIwFYv0zM,2022-05-21,21,37,7,19,10,6
AE,United Arab Emirates,,,,,,ChIJvRKrsd9IXj4RpwoIwFYv0zM,2022-05-22,26,55,15,3,-45,19
AE,United Arab Emirates,,,,,,ChIJvRKrsd9IXj4RpwoIwFYv0zM,2022-05-23,13,33,-1,17,15,7
AE,United Arab Emirates,,,,,,ChIJvRKrsd9IXj4RpwoIwFYv0zM,2022-05-24,12,33,-5,17,14,7
AE,United Arab Emirates,,,,,,ChIJvRKrsd9IXj4RpwoIwFYv0zM,2022-05-25,14,37,-3,16,14,7
AE,United Arab Emirates,,,,,,ChIJvRKrsd9IXj4RpwoIwFYv0zM,2022-05-26,7,28,-5,11,15,9
AE,United Arab Emirates,,,,,,ChIJvRKrsd9IXj4RpwoIwFYv0zM,2022-05-27,13,30,-15,38,210,-5
AE,United Arab Emirates,,,,,,ChIJvRKrsd9IXj4RpwoIwFYv0zM,2022-05-28,28,46,9,26,11,5
AE,United Arab Emirates,,,,,,ChIJvRKrsd9IXj4RpwoIwFYv0zM,2022-05-29,32,65,14,10,-45,17
AE,United Arab Emirates,,,,,,ChIJvRKrsd9IXj4RpwoIwFYv0zM,2022-05-30,17,41,0,20,16,6
AE,United Arab Emirates,,,,,,ChIJvRKrsd9IXj4RpwoIwFYv0zM,2022-05-31,19,45,1,20,15,6
AE,United Arab Emirates,,,,,,ChIJvRKrsd9IXj4RpwoIwFYv0zM,2022-06-01,19,46,-1,20,15,6
AE,United Arab Emirates,,,,,,ChIJvRKrsd9IXj4RpwoIwFYv0zM,2022-06-02,9,33,-7,16,15,9
AE,United Arab Emirates,,,,,,ChIJvRKrsd9IXj4RpwoIwFYv0zM,2022-06-03,15,33,-17,38,209,-4
AE,United Arab Emirates,,,,,,ChIJvRKrsd9IXj4RpwoIwFYv0zM,2022-06-04,29,48,6,27,10,6
AE,United Arab Emirates,,,,,,ChIJvRKrsd9IXj4RpwoIwFYv0zM,2022-06-05,34,67,13,10,-46,17
AE,United Arab Emirates,,,,,,ChIJvRKrsd9IXj4RpwoIwFYv0zM,2022-06-06,16,40,-2,22,15,6
AE,United Arab Emirates,,,,,,ChIJvRKrsd9IXj4RpwoIwFYv0zM,2022-06-07,16,41,0,21,14,7
AE,United Arab Emirates,,,,,,ChIJvRKrsd9IXj4RpwoIwFYv0zM,2022-06-08,16,42,-2,19,14,8
AE,United Arab Emirates,,,,,,ChIJvRKrsd9IXj4RpwoIwFYv0zM,2022-06-09,7,30,-8,15,15,10
AE,United Arab Emirates,,,,,,ChIJvRKrsd9IXj4RpwoIwFYv0zM,2022-06-10,11,30,-20,37,209,-3
AE,United Arab Emirates,,,,,,ChIJvRKrsd9IXj4RpwoIwFYv0zM,2022-06-11,25,46,3,26,10,7
AE,United Arab Emirates,,,,,,ChIJvRKrsd9IXj4RpwoIwFYv0zM,2022-06-12,29,63,9,9,-46,19
AE,United Arab Emirates,,,,,,ChIJvRKrsd9IXj4RpwoIwFYv0zM,2022-06-13,14,39,-4,22,15,7
AE,United Arab Emirates,,,,,,ChIJvRKrsd9IXj4RpwoIwFYv0zM,2022-06-14,14,40,-3,19,14,8
AE,United Arab Emirates,,,,,,ChIJvRKrsd9IXj4RpwoIwFYv0zM,2022-06-15,15,41,-5,20,13,8
AE,United Arab Emirates,,,,,,ChIJvRKrsd9IXj4RpwoIwFYv0zM,2022-06-16,7,29,-12,15,14,10
AE,United Arab Emirates,,,,,,ChIJvRKrsd9IXj4RpwoIwFYv0zM,2022-06-17,9,28,-23,35,206,-3
AE,United Arab Emirates,,,,,,ChIJvRKrsd9IXj4RpwoIwFYv0zM,2022-06-18,22,42,-6,23,10,7
AE,United Arab Emirates,,,,,,ChIJvRKrsd9IXj4RpwoIwFYv0zM,2022-06-19,26,59,0,6,-46,20
AE,United Arab Emirates,,,,,,ChIJvRKrsd9IXj4RpwoIwFYv0zM,2022-06-20,13,36,-9,21,14,8
AE,United Arab Emirates,,,,,,ChIJvRKrsd9IXj4RpwoIwFYv0zM,2022-06-21,14,37,-6,18,13,8
AE,United Arab Emirates,,,,,,ChIJvRKrsd9IXj4RpwoIwFYv0zM,2022-06-22,13,37,-9,17,13,9
AE,United Arab Emirates,,,,,,ChIJvRKrsd9IXj4RpwoIwFYv0zM,2022-06-23,4,25,-16,13,14,11
AE,United Arab Emirates,,,,,,ChIJvRKrsd9IXj4RpwoIwFYv0zM,2022-06-24,8,27,-27,35,205,-3
AE,United Arab Emirates,,,,,,ChIJvRKrsd9IXj4RpwoIwFYv0zM,2022-06-25,21,42,-9,23,10,7
AE,United Arab Emirates,,,,,,ChIJvRKrsd9IXj4RpwoIwFYv0zM,2022-06-26,26,59,-3,7,-46,19
AE,United Arab Emirates,,,,,,ChIJvRKrsd9IXj4RpwoIwFYv0zM,2022-06-27,14,38,-11,21,14,7
AE,United Arab Emirates,,,,,,ChIJvRKrsd9IXj4RpwoIwFYv0zM,2022-06-28,15,40,-11,19,12,7
AE,United Arab Emirates,,,,,,ChIJvRKrsd9IXj4RpwoIwFYv0zM,2022-06-29,16,42,-11,20,12,8
AE,United Arab Emirates,,,,,,ChIJvRKrsd9IXj4RpwoIwFYv0zM,2022-06-30,8,31,-16,18,13,10
AE,United Arab Emirates,,,,,,ChIJvRKrsd9IXj4RpwoIwFYv0zM,2022-07-01,10,32,-29,41,203,-4
AE,United Arab Emirates,,,,,,ChIJvRKrsd9IXj4RpwoIwFYv0zM,2022-07-02,23,47,-12,28,10,6
AE,United Arab Emirates,,,,,,ChIJvRKrsd9IXj4RpwoIwFYv0zM,2022-07-03,29,64,-6,11,-46,18
AE,United Arab Emirates,,,,,,ChIJvRKrsd9IXj4RpwoIwFYv0zM,2022-07-04,16,41,-12,24,10,7
AE,United Arab Emirates,,,,,,ChIJvRKrsd9IXj4RpwoIwFYv0zM,2022-07-05,17,42,-10,23,9,7
AE,United Arab Emirates,,,,,,ChIJvRKrsd9IXj4RpwoIwFYv0zM,2022-07-06,19,45,-10,23,8,7
AE,United Arab Emirates,,,,,,ChIJvRKrsd9IXj4RpwoIwFYv0zM,2022-07-07,16,41,-17,24,8,8
AE,United Arab Emirates,,,,,,ChIJvRKrsd9IXj4RpwoIwFYv0zM,2022-07-08,14,51,-29,29,52,4
AE,United Arab Emirates,,,,,,ChIJvRKrsd9IXj4RpwoIwFYv0zM,2022-07-09,19,41,30,25,-48,11
AE,United Arab Emirates,,,,,,ChIJvRKrsd9IXj4RpwoIwFYv0zM,2022-07-10,32,54,38,15,-64,18
AE,United Arab Emirates,,,,,,ChIJvRKrsd9IXj4RpwoIwFYv0zM,2022-07-11,19,43,5,7,-48,17
AE,United Arab Emirates,,,,,,ChIJvRKrsd9IXj4RpwoIwFYv0zM,2022-07-12,9,32,-12,18,3,8
AE,United Arab Emirates,,,,,,ChIJvRKrsd9IXj4RpwoIwFYv0zM,2022-07-13,10,32,-14,18,4,8
AE,United Arab Emirates,,,,,,ChIJvRKrsd9IXj4RpwoIwFYv0zM,2022-07-14,0,21,-20,12,5,11
AE,United Arab Emirates,,,,,,ChIJvRKrsd9IXj4RpwoIwFYv0zM,2022-07-15,-4,13,-34,29,184,-1
AE,United Arab Emirates,,,,,,ChIJvRKrsd9IXj4RpwoIwFYv0zM,2022-07-16,11,32,-16,21,10,7
AE,United Arab Emirates,,,,,,ChIJvRKrsd9IXj4RpwoIwFYv0zM,2022-07-17,16,46,-7,6,-46,20
AE,United Arab Emirates,,,,,,ChIJvRKrsd9IXj4RpwoIwFYv0zM,2022-07-18,7,28,-15,20,5,8
AE,United Arab Emirates,,,,,,ChIJvRKrsd9IXj4RpwoIwFYv0zM,2022-07-19,8,29,-11,21,7,16
AE,United Arab Emirates,,,,,,ChIJvRKrsd9IXj4RpwoIwFYv0zM,2022-07-20,8,30,-14,20,6,9
AE,United Arab Emirates,,,,,,ChIJvRKrsd9IXj4RpwoIwFYv0zM,2022-07-21,-2,18,-20,14,7,11
AE,United Arab Emirates,,,,,,ChIJvRKrsd9IXj4RpwoIwFYv0zM,2022-07-22,-1,16,-32,34,191,-2
AE,United Arab Emirates,,,,,,ChIJvRKrsd9IXj4RpwoIwFYv0zM,2022-07-23,10,31,-11,22,12,7
AE,United Arab Emirates,,,,,,ChIJvRKrsd9IXj4RpwoIwFYv0zM,2022-07-24,10,38,-7,2,-47,20
AE,United Arab Emirates,,,,,,ChIJvRKrsd9IXj4RpwoIwFYv0zM,2022-07-25,6,28,-11,21,7,9
AE,United Arab Emirates,,,,,,ChIJvRKrsd9IXj4RpwoIwFYv0zM,2022-07-26,10,33,1,22,7,8
AE,United Arab Emirates,,,,,,ChIJvRKrsd9IXj4RpwoIwFYv0zM,2022-07-27,12,33,0,22,8,8
AE,United Arab Emirates,,,,,,ChIJvRKrsd9IXj4RpwoIwFYv0zM,2022-07-28,4,26,-8,18,8,10
AE,United Arab Emirates,,,,,,ChIJvRKrsd9IXj4RpwoIwFYv0zM,2022-07-29,7,26,-21,42,193,-4
AE,United Arab Emirates,,,,,,ChIJvRKrsd9IXj4RpwoIwFYv0zM,2022-07-30,16,41,-1,20,-19,11
AE,United Arab Emirates,,,,,,ChIJvRKrsd9IXj4RpwoIwFYv0zM,2022-07-31,22,54,4,12,-46,18
AE,United Arab Emirates,,,,,,ChIJvRKrsd9IXj4RpwoIwFYv0zM,2022-08-01,14,38,-5,26,8,7
AE,United Arab Emirates,,,,,,ChIJvRKrsd9IXj4RpwoIwFYv0zM,2022-08-02,14,40,-3,24,7,7
AE,United Arab Emirates,,,,,,ChIJvRKrsd9IXj4RpwoIwFYv0zM,2022-08-03,15,41,-6,24,7,8
AE,United Arab Emirates,,,,,,ChIJvRKrsd9IXj4RpwoIwFYv0zM,2022-08-04,4,28,-12,18,8,10
AE,United Arab Emirates,,,,,,ChIJvRKrsd9IXj4RpwoIwFYv0zM,2022-08-05,5,26,-25,41,191,-4
AE,United Arab Emirates,,,,,,ChIJvRKrsd9IXj4RpwoIwFYv0zM,2022-08-06,17,39,-7,27,9,6
AE,United Arab Emirates,,,,,,ChIJvRKrsd9IXj4RpwoIwFYv0zM,2022-08-07,21,55,0,10,-47,18
AE,United Arab Emirates,,,,,,ChIJvRKrsd9IXj4RpwoIwFYv0zM,2022-08-08,10,34,-7,24,6,8
AE,United Arab Emirates,,,,,,ChIJvRKrsd9IXj4RpwoIwFYv0zM,2022-08-09,13,36,-5,24,6,7
AE,United Arab Emirates,,,,,,ChIJvRKrsd9IXj4RpwoIwFYv0zM,2022-08-10,13,38,-6,23,8,7
AE,United Arab Emirates,,,,,,ChIJvRKrsd9IXj4RpwoIwFYv0zM,2022-08-11,4,26,-12,18,9,10
AE,United Arab Emirates,,,,,,ChIJvRKrsd9IXj4RpwoIwFYv0zM,2022-08-12,5,25,-26,40,195,-3
AE,United Arab Emirates,,,,,,ChIJvRKrsd9IXj4RpwoIwFYv0zM,2022-08-13,18,40,-5,28,11,6
AE,United Arab Emirates,,,,,,ChIJvRKrsd9IXj4RpwoIwFYv0zM,2022-08-14,19,51,-8,8,-46,19
AE,United Arab Emirates,,,,,,ChIJvRKrsd9IXj4RpwoIwFYv0zM,2022-08-15,14,37,-4,28,9,10
AE,United Arab Emirates,,,,,,ChIJvRKrsd9IXj4RpwoIwFYv0zM,2022-08-16,14,37,-3,25,8,9
AE,United Arab Emirates,,,,,,ChIJvRKrsd9IXj4RpwoIwFYv0zM,2022-08-17,15,39,-3,25,9,11
AE,United Arab Emirates,,,,,,ChIJvRKrsd9IXj4RpwoIwFYv0zM,2022-08-18,5,27,-9,19,10,14
AE,United Arab Emirates,,,,,,ChIJvRKrsd9IXj4RpwoIwFYv0zM,2022-08-19,6,25,-23,41,197,-1
AE,United Arab Emirates,,,,,,ChIJvRKrsd9IXj4RpwoIwFYv0zM,2022-08-20,20,40,-3,29,13,9
AE,United Arab Emirates,,,,,,ChIJvRKrsd9IXj4RpwoIwFYv0zM,2022-08-21,25,58,6,11,-45,21
AE,United Arab Emirates,,,,,,ChIJvRKrsd9IXj4RpwoIwFYv0zM,2022-08-22,12,35,-4,25,11,11
AE,United Arab Emirates,,,,,,ChIJvRKrsd9IXj4RpwoIwFYv0zM,2022-08-23,14,37,-3,25,11,11
AE,United Arab Emirates,,,,,,ChIJvRKrsd9IXj4RpwoIwFYv0zM,2022-08-24,15,38,-4,24,12,11
AE,United Arab Emirates,,,,,,ChIJvRKrsd9IXj4RpwoIwFYv0zM,2022-08-25,6,28,-9,19,13,13
AE,United Arab Emirates,,,,,,ChIJvRKrsd9IXj4RpwoIwFYv0zM,2022-08-26,10,31,-21,43,206,-1
AE,United Arab Emirates,,,,,,ChIJvRKrsd9IXj4RpwoIwFYv0zM,2022-08-27,25,48,-1,31,13,8
AE,United Arab Emirates,,,,,,ChIJvRKrsd9IXj4RpwoIwFYv0zM,2022-08-28,28,63,1,10,-45,20
AE,United Arab Emirates,,,,,,ChIJvRKrsd9IXj4RpwoIwFYv0zM,2022-08-29,16,42,-5,27,13,8
AE,United Arab Emirates,,,,,,ChIJvRKrsd9IXj4RpwoIwFYv0zM,2022-08-30,17,45,-3,25,13,8
AE,United Arab Emirates,,,,,,ChIJvRKrsd9IXj4RpwoIwFYv0zM,2022-08-31,18,45,-6,27,13,8
AE,United Arab Emirates,,,,,,ChIJvRKrsd9IXj4RpwoIwFYv0zM,2022-09-01,8,33,-11,22,13,9
AE,United Arab Emirates,,,,,,ChIJvRKrsd9IXj4RpwoIwFYv0zM,2022-09-02,12,34,-21,45,208,-5
AE,United Arab Emirates,,,,,,ChIJvRKrsd9IXj4RpwoIwFYv0zM,2022-09-03,27,51,0,33,12,5
AE,United Arab Emirates,,,,,,ChIJvRKrsd9IXj4RpwoIwFYv0zM,2022-09-04,29,67,3,13,-46,18
AE,United Arab Emirates,,,,,,ChIJvRKrsd9IXj4RpwoIwFYv0zM,2022-09-05,17,43,-3,29,14,6
AE,United Arab Emirates,,,,,,ChIJvRKrsd9IXj4RpwoIwFYv0zM,2022-09-06,17,44,-2,27,13,6
AE,United Arab Emirates,,,,,,ChIJvRKrsd9IXj4RpwoIwFYv0zM,2022-09-07,18,47,-3,26,14,6
AE,United Arab Emirates,,,,,,ChIJvRKrsd9IXj4RpwoIwFYv0zM,2022-09-08,8,32,-7,21,12,10
AE,United Arab Emirates,,,,,,ChIJvRKrsd9IXj4RpwoIwFYv0zM,2022-09-09,12,31,-18,45,209,-4
AE,United Arab Emirates,,,,,,ChIJvRKrsd9IXj4RpwoIwFYv0zM,2022-09-10,27,49,6,32,11,6
AE,United Arab Emirates,,,,,,ChIJvRKrsd9IXj4RpwoIwFYv0zM,2022-09-11,29,64,8,14,-46,18
AE,United Arab Emirates,,,,,,ChIJvRKrsd9IXj4RpwoIwFYv0zM,2022-09-12,15,40,-3,29,15,6
AE,United Arab Emirates,,,,,,ChIJvRKrsd9IXj4RpwoIwFYv0zM,2022-09-13,16,41,-1,28,13,6
AE,United Arab Emirates,,,,,,ChIJvRKrsd9IXj4RpwoIwFYv0zM,2022-09-14,16,42,-3,27,14,6
AE,United Arab Emirates,,,,,,ChIJvRKrsd9IXj4RpwoIwFYv0zM,2022-09-15,7,30,-5,24,14,8
AE,United Arab Emirates,,,,,,ChIJvRKrsd9IXj4RpwoIwFYv0zM,2022-09-16,11,30,-15,48,208,-5
AE,United Arab Emirates,,,,,,ChIJvRKrsd9IXj4RpwoIwFYv0zM,2022-09-17,25,46,8,34,11,5
AE,United Arab Emirates,,,,,,ChIJvRKrsd9IXj4RpwoIwFYv0zM,2022-09-18,30,64,16,17,-46,18
AE,United Arab Emirates,,,,,,ChIJvRKrsd9IXj4RpwoIwFYv0zM,2022-09-19,15,37,2,31,14,6
AE,United Arab Emirates,,,,,,ChIJvRKrsd9IXj4RpwoIwFYv0zM,2022-09-20,16,39,3,30,15,6
AE,United Arab Emirates,,,,,,ChIJvRKrsd9IXj4RpwoIwFYv0zM,2022-09-21,17,40,1,29,15,7
AE,United Arab Emirates,,,,,,ChIJvRKrsd9IXj4RpwoIwFYv0zM,2022-09-22,8,29,-4,23,16,9
AE,United Arab Emirates,,,,,,ChIJvRKrsd9IXj4RpwoIwFYv0zM,2022-09-23,12,30,-14,47,214,-4
AE,United Arab Emirates,,,,,,ChIJvRKrsd9IXj4RpwoIwFYv0zM,2022-09-24,27,48,10,33,12,6
AE,United Arab Emirates,,,,,,ChIJvRKrsd9IXj4RpwoIwFYv0zM,2022-09-25,30,65,14,15,-46,18
AE,United Arab Emirates,,,,,,ChIJvRKrsd9IXj4RpwoIwFYv0zM,2022-09-26,17,40,0,32,17,6
AE,United Arab Emirates,,,,,,ChIJvRKrsd9IXj4RpwoIwFYv0zM,2022-09-27,20,46,5,32,16,6
AE,United Arab Emirates,,,,,,ChIJvRKrsd9IXj4RpwoIwFYv0zM,2022-09-28,22,46,2,33,17,6
AE,United Arab Emirates,,,,,,ChIJvRKrsd9IXj4RpwoIwFYv0zM,2022-09-29,13,35,-2,29,18,8
AE,United Arab Emirates,,,,,,ChIJvRKrsd9IXj4RpwoIwFYv0zM,2022-09-30,20,38,-13,57,220,-6
AE,United Arab Emirates,,,,,,ChIJvRKrsd9IXj4RpwoIwFYv0zM,2022-10-01,37,58,13,44,13,4
AE,United Arab Emirates,,,,,,ChIJvRKrsd9IXj4RpwoIwFYv0zM,2022-10-02,41,78,20,25,-45,17
AE,United Arab Emirates,,,,,,ChIJvRKrsd9IXj4RpwoIwFYv0zM,2022-10-03,23,50,6,37,19,5
AE,United Arab Emirates,,,,,,ChIJvRKrsd9IXj4RpwoIwFYv0zM,2022-10-04,25,52,8,35,18,5
AE,United Arab Emirates,,,,,,ChIJvRKrsd9IXj4RpwoIwFYv0zM,2022-10-05,25,51,6,35,18,5
AE,United Arab Emirates,,,,,,ChIJvRKrsd9IXj4RpwoIwFYv0zM,2022-10-06,14,36,0,29,21,8
AE,United Arab Emirates,,,,,,ChIJvRKrsd9IXj4RpwoIwFYv0zM,2022-10-07,21,40,-6,56,222,-6
AE,United Arab Emirates,,,,,,ChIJvRKrsd9IXj4RpwoIwFYv0zM,2022-10-08,35,58,31,35,-19,9
AE,United Arab Emirates,,,,,,ChIJvRKrsd9IXj4RpwoIwFYv0zM,2022-10-09,37,71,27,24,-46,17
AE,United Arab Emirates,,,,,,ChIJvRKrsd9IXj4RpwoIwFYv0zM,2022-10-10,22,45,9,39,18,5
AE,United Arab Emirates,,,,,,ChIJvRKrsd9IXj4RpwoIwFYv0zM,2022-10-11,23,47,11,37,18,5
AE,United Arab Emirates,,,,,,ChIJvRKrsd9IXj4RpwoIwFYv0zM,2022-10-12,24,47,10,36,18,6
AE,United Arab Emirates,,,,,,ChIJvRKrsd9IXj4RpwoIwFYv0zM,2022-10-13,14,36,4,32,19,8
AE,United Arab Emirates,,,,,,ChIJvRKrsd9IXj4RpwoIwFYv0zM,2022-10-14,18,38,-4,57,222,-5
AE,United Arab Emirates,,,,,,ChIJvRKrsd9IXj4RpwoIwFYv0zM,2022-10-15,33,55,25,43,14,5
AE,United Arab Emirates,Abu Dhabi,,,AE-AZ,,ChIJGczaTT5mXj4RBNmakTvGr4s,2020-02-15,1,6,-2,-1,2,1
AE,United Arab Emirates,Abu Dhabi,,,AE-AZ,,ChIJGczaTT5mXj4RBNmakTvGr4s,2020-02-16,-2,5,2,-2,2,1
AE,United Arab Emirates,Abu Dhabi,,,AE-AZ,,ChIJGczaTT5mXj4RBNmakTvGr4s,2020-02-17,-3,2,4,-3,2,1
AE,United Arab Emirates,Abu Dhabi,,,AE-AZ,,ChIJGczaTT5mXj4RBNmakTvGr4s,2020-02-18,-3,2,1,-2,2,1
AE,United Arab Emirates,Abu Dhabi,,,AE-AZ,,ChIJGczaTT5mXj4RBNmakTvGr4s,2020-02-19,-3,1,0,-1,2,1
AE,United Arab Emirates,Abu Dhabi,,,AE-AZ,,ChIJGczaTT5mXj4RBNmakTvGr4s,2020-02-20,-2,2,3,-3,1,1
AE,United Arab Emirates,Abu Dhabi,,,AE-AZ,,ChIJGczaTT5mXj4RBNmakTvGr4s,2020-02-21,0,5,8,-5,-1,1
AE,United Arab Emirates,Abu Dhabi,,,AE-AZ,,ChIJGczaTT5mXj4RBNmakTvGr4s,2020-02-22,-1,4,2,-2,3,1
AE,United Arab Emirates,Abu Dhabi,,,AE-AZ,,ChIJGczaTT5mXj4RBNmakTvGr4s,2020-02-23,-2,4,2,-3,3,1
AE,United Arab Emirates,Abu Dhabi,,,AE-AZ,,ChIJGczaTT5mXj4RBNmakTvGr4s,2020-02-24,-3,2,6,-5,3,1
AE,United Arab Emirates,Abu Dhabi,,,AE-AZ,,ChIJGczaTT5mXj4RBNmakTvGr4s,2020-02-25,-3,2,2,-3,2,1
AE,United Arab Emirates,Abu Dhabi,,,AE-AZ,,ChIJGczaTT5mXj4RBNmakTvGr4s,2020-02-26,-3,2,-5,-3,2,1
AE,United Arab Emirates,Abu Dhabi,,,AE-AZ,,ChIJGczaTT5mXj4RBNmakTvGr4s,2020-02-27,2,7,-2,-4,2,1
AE,United Arab Emirates,Abu Dhabi,,,AE-AZ,,ChIJGczaTT5mXj4RBNmakTvGr4s,2020-02-28,2,9,-3,-2,1,1
AE,United Arab Emirates,Abu Dhabi,,,AE-AZ,,ChIJGczaTT5mXj4RBNmakTvGr4s,2020-02-29,3,10,-3,1,4,0
AE,United Arab Emirates,Abu Dhabi,,,AE-AZ,,ChIJGczaTT5mXj4RBNmakTvGr4s,2020-03-01,2,12,2,-2,3,1
AE,United Arab Emirates,Abu Dhabi,,,AE-AZ,,ChIJGczaTT5mXj4RBNmakTvGr4s,2020-03-02,1,10,2,-4,3,1
AE,United Arab Emirates,Abu Dhabi,,,AE-AZ,,ChIJGczaTT5mXj4RBNmakTvGr4s,2020-03-03,0,7,-1,-5,3,1
AE,United Arab Emirates,Abu Dhabi,,,AE-AZ,,ChIJGczaTT5mXj4RBNmakTvGr4s,2020-03-04,-1,9,-5,-5,3,2
AE,United Arab Emirates,Abu Dhabi,,,AE-AZ,,ChIJGczaTT5mXj4RBNmakTvGr4s,2020-03-05,-2,8,-5,-8,2,3
AE,United Arab Emirates,Abu Dhabi,,,AE-AZ,,ChIJGczaTT5mXj4RBNmakTvGr4s,2020-03-06,-5,8,-9,-15,1,3
AE,United Arab Emirates,Abu Dhabi,,,AE-AZ,,ChIJGczaTT5mXj4RBNmakTvGr4s,2020-03-07,-2,8,-2,-10,4,2
AE,United Arab Emirates,Abu Dhabi,,,AE-AZ,,ChIJGczaTT5mXj4RBNmakTvGr4s,2020-03-08,-1,9,5,-13,-2,3
AE,United Arab Emirates,Abu Dhabi,,,AE-AZ,,ChIJGczaTT5mXj4RBNmakTvGr4s,2020-03-09,-3,7,4,-14,-3,4
AE,United Arab Emirates,Abu Dhabi,,,AE-AZ,,ChIJGczaTT5mXj4RBNmakTvGr4s,2020-03-10,-3,7,2,-15,-4,4
AE,United Arab Emirates,Abu Dhabi,,,AE-AZ,,ChIJGczaTT5mXj4RBNmakTvGr4s,2020-03-11,-4,7,0,-12,-4,4
AE,United Arab Emirates,Abu Dhabi,,,AE-AZ,,ChIJGczaTT5mXj4RBNmakTvGr4s,2020-03-12,-8,7,-7,-18,-5,5
AE,United Arab Emirates,Abu Dhabi,,,AE-AZ,,ChIJGczaTT5mXj4RBNmakTvGr4s,2020-03-13,-13,7,-16,-24,-1,5
AE,United Arab Emirates,Abu Dhabi,,,AE-AZ,,ChIJGczaTT5mXj4RBNmakTvGr4s,2020-03-14,-10,5,-12,-20,2,4
AE,United Arab Emirates,Abu Dhabi,,,AE-AZ,,ChIJGczaTT5mXj4RBNmakTvGr4s,2020-03-15,-9,9,-10,-18,-5,5
AE,United Arab Emirates,Abu Dhabi,,,AE-AZ,,ChIJGczaTT5mXj4RBNmakTvGr4s,2020-03-16,-12,7,-10,-19,-7,6
AE,United Arab Emirates,Abu Dhabi,,,AE-AZ,,ChIJGczaTT5mXj4RBNmakTvGr4s,2020-03-17,-16,3,-14,-20,-9,7
AE,United Arab Emirates,Abu Dhabi,,,AE-AZ,,ChIJGczaTT5mXj4RBNmakTvGr4s,2020-03-18,-17,2,-14,-24,-10,8
AE,United Arab Emirates,Abu Dhabi,,,AE-AZ,,ChIJGczaTT5mXj4RBNmakTvGr4s,2020-03-19,-21,0,-23,-33,-11,10
AE,United Arab Emirates,Abu Dhabi,,,AE-AZ,,ChIJGczaTT5mXj4RBNmakTvGr4s,2020-03-20,-31,-6,-40,-46,-9,10
AE,United Arab Emirates,Abu Dhabi,,,AE-AZ,,ChIJGczaTT5mXj4RBNmakTvGr4s,2020-03-21,-26,-6,-31,-42,-5,9
AE,United Arab Emirates,Abu Dhabi,,,AE-AZ,,ChIJGczaTT5mXj4RBNmakTvGr4s,2020-03-22,-27,-9,-30,-44,-14,11
AE,United Arab Emirates,Abu Dhabi,,,AE-AZ,,ChIJGczaTT5mXj4RBNmakTvGr4s,2020-03-23,-22,15,-32,-45,-17,11
AE,United Arab Emirates,Abu Dhabi,,,AE-AZ,,ChIJGczaTT5mXj4RBNmakTvGr4s,2020-03-24,-34,-3,-37,-48,-23,14
AE,United Arab Emirates,Abu Dhabi,,,AE-AZ,,ChIJGczaTT5mXj4RBNmakTvGr4s,2020-03-25,-46,-17,-41,-57,-30,18
AE,United Arab Emirates,Abu Dhabi,,,AE-AZ,,ChIJGczaTT5mXj4RBNmakTvGr4s,2020-03-26,-49,-11,-48,-67,-34,22
AE,United Arab Emirates,Abu Dhabi,,,AE-AZ,,ChIJGczaTT5mXj4RBNmakTvGr4s,2020-03-27,-76,-55,-74,-83,-45,23
AE,United Arab Emirates,Abu Dhabi,,,AE-AZ,,ChIJGczaTT5mXj4RBNmakTvGr4s,2020-03-28,-66,-41,-60,-77,-46,24
AE,United Arab Emirates,Abu Dhabi,,,AE-AZ,,ChIJGczaTT5mXj4RBNmakTvGr4s,2020-03-29,-51,-24,-46,-67,-39,22
AE,United Arab Emirates,Abu Dhabi,,,AE-AZ,,ChIJGczaTT5mXj4RBNmakTvGr4s,2020-03-30,-52,-24,-46,-67,-40,21
AE,United Arab Emirates,Abu Dhabi,,,AE-AZ,,ChIJGczaTT5mXj4RBNmakTvGr4s,2020-03-31,-51,-23,-45,-67,-40,21
AE,United Arab Emirates,Abu Dhabi,,,AE-AZ,,ChIJGczaTT5mXj4RBNmakTvGr4s,2020-04-01,-50,-22,-45,-67,-41,21
AE,United Arab Emirates,Abu Dhabi,,,AE-AZ,,ChIJGczaTT5mXj4RBNmakTvGr4s,2020-04-02,-53,-21,-51,-72,-41,25
AE,United Arab Emirates,Abu Dhabi,,,AE-AZ,,ChIJGczaTT5mXj4RBNmakTvGr4s,2020-04-03,-63,-34,-70,-82,-38,20
AE,United Arab Emirates,Abu Dhabi,,,AE-AZ,,ChIJGczaTT5mXj4RBNmakTvGr4s,2020-04-04,-52,-23,-52,-76,-29,19
AE,United Arab Emirates,Abu Dhabi,,,AE-AZ,,ChIJGczaTT5mXj4RBNmakTvGr4s,2020-04-05,-50,-19,-45,-71,-42,22
AE,United Arab Emirates,Abu Dhabi,,,AE-AZ,,ChIJGczaTT5mXj4RBNmakTvGr4s,2020-04-06,-52,-21,-46,-71,-42,23
AE,United Arab Emirates,Abu Dhabi,,,AE-AZ,,ChIJGczaTT5mXj4RBNmakTvGr4s,2020-04-07,-53,-19,-66,-70,-44,23
AE,United Arab Emirates,Abu Dhabi,,,AE-AZ,,ChIJGczaTT5mXj4RBNmakTvGr4s,2020-04-08,-54,-21,-66,-71,-44,24
AE,United Arab Emirates,Abu Dhabi,,,AE-AZ,,ChIJGczaTT5mXj4RBNmakTvGr4s,2020-04-09,-56,-22,-70,-75,-45,27
AE,United Arab Emirates,Abu Dhabi,,,AE-AZ,,ChIJGczaTT5mXj4RBNmakTvGr4s,2020-04-10,-65,-34,-81,-82,-41,21
AE,United Arab Emirates,Abu Dhabi,,,AE-AZ,,ChIJGczaTT5mXj4RBNmakTvGr4s,2020-04-11,-54,-21,-71,-76,-33,20
AE,United Arab Emirates,Abu Dhabi,,,AE-AZ,,ChIJGczaTT5mXj4RBNmakTvGr4s,2020-04-12,-52,-20,-67,-74,-45,24
AE,United Arab Emirates,Abu Dhabi,,,AE-AZ,,ChIJGczaTT5mXj4RBNmakTvGr4s,2020-04-13,-53,-21,-66,-74,-46,24
AE,United Arab Emirates,Abu Dhabi,,,AE-AZ,,ChIJGczaTT5mXj4RBNmakTvGr4s,2020-04-14,-54,-23,-67,-72,-47,25
AE,United Arab Emirates,Abu Dhabi,,,AE-AZ,,ChIJGczaTT5mXj4RBNmakTvGr4s,2020-04-15,-54,-23,-67,-73,-47,25
AE,United Arab Emirates,Abu Dhabi,,,AE-AZ,,ChIJGczaTT5mXj4RBNmakTvGr4s,2020-04-16,-54,-23,-66,-75,-47,28
AE,United Arab Emirates,Abu Dhabi,,,AE-AZ,,ChIJGczaTT5mXj4RBNmakTvGr4s,2020-04-17,-62,-32,-78,-82,-40,20
AE,United Arab Emirates,Abu Dhabi,,,AE-AZ,,ChIJGczaTT5mXj4RBNmakTvGr4s,2020-04-18,-54,-31,-68,-76,-34,20
AE,United Arab Emirates,Abu Dhabi,,,AE-AZ,,ChIJGczaTT5mXj4RBNmakTvGr4s,2020-04-19,-53,-32,-64,-75,-46,24
AE,United Arab Emirates,Abu Dhabi,,,AE-AZ,,ChIJGczaTT5mXj4RBNmakTvGr4s,2020-04-20,-54,-32,-63,-74,-47,24
AE,United Arab Emirates,Abu Dhabi,,,AE-AZ,,ChIJGczaTT5mXj4RBNmakTvGr4s,2020-04-21,-54,-32,-64,-74,-47,24
AE,United Arab Emirates,Abu Dhabi,,,AE-AZ,,ChIJGczaTT5mXj4RBNmakTvGr4s,2020-04-22,-53,-29,-65,-75,-47,24
AE,United Arab Emirates,Abu Dhabi,,,AE-AZ,,ChIJGczaTT5mXj4RBNmakTvGr4s,2020-04-23,-53,-26,-67,-77,-47,27
AE,United Arab Emirates,Abu Dhabi,,,AE-AZ,,ChIJGczaTT5mXj4RBNmakTvGr4s,2020-04-24,-65,-35,-81,-83,-41,22
AE,United Arab Emirates,Abu Dhabi,,,AE-AZ,,ChIJGczaTT5mXj4RBNmakTvGr4s,2020-04-25,-57,-32,-70,-78,-36,23
AE,United Arab Emirates,Abu Dhabi,,,AE-AZ,,ChIJGczaTT5mXj4RBNmakTvGr4s,2020-04-26,-55,-31,-65,-75,-48,28
AE,United Arab Emirates,Abu Dhabi,,,AE-AZ,,ChIJGczaTT5mXj4RBNmakTvGr4s,2020-04-27,-56,-31,-65,-75,-48,27
AE,United Arab Emirates,Abu Dhabi,,,AE-AZ,,ChIJGczaTT5mXj4RBNmakTvGr4s,2020-04-28,-55,-30,-65,-74,-48,26
AE,United Arab Emirates,Abu Dhabi,,,AE-AZ,,ChIJGczaTT5mXj4RBNmakTvGr4s,2020-04-29,-54,-28,-63,-74,-47,27
AE,United Arab Emirates,Abu Dhabi,,,AE-AZ,,ChIJGczaTT5mXj4RBNmakTvGr4s,2020-04-30,-56,-29,-63,-76,-47,29
AE,United Arab Emirates,Abu Dhabi,,,AE-AZ,,ChIJGczaTT5mXj4RBNmakTvGr4s,2020-05-01,-63,-35,-77,-82,-38,20
AE,United Arab Emirates,Abu Dhabi,,,AE-AZ,,ChIJGczaTT5mXj4RBNmakTvGr4s,2020-05-02,-53,-27,-62,-77,-33,21
AE,United Arab Emirates,Abu Dhabi,,,AE-AZ,,ChIJGczaTT5mXj4RBNmakTvGr4s,2020-05-03,-51,-27,-57,-76,-45,26
AE,United Arab Emirates,Abu Dhabi,,,AE-AZ,,ChIJGczaTT5mXj4RBNmakTvGr4s,2020-05-04,-52,-27,-57,-75,-46,26
AE,United Arab Emirates,Abu Dhabi,,,AE-AZ,,ChIJGczaTT5mXj4RBNmakTvGr4s,2020-05-05,-52,-27,-57,-74,-46,26
AE,United Arab Emirates,Abu Dhabi,,,AE-AZ,,ChIJGczaTT5mXj4RBNmakTvGr4s,2020-05-06,-50,-24,-56,-73,-45,26
AE,United Arab Emirates,Abu Dhabi,,,AE-AZ,,ChIJGczaTT5mXj4RBNmakTvGr4s,2020-05-07,-53,-26,-58,-75,-45,29
AE,United Arab Emirates,Abu Dhabi,,,AE-AZ,,ChIJGczaTT5mXj4RBNmakTvGr4s,2020-05-08,-61,-37,-74,-82,-35,20
AE,United Arab Emirates,Abu Dhabi,,,AE-AZ,,ChIJGczaTT5mXj4RBNmakTvGr4s,2020-05-09,-51,-28,-59,-76,-30,21
AE,United Arab Emirates,Abu Dhabi,,,AE-AZ,,ChIJGczaTT5mXj4RBNmakTvGr4s,2020-05-10,-50,-24,-54,-72,-43,26
AE,United Arab Emirates,Abu Dhabi,,,AE-AZ,,ChIJGczaTT5mXj4RBNmakTvGr4s,2020-05-11,-51,-26,-54,-73,-44,26
AE,United Arab Emirates,Abu Dhabi,,,AE-AZ,,ChIJGczaTT5mXj4RBNmakTvGr4s,2020-05-12,-51,-25,-55,-71,-44,26
AE,United Arab Emirates,Abu Dhabi,,,AE-AZ,,ChIJGczaTT5mXj4RBNmakTvGr4s,2020-05-13,-51,-25,-55,-72,-44,26
AE,United Arab Emirates,Abu Dhabi,,,AE-AZ,,ChIJGczaTT5mXj4RBNmakTvGr4s,2020-05-14,-52,-26,-57,-74,-44,28
AE,United Arab Emirates,Abu Dhabi,,,AE-AZ,,ChIJGczaTT5mXj4RBNmakTvGr4s,2020-05-15,-59,-34,-72,-79,-32,20
AE,United Arab Emirates,Abu Dhabi,,,AE-AZ,,ChIJGczaTT5mXj4RBNmakTvGr4s,2020-05-16,-49,-24,-57,-72,-28,20
AE,United Arab Emirates,Abu Dhabi,,,AE-AZ,,ChIJGczaTT5mXj4RBNmakTvGr4s,2020-05-17,-48,-21,-51,-72,-42,25
AE,United Arab Emirates,Abu Dhabi,,,AE-AZ,,ChIJGczaTT5mXj4RBNmakTvGr4s,2020-05-18,-48,-23,-51,-72,-43,25
AE,United Arab Emirates,Abu Dhabi,,,AE-AZ,,ChIJGczaTT5mXj4RBNmakTvGr4s,2020-05-19,-49,-24,-52,-71,-43,25
AE,United Arab Emirates,Abu Dhabi,,,AE-AZ,,ChIJGczaTT5mXj4RBNmakTvGr4s,2020-05-20,-52,-26,-55,-71,-45,27
AE,United Arab Emirates,Abu Dhabi,,,AE-AZ,,ChIJGczaTT5mXj4RBNmakTvGr4s,2020-05-21,-51,-24,-58,-73,-43,29
AE,United Arab Emirates,Abu Dhabi,,,AE-AZ,,ChIJGczaTT5mXj4RBNmakTvGr4s,2020-05-22,-55,-28,-73,-80,-30,20
AE,United Arab Emirates,Abu Dhabi,,,AE-AZ,,ChIJGczaTT5mXj4RBNmakTvGr4s,2020-05-23,-49,-21,-64,-78,-49,25
AE,United Arab Emirates,Abu Dhabi,,,AE-AZ,,ChIJGczaTT5mXj4RBNmakTvGr4s,2020-05-24,-59,-38,-61,-82,-74,33
AE,United Arab Emirates,Abu Dhabi,,,AE-AZ,,ChIJGczaTT5mXj4RBNmakTvGr4s,2020-05-25,-54,-30,-58,-81,-71,32
AE,United Arab Emirates,Abu Dhabi,,,AE-AZ,,ChIJGczaTT5mXj4RBNmakTvGr4s,2020-05-26,-51,-28,-58,-77,-64,29
AE,United Arab Emirates,Abu Dhabi,,,AE-AZ,,ChIJGczaTT5mXj4RBNmakTvGr4s,2020-05-27,-47,-24,-52,-68,-40,22
AE,United Arab Emirates,Abu Dhabi,,,AE-AZ,,ChIJGczaTT5mXj4RBNmakTvGr4s,2020-05-28,-49,-26,-55,-71,-39,25
AE,United Arab Emirates,Abu Dhabi,,,AE-AZ,,ChIJGczaTT5mXj4RBNmakTvGr4s,2020-05-29,-56,-34,-70,-77,-28,18
AE,United Arab Emirates,Abu Dhabi,,,AE-AZ,,ChIJGczaTT5mXj4RBNmakTvGr4s,2020-05-30,-41,-20,-53,-71,-19,16
AE,United Arab Emirates,Abu Dhabi,,,AE-AZ,,ChIJGczaTT5mXj4RBNmakTvGr4s,2020-05-31,-37,-13,-46,-67,-34,19
AE,United Arab Emirates,Abu Dhabi,,,AE-AZ,,ChIJGczaTT5mXj4RBNmakTvGr4s,2020-06-01,-37,-13,-44,-66,-34,19
AE,United Arab Emirates,Abu Dhabi,,,AE-AZ,,ChIJGczaTT5mXj4RBNmakTvGr4s,2020-06-02,-41,-18,-48,-67,-35,21
AE,United Arab Emirates,Abu Dhabi,,,AE-AZ,,ChIJGczaTT5mXj4RBNmakTvGr4s,2020-06-03,-41,-17,-48,-67,-35,21
AE,United Arab Emirates,Abu Dhabi,,,AE-AZ,,ChIJGczaTT5mXj4RBNmakTvGr4s,2020-06-04,-43,-20,-51,-70,-34,24
AE,United Arab Emirates,Abu Dhabi,,,AE-AZ,,ChIJGczaTT5mXj4RBNmakTvGr4s,2020-06-05,-50,-28,-65,-76,-25,18
AE,United Arab Emirates,Abu Dhabi,,,AE-AZ,,ChIJGczaTT5mXj4RBNmakTvGr4s,2020-06-06,-40,-20,-51,-70,-18,18
AE,United Arab Emirates,Abu Dhabi,,,AE-AZ,,ChIJGczaTT5mXj4RBNmakTvGr4s,2020-06-07,-39,-15,-45,-70,-33,21
AE,United Arab Emirates,Abu Dhabi,,,AE-AZ,,ChIJGczaTT5mXj4RBNmakTvGr4s,2020-06-08,-41,-18,-44,-69,-32,21
AE,United Arab Emirates,Abu Dhabi,,,AE-AZ,,ChIJGczaTT5mXj4RBNmakTvGr4s,2020-06-09,-42,-20,-46,-67,-33,20
AE,United Arab Emirates,Abu Dhabi,,,AE-AZ,,ChIJGczaTT5mXj4RBNmakTvGr4s,2020-06-10,-41,-19,-46,-66,-32,20
AE,United Arab Emirates,Abu Dhabi,,,AE-AZ,,ChIJGczaTT5mXj4RBNmakTvGr4s,2020-06-11,-42,-20,-50,-68,-32,23
AE,United Arab Emirates,Abu Dhabi,,,AE-AZ,,ChIJGczaTT5mXj4RBNmakTvGr4s,2020-06-12,-48,-27,-63,-76,-22,17
AE,United Arab Emirates,Abu Dhabi,,,AE-AZ,,ChIJGczaTT5mXj4RBNmakTvGr4s,2020-06-13,-39,-20,-48,-68,-15,16
AE,United Arab Emirates,Abu Dhabi,,,AE-AZ,,ChIJGczaTT5mXj4RBNmakTvGr4s,2020-06-14,-38,-16,-43,-67,-30,20
AE,United Arab Emirates,Abu Dhabi,,,AE-AZ,,ChIJGczaTT5mXj4RBNmakTvGr4s,2020-06-15,-40,-18,-43,-66,-30,20
AE,United Arab Emirates,Abu Dhabi,,,AE-AZ,,ChIJGczaTT5mXj4RBNmakTvGr4s,2020-06-16,-39,-17,-43,-65,-30,19
AE,United Arab Emirates,Abu Dhabi,,,AE-AZ,,ChIJGczaTT5mXj4RBNmakTvGr4s,2020-06-17,-39,-18,-45,-64,-30,19
AE,United Arab Emirates,Abu Dhabi,,,AE-AZ,,ChIJGczaTT5mXj4RBNmakTvGr4s,2020-06-18,-43,-21,-49,-68,-30,22
AE,United Arab Emirates,Abu Dhabi,,,AE-AZ,,ChIJGczaTT5mXj4RBNmakTvGr4s,2020-06-19,-48,-28,-62,-74,-20,17
AE,United Arab Emirates,Abu Dhabi,,,AE-AZ,,ChIJGczaTT5mXj4RBNmakTvGr4s,2020-06-20,-39,-20,-47,-68,-13,15
AE,United Arab Emirates,Abu Dhabi,,,AE-AZ,,ChIJGczaTT5mXj4RBNmakTvGr4s,2020-06-21,-38,-19,-43,-65,-29,19
AE,United Arab Emirates,Abu Dhabi,,,AE-AZ,,ChIJGczaTT5mXj4RBNmakTvGr4s,2020-06-22,-39,-19,-41,-65,-30,19
AE,United Arab Emirates,Abu Dhabi,,,AE-AZ,,ChIJGczaTT5mXj4RBNmakTvGr4s,2020-06-23,-39,-19,-42,-64,-29,18
AE,United Arab Emirates,Abu Dhabi,,,AE-AZ,,ChIJGczaTT5mXj4RBNmakTvGr4s,2020-06-24,-39,-19,-43,-63,-29,19
AE,United Arab Emirates,Abu Dhabi,,,AE-AZ,,ChIJGczaTT5mXj4RBNmakTvGr4s,2020-06-25,-37,-15,-45,-66,-28,20
AE,United Arab Emirates,Abu Dhabi,,,AE-AZ,,ChIJGczaTT5mXj4RBNmakTvGr4s,2020-06-26,-40,-21,-59,-69,-16,15
AE,United Arab Emirates,Abu Dhabi,,,AE-AZ,,ChIJGczaTT5mXj4RBNmakTvGr4s,2020-06-27,-32,-15,-45,-64,-13,13
AE,United Arab Emirates,Abu Dhabi,,,AE-AZ,,ChIJGczaTT5mXj4RBNmakTvGr4s,2020-06-28,-32,-12,-39,-65,-27,16
AE,United Arab Emirates,Abu Dhabi,,,AE-AZ,,ChIJGczaTT5mXj4RBNmakTvGr4s,2020-06-29,-32,-12,-37,-63,-27,16
AE,United Arab Emirates,Abu Dhabi,,,AE-AZ,,ChIJGczaTT5mXj4RBNmakTvGr4s,2020-06-30,-32,-12,-37,-60,-26,16
AE,United Arab Emirates,Abu Dhabi,,,AE-AZ,,ChIJGczaTT5mXj4RBNmakTvGr4s,2020-07-01,-31,-11,-39,-60,-26,15
AE,United Arab Emirates,Abu Dhabi,,,AE-AZ,,ChIJGczaTT5mXj4RBNmakTvGr4s,2020-07-02,-32,-11,-40,-63,-27,18
AE,United Arab Emirates,Abu Dhabi,,,AE-AZ,,ChIJGczaTT5mXj4RBNmakTvGr4s,2020-07-03,-35,-16,-56,-68,-13,13
AE,United Arab Emirates,Abu Dhabi,,,AE-AZ,,ChIJGczaTT5mXj4RBNmakTvGr4s,2020-07-04,-28,-12,-40,-62,-9,12
AE,United Arab Emirates,Abu Dhabi,,,AE-AZ,,ChIJGczaTT5mXj4RBNmakTvGr4s,2020-07-05,-27,-7,-35,-60,-25,15
AE,United Arab Emirates,Abu Dhabi,,,AE-AZ,,ChIJGczaTT5mXj4RBNmakTvGr4s,2020-07-06,-29,-10,-34,-61,-25,15
AE,United Arab Emirates,Abu Dhabi,,,AE-AZ,,ChIJGczaTT5mXj4RBNmakTvGr4s,2020-07-07,-29,-10,-35,-59,-26,15
AE,United Arab Emirates,Abu Dhabi,,,AE-AZ,,ChIJGczaTT5mXj4RBNmakTvGr4s,2020-07-08,-31,-12,-37,-60,-25,15
AE,United Arab Emirates,Abu Dhabi,,,AE-AZ,,ChIJGczaTT5mXj4RBNmakTvGr4s,2020-07-09,-31,-12,-39,-63,-25,17
AE,United Arab Emirates,Abu Dhabi,,,AE-AZ,,ChIJGczaTT5mXj4RBNmakTvGr4s,2020-07-10,-35,-17,-55,-68,-12,13
AE,United Arab Emirates,Abu Dhabi,,,AE-AZ,,ChIJGczaTT5mXj4RBNmakTvGr4s,2020-07-11,-27,-11,-40,-64,-8,12
AE,United Arab Emirates,Abu Dhabi,,,AE-AZ,,ChIJGczaTT5mXj4RBNmakTvGr4s,2020-07-12,-26,-8,-34,-61,-24,14
AE,United Arab Emirates,Abu Dhabi,,,AE-AZ,,ChIJGczaTT5mXj4RBNmakTvGr4s,2020-07-13,-27,-10,-34,-60,-24,14
AE,United Arab Emirates,Abu Dhabi,,,AE-AZ,,ChIJGczaTT5mXj4RBNmakTvGr4s,2020-07-14,-28,-11,-34,-58,-25,14
AE,United Arab Emirates,Abu Dhabi,,,AE-AZ,,ChIJGczaTT5mXj4RBNmakTvGr4s,2020-07-15,-28,-10,-37,-60,-24,14
AE,United Arab Emirates,Abu Dhabi,,,AE-AZ,,ChIJGczaTT5mXj4RBNmakTvGr4s,2020-07-16,-29,-11,-40,-63,-24,16
AE,United Arab Emirates,Abu Dhabi,,,AE-AZ,,ChIJGczaTT5mXj4RBNmakTvGr4s,2020-07-17,-33,-16,-55,-69,-11,13
AE,United Arab Emirates,Abu Dhabi,,,AE-AZ,,ChIJGczaTT5mXj4RBNmakTvGr4s,2020-07-18,-27,-12,-42,-63,-8,11
AE,United Arab Emirates,Abu Dhabi,,,AE-AZ,,ChIJGczaTT5mXj4RBNmakTvGr4s,2020-07-19,-26,-8,-34,-62,-23,13
AE,United Arab Emirates,Abu Dhabi,,,AE-AZ,,ChIJGczaTT5mXj4RBNmakTvGr4s,2020-07-20,-27,-10,-33,-61,-24,13
AE,United Arab Emirates,Abu Dhabi,,,AE-AZ,,ChIJGczaTT5mXj4RBNmakTvGr4s,2020-07-21,-28,-13,-36,-60,-25,13
AE,United Arab Emirates,Abu Dhabi,,,AE-AZ,,ChIJGczaTT5mXj4RBNmakTvGr4s,2020-07-22,-29,-13,-38,-61,-23,14
AE,United Arab Emirates,Abu Dhabi,,,AE-AZ,,ChIJGczaTT5mXj4RBNmakTvGr4s,2020-07-23,-29,-11,-40,-62,-23,15
AE,United Arab Emirates,Abu Dhabi,,,AE-AZ,,ChIJGczaTT5mXj4RBNmakTvGr4s,2020-07-24,-33,-17,-54,-69,-10,13
AE,United Arab Emirates,Abu Dhabi,,,AE-AZ,,ChIJGczaTT5mXj4RBNmakTvGr4s,2020-07-25,-25,-11,-39,-61,-8,11
AE,United Arab Emirates,Abu Dhabi,,,AE-AZ,,ChIJGczaTT5mXj4RBNmakTvGr4s,2020-07-26,-23,-7,-33,-60,-23,13
AE,United Arab Emirates,Abu Dhabi,,,AE-AZ,,ChIJGczaTT5mXj4RBNmakTvGr4s,2020-07-27,-21,-5,-32,-59,-23,12
AE,United Arab Emirates,Abu Dhabi,,,AE-AZ,,ChIJGczaTT5mXj4RBNmakTvGr4s,2020-07-28,-19,-1,-34,-56,-23,12
AE,United Arab Emirates,Abu Dhabi,,,AE-AZ,,ChIJGczaTT5mXj4RBNmakTvGr4s,2020-07-29,-12,10,-32,-55,-23,10
AE,United Arab Emirates,Abu Dhabi,,,AE-AZ,,ChIJGczaTT5mXj4RBNmakTvGr4s,2020-07-30,-24,7,-50,-68,-58,26
AE,United Arab Emirates,Abu Dhabi,,,AE-AZ,,ChIJGczaTT5mXj4RBNmakTvGr4s,2020-07-31,-30,-19,-53,-66,-17,10
AE,United Arab Emirates,Abu Dhabi,,,AE-AZ,,ChIJGczaTT5mXj4RBNmakTvGr4s,2020-08-01,-23,-10,-41,-67,-46,17
AE,United Arab Emirates,Abu Dhabi,,,AE-AZ,,ChIJGczaTT5mXj4RBNmakTvGr4s,2020-08-02,-20,-2,-38,-69,-59,21
AE,United Arab Emirates,Abu Dhabi,,,AE-AZ,,ChIJGczaTT5mXj4RBNmakTvGr4s,2020-08-03,-24,-8,-37,-60,-24,11
AE,United Arab Emirates,Abu Dhabi,,,AE-AZ,,ChIJGczaTT5mXj4RBNmakTvGr4s,2020-08-04,-23,-8,-37,-55,-24,12
AE,United Arab Emirates,Abu Dhabi,,,AE-AZ,,ChIJGczaTT5mXj4RBNmakTvGr4s,2020-08-05,-23,-8,-38,-56,-23,12
AE,United Arab Emirates,Abu Dhabi,,,AE-AZ,,ChIJGczaTT5mXj4RBNmakTvGr4s,2020-08-06,-25,-10,-41,-59,-23,14
AE,United Arab Emirates,Abu Dhabi,,,AE-AZ,,ChIJGczaTT5mXj4RBNmakTvGr4s,2020-08-07,-30,-17,-56,-64,-9,11
AE,United Arab Emirates,Abu Dhabi,,,AE-AZ,,ChIJGczaTT5mXj4RBNmakTvGr4s,2020-08-08,-23,-10,-40,-60,-8,9
AE,United Arab Emirates,Abu Dhabi,,,AE-AZ,,ChIJGczaTT5mXj4RBNmakTvGr4s,2020-08-09,-20,-5,-33,-55,-22,11
AE,United Arab Emirates,Abu Dhabi,,,AE-AZ,,ChIJGczaTT5mXj4RBNmakTvGr4s,2020-08-10,-22,-8,-33,-56,-22,11
AE,United Arab Emirates,Abu Dhabi,,,AE-AZ,,ChIJGczaTT5mXj4RBNmakTvGr4s,2020-08-11,-23,-9,-35,-55,-23,11
AE,United Arab Emirates,Abu Dhabi,,,AE-AZ,,ChIJGczaTT5mXj4RBNmakTvGr4s,2020-08-12,-22,-9,-37,-54,-23,12
AE,United Arab Emirates,Abu Dhabi,,,AE-AZ,,ChIJGczaTT5mXj4RBNmakTvGr4s,2020-08-13,-24,-9,-39,-58,-23,13
AE,United Arab Emirates,Abu Dhabi,,,AE-AZ,,ChIJGczaTT5mXj4RBNmakTvGr4s,2020-08-14,-28,-14,-54,-64,-10,11
AE,United Arab Emirates,Abu Dhabi,,,AE-AZ,,ChIJGczaTT5mXj4RBNmakTvGr4s,2020-08-15,-23,-10,-42,-57,-8,9
AE,United Arab Emirates,Abu Dhabi,,,AE-AZ,,ChIJGczaTT5mXj4RBNmakTvGr4s,2020-08-16,-21,-6,-34,-55,-22,11
AE,United Arab Emirates,Abu Dhabi,,,AE-AZ,,ChIJGczaTT5mXj4RBNmakTvGr4s,2020-08-17,-22,-9,-33,-56,-22,11
AE,United Arab Emirates,Abu Dhabi,,,AE-AZ,,ChIJGczaTT5mXj4RBNmakTvGr4s,2020-08-18,-23,-11,-35,-54,-21,11
AE,United Arab Emirates,Abu Dhabi,,,AE-AZ,,ChIJGczaTT5mXj4RBNmakTvGr4s,2020-08-19,-24,-11,-37,-55,-22,11
AE,United Arab Emirates,Abu Dhabi,,,AE-AZ,,ChIJGczaTT5mXj4RBNmakTvGr4s,2020-08-20,-26,-13,-42,-58,-22,12
AE,United Arab Emirates,Abu Dhabi,,,AE-AZ,,ChIJGczaTT5mXj4RBNmakTvGr4s,2020-08-21,-31,-19,-56,-67,-10,11
AE,United Arab Emirates,Abu Dhabi,,,AE-AZ,,ChIJGczaTT5mXj4RBNmakTvGr4s,2020-08-22,-22,-13,-41,-60,-13,10
AE,United Arab Emirates,Abu Dhabi,,,AE-AZ,,ChIJGczaTT5mXj4RBNmakTvGr4s,2020-08-23,-23,-5,-39,-68,-56,21
AE,United Arab Emirates,Abu Dhabi,,,AE-AZ,,ChIJGczaTT5mXj4RBNmakTvGr4s,2020-08-24,-25,-13,-35,-57,-21,10
AE,United Arab Emirates,Abu Dhabi,,,AE-AZ,,ChIJGczaTT5mXj4RBNmakTvGr4s,2020-08-25,-24,-12,-34,-55,-21,10
AE,United Arab Emirates,Abu Dhabi,,,AE-AZ,,ChIJGczaTT5mXj4RBNmakTvGr4s,2020-08-26,-23,-9,-35,-54,-20,10
AE,United Arab Emirates,Abu Dhabi,,,AE-AZ,,ChIJGczaTT5mXj4RBNmakTvGr4s,2020-08-27,-21,-8,-38,-58,-20,11
AE,United Arab Emirates,Abu Dhabi,,,AE-AZ,,ChIJGczaTT5mXj4RBNmakTvGr4s,2020-08-28,-25,-13,-55,-64,-10,10
AE,United Arab Emirates,Abu Dhabi,,,AE-AZ,,ChIJGczaTT5mXj4RBNmakTvGr4s,2020-08-29,-19,-7,-41,-59,-8,8
AE,United Arab Emirates,Abu Dhabi,,,AE-AZ,,ChIJGczaTT5mXj4RBNmakTvGr4s,2020-08-30,-18,-2,-34,-56,-21,10
AE,United Arab Emirates,Abu Dhabi,,,AE-AZ,,ChIJGczaTT5mXj4RBNmakTvGr4s,2020-08-31,-19,-7,-31,-56,-22,10
AE,United Arab Emirates,Abu Dhabi,,,AE-AZ,,ChIJGczaTT5mXj4RBNmakTvGr4s,2020-09-01,-20,-6,-32,-55,-21,10
AE,United Arab Emirates,Abu Dhabi,,,AE-AZ,,ChIJGczaTT5mXj4RBNmakTvGr4s,2020-09-02,-21,-6,-33,-53,-20,10
AE,United Arab Emirates,Abu Dhabi,,,AE-AZ,,ChIJGczaTT5mXj4RBNmakTvGr4s,2020-09-03,-21,-6,-38,-58,-21,11
AE,United Arab Emirates,Abu Dhabi,,,AE-AZ,,ChIJGczaTT5mXj4RBNmakTvGr4s,2020-09-04,-23,-9,-51,-63,-12,10
AE,United Arab Emirates,Abu Dhabi,,,AE-AZ,,ChIJGczaTT5mXj4RBNmakTvGr4s,2020-09-05,-18,-5,-37,-60,-9,8
AE,United Arab Emirates,Abu Dhabi,,,AE-AZ,,ChIJGczaTT5mXj4RBNmakTvGr4s,2020-09-06,-18,-3,-30,-56,-21,10
AE,United Arab Emirates,Abu Dhabi,,,AE-AZ,,ChIJGczaTT5mXj4RBNmakTvGr4s,2020-09-07,-20,-7,-29,-55,-22,10
AE,United Arab Emirates,Abu Dhabi,,,AE-AZ,,ChIJGczaTT5mXj4RBNmakTvGr4s,2020-09-08,-20,-6,-30,-54,-21,10
AE,United Arab Emirates,Abu Dhabi,,,AE-AZ,,ChIJGczaTT5mXj4RBNmakTvGr4s,2020-09-09,-22,-7,-31,-53,-20,10
AE,United Arab Emirates,Abu Dhabi,,,AE-AZ,,ChIJGczaTT5mXj4RBNmakTvGr4s,2020-09-10,-20,-6,-36,-57,-21,11
AE,United Arab Emirates,Abu Dhabi,,,AE-AZ,,ChIJGczaTT5mXj4RBNmakTvGr4s,2020-09-11,-23,-9,-47,-65,-13,9
AE,United Arab Emirates,Abu Dhabi,,,AE-AZ,,ChIJGczaTT5mXj4RBNmakTvGr4s,2020-09-12,-18,-5,-34,-60,-10,8
AE,United Arab Emirates,Abu Dhabi,,,AE-AZ,,ChIJGczaTT5mXj4RBNmakTvGr4s,2020-09-13,-20,-4,-28,-58,-21,10
AE,United Arab Emirates,Abu Dhabi,,,AE-AZ,,ChIJGczaTT5mXj4RBNmakTvGr4s,2020-09-14,-21,-8,-25,-54,-19,10
AE,United Arab Emirates,Abu Dhabi,,,AE-AZ,,ChIJGczaTT5mXj4RBNmakTvGr4s,2020-09-15,-21,-7,-27,-54,-18,10
AE,United Arab Emirates,Abu Dhabi,,,AE-AZ,,ChIJGczaTT5mXj4RBNmakTvGr4s,2020-09-16,-21,-7,-27,-54,-19,10
AE,United Arab Emirates,Abu Dhabi,,,AE-AZ,,ChIJGczaTT5mXj4RBNmakTvGr4s,2020-09-17,-22,-8,-34,-59,-20,12
AE,United Arab Emirates,Abu Dhabi,,,AE-AZ,,ChIJGczaTT5mXj4RBNmakTvGr4s,2020-09-18,-25,-12,-46,-65,-13,10
AE,United Arab Emirates,Abu Dhabi,,,AE-AZ,,ChIJGczaTT5mXj4RBNmakTvGr4s,2020-09-19,-21,-9,-33,-60,-9,9
AE,United Arab Emirates,Abu Dhabi,,,AE-AZ,,ChIJGczaTT5mXj4RBNmakTvGr4s,2020-09-20,-23,-8,-28,-58,-20,11
AE,United Arab Emirates,Abu Dhabi,,,AE-AZ,,ChIJGczaTT5mXj4RBNmakTvGr4s,2020-09-21,-24,-11,-24,-57,-21,11
AE,United Arab Emirates,Abu Dhabi,,,AE-AZ,,ChIJGczaTT5mXj4RBNmakTvGr4s,2020-09-22,-25,-11,-30,-57,-20,11
AE,United Arab Emirates,Abu Dhabi,,,AE-AZ,,ChIJGczaTT5mXj4RBNmakTvGr4s,2020-09-23,-26,-11,-35,-57,-18,11
AE,United Arab Emirates,Abu Dhabi,,,AE-AZ,,ChIJGczaTT5mXj4RBNmakTvGr4s,2020-09-24,-26,-10,-40,-61,-19,12
AE,United Arab Emirates,Abu Dhabi,,,AE-AZ,,ChIJGczaTT5mXj4RBNmakTvGr4s,2020-09-25,-27,-13,-51,-67,-12,11
AE,United Arab Emirates,Abu Dhabi,,,AE-AZ,,ChIJGczaTT5mXj4RBNmakTvGr4s,2020-09-26,-23,-9,-41,-62,-8,9
AE,United Arab Emirates,Abu Dhabi,,,AE-AZ,,ChIJGczaTT5mXj4RBNmakTvGr4s,2020-09-27,-23,-5,-37,-58,-19,11
AE,United Arab Emirates,Abu Dhabi,,,AE-AZ,,ChIJGczaTT5mXj4RBNmakTvGr4s,2020-09-28,-23,-8,-34,-57,-18,11
AE,United Arab Emirates,Abu Dhabi,,,AE-AZ,,ChIJGczaTT5mXj4RBNmakTvGr4s,2020-09-29,-22,-6,-34,-55,-18,10
AE,United Arab Emirates,Abu Dhabi,,,AE-AZ,,ChIJGczaTT5mXj4RBNmakTvGr4s,2020-09-30,-22,-3,-33,-54,-19,9
AE,United Arab Emirates,Abu Dhabi,,,AE-AZ,,ChIJGczaTT5mXj4RBNmakTvGr4s,2020-10-01,-22,-2,-37,-58,-19,9
AE,United Arab Emirates,Abu Dhabi,,,AE-AZ,,ChIJGczaTT5mXj4RBNmakTvGr4s,2020-10-02,-22,-4,-48,-64,-13,8
AE,United Arab Emirates,Abu Dhabi,,,AE-AZ,,ChIJGczaTT5mXj4RBNmakTvGr4s,2020-10-03,-19,-2,-37,-61,-10,7
AE,United Arab Emirates,Abu Dhabi,,,AE-AZ,,ChIJGczaTT5mXj4RBNmakTvGr4s,2020-10-04,-21,-2,-32,-58,-21,8
AE,United Arab Emirates,Abu Dhabi,,,AE-AZ,,ChIJGczaTT5mXj4RBNmakTvGr4s,2020-10-05,-22,-5,-29,-56,-21,8
AE,United Arab Emirates,Abu Dhabi,,,AE-AZ,,ChIJGczaTT5mXj4RBNmakTvGr4s,2020-10-06,-22,-5,-30,-54,-20,8
AE,United Arab Emirates,Abu Dhabi,,,AE-AZ,,ChIJGczaTT5mXj4RBNmakTvGr4s,2020-10-07,-23,-5,-30,-54,-19,8
AE,United Arab Emirates,Abu Dhabi,,,AE-AZ,,ChIJGczaTT5mXj4RBNmakTvGr4s,2020-10-08,-22,-4,-33,-57,-18,10
AE,United Arab Emirates,Abu Dhabi,,,AE-AZ,,ChIJGczaTT5mXj4RBNmakTvGr4s,2020-10-09,-23,-8,-42,-65,-12,9
AE,United Arab Emirates,Abu Dhabi,,,AE-AZ,,ChIJGczaTT5mXj4RBNmakTvGr4s,2020-10-10,-21,-6,-31,-62,-7,8
AE,United Arab Emirates,Abu Dhabi,,,AE-AZ,,ChIJGczaTT5mXj4RBNmakTvGr4s,2020-10-11,-23,-4,-28,-59,-18,10
AE,United Arab Emirates,Abu Dhabi,,,AE-AZ,,ChIJGczaTT5mXj4RBNmakTvGr4s,2020-10-12,-23,-6,-23,-56,-19,10
AE,United Arab Emirates,Abu Dhabi,,,AE-AZ,,ChIJGczaTT5mXj4RBNmakTvGr4s,2020-10-13,-23,-6,-25,-56,-19,10
AE,United Arab Emirates,Abu Dhabi,,,AE-AZ,,ChIJGczaTT5mXj4RBNmakTvGr4s,2020-10-14,-23,-5,-28,-55,-17,10
AE,United Arab Emirates,Abu Dhabi,,,AE-AZ,,ChIJGczaTT5mXj4RBNmakTvGr4s,2020-10-15,-22,-4,-34,-57,-18,11
AE,United Arab Emirates,Abu Dhabi,,,AE-AZ,,ChIJGczaTT5mXj4RBNmakTvGr4s,2020-10-16,-24,-5,-42,-64,-12,9
AE,United Arab Emirates,Abu Dhabi,,,AE-AZ,,ChIJGczaTT5mXj4RBNmakTvGr4s,2020-10-17,-21,-6,-33,-61,-8,8
AE,United Arab Emirates,Abu Dhabi,,,AE-AZ,,ChIJGczaTT5mXj4RBNmakTvGr4s,2020-10-18,-21,-4,-30,-58,-20,10
AE,United Arab Emirates,Abu Dhabi,,,AE-AZ,,ChIJGczaTT5mXj4RBNmakTvGr4s,2020-10-19,-23,-8,-26,-55,-20,10
AE,United Arab Emirates,Abu Dhabi,,,AE-AZ,,ChIJGczaTT5mXj4RBNmakTvGr4s,2020-10-20,-24,-8,-26,-55,-20,10
AE,United Arab Emirates,Abu Dhabi,,,AE-AZ,,ChIJGczaTT5mXj4RBNmakTvGr4s,2020-10-21,-23,-6,-24,-55,-19,10
AE,United Arab Emirates,Abu Dhabi,,,AE-AZ,,ChIJGczaTT5mXj4RBNmakTvGr4s,2020-10-22,-21,-4,-24,-57,-18,11
AE,United Arab Emirates,Abu Dhabi,,,AE-AZ,,ChIJGczaTT5mXj4RBNmakTvGr4s,2020-10-23,-24,-8,-34,-64,-11,9
AE,United Arab Emirates,Abu Dhabi,,,AE-AZ,,ChIJGczaTT5mXj4RBNmakTvGr4s,2020-10-24,-21,-7,-27,-61,-6,8
AE,United Arab Emirates,Abu Dhabi,,,AE-AZ,,ChIJGczaTT5mXj4RBNmakTvGr4s,2020-10-25,-21,-4,-23,-58,-17,10
AE,United Arab Emirates,Abu Dhabi,,,AE-AZ,,ChIJGczaTT5mXj4RBNmakTvGr4s,2020-10-26,-21,-5,-19,-55,-18,10
AE,United Arab Emirates,Abu Dhabi,,,AE-AZ,,ChIJGczaTT5mXj4RBNmakTvGr4s,2020-10-27,-19,-2,-21,-54,-17,9
AE,United Arab Emirates,Abu Dhabi,,,AE-AZ,,ChIJGczaTT5mXj4RBNmakTvGr4s,2020-10-28,-13,5,-19,-53,-16,6
AE,United Arab Emirates,Abu Dhabi,,,AE-AZ,,ChIJGczaTT5mXj4RBNmakTvGr4s,2020-10-29,-17,3,-22,-68,-58,20
AE,United Arab Emirates,Abu Dhabi,,,AE-AZ,,ChIJGczaTT5mXj4RBNmakTvGr4s,2020-10-30,-21,-8,-33,-65,-13,7
AE,United Arab Emirates,Abu Dhabi,,,AE-AZ,,ChIJGczaTT5mXj4RBNmakTvGr4s,2020-10-31,-20,-6,-29,-61,-8,6
AE,United Arab Emirates,Abu Dhabi,,,AE-AZ,,ChIJGczaTT5mXj4RBNmakTvGr4s,2020-11-01,-19,-1,-25,-57,-19,9
AE,United Arab Emirates,Abu Dhabi,,,AE-AZ,,ChIJGczaTT5mXj4RBNmakTvGr4s,2020-11-02,-19,-3,-24,-55,-19,8
AE,United Arab Emirates,Abu Dhabi,,,AE-AZ,,ChIJGczaTT5mXj4RBNmakTvGr4s,2020-11-03,-20,-3,-24,-56,-19,9
AE,United Arab Emirates,Abu Dhabi,,,AE-AZ,,ChIJGczaTT5mXj4RBNmakTvGr4s,2020-11-04,-20,-3,-26,-54,-18,9
AE,United Arab Emirates,Abu Dhabi,,,AE-AZ,,ChIJGczaTT5mXj4RBNmakTvGr4s,2020-11-05,-20,-3,-29,-57,-18,10
AE,United Arab Emirates,Abu Dhabi,,,AE-AZ,,ChIJGczaTT5mXj4RBNmakTvGr4s,2020-11-06,-21,-5,-35,-65,-12,8
AE,United Arab Emirates,Abu Dhabi,,,AE-AZ,,ChIJGczaTT5mXj4RBNmakTvGr4s,2020-11-07,-19,-6,-30,-63,-8,7
AE,United Arab Emirates,Abu Dhabi,,,AE-AZ,,ChIJGczaTT5mXj4RBNmakTvGr4s,2020-11-08,-20,-3,-28,-58,-18,9
AE,United Arab Emirates,Abu Dhabi,,,AE-AZ,,ChIJGczaTT5mXj4RBNmakTvGr4s,2020-11-09,-21,-6,-26,-57,-19,9
AE,United Arab Emirates,Abu Dhabi,,,AE-AZ,,ChIJGczaTT5mXj4RBNmakTvGr4s,2020-11-10,-21,-6,-27,-54,-18,9
AE,United Arab Emirates,Abu Dhabi,,,AE-AZ,,ChIJGczaTT5mXj4RBNmakTvGr4s,2020-11-11,-20,-4,-26,-55,-18,9
AE,United Arab Emirates,Abu Dhabi,,,AE-AZ,,ChIJGczaTT5mXj4RBNmakTvGr4s,2020-11-12,-19,-2,-27,-56,-18,10
AE,United Arab Emirates,Abu Dhabi,,,AE-AZ,,ChIJGczaTT5mXj4RBNmakTvGr4s,2020-11-13,-19,-2,-33,-64,-11,8
AE,United Arab Emirates,Abu Dhabi,,,AE-AZ,,ChIJGczaTT5mXj4RBNmakTvGr4s,2020-11-14,-18,-4,-27,-61,-8,7
AE,United Arab Emirates,Abu Dhabi,,,AE-AZ,,ChIJGczaTT5mXj4RBNmakTvGr4s,2020-11-15,-20,-3,-26,-57,-19,9
AE,United Arab Emirates,Abu Dhabi,,,AE-AZ,,ChIJGczaTT5mXj4RBNmakTvGr4s,2020-11-16,-22,-7,-22,-56,-19,9
AE,United Arab Emirates,Abu Dhabi,,,AE-AZ,,ChIJGczaTT5mXj4RBNmakTvGr4s,2020-11-17,-22,-7,-22,-55,-18,9
AE,United Arab Emirates,Abu Dhabi,,,AE-AZ,,ChIJGczaTT5mXj4RBNmakTvGr4s,2020-11-18,-22,-6,-24,-55,-17,9
AE,United Arab Emirates,Abu Dhabi,,,AE-AZ,,ChIJGczaTT5mXj4RBNmakTvGr4s,2020-11-19,-20,-5,-28,-58,-18,10
AE,United Arab Emirates,Abu Dhabi,,,AE-AZ,,ChIJGczaTT5mXj4RBNmakTvGr4s,2020-11-20,-22,-7,-30,-66,-11,8
AE,United Arab Emirates,Abu Dhabi,,,AE-AZ,,ChIJGczaTT5mXj4RBNmakTvGr4s,2020-11-21,-20,-7,-27,-62,-7,7
AE,United Arab Emirates,Abu Dhabi,,,AE-AZ,,ChIJGczaTT5mXj4RBNmakTvGr4s,2020-11-22,-22,-6,-26,-59,-18,9
AE,United Arab Emirates,Abu Dhabi,,,AE-AZ,,ChIJGczaTT5mXj4RBNmakTvGr4s,2020-11-23,-23,-9,-22,-57,-19,9
AE,United Arab Emirates,Abu Dhabi,,,AE-AZ,,ChIJGczaTT5mXj4RBNmakTvGr4s,2020-11-24,-22,-8,-22,-56,-18,9
AE,United Arab Emirates,Abu Dhabi,,,AE-AZ,,ChIJGczaTT5mXj4RBNmakTvGr4s,2020-11-25,-21,-6,-25,-55,-17,9
AE,United Arab Emirates,Abu Dhabi,,,AE-AZ,,ChIJGczaTT5mXj4RBNmakTvGr4s,2020-11-26,-19,-3,-28,-56,-17,9
AE,United Arab Emirates,Abu Dhabi,,,AE-AZ,,ChIJGczaTT5mXj4RBNmakTvGr4s,2020-11-27,-18,-4,-30,-63,-9,7
AE,United Arab Emirates,Abu Dhabi,,,AE-AZ,,ChIJGczaTT5mXj4RBNmakTvGr4s,2020-11-28,-15,-3,-28,-61,-6,6
AE,United Arab Emirates,Abu Dhabi,,,AE-AZ,,ChIJGczaTT5mXj4RBNmakTvGr4s,2020-11-29,-15,0,-26,-57,-18,8
AE,United Arab Emirates,Abu Dhabi,,,AE-AZ,,ChIJGczaTT5mXj4RBNmakTvGr4s,2020-11-30,-10,5,-16,-54,-18,6
AE,United Arab Emirates,Abu Dhabi,,,AE-AZ,,ChIJGczaTT5mXj4RBNmakTvGr4s,2020-12-01,-6,14,6,-63,-56,15
AE,United Arab Emirates,Abu Dhabi,,,AE-AZ,,ChIJGczaTT5mXj4RBNmakTvGr4s,2020-12-02,-6,14,43,-63,-61,17
AE,United Arab Emirates,Abu Dhabi,,,AE-AZ,,ChIJGczaTT5mXj4RBNmakTvGr4s,2020-12-03,-17,0,-4,-66,-58,20
AE,United Arab Emirates,Abu Dhabi,,,AE-AZ,,ChIJGczaTT5mXj4RBNmakTvGr4s,2020-12-04,-23,-9,-25,-63,-10,7
AE,United Arab Emirates,Abu Dhabi,,,AE-AZ,,ChIJGczaTT5mXj4RBNmakTvGr4s,2020-12-05,-19,-8,-28,-60,-6,6
AE,United Arab Emirates,Abu Dhabi,,,AE-AZ,,ChIJGczaTT5mXj4RBNmakTvGr4s,2020-12-06,-19,-3,-25,-57,-18,8
AE,United Arab Emirates,Abu Dhabi,,,AE-AZ,,ChIJGczaTT5mXj4RBNmakTvGr4s,2020-12-07,-19,-5,-21,-56,-20,8
AE,United Arab Emirates,Abu Dhabi,,,AE-AZ,,ChIJGczaTT5mXj4RBNmakTvGr4s,2020-12-08,-20,-5,-21,-55,-18,8
AE,United Arab Emirates,Abu Dhabi,,,AE-AZ,,ChIJGczaTT5mXj4RBNmakTvGr4s,2020-12-09,-19,-5,-22,-54,-18,8
AE,United Arab Emirates,Abu Dhabi,,,AE-AZ,,ChIJGczaTT5mXj4RBNmakTvGr4s,2020-12-10,-20,-4,-25,-54,-18,10
AE,United Arab Emirates,Abu Dhabi,,,AE-AZ,,ChIJGczaTT5mXj4RBNmakTvGr4s,2020-12-11,-21,-5,-24,-61,-8,7
AE,United Arab Emirates,Abu Dhabi,,,AE-AZ,,ChIJGczaTT5mXj4RBNmakTvGr4s,2020-12-12,-18,-5,-20,-59,-6,7
AE,United Arab Emirates,Abu Dhabi,,,AE-AZ,,ChIJGczaTT5mXj4RBNmakTvGr4s,2020-12-13,-17,-2,-16,-56,-21,9
AE,United Arab Emirates,Abu Dhabi,,,AE-AZ,,ChIJGczaTT5mXj4RBNmakTvGr4s,2020-12-14,-18,-5,-14,-56,-22,9
AE,United Arab Emirates,Abu Dhabi,,,AE-AZ,,ChIJGczaTT5mXj4RBNmakTvGr4s,2020-12-15,-17,-3,-15,-55,-21,8
AE,United Arab Emirates,Abu Dhabi,,,AE-AZ,,ChIJGczaTT5mXj4RBNmakTvGr4s,2020-12-16,-18,-3,-19,-53,-20,9
AE,United Arab Emirates,Abu Dhabi,,,AE-AZ,,ChIJGczaTT5mXj4RBNmakTvGr4s,2020-12-17,-19,-4,-26,-56,-21,10
AE,United Arab Emirates,Abu Dhabi,,,AE-AZ,,ChIJGczaTT5mXj4RBNmakTvGr4s,2020-12-18,-20,-4,-25,-61,-8,7
AE,United Arab Emirates,Abu Dhabi,,,AE-AZ,,ChIJGczaTT5mXj4RBNmakTvGr4s,2020-12-19,-19,-6,-23,-61,-6,7
AE,United Arab Emirates,Abu Dhabi,,,AE-AZ,,ChIJGczaTT5mXj4RBNmakTvGr4s,2020-12-20,-17,-1,-20,-56,-22,9
AE,United Arab Emirates,Abu Dhabi,,,AE-AZ,,ChIJGczaTT5mXj4RBNmakTvGr4s,2020-12-21,-17,-4,-17,-57,-23,9
AE,United Arab Emirates,Abu Dhabi,,,AE-AZ,,ChIJGczaTT5mXj4RBNmakTvGr4s,2020-12-22,-17,-3,-19,-57,-23,8
AE,United Arab Emirates,Abu Dhabi,,,AE-AZ,,ChIJGczaTT5mXj4RBNmakTvGr4s,2020-12-23,-16,0,-21,-56,-21,9
AE,United Arab Emirates,Abu Dhabi,,,AE-AZ,,ChIJGczaTT5mXj4RBNmakTvGr4s,2020-12-24,-17,1,-26,-57,-23,10
AE,United Arab Emirates,Abu Dhabi,,,AE-AZ,,ChIJGczaTT5mXj4RBNmakTvGr4s,2020-12-25,-21,-7,-27,-61,-10,7
AE,United Arab Emirates,Abu Dhabi,,,AE-AZ,,ChIJGczaTT5mXj4RBNmakTvGr4s,2020-12-26,-19,-7,-24,-62,-7,6
AE,United Arab Emirates,Abu Dhabi,,,AE-AZ,,ChIJGczaTT5mXj4RBNmakTvGr4s,2020-12-27,-15,0,-21,-58,-23,9
AE,United Arab Emirates,Abu Dhabi,,,AE-AZ,,ChIJGczaTT5mXj4RBNmakTvGr4s,2020-12-28,-14,0,-16,-56,-23,8
AE,United Arab Emirates,Abu Dhabi,,,AE-AZ,,ChIJGczaTT5mXj4RBNmakTvGr4s,2020-12-29,-14,1,-16,-55,-23,8
AE,United Arab Emirates,Abu Dhabi,,,AE-AZ,,ChIJGczaTT5mXj4RBNmakTvGr4s,2020-12-30,-12,4,-19,-54,-22,8
AE,United Arab Emirates,Abu Dhabi,,,AE-AZ,,ChIJGczaTT5mXj4RBNmakTvGr4s,2020-12-31,-13,4,3,-55,-23,9
AE,United Arab Emirates,Abu Dhabi,,,AE-AZ,,ChIJGczaTT5mXj4RBNmakTvGr4s,2021-01-01,-19,-5,-22,-63,-12,6
AE,United Arab Emirates,Abu Dhabi,,,AE-AZ,,ChIJGczaTT5mXj4RBNmakTvGr4s,2021-01-02,-17,-2,-27,-59,-7,6
AE,United Arab Emirates,Abu Dhabi,,,AE-AZ,,ChIJGczaTT5mXj4RBNmakTvGr4s,2021-01-03,-17,0,-24,-55,-20,9
AE,United Arab Emirates,Abu Dhabi,,,AE-AZ,,ChIJGczaTT5mXj4RBNmakTvGr4s,2021-01-04,-18,-1,-22,-54,-20,9
AE,United Arab Emirates,Abu Dhabi,,,AE-AZ,,ChIJGczaTT5mXj4RBNmakTvGr4s,2021-01-05,-19,-3,-23,-54,-19,9
AE,United Arab Emirates,Abu Dhabi,,,AE-AZ,,ChIJGczaTT5mXj4RBNmakTvGr4s,2021-01-06,-18,-3,-25,-53,-18,9
AE,United Arab Emirates,Abu Dhabi,,,AE-AZ,,ChIJGczaTT5mXj4RBNmakTvGr4s,2021-01-07,-18,-3,-29,-55,-19,10
AE,United Arab Emirates,Abu Dhabi,,,AE-AZ,,ChIJGczaTT5mXj4RBNmakTvGr4s,2021-01-08,-18,-2,-32,-59,-9,7
AE,United Arab Emirates,Abu Dhabi,,,AE-AZ,,ChIJGczaTT5mXj4RBNmakTvGr4s,2021-01-09,-16,-3,-26,-58,-6,6
AE,United Arab Emirates,Abu Dhabi,,,AE-AZ,,ChIJGczaTT5mXj4RBNmakTvGr4s,2021-01-10,-17,-1,-25,-53,-20,8
AE,United Arab Emirates,Abu Dhabi,,,AE-AZ,,ChIJGczaTT5mXj4RBNmakTvGr4s,2021-01-11,-18,-3,-21,-53,-20,8
AE,United Arab Emirates,Abu Dhabi,,,AE-AZ,,ChIJGczaTT5mXj4RBNmakTvGr4s,2021-01-12,-19,-4,-24,-51,-20,8
AE,United Arab Emirates,Abu Dhabi,,,AE-AZ,,ChIJGczaTT5mXj4RBNmakTvGr4s,2021-01-13,-20,-5,-27,-54,-20,7
AE,United Arab Emirates,Abu Dhabi,,,AE-AZ,,ChIJGczaTT5mXj4RBNmakTvGr4s,2021-01-14,-21,-6,-31,-56,-23,7
AE,United Arab Emirates,Abu Dhabi,,,AE-AZ,,ChIJGczaTT5mXj4RBNmakTvGr4s,2021-01-15,-21,-8,-27,-62,-17,4
AE,United Arab Emirates,Abu Dhabi,,,AE-AZ,,ChIJGczaTT5mXj4RBNmakTvGr4s,2021-01-16,-21,-9,-29,-59,-15,4
AE,United Arab Emirates,Abu Dhabi,,,AE-AZ,,ChIJGczaTT5mXj4RBNmakTvGr4s,2021-01-17,-22,-8,-29,-57,-25,7
AE,United Arab Emirates,Abu Dhabi,,,AE-AZ,,ChIJGczaTT5mXj4RBNmakTvGr4s,2021-01-18,-23,-11,-25,-56,-25,8
AE,United Arab Emirates,Abu Dhabi,,,AE-AZ,,ChIJGczaTT5mXj4RBNmakTvGr4s,2021-01-19,-24,-11,-26,-54,-24,8
AE,United Arab Emirates,Abu Dhabi,,,AE-AZ,,ChIJGczaTT5mXj4RBNmakTvGr4s,2021-01-20,-24,-9,-27,-54,-24,8
AE,United Arab Emirates,Abu Dhabi,,,AE-AZ,,ChIJGczaTT5mXj4RBNmakTvGr4s,2021-01-21,-23,-8,-31,-55,-24,10
AE,United Arab Emirates,Abu Dhabi,,,AE-AZ,,ChIJGczaTT5mXj4RBNmakTvGr4s,2021-01-22,-22,-8,-30,-61,-16,6
AE,United Arab Emirates,Abu Dhabi,,,AE-AZ,,ChIJGczaTT5mXj4RBNmakTvGr4s,2021-01-23,-22,-9,-30,-60,-13,6
AE,United Arab Emirates,Abu Dhabi,,,AE-AZ,,ChIJGczaTT5mXj4RBNmakTvGr4s,2021-01-24,-23,-8,-29,-56,-24,8
AE,United Arab Emirates,Abu Dhabi,,,AE-AZ,,ChIJGczaTT5mXj4RBNmakTvGr4s,2021-01-25,-23,-10,-25,-56,-24,8
AE,United Arab Emirates,Abu Dhabi,,,AE-AZ,,ChIJGczaTT5mXj4RBNmakTvGr4s,2021-01-26,-23,-9,-26,-54,-24,8
AE,United Arab Emirates,Abu Dhabi,,,AE-AZ,,ChIJGczaTT5mXj4RBNmakTvGr4s,2021-01-27,-20,-5,-27,-53,-23,8
AE,United Arab Emirates,Abu Dhabi,,,AE-AZ,,ChIJGczaTT5mXj4RBNmakTvGr4s,2021-01-28,-18,-2,-27,-54,-23,8
AE,United Arab Emirates,Abu Dhabi,,,AE-AZ,,ChIJGczaTT5mXj4RBNmakTvGr4s,2021-01-29,-16,0,-24,-60,-14,5
AE,United Arab Emirates,Abu Dhabi,,,AE-AZ,,ChIJGczaTT5mXj4RBNmakTvGr4s,2021-01-30,-14,-1,-27,-58,-11,4
AE,United Arab Emirates,Abu Dhabi,,,AE-AZ,,ChIJGczaTT5mXj4RBNmakTvGr4s,2021-01-31,-16,2,-29,-57,-22,6
AE,United Arab Emirates,Abu Dhabi,,,AE-AZ,,ChIJGczaTT5mXj4RBNmakTvGr4s,2021-02-01,-17,-1,-22,-56,-23,7
AE,United Arab Emirates,Abu Dhabi,,,AE-AZ,,ChIJGczaTT5mXj4RBNmakTvGr4s,2021-02-02,-17,-1,-24,-55,-23,6
AE,United Arab Emirates,Abu Dhabi,,,AE-AZ,,ChIJGczaTT5mXj4RBNmakTvGr4s,2021-02-03,-19,-4,-27,-54,-23,7
AE,United Arab Emirates,Abu Dhabi,,,AE-AZ,,ChIJGczaTT5mXj4RBNmakTvGr4s,2021-02-04,-20,-5,-28,-56,-24,8
AE,United Arab Emirates,Abu Dhabi,,,AE-AZ,,ChIJGczaTT5mXj4RBNmakTvGr4s,2021-02-05,-19,-3,-23,-59,-17,5
AE,United Arab Emirates,Abu Dhabi,,,AE-AZ,,ChIJGczaTT5mXj4RBNmakTvGr4s,2021-02-06,-19,-6,-26,-60,-13,4
AE,United Arab Emirates,Abu Dhabi,,,AE-AZ,,ChIJGczaTT5mXj4RBNmakTvGr4s,2021-02-07,-21,-6,-27,-58,-25,7
AE,United Arab Emirates,Abu Dhabi,,,AE-AZ,,ChIJGczaTT5mXj4RBNmakTvGr4s,2021-02-08,-21,-7,-23,-58,-27,7
AE,United Arab Emirates,Abu Dhabi,,,AE-AZ,,ChIJGczaTT5mXj4RBNmakTvGr4s,2021-02-09,-19,-3,-24,-56,-25,7
AE,United Arab Emirates,Abu Dhabi,,,AE-AZ,,ChIJGczaTT5mXj4RBNmakTvGr4s,2021-02-10,-19,-2,-24,-53,-24,8
AE,United Arab Emirates,Abu Dhabi,,,AE-AZ,,ChIJGczaTT5mXj4RBNmakTvGr4s,2021-02-11,-18,-2,-27,-56,-24,8
AE,United Arab Emirates,Abu Dhabi,,,AE-AZ,,ChIJGczaTT5mXj4RBNmakTvGr4s,2021-02-12,-18,-1,-25,-59,-15,5
AE,United Arab Emirates,Abu Dhabi,,,AE-AZ,,ChIJGczaTT5mXj4RBNmakTvGr4s,2021-02-13,-15,-2,-25,-58,-12,4
AE,United Arab Emirates,Abu Dhabi,,,AE-AZ,,ChIJGczaTT5mXj4RBNmakTvGr4s,2021-02-14,-12,4,-22,-56,-22,6
AE,United Arab Emirates,Abu Dhabi,,,AE-AZ,,ChIJGczaTT5mXj4RBNmakTvGr4s,2021-02-15,-17,-3,-20,-55,-24,7
AE,United Arab Emirates,Abu Dhabi,,,AE-AZ,,ChIJGczaTT5mXj4RBNmakTvGr4s,2021-02-16,-17,-2,-20,-55,-23,7
AE,United Arab Emirates,Abu Dhabi,,,AE-AZ,,ChIJGczaTT5mXj4RBNmakTvGr4s,2021-02-17,-15,1,-21,-54,-21,7
AE,United Arab Emirates,Abu Dhabi,,,AE-AZ,,ChIJGczaTT5mXj4RBNmakTvGr4s,2021-02-18,-16,1,-22,-55,-22,8
AE,United Arab Emirates,Abu Dhabi,,,AE-AZ,,ChIJGczaTT5mXj4RBNmakTvGr4s,2021-02-19,-16,1,-18,-60,-12,5
AE,United Arab Emirates,Abu Dhabi,,,AE-AZ,,ChIJGczaTT5mXj4RBNmakTvGr4s,2021-02-20,-14,2,-18,-57,-9,4
AE,United Arab Emirates,Abu Dhabi,,,AE-AZ,,ChIJGczaTT5mXj4RBNmakTvGr4s,2021-02-21,-15,4,-22,-56,-21,6
AE,United Arab Emirates,Abu Dhabi,,,AE-AZ,,ChIJGczaTT5mXj4RBNmakTvGr4s,2021-02-22,-16,-2,-20,-56,-22,7
AE,United Arab Emirates,Abu Dhabi,,,AE-AZ,,ChIJGczaTT5mXj4RBNmakTvGr4s,2021-02-23,-17,-1,-20,-55,-21,6
AE,United Arab Emirates,Abu Dhabi,,,AE-AZ,,ChIJGczaTT5mXj4RBNmakTvGr4s,2021-02-24,-16,0,-23,-53,-20,7
AE,United Arab Emirates,Abu Dhabi,,,AE-AZ,,ChIJGczaTT5mXj4RBNmakTvGr4s,2021-02-25,-14,3,-24,-55,-20,7
AE,United Arab Emirates,Abu Dhabi,,,AE-AZ,,ChIJGczaTT5mXj4RBNmakTvGr4s,2021-02-26,-14,4,-23,-59,-12,5
AE,United Arab Emirates,Abu Dhabi,,,AE-AZ,,ChIJGczaTT5mXj4RBNmakTvGr4s,2021-02-27,-10,6,-22,-57,-8,4
AE,United Arab Emirates,Abu Dhabi,,,AE-AZ,,ChIJGczaTT5mXj4RBNmakTvGr4s,2021-02-28,-11,10,-23,-53,-20,5
AE,United Arab Emirates,Abu Dhabi,,,AE-AZ,,ChIJGczaTT5mXj4RBNmakTvGr4s,2021-03-01,-12,8,-19,-54,-21,6
AE,United Arab Emirates,Abu Dhabi,,,AE-AZ,,ChIJGczaTT5mXj4RBNmakTvGr4s,2021-03-02,-12,9,-21,-54,-20,6
AE,United Arab Emirates,Abu Dhabi,,,AE-AZ,,ChIJGczaTT5mXj4RBNmakTvGr4s,2021-03-03,-12,9,-22,-54,-19,6
AE,United Arab Emirates,Abu Dhabi,,,AE-AZ,,ChIJGczaTT5mXj4RBNmakTvGr4s,2021-03-04,-12,8,-22,-54,-20,7
AE,United Arab Emirates,Abu Dhabi,,,AE-AZ,,ChIJGczaTT5mXj4RBNmakTvGr4s,2021-03-05,-12,8,-24,-57,-12,5
AE,United Arab Emirates,Abu Dhabi,,,AE-AZ,,ChIJGczaTT5mXj4RBNmakTvGr4s,2021-03-06,-10,8,-24,-58,-9,4
AE,United Arab Emirates,Abu Dhabi,,,AE-AZ,,ChIJGczaTT5mXj4RBNmakTvGr4s,2021-03-07,-13,9,-23,-55,-20,6
AE,United Arab Emirates,Abu Dhabi,,,AE-AZ,,ChIJGczaTT5mXj4RBNmakTvGr4s,2021-03-08,-13,5,-20,-55,-21,6
AE,United Arab Emirates,Abu Dhabi,,,AE-AZ,,ChIJGczaTT5mXj4RBNmakTvGr4s,2021-03-09,-14,4,-20,-54,-20,6
AE,United Arab Emirates,Abu Dhabi,,,AE-AZ,,ChIJGczaTT5mXj4RBNmakTvGr4s,2021-03-10,-13,6,-21,-52,-19,6
AE,United Arab Emirates,Abu Dhabi,,,AE-AZ,,ChIJGczaTT5mXj4RBNmakTvGr4s,2021-03-11,-13,6,-22,-55,-19,7
AE,United Arab Emirates,Abu Dhabi,,,AE-AZ,,ChIJGczaTT5mXj4RBNmakTvGr4s,2021-03-12,-13,6,-25,-59,-10,5
AE,United Arab Emirates,Abu Dhabi,,,AE-AZ,,ChIJGczaTT5mXj4RBNmakTvGr4s,2021-03-13,-11,6,-26,-58,-7,4
AE,United Arab Emirates,Abu Dhabi,,,AE-AZ,,ChIJGczaTT5mXj4RBNmakTvGr4s,2021-03-14,-13,8,-22,-55,-19,6
AE,United Arab Emirates,Abu Dhabi,,,AE-AZ,,ChIJGczaTT5mXj4RBNmakTvGr4s,2021-03-15,-14,5,-19,-54,-19,6
AE,United Arab Emirates,Abu Dhabi,,,AE-AZ,,ChIJGczaTT5mXj4RBNmakTvGr4s,2021-03-16,-15,5,-20,-53,-19,6
AE,United Arab Emirates,Abu Dhabi,,,AE-AZ,,ChIJGczaTT5mXj4RBNmakTvGr4s,2021-03-17,-14,7,-23,-52,-17,6
AE,United Arab Emirates,Abu Dhabi,,,AE-AZ,,ChIJGczaTT5mXj4RBNmakTvGr4s,2021-03-18,-13,7,-24,-54,-17,7
AE,United Arab Emirates,Abu Dhabi,,,AE-AZ,,ChIJGczaTT5mXj4RBNmakTvGr4s,2021-03-19,-13,6,-26,-59,-9,5
AE,United Arab Emirates,Abu Dhabi,,,AE-AZ,,ChIJGczaTT5mXj4RBNmakTvGr4s,2021-03-20,-12,6,-23,-57,-6,4
AE,United Arab Emirates,Abu Dhabi,,,AE-AZ,,ChIJGczaTT5mXj4RBNmakTvGr4s,2021-03-21,-12,10,-21,-55,-18,6
AE,United Arab Emirates,Abu Dhabi,,,AE-AZ,,ChIJGczaTT5mXj4RBNmakTvGr4s,2021-03-22,-14,5,-17,-56,-18,7
AE,United Arab Emirates,Abu Dhabi,,,AE-AZ,,ChIJGczaTT5mXj4RBNmakTvGr4s,2021-03-23,-15,4,-18,-54,-18,6
AE,United Arab Emirates,Abu Dhabi,,,AE-AZ,,ChIJGczaTT5mXj4RBNmakTvGr4s,2021-03-24,-14,6,-21,-52,-17,6
AE,United Arab Emirates,Abu Dhabi,,,AE-AZ,,ChIJGczaTT5mXj4RBNmakTvGr4s,2021-03-25,-11,9,-24,-54,-18,7
AE,United Arab Emirates,Abu Dhabi,,,AE-AZ,,ChIJGczaTT5mXj4RBNmakTvGr4s,2021-03-26,-12,6,-28,-58,-9,5
AE,United Arab Emirates,Abu Dhabi,,,AE-AZ,,ChIJGczaTT5mXj4RBNmakTvGr4s,2021-03-27,-8,8,-22,-57,-5,3
AE,United Arab Emirates,Abu Dhabi,,,AE-AZ,,ChIJGczaTT5mXj4RBNmakTvGr4s,2021-03-28,-9,13,-19,-56,-21,6
AE,United Arab Emirates,Abu Dhabi,,,AE-AZ,,ChIJGczaTT5mXj4RBNmakTvGr4s,2021-03-29,-9,9,-14,-56,-22,6
AE,United Arab Emirates,Abu Dhabi,,,AE-AZ,,ChIJGczaTT5mXj4RBNmakTvGr4s,2021-03-30,-9,11,-15,-53,-21,5
AE,United Arab Emirates,Abu Dhabi,,,AE-AZ,,ChIJGczaTT5mXj4RBNmakTvGr4s,2021-03-31,-7,13,-16,-51,-20,5
AE,United Arab Emirates,Abu Dhabi,,,AE-AZ,,ChIJGczaTT5mXj4RBNmakTvGr4s,2021-04-01,-9,12,-20,-53,-20,7
AE,United Arab Emirates,Abu Dhabi,,,AE-AZ,,ChIJGczaTT5mXj4RBNmakTvGr4s,2021-04-02,-10,10,-27,-57,-8,4
AE,United Arab Emirates,Abu Dhabi,,,AE-AZ,,ChIJGczaTT5mXj4RBNmakTvGr4s,2021-04-03,-7,12,-22,-56,-5,3
AE,United Arab Emirates,Abu Dhabi,,,AE-AZ,,ChIJGczaTT5mXj4RBNmakTvGr4s,2021-04-04,-6,16,-13,-55,-22,6
AE,United Arab Emirates,Abu Dhabi,,,AE-AZ,,ChIJGczaTT5mXj4RBNmakTvGr4s,2021-04-05,-8,11,-11,-55,-21,6
AE,United Arab Emirates,Abu Dhabi,,,AE-AZ,,ChIJGczaTT5mXj4RBNmakTvGr4s,2021-04-06,-8,12,-12,-53,-20,5
AE,United Arab Emirates,Abu Dhabi,,,AE-AZ,,ChIJGczaTT5mXj4RBNmakTvGr4s,2021-04-07,-8,13,-14,-53,-20,5
AE,United Arab Emirates,Abu Dhabi,,,AE-AZ,,ChIJGczaTT5mXj4RBNmakTvGr4s,2021-04-08,-9,11,-18,-54,-20,7
AE,United Arab Emirates,Abu Dhabi,,,AE-AZ,,ChIJGczaTT5mXj4RBNmakTvGr4s,2021-04-09,-10,10,-25,-56,-7,4
AE,United Arab Emirates,Abu Dhabi,,,AE-AZ,,ChIJGczaTT5mXj4RBNmakTvGr4s,2021-04-10,-6,13,-19,-56,-4,3
AE,United Arab Emirates,Abu Dhabi,,,AE-AZ,,ChIJGczaTT5mXj4RBNmakTvGr4s,2021-04-11,-5,20,-17,-54,-18,5
AE,United Arab Emirates,Abu Dhabi,,,AE-AZ,,ChIJGczaTT5mXj4RBNmakTvGr4s,2021-04-12,-3,28,-15,-54,-18,5
AE,United Arab Emirates,Abu Dhabi,,,AE-AZ,,ChIJGczaTT5mXj4RBNmakTvGr4s,2021-04-13,-24,15,-30,-57,-20,13
AE,United Arab Emirates,Abu Dhabi,,,AE-AZ,,ChIJGczaTT5mXj4RBNmakTvGr4s,2021-04-14,-23,9,-27,-56,-20,13
AE,United Arab Emirates,Abu Dhabi,,,AE-AZ,,ChIJGczaTT5mXj4RBNmakTvGr4s,2021-04-15,-23,5,-31,-57,-18,14
AE,United Arab Emirates,Abu Dhabi,,,AE-AZ,,ChIJGczaTT5mXj4RBNmakTvGr4s,2021-04-16,-25,2,-45,-62,-8,10
AE,United Arab Emirates,Abu Dhabi,,,AE-AZ,,ChIJGczaTT5mXj4RBNmakTvGr4s,2021-04-17,-20,5,-30,-60,-6,10
AE,United Arab Emirates,Abu Dhabi,,,AE-AZ,,ChIJGczaTT5mXj4RBNmakTvGr4s,2021-04-18,-19,12,-22,-57,-17,12
AE,United Arab Emirates,Abu Dhabi,,,AE-AZ,,ChIJGczaTT5mXj4RBNmakTvGr4s,2021-04-19,-20,8,-19,-57,-18,12
AE,United Arab Emirates,Abu Dhabi,,,AE-AZ,,ChIJGczaTT5mXj4RBNmakTvGr4s,2021-04-20,-19,9,-20,-56,-18,12
AE,United Arab Emirates,Abu Dhabi,,,AE-AZ,,ChIJGczaTT5mXj4RBNmakTvGr4s,2021-04-21,-19,10,-22,-55,-17,12
AE,United Arab Emirates,Abu Dhabi,,,AE-AZ,,ChIJGczaTT5mXj4RBNmakTvGr4s,2021-04-22,-21,6,-26,-58,-17,14
AE,United Arab Emirates,Abu Dhabi,,,AE-AZ,,ChIJGczaTT5mXj4RBNmakTvGr4s,2021-04-23,-23,2,-43,-63,-7,10
AE,United Arab Emirates,Abu Dhabi,,,AE-AZ,,ChIJGczaTT5mXj4RBNmakTvGr4s,2021-04-24,-19,4,-28,-59,-5,10
AE,United Arab Emirates,Abu Dhabi,,,AE-AZ,,ChIJGczaTT5mXj4RBNmakTvGr4s,2021-04-25,-18,11,-22,-58,-17,12
AE,United Arab Emirates,Abu Dhabi,,,AE-AZ,,ChIJGczaTT5mXj4RBNmakTvGr4s,2021-04-26,-18,10,-18,-57,-18,12
AE,United Arab Emirates,Abu Dhabi,,,AE-AZ,,ChIJGczaTT5mXj4RBNmakTvGr4s,2021-04-27,-17,12,-21,-56,-17,12
AE,United Arab Emirates,Abu Dhabi,,,AE-AZ,,ChIJGczaTT5mXj4RBNmakTvGr4s,2021-04-28,-15,15,-23,-55,-17,12
AE,United Arab Emirates,Abu Dhabi,,,AE-AZ,,ChIJGczaTT5mXj4RBNmakTvGr4s,2021-04-29,-15,13,-28,-55,-17,13
AE,United Arab Emirates,Abu Dhabi,,,AE-AZ,,ChIJGczaTT5mXj4RBNmakTvGr4s,2021-04-30,-16,11,-42,-57,-5,9
AE,United Arab Emirates,Abu Dhabi,,,AE-AZ,,ChIJGczaTT5mXj4RBNmakTvGr4s,2021-05-01,-12,15,-28,-59,-5,9
AE,United Arab Emirates,Abu Dhabi,,,AE-AZ,,ChIJGczaTT5mXj4RBNmakTvGr4s,2021-05-02,-12,20,-21,-57,-17,12
AE,United Arab Emirates,Abu Dhabi,,,AE-AZ,,ChIJGczaTT5mXj4RBNmakTvGr4s,2021-05-03,-12,18,-18,-55,-18,12
AE,United Arab Emirates,Abu Dhabi,,,AE-AZ,,ChIJGczaTT5mXj4RBNmakTvGr4s,2021-05-04,-13,17,-21,-55,-17,12
AE,United Arab Emirates,Abu Dhabi,,,AE-AZ,,ChIJGczaTT5mXj4RBNmakTvGr4s,2021-05-05,-11,18,-22,-55,-17,12
AE,United Arab Emirates,Abu Dhabi,,,AE-AZ,,ChIJGczaTT5mXj4RBNmakTvGr4s,2021-05-06,-13,15,-27,-57,-18,13
AE,United Arab Emirates,Abu Dhabi,,,AE-AZ,,ChIJGczaTT5mXj4RBNmakTvGr4s,2021-05-07,-14,13,-43,-60,-4,9
AE,United Arab Emirates,Abu Dhabi,,,AE-AZ,,ChIJGczaTT5mXj4RBNmakTvGr4s,2021-05-08,-12,13,-28,-60,-4,9
AE,United Arab Emirates,Abu Dhabi,,,AE-AZ,,ChIJGczaTT5mXj4RBNmakTvGr4s,2021-05-09,-8,22,-20,-59,-17,11
AE,United Arab Emirates,Abu Dhabi,,,AE-AZ,,ChIJGczaTT5mXj4RBNmakTvGr4s,2021-05-10,-2,27,-12,-55,-18,10
AE,United Arab Emirates,Abu Dhabi,,,AE-AZ,,ChIJGczaTT5mXj4RBNmakTvGr4s,2021-05-11,2,39,-20,-60,-51,17
AE,United Arab Emirates,Abu Dhabi,,,AE-AZ,,ChIJGczaTT5mXj4RBNmakTvGr4s,2021-05-12,5,50,-21,-62,-58,19
AE,United Arab Emirates,Abu Dhabi,,,AE-AZ,,ChIJGczaTT5mXj4RBNmakTvGr4s,2021-05-13,-7,13,-4,-68,-66,20
AE,United Arab Emirates,Abu Dhabi,,,AE-AZ,,ChIJGczaTT5mXj4RBNmakTvGr4s,2021-05-14,-5,11,-21,-62,-16,5
AE,United Arab Emirates,Abu Dhabi,,,AE-AZ,,ChIJGczaTT5mXj4RBNmakTvGr4s,2021-05-15,-8,13,-25,-63,-30,9
AE,United Arab Emirates,Abu Dhabi,,,AE-AZ,,ChIJGczaTT5mXj4RBNmakTvGr4s,2021-05-16,-9,19,-18,-58,-14,7
AE,United Arab Emirates,Abu Dhabi,,,AE-AZ,,ChIJGczaTT5mXj4RBNmakTvGr4s,2021-05-17,-9,16,-15,-56,-15,7
AE,United Arab Emirates,Abu Dhabi,,,AE-AZ,,ChIJGczaTT5mXj4RBNmakTvGr4s,2021-05-18,-9,16,-18,-56,-14,7
AE,United Arab Emirates,Abu Dhabi,,,AE-AZ,,ChIJGczaTT5mXj4RBNmakTvGr4s,2021-05-19,-9,16,-20,-56,-14,8
AE,United Arab Emirates,Abu Dhabi,,,AE-AZ,,ChIJGczaTT5mXj4RBNmakTvGr4s,2021-05-20,-8,15,-23,-59,-13,9
AE,United Arab Emirates,Abu Dhabi,,,AE-AZ,,ChIJGczaTT5mXj4RBNmakTvGr4s,2021-05-21,-10,12,-35,-64,-3,8
AE,United Arab Emirates,Abu Dhabi,,,AE-AZ,,ChIJGczaTT5mXj4RBNmakTvGr4s,2021-05-22,-8,15,-27,-60,1,6
AE,United Arab Emirates,Abu Dhabi,,,AE-AZ,,ChIJGczaTT5mXj4RBNmakTvGr4s,2021-05-23,-10,16,-21,-58,-13,8
AE,United Arab Emirates,Abu Dhabi,,,AE-AZ,,ChIJGczaTT5mXj4RBNmakTvGr4s,2021-05-24,-9,15,-19,-57,-14,8
AE,United Arab Emirates,Abu Dhabi,,,AE-AZ,,ChIJGczaTT5mXj4RBNmakTvGr4s,2021-05-25,-9,15,-20,-56,-13,8
AE,United Arab Emirates,Abu Dhabi,,,AE-AZ,,ChIJGczaTT5mXj4RBNmakTvGr4s,2021-05-26,-7,18,-21,-57,-13,8
AE,United Arab Emirates,Abu Dhabi,,,AE-AZ,,ChIJGczaTT5mXj4RBNmakTvGr4s,2021-05-27,-3,21,-22,-57,-12,8
AE,United Arab Emirates,Abu Dhabi,,,AE-AZ,,ChIJGczaTT5mXj4RBNmakTvGr4s,2021-05-28,-4,18,-34,-61,-1,6
AE,United Arab Emirates,Abu Dhabi,,,AE-AZ,,ChIJGczaTT5mXj4RBNmakTvGr4s,2021-05-29,-1,23,-25,-58,2,4
AE,United Arab Emirates,Abu Dhabi,,,AE-AZ,,ChIJGczaTT5mXj4RBNmakTvGr4s,2021-05-30,-3,25,-20,-56,-11,7
AE,United Arab Emirates,Abu Dhabi,,,AE-AZ,,ChIJGczaTT5mXj4RBNmakTvGr4s,2021-05-31,-2,22,-17,-55,-12,7
AE,United Arab Emirates,Abu Dhabi,,,AE-AZ,,ChIJGczaTT5mXj4RBNmakTvGr4s,2021-06-01,-2,25,-17,-54,-12,7
AE,United Arab Emirates,Abu Dhabi,,,AE-AZ,,ChIJGczaTT5mXj4RBNmakTvGr4s,2021-06-02,-2,25,-19,-55,-12,7
AE,United Arab Emirates,Abu Dhabi,,,AE-AZ,,ChIJGczaTT5mXj4RBNmakTvGr4s,2021-06-03,-2,23,-26,-57,-11,9
AE,United Arab Emirates,Abu Dhabi,,,AE-AZ,,ChIJGczaTT5mXj4RBNmakTvGr4s,2021-06-04,-4,20,-41,-62,-3,7
AE,United Arab Emirates,Abu Dhabi,,,AE-AZ,,ChIJGczaTT5mXj4RBNmakTvGr4s,2021-06-05,-2,22,-28,-59,2,6
AE,United Arab Emirates,Abu Dhabi,,,AE-AZ,,ChIJGczaTT5mXj4RBNmakTvGr4s,2021-06-06,-4,23,-20,-58,-11,7
AE,United Arab Emirates,Abu Dhabi,,,AE-AZ,,ChIJGczaTT5mXj4RBNmakTvGr4s,2021-06-07,-4,20,-16,-56,-13,8
AE,United Arab Emirates,Abu Dhabi,,,AE-AZ,,ChIJGczaTT5mXj4RBNmakTvGr4s,2021-06-08,-4,21,-18,-55,-12,8
AE,United Arab Emirates,Abu Dhabi,,,AE-AZ,,ChIJGczaTT5mXj4RBNmakTvGr4s,2021-06-09,-4,21,-20,-55,-11,8
AE,United Arab Emirates,Abu Dhabi,,,AE-AZ,,ChIJGczaTT5mXj4RBNmakTvGr4s,2021-06-10,-3,21,-24,-56,-10,9
AE,United Arab Emirates,Abu Dhabi,,,AE-AZ,,ChIJGczaTT5mXj4RBNmakTvGr4s,2021-06-11,-6,17,-40,-62,-4,8
AE,United Arab Emirates,Abu Dhabi,,,AE-AZ,,ChIJGczaTT5mXj4RBNmakTvGr4s,2021-06-12,-5,19,-28,-62,-2,6
AE,United Arab Emirates,Abu Dhabi,,,AE-AZ,,ChIJGczaTT5mXj4RBNmakTvGr4s,2021-06-13,-6,21,-21,-59,-14,8
AE,United Arab Emirates,Abu Dhabi,,,AE-AZ,,ChIJGczaTT5mXj4RBNmakTvGr4s,2021-06-14,-4,23,-16,-57,-14,7
AE,United Arab Emirates,Abu Dhabi,,,AE-AZ,,ChIJGczaTT5mXj4RBNmakTvGr4s,2021-06-15,-9,16,-18,-55,-13,7
AE,United Arab Emirates,Abu Dhabi,,,AE-AZ,,ChIJGczaTT5mXj4RBNmakTvGr4s,2021-06-16,-8,17,-19,-55,-13,7
AE,United Arab Emirates,Abu Dhabi,,,AE-AZ,,ChIJGczaTT5mXj4RBNmakTvGr4s,2021-06-17,-11,11,-26,-57,-15,8
AE,United Arab Emirates,Abu Dhabi,,,AE-AZ,,ChIJGczaTT5mXj4RBNmakTvGr4s,2021-06-18,-13,10,-43,-61,-7,7
AE,United Arab Emirates,Abu Dhabi,,,AE-AZ,,ChIJGczaTT5mXj4RBNmakTvGr4s,2021-06-19,-9,13,-31,-59,-3,5
AE,United Arab Emirates,Abu Dhabi,,,AE-AZ,,ChIJGczaTT5mXj4RBNmakTvGr4s,2021-06-20,-9,16,-24,-57,-15,7
AE,United Arab Emirates,Abu Dhabi,,,AE-AZ,,ChIJGczaTT5mXj4RBNmakTvGr4s,2021-06-21,-9,13,-21,-55,-16,7
AE,United Arab Emirates,Abu Dhabi,,,AE-AZ,,ChIJGczaTT5mXj4RBNmakTvGr4s,2021-06-22,-10,13,-22,-55,-15,7
AE,United Arab Emirates,Abu Dhabi,,,AE-AZ,,ChIJGczaTT5mXj4RBNmakTvGr4s,2021-06-23,-9,14,-24,-55,-14,7
AE,United Arab Emirates,Abu Dhabi,,,AE-AZ,,ChIJGczaTT5mXj4RBNmakTvGr4s,2021-06-24,-8,13,-29,-55,-13,8
AE,United Arab Emirates,Abu Dhabi,,,AE-AZ,,ChIJGczaTT5mXj4RBNmakTvGr4s,2021-06-25,-12,9,-44,-59,-6,7
AE,United Arab Emirates,Abu Dhabi,,,AE-AZ,,ChIJGczaTT5mXj4RBNmakTvGr4s,2021-06-26,-8,12,-31,-57,-1,5
AE,United Arab Emirates,Abu Dhabi,,,AE-AZ,,ChIJGczaTT5mXj4RBNmakTvGr4s,2021-06-27,-6,18,-23,-55,-13,7
AE,United Arab Emirates,Abu Dhabi,,,AE-AZ,,ChIJGczaTT5mXj4RBNmakTvGr4s,2021-06-28,-5,18,-20,-53,-15,6
AE,United Arab Emirates,Abu Dhabi,,,AE-AZ,,ChIJGczaTT5mXj4RBNmakTvGr4s,2021-06-29,-7,15,-24,-52,-15,6
AE,United Arab Emirates,Abu Dhabi,,,AE-AZ,,ChIJGczaTT5mXj4RBNmakTvGr4s,2021-06-30,-4,19,-25,-51,-14,5
AE,United Arab Emirates,Abu Dhabi,,,AE-AZ,,ChIJGczaTT5mXj4RBNmakTvGr4s,2021-07-01,-4,20,-29,-51,-14,8
AE,United Arab Emirates,Abu Dhabi,,,AE-AZ,,ChIJGczaTT5mXj4RBNmakTvGr4s,2021-07-02,-8,16,-45,-55,-5,7
AE,United Arab Emirates,Abu Dhabi,,,AE-AZ,,ChIJGczaTT5mXj4RBNmakTvGr4s,2021-07-03,-5,18,-32,-55,-1,5
AE,United Arab Emirates,Abu Dhabi,,,AE-AZ,,ChIJGczaTT5mXj4RBNmakTvGr4s,2021-07-04,-4,23,-23,-55,-16,6
AE,United Arab Emirates,Abu Dhabi,,,AE-AZ,,ChIJGczaTT5mXj4RBNmakTvGr4s,2021-07-05,-4,19,-19,-53,-17,7
AE,United Arab Emirates,Abu Dhabi,,,AE-AZ,,ChIJGczaTT5mXj4RBNmakTvGr4s,2021-07-06,-5,18,-22,-51,-16,7
AE,United Arab Emirates,Abu Dhabi,,,AE-AZ,,ChIJGczaTT5mXj4RBNmakTvGr4s,2021-07-07,-4,19,-23,-49,-16,7
AE,United Arab Emirates,Abu Dhabi,,,AE-AZ,,ChIJGczaTT5mXj4RBNmakTvGr4s,2021-07-08,-7,16,-30,-53,-16,8
AE,United Arab Emirates,Abu Dhabi,,,AE-AZ,,ChIJGczaTT5mXj4RBNmakTvGr4s,2021-07-09,-10,12,-48,-56,-4,7
AE,United Arab Emirates,Abu Dhabi,,,AE-AZ,,ChIJGczaTT5mXj4RBNmakTvGr4s,2021-07-10,-7,15,-32,-55,-1,5
AE,United Arab Emirates,Abu Dhabi,,,AE-AZ,,ChIJGczaTT5mXj4RBNmakTvGr4s,2021-07-11,-6,19,-24,-54,-17,7
AE,United Arab Emirates,Abu Dhabi,,,AE-AZ,,ChIJGczaTT5mXj4RBNmakTvGr4s,2021-07-12,-7,16,-22,-53,-19,7
AE,United Arab Emirates,Abu Dhabi,,,AE-AZ,,ChIJGczaTT5mXj4RBNmakTvGr4s,2021-07-13,-7,17,-25,-52,-17,7
AE,United Arab Emirates,Abu Dhabi,,,AE-AZ,,ChIJGczaTT5mXj4RBNmakTvGr4s,2021-07-14,-6,19,-25,-49,-17,7
AE,United Arab Emirates,Abu Dhabi,,,AE-AZ,,ChIJGczaTT5mXj4RBNmakTvGr4s,2021-07-15,-8,17,-33,-51,-16,8
AE,United Arab Emirates,Abu Dhabi,,,AE-AZ,,ChIJGczaTT5mXj4RBNmakTvGr4s,2021-07-16,-14,10,-51,-55,-2,8
AE,United Arab Emirates,Abu Dhabi,,,AE-AZ,,ChIJGczaTT5mXj4RBNmakTvGr4s,2021-07-17,-7,13,-31,-54,0,5
AE,United Arab Emirates,Abu Dhabi,,,AE-AZ,,ChIJGczaTT5mXj4RBNmakTvGr4s,2021-07-18,1,30,-24,-52,-19,5
AE,United Arab Emirates,Abu Dhabi,,,AE-AZ,,ChIJGczaTT5mXj4RBNmakTvGr4s,2021-07-19,-5,35,-37,-62,-59,18
AE,United Arab Emirates,Abu Dhabi,,,AE-AZ,,ChIJGczaTT5mXj4RBNmakTvGr4s,2021-07-20,-15,8,-20,-64,-69,19
AE,United Arab Emirates,Abu Dhabi,,,AE-AZ,,ChIJGczaTT5mXj4RBNmakTvGr4s,2021-07-21,-11,13,-18,-63,-66,19
AE,United Arab Emirates,Abu Dhabi,,,AE-AZ,,ChIJGczaTT5mXj4RBNmakTvGr4s,2021-07-22,-19,1,-36,-66,-60,21
AE,United Arab Emirates,Abu Dhabi,,,AE-AZ,,ChIJGczaTT5mXj4RBNmakTvGr4s,2021-07-23,-24,-6,-50,-61,-4,8
AE,United Arab Emirates,Abu Dhabi,,,AE-AZ,,ChIJGczaTT5mXj4RBNmakTvGr4s,2021-07-24,-17,2,-37,-56,-2,6
AE,United Arab Emirates,Abu Dhabi,,,AE-AZ,,ChIJGczaTT5mXj4RBNmakTvGr4s,2021-07-25,-14,9,-29,-55,-18,8
AE,United Arab Emirates,Abu Dhabi,,,AE-AZ,,ChIJGczaTT5mXj4RBNmakTvGr4s,2021-07-26,-13,9,-25,-55,-18,8
AE,United Arab Emirates,Abu Dhabi,,,AE-AZ,,ChIJGczaTT5mXj4RBNmakTvGr4s,2021-07-27,-11,12,-27,-54,-17,7
AE,United Arab Emirates,Abu Dhabi,,,AE-AZ,,ChIJGczaTT5mXj4RBNmakTvGr4s,2021-07-28,-10,13,-29,-53,-16,7
AE,United Arab Emirates,Abu Dhabi,,,AE-AZ,,ChIJGczaTT5mXj4RBNmakTvGr4s,2021-07-29,-12,11,-37,-55,-16,9
AE,United Arab Emirates,Abu Dhabi,,,AE-AZ,,ChIJGczaTT5mXj4RBNmakTvGr4s,2021-07-30,-16,6,-52,-59,-1,8
AE,United Arab Emirates,Abu Dhabi,,,AE-AZ,,ChIJGczaTT5mXj4RBNmakTvGr4s,2021-07-31,-10,11,-39,-53,1,5
AE,United Arab Emirates,Abu Dhabi,,,AE-AZ,,ChIJGczaTT5mXj4RBNmakTvGr4s,2021-08-01,-8,17,-30,-55,-17,7
AE,United Arab Emirates,Abu Dhabi,,,AE-AZ,,ChIJGczaTT5mXj4RBNmakTvGr4s,2021-08-02,-8,15,-24,-54,-18,7
AE,United Arab Emirates,Abu Dhabi,,,AE-AZ,,ChIJGczaTT5mXj4RBNmakTvGr4s,2021-08-03,-9,14,-26,-53,-17,7
AE,United Arab Emirates,Abu Dhabi,,,AE-AZ,,ChIJGczaTT5mXj4RBNmakTvGr4s,2021-08-04,-9,14,-28,-52,-16,7
AE,United Arab Emirates,Abu Dhabi,,,AE-AZ,,ChIJGczaTT5mXj4RBNmakTvGr4s,2021-08-05,-11,12,-36,-54,-16,8
AE,United Arab Emirates,Abu Dhabi,,,AE-AZ,,ChIJGczaTT5mXj4RBNmakTvGr4s,2021-08-06,-15,6,-50,-58,-2,8
AE,United Arab Emirates,Abu Dhabi,,,AE-AZ,,ChIJGczaTT5mXj4RBNmakTvGr4s,2021-08-07,-10,10,-36,-56,0,5
AE,United Arab Emirates,Abu Dhabi,,,AE-AZ,,ChIJGczaTT5mXj4RBNmakTvGr4s,2021-08-08,-10,13,-28,-54,-16,7
AE,United Arab Emirates,Abu Dhabi,,,AE-AZ,,ChIJGczaTT5mXj4RBNmakTvGr4s,2021-08-09,-9,11,-25,-52,-17,7
AE,United Arab Emirates,Abu Dhabi,,,AE-AZ,,ChIJGczaTT5mXj4RBNmakTvGr4s,2021-08-10,-9,12,-27,-51,-16,7
AE,United Arab Emirates,Abu Dhabi,,,AE-AZ,,ChIJGczaTT5mXj4RBNmakTvGr4s,2021-08-11,-5,18,-27,-48,-15,5
AE,United Arab Emirates,Abu Dhabi,,,AE-AZ,,ChIJGczaTT5mXj4RBNmakTvGr4s,2021-08-12,-13,13,-42,-62,-56,20
AE,United Arab Emirates,Abu Dhabi,,,AE-AZ,,ChIJGczaTT5mXj4RBNmakTvGr4s,2021-08-13,-17,3,-52,-58,-5,8
AE,United Arab Emirates,Abu Dhabi,,,AE-AZ,,ChIJGczaTT5mXj4RBNmakTvGr4s,2021-08-14,-12,8,-39,-55,-1,5
AE,United Arab Emirates,Abu Dhabi,,,AE-AZ,,ChIJGczaTT5mXj4RBNmakTvGr4s,2021-08-15,-10,14,-31,-51,-16,7
AE,United Arab Emirates,Abu Dhabi,,,AE-AZ,,ChIJGczaTT5mXj4RBNmakTvGr4s,2021-08-16,-10,11,-27,-51,-18,7
AE,United Arab Emirates,Abu Dhabi,,,AE-AZ,,ChIJGczaTT5mXj4RBNmakTvGr4s,2021-08-17,-10,12,-30,-51,-17,7
AE,United Arab Emirates,Abu Dhabi,,,AE-AZ,,ChIJGczaTT5mXj4RBNmakTvGr4s,2021-08-18,-10,12,-30,-50,-15,7
AE,United Arab Emirates,Abu Dhabi,,,AE-AZ,,ChIJGczaTT5mXj4RBNmakTvGr4s,2021-08-19,-11,13,-35,-52,-15,9
AE,United Arab Emirates,Abu Dhabi,,,AE-AZ,,ChIJGczaTT5mXj4RBNmakTvGr4s,2021-08-20,-15,7,-47,-54,-3,7
AE,United Arab Emirates,Abu Dhabi,,,AE-AZ,,ChIJGczaTT5mXj4RBNmakTvGr4s,2021-08-21,-9,10,-33,-53,-2,5
AE,United Arab Emirates,Abu Dhabi,,,AE-AZ,,ChIJGczaTT5mXj4RBNmakTvGr4s,2021-08-22,-10,13,-27,-52,-15,6
AE,United Arab Emirates,Abu Dhabi,,,AE-AZ,,ChIJGczaTT5mXj4RBNmakTvGr4s,2021-08-23,-9,11,-23,-51,-15,6
AE,United Arab Emirates,Abu Dhabi,,,AE-AZ,,ChIJGczaTT5mXj4RBNmakTvGr4s,2021-08-24,-9,13,-24,-49,-15,6
AE,United Arab Emirates,Abu Dhabi,,,AE-AZ,,ChIJGczaTT5mXj4RBNmakTvGr4s,2021-08-25,-6,16,-26,-47,-14,6
AE,United Arab Emirates,Abu Dhabi,,,AE-AZ,,ChIJGczaTT5mXj4RBNmakTvGr4s,2021-08-26,-5,17,-33,-48,-14,7
AE,United Arab Emirates,Abu Dhabi,,,AE-AZ,,ChIJGczaTT5mXj4RBNmakTvGr4s,2021-08-27,-8,14,-47,-52,-3,6
AE,United Arab Emirates,Abu Dhabi,,,AE-AZ,,ChIJGczaTT5mXj4RBNmakTvGr4s,2021-08-28,-2,22,-34,-48,1,4
AE,United Arab Emirates,Abu Dhabi,,,AE-AZ,,ChIJGczaTT5mXj4RBNmakTvGr4s,2021-08-29,-2,24,-25,-47,-13,5
AE,United Arab Emirates,Abu Dhabi,,,AE-AZ,,ChIJGczaTT5mXj4RBNmakTvGr4s,2021-08-30,-2,22,-20,-47,-15,5
AE,United Arab Emirates,Abu Dhabi,,,AE-AZ,,ChIJGczaTT5mXj4RBNmakTvGr4s,2021-08-31,-2,23,-22,-44,-13,5
AE,United Arab Emirates,Abu Dhabi,,,AE-AZ,,ChIJGczaTT5mXj4RBNmakTvGr4s,2021-09-01,0,26,-23,-44,-13,5
AE,United Arab Emirates,Abu Dhabi,,,AE-AZ,,ChIJGczaTT5mXj4RBNmakTvGr4s,2021-09-02,0,23,-29,-46,-13,6
AE,United Arab Emirates,Abu Dhabi,,,AE-AZ,,ChIJGczaTT5mXj4RBNmakTvGr4s,2021-09-03,-3,21,-42,-51,-4,6
AE,United Arab Emirates,Abu Dhabi,,,AE-AZ,,ChIJGczaTT5mXj4RBNmakTvGr4s,2021-09-04,2,26,-30,-49,0,4
AE,United Arab Emirates,Abu Dhabi,,,AE-AZ,,ChIJGczaTT5mXj4RBNmakTvGr4s,2021-09-05,-1,26,-22,-47,-12,4
AE,United Arab Emirates,Abu Dhabi,,,AE-AZ,,ChIJGczaTT5mXj4RBNmakTvGr4s,2021-09-06,-1,23,-19,-45,-13,4
AE,United Arab Emirates,Abu Dhabi,,,AE-AZ,,ChIJGczaTT5mXj4RBNmakTvGr4s,2021-09-07,-2,22,-21,-46,-12,4
AE,United Arab Emirates,Abu Dhabi,,,AE-AZ,,ChIJGczaTT5mXj4RBNmakTvGr4s,2021-09-08,0,24,-21,-43,-11,4
AE,United Arab Emirates,Abu Dhabi,,,AE-AZ,,ChIJGczaTT5mXj4RBNmakTvGr4s,2021-09-09,0,23,-28,-44,-10,5
AE,United Arab Emirates,Abu Dhabi,,,AE-AZ,,ChIJGczaTT5mXj4RBNmakTvGr4s,2021-09-10,-3,19,-43,-48,-4,6
AE,United Arab Emirates,Abu Dhabi,,,AE-AZ,,ChIJGczaTT5mXj4RBNmakTvGr4s,2021-09-11,1,25,-30,-46,-1,4
AE,United Arab Emirates,Abu Dhabi,,,AE-AZ,,ChIJGczaTT5mXj4RBNmakTvGr4s,2021-09-12,-1,25,-22,-45,-10,4
AE,United Arab Emirates,Abu Dhabi,,,AE-AZ,,ChIJGczaTT5mXj4RBNmakTvGr4s,2021-09-13,-1,21,-17,-44,-11,4
AE,United Arab Emirates,Abu Dhabi,,,AE-AZ,,ChIJGczaTT5mXj4RBNmakTvGr4s,2021-09-14,-1,23,-19,-43,-11,4
AE,United Arab Emirates,Abu Dhabi,,,AE-AZ,,ChIJGczaTT5mXj4RBNmakTvGr4s,2021-09-15,0,24,-21,-40,-10,4
AE,United Arab Emirates,Abu Dhabi,,,AE-AZ,,ChIJGczaTT5mXj4RBNmakTvGr4s,2021-09-16,0,23,-25,-42,-10,5
AE,United Arab Emirates,Abu Dhabi,,,AE-AZ,,ChIJGczaTT5mXj4RBNmakTvGr4s,2021-09-17,-2,20,-39,-47,-6,6
AE,United Arab Emirates,Abu Dhabi,,,AE-AZ,,ChIJGczaTT5mXj4RBNmakTvGr4s,2021-09-18,1,23,-28,-45,-1,4
AE,United Arab Emirates,Abu Dhabi,,,AE-AZ,,ChIJGczaTT5mXj4RBNmakTvGr4s,2021-09-19,-1,23,-20,-42,-10,4
AE,United Arab Emirates,Abu Dhabi,,,AE-AZ,,ChIJGczaTT5mXj4RBNmakTvGr4s,2021-09-20,-1,20,-15,-42,-11,4
AE,United Arab Emirates,Abu Dhabi,,,AE-AZ,,ChIJGczaTT5mXj4RBNmakTvGr4s,2021-09-21,-2,20,-16,-42,-9,4
AE,United Arab Emirates,Abu Dhabi,,,AE-AZ,,ChIJGczaTT5mXj4RBNmakTvGr4s,2021-09-22,-1,21,-18,-38,-5,4
AE,United Arab Emirates,Abu Dhabi,,,AE-AZ,,ChIJGczaTT5mXj4RBNmakTvGr4s,2021-09-23,1,21,-21,-40,-5,5
AE,United Arab Emirates,Abu Dhabi,,,AE-AZ,,ChIJGczaTT5mXj4RBNmakTvGr4s,2021-09-24,-2,17,-32,-44,-3,5
AE,United Arab Emirates,Abu Dhabi,,,AE-AZ,,ChIJGczaTT5mXj4RBNmakTvGr4s,2021-09-25,1,22,-27,-40,1,3
AE,United Arab Emirates,Abu Dhabi,,,AE-AZ,,ChIJGczaTT5mXj4RBNmakTvGr4s,2021-09-26,0,23,-19,-40,-5,4
AE,United Arab Emirates,Abu Dhabi,,,AE-AZ,,ChIJGczaTT5mXj4RBNmakTvGr4s,2021-09-27,2,24,-13,-40,-6,4
AE,United Arab Emirates,Abu Dhabi,,,AE-AZ,,ChIJGczaTT5mXj4RBNmakTvGr4s,2021-09-28,2,25,-16,-39,-5,3
AE,United Arab Emirates,Abu Dhabi,,,AE-AZ,,ChIJGczaTT5mXj4RBNmakTvGr4s,2021-09-29,4,27,-18,-36,-4,3
AE,United Arab Emirates,Abu Dhabi,,,AE-AZ,,ChIJGczaTT5mXj4RBNmakTvGr4s,2021-09-30,6,28,-21,-35,-4,4
AE,United Arab Emirates,Abu Dhabi,,,AE-AZ,,ChIJGczaTT5mXj4RBNmakTvGr4s,2021-10-01,5,27,-33,-35,-2,4
AE,United Arab Emirates,Abu Dhabi,,,AE-AZ,,ChIJGczaTT5mXj4RBNmakTvGr4s,2021-10-02,8,33,-25,-35,1,2
AE,United Arab Emirates,Abu Dhabi,,,AE-AZ,,ChIJGczaTT5mXj4RBNmakTvGr4s,2021-10-03,5,32,-19,-36,-4,3
AE,United Arab Emirates,Abu Dhabi,,,AE-AZ,,ChIJGczaTT5mXj4RBNmakTvGr4s,2021-10-04,3,28,-15,-39,-9,5
AE,United Arab Emirates,Abu Dhabi,,,AE-AZ,,ChIJGczaTT5mXj4RBNmakTvGr4s,2021-10-05,3,29,-14,-37,-4,3
AE,United Arab Emirates,Abu Dhabi,,,AE-AZ,,ChIJGczaTT5mXj4RBNmakTvGr4s,2021-10-06,4,30,-16,-32,-3,3
AE,United Arab Emirates,Abu Dhabi,,,AE-AZ,,ChIJGczaTT5mXj4RBNmakTvGr4s,2021-10-07,4,28,-19,-35,-2,4
AE,United Arab Emirates,Abu Dhabi,,,AE-AZ,,ChIJGczaTT5mXj4RBNmakTvGr4s,2021-10-08,3,26,-28,-35,-3,4
AE,United Arab Emirates,Abu Dhabi,,,AE-AZ,,ChIJGczaTT5mXj4RBNmakTvGr4s,2021-10-09,6,30,-24,-33,2,3
AE,United Arab Emirates,Abu Dhabi,,,AE-AZ,,ChIJGczaTT5mXj4RBNmakTvGr4s,2021-10-10,4,32,-16,-34,-3,4
AE,United Arab Emirates,Abu Dhabi,,,AE-AZ,,ChIJGczaTT5mXj4RBNmakTvGr4s,2021-10-11,4,28,-10,-34,-3,3
AE,United Arab Emirates,Abu Dhabi,,,AE-AZ,,ChIJGczaTT5mXj4RBNmakTvGr4s,2021-10-12,4,29,-12,-35,-2,4
AE,United Arab Emirates,Abu Dhabi,,,AE-AZ,,ChIJGczaTT5mXj4RBNmakTvGr4s,2021-10-13,5,30,-14,-30,-1,3
AE,United Arab Emirates,Abu Dhabi,,,AE-AZ,,ChIJGczaTT5mXj4RBNmakTvGr4s,2021-10-14,5,29,-16,-31,-1,4
AE,United Arab Emirates,Abu Dhabi,,,AE-AZ,,ChIJGczaTT5mXj4RBNmakTvGr4s,2021-10-15,3,25,-24,-29,-2,4
AE,United Arab Emirates,Abu Dhabi,,,AE-AZ,,ChIJGczaTT5mXj4RBNmakTvGr4s,2021-10-16,5,29,-21,-31,3,3
AE,United Arab Emirates,Abu Dhabi,,,AE-AZ,,ChIJGczaTT5mXj4RBNmakTvGr4s,2021-10-17,4,30,-13,-30,-5,4
AE,United Arab Emirates,Abu Dhabi,,,AE-AZ,,ChIJGczaTT5mXj4RBNmakTvGr4s,2021-10-18,4,27,-7,-31,-6,4
AE,United Arab Emirates,Abu Dhabi,,,AE-AZ,,ChIJGczaTT5mXj4RBNmakTvGr4s,2021-10-19,4,27,-8,-30,-6,4
AE,United Arab Emirates,Abu Dhabi,,,AE-AZ,,ChIJGczaTT5mXj4RBNmakTvGr4s,2021-10-20,11,35,-4,-19,-5,1
AE,United Arab Emirates,Abu Dhabi,,,AE-AZ,,ChIJGczaTT5mXj4RBNmakTvGr4s,2021-10-21,2,30,-5,-36,-56,16
AE,United Arab Emirates,Abu Dhabi,,,AE-AZ,,ChIJGczaTT5mXj4RBNmakTvGr4s,2021-10-22,-2,20,-18,-27,-3,3
AE,United Arab Emirates,Abu Dhabi,,,AE-AZ,,ChIJGczaTT5mXj4RBNmakTvGr4s,2021-10-23,3,26,-19,-27,3,2
AE,United Arab Emirates,Abu Dhabi,,,AE-AZ,,ChIJGczaTT5mXj4RBNmakTvGr4s,2021-10-24,0,26,-14,-30,-2,4
AE,United Arab Emirates,Abu Dhabi,,,AE-AZ,,ChIJGczaTT5mXj4RBNmakTvGr4s,2021-10-25,3,27,-6,-28,-2,4
AE,United Arab Emirates,Abu Dhabi,,,AE-AZ,,ChIJGczaTT5mXj4RBNmakTvGr4s,2021-10-26,4,28,-6,-28,-1,4
AE,United Arab Emirates,Abu Dhabi,,,AE-AZ,,ChIJGczaTT5mXj4RBNmakTvGr4s,2021-10-27,8,34,-7,-22,0,3
AE,United Arab Emirates,Abu Dhabi,,,AE-AZ,,ChIJGczaTT5mXj4RBNmakTvGr4s,2021-10-28,9,34,-8,-24,-1,3
AE,United Arab Emirates,Abu Dhabi,,,AE-AZ,,ChIJGczaTT5mXj4RBNmakTvGr4s,2021-10-29,6,29,-15,-24,1,4
AE,United Arab Emirates,Abu Dhabi,,,AE-AZ,,ChIJGczaTT5mXj4RBNmakTvGr4s,2021-10-30,11,36,-14,-23,5,2
AE,United Arab Emirates,Abu Dhabi,,,AE-AZ,,ChIJGczaTT5mXj4RBNmakTvGr4s,2021-10-31,10,38,-10,-24,0,3
AE,United Arab Emirates,Abu Dhabi,,,AE-AZ,,ChIJGczaTT5mXj4RBNmakTvGr4s,2021-11-01,11,37,-2,-23,-2,3
AE,United Arab Emirates,Abu Dhabi,,,AE-AZ,,ChIJGczaTT5mXj4RBNmakTvGr4s,2021-11-02,13,41,-5,-22,-1,3
AE,United Arab Emirates,Abu Dhabi,,,AE-AZ,,ChIJGczaTT5mXj4RBNmakTvGr4s,2021-11-03,12,38,-4,-21,0,3
AE,United Arab Emirates,Abu Dhabi,,,AE-AZ,,ChIJGczaTT5mXj4RBNmakTvGr4s,2021-11-04,12,37,-5,-19,-2,4
AE,United Arab Emirates,Abu Dhabi,,,AE-AZ,,ChIJGczaTT5mXj4RBNmakTvGr4s,2021-11-05,9,31,-9,-24,-1,4
AE,United Arab Emirates,Abu Dhabi,,,AE-AZ,,ChIJGczaTT5mXj4RBNmakTvGr4s,2021-11-06,11,36,-10,-19,4,2
AE,United Arab Emirates,Abu Dhabi,,,AE-AZ,,ChIJGczaTT5mXj4RBNmakTvGr4s,2021-11-07,9,37,-7,-22,0,3
AE,United Arab Emirates,Abu Dhabi,,,AE-AZ,,ChIJGczaTT5mXj4RBNmakTvGr4s,2021-11-08,8,33,0,-22,-1,4
AE,United Arab Emirates,Abu Dhabi,,,AE-AZ,,ChIJGczaTT5mXj4RBNmakTvGr4s,2021-11-09,10,35,0,-21,0,3
AE,United Arab Emirates,Abu Dhabi,,,AE-AZ,,ChIJGczaTT5mXj4RBNmakTvGr4s,2021-11-10,11,35,-1,-18,1,3
AE,United Arab Emirates,Abu Dhabi,,,AE-AZ,,ChIJGczaTT5mXj4RBNmakTvGr4s,2021-11-11,11,33,-2,-18,0,4
AE,United Arab Emirates,Abu Dhabi,,,AE-AZ,,ChIJGczaTT5mXj4RBNmakTvGr4s,2021-11-12,11,32,-6,-19,1,3
AE,United Arab Emirates,Abu Dhabi,,,AE-AZ,,ChIJGczaTT5mXj4RBNmakTvGr4s,2021-11-13,13,35,-8,-18,5,3
AE,United Arab Emirates,Abu Dhabi,,,AE-AZ,,ChIJGczaTT5mXj4RBNmakTvGr4s,2021-11-14,12,37,-5,-20,0,4
AE,United Arab Emirates,Abu Dhabi,,,AE-AZ,,ChIJGczaTT5mXj4RBNmakTvGr4s,2021-11-15,13,34,2,-17,-1,3
AE,United Arab Emirates,Abu Dhabi,,,AE-AZ,,ChIJGczaTT5mXj4RBNmakTvGr4s,2021-11-16,14,35,2,-16,0,3
AE,United Arab Emirates,Abu Dhabi,,,AE-AZ,,ChIJGczaTT5mXj4RBNmakTvGr4s,2021-11-17,15,36,1,-16,1,4
AE,United Arab Emirates,Abu Dhabi,,,AE-AZ,,ChIJGczaTT5mXj4RBNmakTvGr4s,2021-11-18,14,34,3,-14,1,4
AE,United Arab Emirates,Abu Dhabi,,,AE-AZ,,ChIJGczaTT5mXj4RBNmakTvGr4s,2021-11-19,9,30,2,-14,3,4
AE,United Arab Emirates,Abu Dhabi,,,AE-AZ,,ChIJGczaTT5mXj4RBNmakTvGr4s,2021-11-20,11,33,-3,-15,9,3
AE,United Arab Emirates,Abu Dhabi,,,AE-AZ,,ChIJGczaTT5mXj4RBNmakTvGr4s,2021-11-21,10,35,-2,-17,2,4
AE,United Arab Emirates,Abu Dhabi,,,AE-AZ,,ChIJGczaTT5mXj4RBNmakTvGr4s,2021-11-22,10,32,7,-17,0,4
AE,United Arab Emirates,Abu Dhabi,,,AE-AZ,,ChIJGczaTT5mXj4RBNmakTvGr4s,2021-11-23,11,33,6,-17,1,4
AE,United Arab Emirates,Abu Dhabi,,,AE-AZ,,ChIJGczaTT5mXj4RBNmakTvGr4s,2021-11-24,14,36,5,-13,2,4
AE,United Arab Emirates,Abu Dhabi,,,AE-AZ,,ChIJGczaTT5mXj4RBNmakTvGr4s,2021-11-25,14,37,6,-12,2,4
AE,United Arab Emirates,Abu Dhabi,,,AE-AZ,,ChIJGczaTT5mXj4RBNmakTvGr4s,2021-11-26,14,36,4,-14,6,3
AE,United Arab Emirates,Abu Dhabi,,,AE-AZ,,ChIJGczaTT5mXj4RBNmakTvGr4s,2021-11-27,17,40,-2,-11,11,2
AE,United Arab Emirates,Abu Dhabi,,,AE-AZ,,ChIJGczaTT5mXj4RBNmakTvGr4s,2021-11-28,17,44,3,-13,1,3
AE,United Arab Emirates,Abu Dhabi,,,AE-AZ,,ChIJGczaTT5mXj4RBNmakTvGr4s,2021-11-29,19,41,14,-10,0,2
AE,United Arab Emirates,Abu Dhabi,,,AE-AZ,,ChIJGczaTT5mXj4RBNmakTvGr4s,2021-11-30,25,51,20,-1,-1,0
AE,United Arab Emirates,Abu Dhabi,,,AE-AZ,,ChIJGczaTT5mXj4RBNmakTvGr4s,2021-12-01,30,60,51,-10,-55,10
AE,United Arab Emirates,Abu Dhabi,,,AE-AZ,,ChIJGczaTT5mXj4RBNmakTvGr4s,2021-12-02,17,39,96,-23,-61,14
AE,United Arab Emirates,Abu Dhabi,,,AE-AZ,,ChIJGczaTT5mXj4RBNmakTvGr4s,2021-12-03,10,29,10,-10,1,1
AE,United Arab Emirates,Abu Dhabi,,,AE-AZ,,ChIJGczaTT5mXj4RBNmakTvGr4s,2021-12-04,14,37,1,-7,6,1
AE,United Arab Emirates,Abu Dhabi,,,AE-AZ,,ChIJGczaTT5mXj4RBNmakTvGr4s,2021-12-05,14,43,4,-12,0,3
AE,United Arab Emirates,Abu Dhabi,,,AE-AZ,,ChIJGczaTT5mXj4RBNmakTvGr4s,2021-12-06,14,39,13,-10,-1,3
AE,United Arab Emirates,Abu Dhabi,,,AE-AZ,,ChIJGczaTT5mXj4RBNmakTvGr4s,2021-12-07,16,39,12,-11,2,3
AE,United Arab Emirates,Abu Dhabi,,,AE-AZ,,ChIJGczaTT5mXj4RBNmakTvGr4s,2021-12-08,18,42,11,-7,4,3
AE,United Arab Emirates,Abu Dhabi,,,AE-AZ,,ChIJGczaTT5mXj4RBNmakTvGr4s,2021-12-09,15,37,10,-9,4,4
AE,United Arab Emirates,Abu Dhabi,,,AE-AZ,,ChIJGczaTT5mXj4RBNmakTvGr4s,2021-12-10,11,34,13,-14,11,3
AE,United Arab Emirates,Abu Dhabi,,,AE-AZ,,ChIJGczaTT5mXj4RBNmakTvGr4s,2021-12-11,17,36,17,-12,13,3
AE,United Arab Emirates,Abu Dhabi,,,AE-AZ,,ChIJGczaTT5mXj4RBNmakTvGr4s,2021-12-12,20,43,28,-13,-2,4
AE,United Arab Emirates,Abu Dhabi,,,AE-AZ,,ChIJGczaTT5mXj4RBNmakTvGr4s,2021-12-13,17,39,20,-11,-4,4
AE,United Arab Emirates,Abu Dhabi,,,AE-AZ,,ChIJGczaTT5mXj4RBNmakTvGr4s,2021-12-14,17,40,18,-10,-2,4
AE,United Arab Emirates,Abu Dhabi,,,AE-AZ,,ChIJGczaTT5mXj4RBNmakTvGr4s,2021-12-15,18,41,13,-9,-2,4
AE,United Arab Emirates,Abu Dhabi,,,AE-AZ,,ChIJGczaTT5mXj4RBNmakTvGr4s,2021-12-16,14,37,7,-10,-3,5
AE,United Arab Emirates,Abu Dhabi,,,AE-AZ,,ChIJGczaTT5mXj4RBNmakTvGr4s,2021-12-17,11,31,7,-13,12,2
AE,United Arab Emirates,Abu Dhabi,,,AE-AZ,,ChIJGczaTT5mXj4RBNmakTvGr4s,2021-12-18,14,34,5,-11,13,2
AE,United Arab Emirates,Abu Dhabi,,,AE-AZ,,ChIJGczaTT5mXj4RBNmakTvGr4s,2021-12-19,16,40,9,-14,-5,5
AE,United Arab Emirates,Abu Dhabi,,,AE-AZ,,ChIJGczaTT5mXj4RBNmakTvGr4s,2021-12-20,15,36,19,-14,-7,5
AE,United Arab Emirates,Abu Dhabi,,,AE-AZ,,ChIJGczaTT5mXj4RBNmakTvGr4s,2021-12-21,15,37,16,-13,-6,5
AE,United Arab Emirates,Abu Dhabi,,,AE-AZ,,ChIJGczaTT5mXj4RBNmakTvGr4s,2021-12-22,16,39,11,-14,-5,5
AE,United Arab Emirates,Abu Dhabi,,,AE-AZ,,ChIJGczaTT5mXj4RBNmakTvGr4s,2021-12-23,15,39,5,-13,-5,6
AE,United Arab Emirates,Abu Dhabi,,,AE-AZ,,ChIJGczaTT5mXj4RBNmakTvGr4s,2021-12-24,11,36,3,-15,13,3
AE,United Arab Emirates,Abu Dhabi,,,AE-AZ,,ChIJGczaTT5mXj4RBNmakTvGr4s,2021-12-25,13,31,4,-16,8,3
AE,United Arab Emirates,Abu Dhabi,,,AE-AZ,,ChIJGczaTT5mXj4RBNmakTvGr4s,2021-12-26,14,38,7,-21,-7,5
AE,United Arab Emirates,Abu Dhabi,,,AE-AZ,,ChIJGczaTT5mXj4RBNmakTvGr4s,2021-12-27,17,39,17,-13,-8,5
AE,United Arab Emirates,Abu Dhabi,,,AE-AZ,,ChIJGczaTT5mXj4RBNmakTvGr4s,2021-12-28,18,41,15,-12,-7,5
AE,United Arab Emirates,Abu Dhabi,,,AE-AZ,,ChIJGczaTT5mXj4RBNmakTvGr4s,2021-12-29,20,46,13,-13,-6,5
AE,United Arab Emirates,Abu Dhabi,,,AE-AZ,,ChIJGczaTT5mXj4RBNmakTvGr4s,2021-12-30,16,44,8,-14,-7,6
AE,United Arab Emirates,Abu Dhabi,,,AE-AZ,,ChIJGczaTT5mXj4RBNmakTvGr4s,2021-12-31,13,37,29,-15,13,2
AE,United Arab Emirates,Abu Dhabi,,,AE-AZ,,ChIJGczaTT5mXj4RBNmakTvGr4s,2022-01-01,9,31,8,-24,-35,8
AE,United Arab Emirates,Abu Dhabi,,,AE-AZ,,ChIJGczaTT5mXj4RBNmakTvGr4s,2022-01-02,15,48,-7,-28,-35,11
AE,United Arab Emirates,Abu Dhabi,,,AE-AZ,,ChIJGczaTT5mXj4RBNmakTvGr4s,2022-01-03,9,37,-1,-18,-5,7
AE,United Arab Emirates,Abu Dhabi,,,AE-AZ,,ChIJGczaTT5mXj4RBNmakTvGr4s,2022-01-04,8,37,-5,-18,-5,7
AE,United Arab Emirates,Abu Dhabi,,,AE-AZ,,ChIJGczaTT5mXj4RBNmakTvGr4s,2022-01-05,9,38,-7,-20,-5,8
AE,United Arab Emirates,Abu Dhabi,,,AE-AZ,,ChIJGczaTT5mXj4RBNmakTvGr4s,2022-01-06,0,27,-18,-24,-5,11
AE,United Arab Emirates,Abu Dhabi,,,AE-AZ,,ChIJGczaTT5mXj4RBNmakTvGr4s,2022-01-07,6,30,-18,-11,124,0
AE,United Arab Emirates,Abu Dhabi,,,AE-AZ,,ChIJGczaTT5mXj4RBNmakTvGr4s,2022-01-08,11,37,1,-24,-7,8
AE,United Arab Emirates,Abu Dhabi,,,AE-AZ,,ChIJGczaTT5mXj4RBNmakTvGr4s,2022-01-09,10,45,0,-35,-41,14
AE,United Arab Emirates,Abu Dhabi,,,AE-AZ,,ChIJGczaTT5mXj4RBNmakTvGr4s,2022-01-10,5,33,-5,-22,-9,8
AE,United Arab Emirates,Abu Dhabi,,,AE-AZ,,ChIJGczaTT5mXj4RBNmakTvGr4s,2022-01-11,5,33,-6,-21,-8,9
AE,United Arab Emirates,Abu Dhabi,,,AE-AZ,,ChIJGczaTT5mXj4RBNmakTvGr4s,2022-01-12,5,34,-7,-24,-8,9
AE,United Arab Emirates,Abu Dhabi,,,AE-AZ,,ChIJGczaTT5mXj4RBNmakTvGr4s,2022-01-13,-3,24,-19,-27,-8,12
AE,United Arab Emirates,Abu Dhabi,,,AE-AZ,,ChIJGczaTT5mXj4RBNmakTvGr4s,2022-01-14,4,28,-17,-13,120,0
AE,United Arab Emirates,Abu Dhabi,,,AE-AZ,,ChIJGczaTT5mXj4RBNmakTvGr4s,2022-01-15,8,33,3,-29,-9,8
AE,United Arab Emirates,Abu Dhabi,,,AE-AZ,,ChIJGczaTT5mXj4RBNmakTvGr4s,2022-01-16,6,38,-9,-39,-44,15
AE,United Arab Emirates,Abu Dhabi,,,AE-AZ,,ChIJGczaTT5mXj4RBNmakTvGr4s,2022-01-17,3,28,-4,-25,-10,9
AE,United Arab Emirates,Abu Dhabi,,,AE-AZ,,ChIJGczaTT5mXj4RBNmakTvGr4s,2022-01-18,4,29,-5,-25,-8,9
AE,United Arab Emirates,Abu Dhabi,,,AE-AZ,,ChIJGczaTT5mXj4RBNmakTvGr4s,2022-01-19,7,31,-5,-18,-7,9
AE,United Arab Emirates,Abu Dhabi,,,AE-AZ,,ChIJGczaTT5mXj4RBNmakTvGr4s,2022-01-20,-3,20,-15,-21,-6,12
AE,United Arab Emirates,Abu Dhabi,,,AE-AZ,,ChIJGczaTT5mXj4RBNmakTvGr4s,2022-01-21,3,20,-33,-8,129,0
AE,United Arab Emirates,Abu Dhabi,,,AE-AZ,,ChIJGczaTT5mXj4RBNmakTvGr4s,2022-01-22,12,32,-6,-24,-6,8
AE,United Arab Emirates,Abu Dhabi,,,AE-AZ,,ChIJGczaTT5mXj4RBNmakTvGr4s,2022-01-23,10,43,-4,-34,-41,15
AE,United Arab Emirates,Abu Dhabi,,,AE-AZ,,ChIJGczaTT5mXj4RBNmakTvGr4s,2022-01-24,4,27,-8,-19,-2,8
AE,United Arab Emirates,Abu Dhabi,,,AE-AZ,,ChIJGczaTT5mXj4RBNmakTvGr4s,2022-01-25,6,30,-6,-16,-1,7
AE,United Arab Emirates,Abu Dhabi,,,AE-AZ,,ChIJGczaTT5mXj4RBNmakTvGr4s,2022-01-26,8,31,-8,-16,0,7
AE,United Arab Emirates,Abu Dhabi,,,AE-AZ,,ChIJGczaTT5mXj4RBNmakTvGr4s,2022-01-27,2,25,-17,-18,1,10
AE,United Arab Emirates,Abu Dhabi,,,AE-AZ,,ChIJGczaTT5mXj4RBNmakTvGr4s,2022-01-28,12,31,-16,-2,152,-3
AE,United Arab Emirates,Abu Dhabi,,,AE-AZ,,ChIJGczaTT5mXj4RBNmakTvGr4s,2022-01-29,18,41,5,-16,-3,6
AE,United Arab Emirates,Abu Dhabi,,,AE-AZ,,ChIJGczaTT5mXj4RBNmakTvGr4s,2022-01-30,18,51,-1,-28,-40,13
AE,United Arab Emirates,Abu Dhabi,,,AE-AZ,,ChIJGczaTT5mXj4RBNmakTvGr4s,2022-01-31,12,37,-3,-9,1,5
AE,United Arab Emirates,Abu Dhabi,,,AE-AZ,,ChIJGczaTT5mXj4RBNmakTvGr4s,2022-02-01,14,40,0,-8,2,5
AE,United Arab Emirates,Abu Dhabi,,,AE-AZ,,ChIJGczaTT5mXj4RBNmakTvGr4s,2022-02-02,15,42,-3,-10,4,6
AE,United Arab Emirates,Abu Dhabi,,,AE-AZ,,ChIJGczaTT5mXj4RBNmakTvGr4s,2022-02-03,5,29,-14,-16,5,8
AE,United Arab Emirates,Abu Dhabi,,,AE-AZ,,ChIJGczaTT5mXj4RBNmakTvGr4s,2022-02-04,14,34,-12,3,161,-4
AE,United Arab Emirates,Abu Dhabi,,,AE-AZ,,ChIJGczaTT5mXj4RBNmakTvGr4s,2022-02-05,20,42,8,-11,-2,6
AE,United Arab Emirates,Abu Dhabi,,,AE-AZ,,ChIJGczaTT5mXj4RBNmakTvGr4s,2022-02-06,19,53,0,-26,-40,13
AE,United Arab Emirates,Abu Dhabi,,,AE-AZ,,ChIJGczaTT5mXj4RBNmakTvGr4s,2022-02-07,11,35,-2,-8,3,5
AE,United Arab Emirates,Abu Dhabi,,,AE-AZ,,ChIJGczaTT5mXj4RBNmakTvGr4s,2022-02-08,14,38,-2,-7,4,6
AE,United Arab Emirates,Abu Dhabi,,,AE-AZ,,ChIJGczaTT5mXj4RBNmakTvGr4s,2022-02-09,15,39,-2,-5,5,6
AE,United Arab Emirates,Abu Dhabi,,,AE-AZ,,ChIJGczaTT5mXj4RBNmakTvGr4s,2022-02-10,6,29,-13,-10,6,8
AE,United Arab Emirates,Abu Dhabi,,,AE-AZ,,ChIJGczaTT5mXj4RBNmakTvGr4s,2022-02-11,15,35,-12,9,165,-4
AE,United Arab Emirates,Abu Dhabi,,,AE-AZ,,ChIJGczaTT5mXj4RBNmakTvGr4s,2022-02-12,23,41,12,-6,-1,5
AE,United Arab Emirates,Abu Dhabi,,,AE-AZ,,ChIJGczaTT5mXj4RBNmakTvGr4s,2022-02-13,20,53,6,-20,-40,12
AE,United Arab Emirates,Abu Dhabi,,,AE-AZ,,ChIJGczaTT5mXj4RBNmakTvGr4s,2022-02-14,18,40,5,-4,4,4
AE,United Arab Emirates,Abu Dhabi,,,AE-AZ,,ChIJGczaTT5mXj4RBNmakTvGr4s,2022-02-15,14,38,5,-3,5,5
AE,United Arab Emirates,Abu Dhabi,,,AE-AZ,,ChIJGczaTT5mXj4RBNmakTvGr4s,2022-02-16,14,40,3,-3,6,6
AE,United Arab Emirates,Abu Dhabi,,,AE-AZ,,ChIJGczaTT5mXj4RBNmakTvGr4s,2022-02-17,5,28,-8,-9,7,8
AE,United Arab Emirates,Abu Dhabi,,,AE-AZ,,ChIJGczaTT5mXj4RBNmakTvGr4s,2022-02-18,14,33,-5,10,165,-4
AE,United Arab Emirates,Abu Dhabi,,,AE-AZ,,ChIJGczaTT5mXj4RBNmakTvGr4s,2022-02-19,18,38,18,-6,0,5
AE,United Arab Emirates,Abu Dhabi,,,AE-AZ,,ChIJGczaTT5mXj4RBNmakTvGr4s,2022-02-20,17,51,11,-21,-38,12
AE,United Arab Emirates,Abu Dhabi,,,AE-AZ,,ChIJGczaTT5mXj4RBNmakTvGr4s,2022-02-21,11,33,4,-6,9,5
AE,United Arab Emirates,Abu Dhabi,,,AE-AZ,,ChIJGczaTT5mXj4RBNmakTvGr4s,2022-02-22,12,35,5,-4,10,5
AE,United Arab Emirates,Abu Dhabi,,,AE-AZ,,ChIJGczaTT5mXj4RBNmakTvGr4s,2022-02-23,12,35,3,-4,11,5
AE,United Arab Emirates,Abu Dhabi,,,AE-AZ,,ChIJGczaTT5mXj4RBNmakTvGr4s,2022-02-24,3,24,-8,-8,12,8
AE,United Arab Emirates,Abu Dhabi,,,AE-AZ,,ChIJGczaTT5mXj4RBNmakTvGr4s,2022-02-25,15,33,-5,11,179,-5
AE,United Arab Emirates,Abu Dhabi,,,AE-AZ,,ChIJGczaTT5mXj4RBNmakTvGr4s,2022-02-26,21,42,18,-4,2,4
AE,United Arab Emirates,Abu Dhabi,,,AE-AZ,,ChIJGczaTT5mXj4RBNmakTvGr4s,2022-02-27,20,54,12,-20,-37,11
AE,United Arab Emirates,Abu Dhabi,,,AE-AZ,,ChIJGczaTT5mXj4RBNmakTvGr4s,2022-02-28,16,42,9,0,11,3
AE,United Arab Emirates,Abu Dhabi,,,AE-AZ,,ChIJGczaTT5mXj4RBNmakTvGr4s,2022-03-01,18,46,9,4,12,4
AE,United Arab Emirates,Abu Dhabi,,,AE-AZ,,ChIJGczaTT5mXj4RBNmakTvGr4s,2022-03-02,20,47,8,4,13,4
AE,United Arab Emirates,Abu Dhabi,,,AE-AZ,,ChIJGczaTT5mXj4RBNmakTvGr4s,2022-03-03,11,33,-3,0,14,6
AE,United Arab Emirates,Abu Dhabi,,,AE-AZ,,ChIJGczaTT5mXj4RBNmakTvGr4s,2022-03-04,21,37,0,25,185,-5
AE,United Arab Emirates,Abu Dhabi,,,AE-AZ,,ChIJGczaTT5mXj4RBNmakTvGr4s,2022-03-05,26,44,25,5,2,4
AE,United Arab Emirates,Abu Dhabi,,,AE-AZ,,ChIJGczaTT5mXj4RBNmakTvGr4s,2022-03-06,23,53,19,-10,-37,12
AE,United Arab Emirates,Abu Dhabi,,,AE-AZ,,ChIJGczaTT5mXj4RBNmakTvGr4s,2022-03-07,15,38,16,7,13,4
AE,United Arab Emirates,Abu Dhabi,,,AE-AZ,,ChIJGczaTT5mXj4RBNmakTvGr4s,2022-03-08,16,38,13,5,14,5
AE,United Arab Emirates,Abu Dhabi,,,AE-AZ,,ChIJGczaTT5mXj4RBNmakTvGr4s,2022-03-09,16,39,11,6,16,5
AE,United Arab Emirates,Abu Dhabi,,,AE-AZ,,ChIJGczaTT5mXj4RBNmakTvGr4s,2022-03-10,7,27,0,-1,17,8
AE,United Arab Emirates,Abu Dhabi,,,AE-AZ,,ChIJGczaTT5mXj4RBNmakTvGr4s,2022-03-11,16,32,-1,23,188,-4
AE,United Arab Emirates,Abu Dhabi,,,AE-AZ,,ChIJGczaTT5mXj4RBNmakTvGr4s,2022-03-12,21,39,21,7,3,6
AE,United Arab Emirates,Abu Dhabi,,,AE-AZ,,ChIJGczaTT5mXj4RBNmakTvGr4s,2022-03-13,20,50,15,-10,-36,13
AE,United Arab Emirates,Abu Dhabi,,,AE-AZ,,ChIJGczaTT5mXj4RBNmakTvGr4s,2022-03-14,13,34,16,6,15,6
AE,United Arab Emirates,Abu Dhabi,,,AE-AZ,,ChIJGczaTT5mXj4RBNmakTvGr4s,2022-03-15,15,37,17,6,16,6
AE,United Arab Emirates,Abu Dhabi,,,AE-AZ,,ChIJGczaTT5mXj4RBNmakTvGr4s,2022-03-16,16,38,14,8,17,6
AE,United Arab Emirates,Abu Dhabi,,,AE-AZ,,ChIJGczaTT5mXj4RBNmakTvGr4s,2022-03-17,6,25,-3,-1,17,9
AE,United Arab Emirates,Abu Dhabi,,,AE-AZ,,ChIJGczaTT5mXj4RBNmakTvGr4s,2022-03-18,13,29,-5,21,187,-3
AE,United Arab Emirates,Abu Dhabi,,,AE-AZ,,ChIJGczaTT5mXj4RBNmakTvGr4s,2022-03-19,18,36,19,2,4,6
AE,United Arab Emirates,Abu Dhabi,,,AE-AZ,,ChIJGczaTT5mXj4RBNmakTvGr4s,2022-03-20,17,45,17,-11,-36,13
AE,United Arab Emirates,Abu Dhabi,,,AE-AZ,,ChIJGczaTT5mXj4RBNmakTvGr4s,2022-03-21,12,32,20,6,15,6
AE,United Arab Emirates,Abu Dhabi,,,AE-AZ,,ChIJGczaTT5mXj4RBNmakTvGr4s,2022-03-22,13,33,17,5,16,6
AE,United Arab Emirates,Abu Dhabi,,,AE-AZ,,ChIJGczaTT5mXj4RBNmakTvGr4s,2022-03-23,14,34,16,6,17,6
AE,United Arab Emirates,Abu Dhabi,,,AE-AZ,,ChIJGczaTT5mXj4RBNmakTvGr4s,2022-03-24,6,23,4,1,17,8
AE,United Arab Emirates,Abu Dhabi,,,AE-AZ,,ChIJGczaTT5mXj4RBNmakTvGr4s,2022-03-25,16,29,-1,22,188,-4
AE,United Arab Emirates,Abu Dhabi,,,AE-AZ,,ChIJGczaTT5mXj4RBNmakTvGr4s,2022-03-26,22,37,22,4,5,5
AE,United Arab Emirates,Abu Dhabi,,,AE-AZ,,ChIJGczaTT5mXj4RBNmakTvGr4s,2022-03-27,22,47,18,-5,-36,11
AE,United Arab Emirates,Abu Dhabi,,,AE-AZ,,ChIJGczaTT5mXj4RBNmakTvGr4s,2022-03-28,17,36,19,11,8,5
AE,United Arab Emirates,Abu Dhabi,,,AE-AZ,,ChIJGczaTT5mXj4RBNmakTvGr4s,2022-03-29,19,37,20,13,8,5
AE,United Arab Emirates,Abu Dhabi,,,AE-AZ,,ChIJGczaTT5mXj4RBNmakTvGr4s,2022-03-30,20,40,18,12,9,5
AE,United Arab Emirates,Abu Dhabi,,,AE-AZ,,ChIJGczaTT5mXj4RBNmakTvGr4s,2022-03-31,12,30,5,8,9,7
AE,United Arab Emirates,Abu Dhabi,,,AE-AZ,,ChIJGczaTT5mXj4RBNmakTvGr4s,2022-04-01,22,47,-4,28,172,-5
AE,United Arab Emirates,Abu Dhabi,,,AE-AZ,,ChIJGczaTT5mXj4RBNmakTvGr4s,2022-04-02,4,42,-8,-2,2,12
AE,United Arab Emirates,Abu Dhabi,,,AE-AZ,,ChIJGczaTT5mXj4RBNmakTvGr4s,2022-04-03,4,46,-3,-16,-38,19
AE,United Arab Emirates,Abu Dhabi,,,AE-AZ,,ChIJGczaTT5mXj4RBNmakTvGr4s,2022-04-04,3,35,13,1,5,12
AE,United Arab Emirates,Abu Dhabi,,,AE-AZ,,ChIJGczaTT5mXj4RBNmakTvGr4s,2022-04-05,5,35,9,3,6,13
AE,United Arab Emirates,Abu Dhabi,,,AE-AZ,,ChIJGczaTT5mXj4RBNmakTvGr4s,2022-04-06,6,36,9,0,7,13
AE,United Arab Emirates,Abu Dhabi,,,AE-AZ,,ChIJGczaTT5mXj4RBNmakTvGr4s,2022-04-07,-4,23,-5,-8,8,16
AE,United Arab Emirates,Abu Dhabi,,,AE-AZ,,ChIJGczaTT5mXj4RBNmakTvGr4s,2022-04-08,5,30,-13,16,166,2
AE,United Arab Emirates,Abu Dhabi,,,AE-AZ,,ChIJGczaTT5mXj4RBNmakTvGr4s,2022-04-09,10,38,0,-2,4,11
AE,United Arab Emirates,Abu Dhabi,,,AE-AZ,,ChIJGczaTT5mXj4RBNmakTvGr4s,2022-04-10,8,46,-1,-16,-37,18
AE,United Arab Emirates,Abu Dhabi,,,AE-AZ,,ChIJGczaTT5mXj4RBNmakTvGr4s,2022-04-11,6,35,13,3,11,12
AE,United Arab Emirates,Abu Dhabi,,,AE-AZ,,ChIJGczaTT5mXj4RBNmakTvGr4s,2022-04-12,6,37,11,4,12,12
AE,United Arab Emirates,Abu Dhabi,,,AE-AZ,,ChIJGczaTT5mXj4RBNmakTvGr4s,2022-04-13,9,37,9,1,13,13
AE,United Arab Emirates,Abu Dhabi,,,AE-AZ,,ChIJGczaTT5mXj4RBNmakTvGr4s,2022-04-14,0,27,-6,-6,13,15
AE,United Arab Emirates,Abu Dhabi,,,AE-AZ,,ChIJGczaTT5mXj4RBNmakTvGr4s,2022-04-15,7,28,-13,15,174,2
AE,United Arab Emirates,Abu Dhabi,,,AE-AZ,,ChIJGczaTT5mXj4RBNmakTvGr4s,2022-04-16,12,36,1,-3,5,11
AE,United Arab Emirates,Abu Dhabi,,,AE-AZ,,ChIJGczaTT5mXj4RBNmakTvGr4s,2022-04-17,10,43,1,-18,-37,18
AE,United Arab Emirates,Abu Dhabi,,,AE-AZ,,ChIJGczaTT5mXj4RBNmakTvGr4s,2022-04-18,5,33,14,3,15,11
AE,United Arab Emirates,Abu Dhabi,,,AE-AZ,,ChIJGczaTT5mXj4RBNmakTvGr4s,2022-04-19,5,33,12,1,16,12
AE,United Arab Emirates,Abu Dhabi,,,AE-AZ,,ChIJGczaTT5mXj4RBNmakTvGr4s,2022-04-20,6,34,10,3,17,12
AE,United Arab Emirates,Abu Dhabi,,,AE-AZ,,ChIJGczaTT5mXj4RBNmakTvGr4s,2022-04-21,-3,23,-3,-6,17,15
AE,United Arab Emirates,Abu Dhabi,,,AE-AZ,,ChIJGczaTT5mXj4RBNmakTvGr4s,2022-04-22,7,28,-11,14,184,2
AE,United Arab Emirates,Abu Dhabi,,,AE-AZ,,ChIJGczaTT5mXj4RBNmakTvGr4s,2022-04-23,11,35,3,-5,6,12
AE,United Arab Emirates,Abu Dhabi,,,AE-AZ,,ChIJGczaTT5mXj4RBNmakTvGr4s,2022-04-24,9,44,-2,-20,-36,19
AE,United Arab Emirates,Abu Dhabi,,,AE-AZ,,ChIJGczaTT5mXj4RBNmakTvGr4s,2022-04-25,7,35,10,4,15,12
AE,United Arab Emirates,Abu Dhabi,,,AE-AZ,,ChIJGczaTT5mXj4RBNmakTvGr4s,2022-04-26,10,38,6,8,16,12
AE,United Arab Emirates,Abu Dhabi,,,AE-AZ,,ChIJGczaTT5mXj4RBNmakTvGr4s,2022-04-27,13,44,5,9,16,11
AE,United Arab Emirates,Abu Dhabi,,,AE-AZ,,ChIJGczaTT5mXj4RBNmakTvGr4s,2022-04-28,8,34,-8,3,15,13
AE,United Arab Emirates,Abu Dhabi,,,AE-AZ,,ChIJGczaTT5mXj4RBNmakTvGr4s,2022-04-29,21,43,-18,34,181,-1
AE,United Arab Emirates,Abu Dhabi,,,AE-AZ,,ChIJGczaTT5mXj4RBNmakTvGr4s,2022-04-30,28,56,-7,12,-8,10
AE,United Arab Emirates,Abu Dhabi,,,AE-AZ,,ChIJGczaTT5mXj4RBNmakTvGr4s,2022-05-01,35,78,1,-4,-51,18
AE,United Arab Emirates,Abu Dhabi,,,AE-AZ,,ChIJGczaTT5mXj4RBNmakTvGr4s,2022-05-02,32,46,75,6,-63,13
AE,United Arab Emirates,Abu Dhabi,,,AE-AZ,,ChIJGczaTT5mXj4RBNmakTvGr4s,2022-05-03,24,39,46,2,-60,14
AE,United Arab Emirates,Abu Dhabi,,,AE-AZ,,ChIJGczaTT5mXj4RBNmakTvGr4s,2022-05-04,18,37,20,3,-49,14
AE,United Arab Emirates,Abu Dhabi,,,AE-AZ,,ChIJGczaTT5mXj4RBNmakTvGr4s,2022-05-05,4,21,-4,-5,-12,13
AE,United Arab Emirates,Abu Dhabi,,,AE-AZ,,ChIJGczaTT5mXj4RBNmakTvGr4s,2022-05-06,9,23,-12,16,128,0
AE,United Arab Emirates,Abu Dhabi,,,AE-AZ,,ChIJGczaTT5mXj4RBNmakTvGr4s,2022-05-07,16,33,-2,6,5,8
AE,United Arab Emirates,Abu Dhabi,,,AE-AZ,,ChIJGczaTT5mXj4RBNmakTvGr4s,2022-05-08,15,49,-4,-6,-37,15
AE,United Arab Emirates,Abu Dhabi,,,AE-AZ,,ChIJGczaTT5mXj4RBNmakTvGr4s,2022-05-09,10,33,8,13,15,6
AE,United Arab Emirates,Abu Dhabi,,,AE-AZ,,ChIJGczaTT5mXj4RBNmakTvGr4s,2022-05-10,12,35,7,11,15,6
AE,United Arab Emirates,Abu Dhabi,,,AE-AZ,,ChIJGczaTT5mXj4RBNmakTvGr4s,2022-05-11,12,35,5,8,17,7
AE,United Arab Emirates,Abu Dhabi,,,AE-AZ,,ChIJGczaTT5mXj4RBNmakTvGr4s,2022-05-12,2,21,-7,-1,17,10
AE,United Arab Emirates,Abu Dhabi,,,AE-AZ,,ChIJGczaTT5mXj4RBNmakTvGr4s,2022-05-13,11,28,-10,21,192,-2
AE,United Arab Emirates,Abu Dhabi,,,AE-AZ,,ChIJGczaTT5mXj4RBNmakTvGr4s,2022-05-14,8,30,1,-9,-29,15
AE,United Arab Emirates,Abu Dhabi,,,AE-AZ,,ChIJGczaTT5mXj4RBNmakTvGr4s,2022-05-15,13,42,13,-17,-55,20
AE,United Arab Emirates,Abu Dhabi,,,AE-AZ,,ChIJGczaTT5mXj4RBNmakTvGr4s,2022-05-16,9,37,5,-13,-47,20
AE,United Arab Emirates,Abu Dhabi,,,AE-AZ,,ChIJGczaTT5mXj4RBNmakTvGr4s,2022-05-17,6,27,-2,7,18,7
AE,United Arab Emirates,Abu Dhabi,,,AE-AZ,,ChIJGczaTT5mXj4RBNmakTvGr4s,2022-05-18,10,32,0,7,17,7
AE,United Arab Emirates,Abu Dhabi,,,AE-AZ,,ChIJGczaTT5mXj4RBNmakTvGr4s,2022-05-19,1,20,-9,-1,18,10
AE,United Arab Emirates,Abu Dhabi,,,AE-AZ,,ChIJGczaTT5mXj4RBNmakTvGr4s,2022-05-20,11,25,-11,22,197,-2
AE,United Arab Emirates,Abu Dhabi,,,AE-AZ,,ChIJGczaTT5mXj4RBNmakTvGr4s,2022-05-21,17,32,3,1,6,8
AE,United Arab Emirates,Abu Dhabi,,,AE-AZ,,ChIJGczaTT5mXj4RBNmakTvGr4s,2022-05-22,14,43,1,-16,-36,16
AE,United Arab Emirates,Abu Dhabi,,,AE-AZ,,ChIJGczaTT5mXj4RBNmakTvGr4s,2022-05-23,9,29,9,8,16,7
AE,United Arab Emirates,Abu Dhabi,,,AE-AZ,,ChIJGczaTT5mXj4RBNmakTvGr4s,2022-05-24,9,29,1,8,17,7
AE,United Arab Emirates,Abu Dhabi,,,AE-AZ,,ChIJGczaTT5mXj4RBNmakTvGr4s,2022-05-25,11,34,3,8,18,7
AE,United Arab Emirates,Abu Dhabi,,,AE-AZ,,ChIJGczaTT5mXj4RBNmakTvGr4s,2022-05-26,5,24,-7,-1,18,10
AE,United Arab Emirates,Abu Dhabi,,,AE-AZ,,ChIJGczaTT5mXj4RBNmakTvGr4s,2022-05-27,17,32,-11,25,198,-3
AE,United Arab Emirates,Abu Dhabi,,,AE-AZ,,ChIJGczaTT5mXj4RBNmakTvGr4s,2022-05-28,25,40,4,2,7,7
AE,United Arab Emirates,Abu Dhabi,,,AE-AZ,,ChIJGczaTT5mXj4RBNmakTvGr4s,2022-05-29,21,52,-1,-12,-36,15
AE,United Arab Emirates,Abu Dhabi,,,AE-AZ,,ChIJGczaTT5mXj4RBNmakTvGr4s,2022-05-30,15,38,11,11,17,6
AE,United Arab Emirates,Abu Dhabi,,,AE-AZ,,ChIJGczaTT5mXj4RBNmakTvGr4s,2022-05-31,17,41,9,14,18,6
AE,United Arab Emirates,Abu Dhabi,,,AE-AZ,,ChIJGczaTT5mXj4RBNmakTvGr4s,2022-06-01,18,43,6,15,18,6
AE,United Arab Emirates,Abu Dhabi,,,AE-AZ,,ChIJGczaTT5mXj4RBNmakTvGr4s,2022-06-02,7,29,-7,8,18,9
AE,United Arab Emirates,Abu Dhabi,,,AE-AZ,,ChIJGczaTT5mXj4RBNmakTvGr4s,2022-06-03,20,36,-11,32,197,-3
AE,United Arab Emirates,Abu Dhabi,,,AE-AZ,,ChIJGczaTT5mXj4RBNmakTvGr4s,2022-06-04,27,45,4,13,6,7
AE,United Arab Emirates,Abu Dhabi,,,AE-AZ,,ChIJGczaTT5mXj4RBNmakTvGr4s,2022-06-05,22,56,0,-3,-37,15
AE,United Arab Emirates,Abu Dhabi,,,AE-AZ,,ChIJGczaTT5mXj4RBNmakTvGr4s,2022-06-06,13,37,9,19,16,6
AE,United Arab Emirates,Abu Dhabi,,,AE-AZ,,ChIJGczaTT5mXj4RBNmakTvGr4s,2022-06-07,14,38,6,20,17,7
AE,United Arab Emirates,Abu Dhabi,,,AE-AZ,,ChIJGczaTT5mXj4RBNmakTvGr4s,2022-06-08,14,38,3,18,17,7
AE,United Arab Emirates,Abu Dhabi,,,AE-AZ,,ChIJGczaTT5mXj4RBNmakTvGr4s,2022-06-09,5,26,-9,10,18,10
AE,United Arab Emirates,Abu Dhabi,,,AE-AZ,,ChIJGczaTT5mXj4RBNmakTvGr4s,2022-06-10,16,34,-15,34,196,-2
AE,United Arab Emirates,Abu Dhabi,,,AE-AZ,,ChIJGczaTT5mXj4RBNmakTvGr4s,2022-06-11,23,43,-3,15,6,9
AE,United Arab Emirates,Abu Dhabi,,,AE-AZ,,ChIJGczaTT5mXj4RBNmakTvGr4s,2022-06-12,18,52,-4,-3,-37,16
AE,United Arab Emirates,Abu Dhabi,,,AE-AZ,,ChIJGczaTT5mXj4RBNmakTvGr4s,2022-06-13,12,35,7,20,17,7
AE,United Arab Emirates,Abu Dhabi,,,AE-AZ,,ChIJGczaTT5mXj4RBNmakTvGr4s,2022-06-14,12,37,3,20,17,7
AE,United Arab Emirates,Abu Dhabi,,,AE-AZ,,ChIJGczaTT5mXj4RBNmakTvGr4s,2022-06-15,11,37,0,21,16,8
AE,United Arab Emirates,Abu Dhabi,,,AE-AZ,,ChIJGczaTT5mXj4RBNmakTvGr4s,2022-06-16,4,27,-12,12,17,10
AE,United Arab Emirates,Abu Dhabi,,,AE-AZ,,ChIJGczaTT5mXj4RBNmakTvGr4s,2022-06-17,12,31,-18,32,192,-2
AE,United Arab Emirates,Abu Dhabi,,,AE-AZ,,ChIJGczaTT5mXj4RBNmakTvGr4s,2022-06-18,18,39,-7,13,5,9
AE,United Arab Emirates,Abu Dhabi,,,AE-AZ,,ChIJGczaTT5mXj4RBNmakTvGr4s,2022-06-19,14,48,-10,-3,-38,16
AE,United Arab Emirates,Abu Dhabi,,,AE-AZ,,ChIJGczaTT5mXj4RBNmakTvGr4s,2022-06-20,10,33,4,19,15,7
AE,United Arab Emirates,Abu Dhabi,,,AE-AZ,,ChIJGczaTT5mXj4RBNmakTvGr4s,2022-06-21,11,34,2,20,15,8
AE,United Arab Emirates,Abu Dhabi,,,AE-AZ,,ChIJGczaTT5mXj4RBNmakTvGr4s,2022-06-22,11,34,-1,18,16,8
AE,United Arab Emirates,Abu Dhabi,,,AE-AZ,,ChIJGczaTT5mXj4RBNmakTvGr4s,2022-06-23,2,22,-14,10,16,11
AE,United Arab Emirates,Abu Dhabi,,,AE-AZ,,ChIJGczaTT5mXj4RBNmakTvGr4s,2022-06-24,11,29,-23,34,189,-1
AE,United Arab Emirates,Abu Dhabi,,,AE-AZ,,ChIJGczaTT5mXj4RBNmakTvGr4s,2022-06-25,17,37,-13,14,7,9
AE,United Arab Emirates,Abu Dhabi,,,AE-AZ,,ChIJGczaTT5mXj4RBNmakTvGr4s,2022-06-26,14,47,-12,-2,-37,16
AE,United Arab Emirates,Abu Dhabi,,,AE-AZ,,ChIJGczaTT5mXj4RBNmakTvGr4s,2022-06-27,12,36,1,23,14,7
AE,United Arab Emirates,Abu Dhabi,,,AE-AZ,,ChIJGczaTT5mXj4RBNmakTvGr4s,2022-06-28,15,39,-1,26,14,7
AE,United Arab Emirates,Abu Dhabi,,,AE-AZ,,ChIJGczaTT5mXj4RBNmakTvGr4s,2022-06-29,15,40,-4,27,14,7
AE,United Arab Emirates,Abu Dhabi,,,AE-AZ,,ChIJGczaTT5mXj4RBNmakTvGr4s,2022-06-30,7,29,-16,22,15,10
AE,United Arab Emirates,Abu Dhabi,,,AE-AZ,,ChIJGczaTT5mXj4RBNmakTvGr4s,2022-07-01,15,34,-25,46,186,-2
AE,United Arab Emirates,Abu Dhabi,,,AE-AZ,,ChIJGczaTT5mXj4RBNmakTvGr4s,2022-07-02,20,43,-16,24,6,8
AE,United Arab Emirates,Abu Dhabi,,,AE-AZ,,ChIJGczaTT5mXj4RBNmakTvGr4s,2022-07-03,19,53,-14,5,-37,15
AE,United Arab Emirates,Abu Dhabi,,,AE-AZ,,ChIJGczaTT5mXj4RBNmakTvGr4s,2022-07-04,15,38,-1,28,9,7
AE,United Arab Emirates,Abu Dhabi,,,AE-AZ,,ChIJGczaTT5mXj4RBNmakTvGr4s,2022-07-05,15,38,-4,33,9,7
AE,United Arab Emirates,Abu Dhabi,,,AE-AZ,,ChIJGczaTT5mXj4RBNmakTvGr4s,2022-07-06,18,42,-3,30,8,7
AE,United Arab Emirates,Abu Dhabi,,,AE-AZ,,ChIJGczaTT5mXj4RBNmakTvGr4s,2022-07-07,15,38,-16,33,8,7
AE,United Arab Emirates,Abu Dhabi,,,AE-AZ,,ChIJGczaTT5mXj4RBNmakTvGr4s,2022-07-08,15,49,-36,39,40,5
AE,United Arab Emirates,Abu Dhabi,,,AE-AZ,,ChIJGczaTT5mXj4RBNmakTvGr4s,2022-07-09,10,27,6,22,-42,11
AE,United Arab Emirates,Abu Dhabi,,,AE-AZ,,ChIJGczaTT5mXj4RBNmakTvGr4s,2022-07-10,13,36,3,9,-61,16
AE,United Arab Emirates,Abu Dhabi,,,AE-AZ,,ChIJGczaTT5mXj4RBNmakTvGr4s,2022-07-11,9,32,-6,17,-51,15
AE,United Arab Emirates,Abu Dhabi,,,AE-AZ,,ChIJGczaTT5mXj4RBNmakTvGr4s,2022-07-12,5,27,-8,33,2,7
AE,United Arab Emirates,Abu Dhabi,,,AE-AZ,,ChIJGczaTT5mXj4RBNmakTvGr4s,2022-07-13,6,29,-9,30,3,8
AE,United Arab Emirates,Abu Dhabi,,,AE-AZ,,ChIJGczaTT5mXj4RBNmakTvGr4s,2022-07-14,-3,18,-18,18,4,11
AE,United Arab Emirates,Abu Dhabi,,,AE-AZ,,ChIJGczaTT5mXj4RBNmakTvGr4s,2022-07-15,-1,14,-30,39,161,0
AE,United Arab Emirates,Abu Dhabi,,,AE-AZ,,ChIJGczaTT5mXj4RBNmakTvGr4s,2022-07-16,8,28,-19,21,5,9
AE,United Arab Emirates,Abu Dhabi,,,AE-AZ,,ChIJGczaTT5mXj4RBNmakTvGr4s,2022-07-17,6,36,-16,7,-38,16
AE,United Arab Emirates,Abu Dhabi,,,AE-AZ,,ChIJGczaTT5mXj4RBNmakTvGr4s,2022-07-18,3,23,-4,28,2,7
AE,United Arab Emirates,Abu Dhabi,,,AE-AZ,,ChIJGczaTT5mXj4RBNmakTvGr4s,2022-07-19,5,26,-3,39,5,15
AE,United Arab Emirates,Abu Dhabi,,,AE-AZ,,ChIJGczaTT5mXj4RBNmakTvGr4s,2022-07-20,5,26,-6,33,5,9
AE,United Arab Emirates,Abu Dhabi,,,AE-AZ,,ChIJGczaTT5mXj4RBNmakTvGr4s,2022-07-21,-5,14,-18,24,6,11
AE,United Arab Emirates,Abu Dhabi,,,AE-AZ,,ChIJGczaTT5mXj4RBNmakTvGr4s,2022-07-22,1,16,-29,47,166,-1
AE,United Arab Emirates,Abu Dhabi,,,AE-AZ,,ChIJGczaTT5mXj4RBNmakTvGr4s,2022-07-23,6,24,-21,24,7,9
AE,United Arab Emirates,Abu Dhabi,,,AE-AZ,,ChIJGczaTT5mXj4RBNmakTvGr4s,2022-07-24,-1,25,-23,4,-39,17
AE,United Arab Emirates,Abu Dhabi,,,AE-AZ,,ChIJGczaTT5mXj4RBNmakTvGr4s,2022-07-25,3,21,-8,30,5,9
AE,United Arab Emirates,Abu Dhabi,,,AE-AZ,,ChIJGczaTT5mXj4RBNmakTvGr4s,2022-07-26,7,26,-1,38,6,8
AE,United Arab Emirates,Abu Dhabi,,,AE-AZ,,ChIJGczaTT5mXj4RBNmakTvGr4s,2022-07-27,10,30,-3,38,7,8
AE,United Arab Emirates,Abu Dhabi,,,AE-AZ,,ChIJGczaTT5mXj4RBNmakTvGr4s,2022-07-28,2,21,-16,29,8,10
AE,United Arab Emirates,Abu Dhabi,,,AE-AZ,,ChIJGczaTT5mXj4RBNmakTvGr4s,2022-07-29,11,27,-25,57,170,-2
AE,United Arab Emirates,Abu Dhabi,,,AE-AZ,,ChIJGczaTT5mXj4RBNmakTvGr4s,2022-07-30,12,33,-18,26,-17,11
AE,United Arab Emirates,Abu Dhabi,,,AE-AZ,,ChIJGczaTT5mXj4RBNmakTvGr4s,2022-07-31,11,40,-14,14,-37,15
AE,United Arab Emirates,Abu Dhabi,,,AE-AZ,,ChIJGczaTT5mXj4RBNmakTvGr4s,2022-08-01,11,32,-2,37,5,7
AE,United Arab Emirates,Abu Dhabi,,,AE-AZ,,ChIJGczaTT5mXj4RBNmakTvGr4s,2022-08-02,12,35,-4,42,7,7
AE,United Arab Emirates,Abu Dhabi,,,AE-AZ,,ChIJGczaTT5mXj4RBNmakTvGr4s,2022-08-03,12,37,-7,39,7,8
AE,United Arab Emirates,Abu Dhabi,,,AE-AZ,,ChIJGczaTT5mXj4RBNmakTvGr4s,2022-08-04,2,24,-17,28,7,10
AE,United Arab Emirates,Abu Dhabi,,,AE-AZ,,ChIJGczaTT5mXj4RBNmakTvGr4s,2022-08-05,9,27,-27,56,168,-2
AE,United Arab Emirates,Abu Dhabi,,,AE-AZ,,ChIJGczaTT5mXj4RBNmakTvGr4s,2022-08-06,13,35,-19,32,5,8
AE,United Arab Emirates,Abu Dhabi,,,AE-AZ,,ChIJGczaTT5mXj4RBNmakTvGr4s,2022-08-07,10,44,-17,11,-38,15
AE,United Arab Emirates,Abu Dhabi,,,AE-AZ,,ChIJGczaTT5mXj4RBNmakTvGr4s,2022-08-08,7,30,-4,34,4,7
AE,United Arab Emirates,Abu Dhabi,,,AE-AZ,,ChIJGczaTT5mXj4RBNmakTvGr4s,2022-08-09,10,33,-5,41,6,7
AE,United Arab Emirates,Abu Dhabi,,,AE-AZ,,ChIJGczaTT5mXj4RBNmakTvGr4s,2022-08-10,10,34,-7,38,7,7
AE,United Arab Emirates,Abu Dhabi,,,AE-AZ,,ChIJGczaTT5mXj4RBNmakTvGr4s,2022-08-11,1,23,-19,28,8,10
AE,United Arab Emirates,Abu Dhabi,,,AE-AZ,,ChIJGczaTT5mXj4RBNmakTvGr4s,2022-08-12,8,26,-29,55,170,-2
AE,United Arab Emirates,Abu Dhabi,,,AE-AZ,,ChIJGczaTT5mXj4RBNmakTvGr4s,2022-08-13,14,37,-19,31,7,8
AE,United Arab Emirates,Abu Dhabi,,,AE-AZ,,ChIJGczaTT5mXj4RBNmakTvGr4s,2022-08-14,9,43,-23,10,-38,16
AE,United Arab Emirates,Abu Dhabi,,,AE-AZ,,ChIJGczaTT5mXj4RBNmakTvGr4s,2022-08-15,10,33,-1,43,7,10
AE,United Arab Emirates,Abu Dhabi,,,AE-AZ,,ChIJGczaTT5mXj4RBNmakTvGr4s,2022-08-16,11,34,-2,44,7,9
AE,United Arab Emirates,Abu Dhabi,,,AE-AZ,,ChIJGczaTT5mXj4RBNmakTvGr4s,2022-08-17,12,36,-3,44,9,10
AE,United Arab Emirates,Abu Dhabi,,,AE-AZ,,ChIJGczaTT5mXj4RBNmakTvGr4s,2022-08-18,2,24,-14,33,9,13
AE,United Arab Emirates,Abu Dhabi,,,AE-AZ,,ChIJGczaTT5mXj4RBNmakTvGr4s,2022-08-19,10,27,-24,59,173,1
AE,United Arab Emirates,Abu Dhabi,,,AE-AZ,,ChIJGczaTT5mXj4RBNmakTvGr4s,2022-08-20,16,38,-15,35,7,10
AE,United Arab Emirates,Abu Dhabi,,,AE-AZ,,ChIJGczaTT5mXj4RBNmakTvGr4s,2022-08-21,14,49,-12,16,-37,18
AE,United Arab Emirates,Abu Dhabi,,,AE-AZ,,ChIJGczaTT5mXj4RBNmakTvGr4s,2022-08-22,10,32,2,42,10,10
AE,United Arab Emirates,Abu Dhabi,,,AE-AZ,,ChIJGczaTT5mXj4RBNmakTvGr4s,2022-08-23,13,34,0,45,11,10
AE,United Arab Emirates,Abu Dhabi,,,AE-AZ,,ChIJGczaTT5mXj4RBNmakTvGr4s,2022-08-24,13,35,-1,44,12,10
AE,United Arab Emirates,Abu Dhabi,,,AE-AZ,,ChIJGczaTT5mXj4RBNmakTvGr4s,2022-08-25,4,25,-13,32,13,13
AE,United Arab Emirates,Abu Dhabi,,,AE-AZ,,ChIJGczaTT5mXj4RBNmakTvGr4s,2022-08-26,16,35,-21,63,183,0
AE,United Arab Emirates,Abu Dhabi,,,AE-AZ,,ChIJGczaTT5mXj4RBNmakTvGr4s,2022-08-27,24,48,-10,40,8,9
AE,United Arab Emirates,Abu Dhabi,,,AE-AZ,,ChIJGczaTT5mXj4RBNmakTvGr4s,2022-08-28,20,57,-13,16,-36,17
AE,United Arab Emirates,Abu Dhabi,,,AE-AZ,,ChIJGczaTT5mXj4RBNmakTvGr4s,2022-08-29,15,41,2,43,11,8
AE,United Arab Emirates,Abu Dhabi,,,AE-AZ,,ChIJGczaTT5mXj4RBNmakTvGr4s,2022-08-30,17,43,1,53,13,7
AE,United Arab Emirates,Abu Dhabi,,,AE-AZ,,ChIJGczaTT5mXj4RBNmakTvGr4s,2022-08-31,17,43,-1,53,13,7
AE,United Arab Emirates,Abu Dhabi,,,AE-AZ,,ChIJGczaTT5mXj4RBNmakTvGr4s,2022-09-01,8,31,-13,41,14,9
AE,United Arab Emirates,Abu Dhabi,,,AE-AZ,,ChIJGczaTT5mXj4RBNmakTvGr4s,2022-09-02,18,37,-20,72,188,-3
AE,United Arab Emirates,Abu Dhabi,,,AE-AZ,,ChIJGczaTT5mXj4RBNmakTvGr4s,2022-09-03,26,50,-10,46,7,7
AE,United Arab Emirates,Abu Dhabi,,,AE-AZ,,ChIJGczaTT5mXj4RBNmakTvGr4s,2022-09-04,21,59,-13,21,-38,15
AE,United Arab Emirates,Abu Dhabi,,,AE-AZ,,ChIJGczaTT5mXj4RBNmakTvGr4s,2022-09-05,15,41,4,49,13,5
AE,United Arab Emirates,Abu Dhabi,,,AE-AZ,,ChIJGczaTT5mXj4RBNmakTvGr4s,2022-09-06,16,41,2,52,14,6
AE,United Arab Emirates,Abu Dhabi,,,AE-AZ,,ChIJGczaTT5mXj4RBNmakTvGr4s,2022-09-07,16,42,2,50,15,6
AE,United Arab Emirates,Abu Dhabi,,,AE-AZ,,ChIJGczaTT5mXj4RBNmakTvGr4s,2022-09-08,7,27,-12,38,14,10
AE,United Arab Emirates,Abu Dhabi,,,AE-AZ,,ChIJGczaTT5mXj4RBNmakTvGr4s,2022-09-09,16,33,-16,70,189,-3
AE,United Arab Emirates,Abu Dhabi,,,AE-AZ,,ChIJGczaTT5mXj4RBNmakTvGr4s,2022-09-10,24,43,-6,44,7,7
AE,United Arab Emirates,Abu Dhabi,,,AE-AZ,,ChIJGczaTT5mXj4RBNmakTvGr4s,2022-09-11,19,53,-8,22,-37,15
AE,United Arab Emirates,Abu Dhabi,,,AE-AZ,,ChIJGczaTT5mXj4RBNmakTvGr4s,2022-09-12,13,35,4,48,14,6
AE,United Arab Emirates,Abu Dhabi,,,AE-AZ,,ChIJGczaTT5mXj4RBNmakTvGr4s,2022-09-13,15,37,3,55,14,6
AE,United Arab Emirates,Abu Dhabi,,,AE-AZ,,ChIJGczaTT5mXj4RBNmakTvGr4s,2022-09-14,15,39,0,53,16,6
AE,United Arab Emirates,Abu Dhabi,,,AE-AZ,,ChIJGczaTT5mXj4RBNmakTvGr4s,2022-09-15,6,26,-11,41,17,9
AE,United Arab Emirates,Abu Dhabi,,,AE-AZ,,ChIJGczaTT5mXj4RBNmakTvGr4s,2022-09-16,17,32,-17,70,193,-3
AE,United Arab Emirates,Abu Dhabi,,,AE-AZ,,ChIJGczaTT5mXj4RBNmakTvGr4s,2022-09-17,23,41,-2,46,7,8
AE,United Arab Emirates,Abu Dhabi,,,AE-AZ,,ChIJGczaTT5mXj4RBNmakTvGr4s,2022-09-18,19,53,-4,23,-37,15
AE,United Arab Emirates,Abu Dhabi,,,AE-AZ,,ChIJGczaTT5mXj4RBNmakTvGr4s,2022-09-19,11,32,5,49,15,6
AE,United Arab Emirates,Abu Dhabi,,,AE-AZ,,ChIJGczaTT5mXj4RBNmakTvGr4s,2022-09-20,13,34,4,54,16,6
AE,United Arab Emirates,Abu Dhabi,,,AE-AZ,,ChIJGczaTT5mXj4RBNmakTvGr4s,2022-09-21,14,35,2,53,16,7
AE,United Arab Emirates,Abu Dhabi,,,AE-AZ,,ChIJGczaTT5mXj4RBNmakTvGr4s,2022-09-22,5,24,-10,41,18,9
AE,United Arab Emirates,Abu Dhabi,,,AE-AZ,,ChIJGczaTT5mXj4RBNmakTvGr4s,2022-09-23,16,30,-14,73,197,-3
AE,United Arab Emirates,Abu Dhabi,,,AE-AZ,,ChIJGczaTT5mXj4RBNmakTvGr4s,2022-09-24,23,41,-2,47,7,8
AE,United Arab Emirates,Abu Dhabi,,,AE-AZ,,ChIJGczaTT5mXj4RBNmakTvGr4s,2022-09-25,18,50,-6,23,-37,16
AE,United Arab Emirates,Abu Dhabi,,,AE-AZ,,ChIJGczaTT5mXj4RBNmakTvGr4s,2022-09-26,13,33,4,54,17,6
AE,United Arab Emirates,Abu Dhabi,,,AE-AZ,,ChIJGczaTT5mXj4RBNmakTvGr4s,2022-09-27,18,39,5,60,18,6
AE,United Arab Emirates,Abu Dhabi,,,AE-AZ,,ChIJGczaTT5mXj4RBNmakTvGr4s,2022-09-28,20,42,3,59,18,5
AE,United Arab Emirates,Abu Dhabi,,,AE-AZ,,ChIJGczaTT5mXj4RBNmakTvGr4s,2022-09-29,12,30,-8,50,20,8
AE,United Arab Emirates,Abu Dhabi,,,AE-AZ,,ChIJGczaTT5mXj4RBNmakTvGr4s,2022-09-30,26,39,-13,85,202,-4
AE,United Arab Emirates,Abu Dhabi,,,AE-AZ,,ChIJGczaTT5mXj4RBNmakTvGr4s,2022-10-01,36,52,1,59,8,6
AE,United Arab Emirates,Abu Dhabi,,,AE-AZ,,ChIJGczaTT5mXj4RBNmakTvGr4s,2022-10-02,30,64,1,35,-37,14
AE,United Arab Emirates,Abu Dhabi,,,AE-AZ,,ChIJGczaTT5mXj4RBNmakTvGr4s,2022-10-03,21,43,11,64,19,5
AE,United Arab Emirates,Abu Dhabi,,,AE-AZ,,ChIJGczaTT5mXj4RBNmakTvGr4s,2022-10-04,22,46,9,65,21,5
AE,United Arab Emirates,Abu Dhabi,,,AE-AZ,,ChIJGczaTT5mXj4RBNmakTvGr4s,2022-10-05,22,44,8,62,21,6
AE,United Arab Emirates,Abu Dhabi,,,AE-AZ,,ChIJGczaTT5mXj4RBNmakTvGr4s,2022-10-06,11,30,-5,49,23,8
AE,United Arab Emirates,Abu Dhabi,,,AE-AZ,,ChIJGczaTT5mXj4RBNmakTvGr4s,2022-10-07,26,40,-8,88,205,-5
AE,United Arab Emirates,Abu Dhabi,,,AE-AZ,,ChIJGczaTT5mXj4RBNmakTvGr4s,2022-10-08,30,49,8,48,-19,10
AE,United Arab Emirates,Abu Dhabi,,,AE-AZ,,ChIJGczaTT5mXj4RBNmakTvGr4s,2022-10-09,24,56,4,33,-38,14
AE,United Arab Emirates,Abu Dhabi,,,AE-AZ,,ChIJGczaTT5mXj4RBNmakTvGr4s,2022-10-10,18,39,13,61,19,5
AE,United Arab Emirates,Abu Dhabi,,,AE-AZ,,ChIJGczaTT5mXj4RBNmakTvGr4s,2022-10-11,18,39,11,61,20,6
AE,United Arab Emirates,Abu Dhabi,,,AE-AZ,,ChIJGczaTT5mXj4RBNmakTvGr4s,2022-10-12,20,41,9,61,21,6
AE,United Arab Emirates,Abu Dhabi,,,AE-AZ,,ChIJGczaTT5mXj4RBNmakTvGr4s,2022-10-13,10,29,-4,48,22,8
AE,United Arab Emirates,Abu Dhabi,,,AE-AZ,,ChIJGczaTT5mXj4RBNmakTvGr4s,2022-10-14,23,37,-5,86,206,-4
AE,United Arab Emirates,Abu Dhabi,,,AE-AZ,,ChIJGczaTT5mXj4RBNmakTvGr4s,2022-10-15,29,47,17,58,9,7
AE,United Arab Emirates,Ajman,,,AE-AJ,,ChIJHwyp6rZXXz4RerixWbtcrRE,2020-02-15,1,3,-1,24,3,1
AE,United Arab Emirates,Ajman,,,AE-AJ,,ChIJHwyp6rZXXz4RerixWbtcrRE,2020-02-16,0,2,1,21,2,1
AE,United Arab Emirates,Ajman,,,AE-AJ,,ChIJHwyp6rZXXz4RerixWbtcrRE,2020-02-17,-1,-1,3,20,3,1
AE,United Arab Emirates,Ajman,,,AE-AJ,,ChIJHwyp6rZXXz4RerixWbtcrRE,2020-02-18,-2,1,7,17,2,1
AE,United Arab Emirates,Ajman,,,AE-AJ,,ChIJHwyp6rZXXz4RerixWbtcrRE,2020-02-19,-2,-1,5,11,2,1
AE,United Arab Emirates,Ajman,,,AE-AJ,,ChIJHwyp6rZXXz4RerixWbtcrRE,2020-02-20,-1,0,7,9,2,1
AE,United Arab Emirates,Ajman,,,AE-AJ,,ChIJHwyp6rZXXz4RerixWbtcrRE,2020-02-21,0,1,10,25,-2,1
AE,United Arab Emirates,Ajman,,,AE-AJ,,ChIJHwyp6rZXXz4RerixWbtcrRE,2020-02-22,-1,1,3,17,4,1
AE,United Arab Emirates,Ajman,,,AE-AJ,,ChIJHwyp6rZXXz4RerixWbtcrRE,2020-02-23,-1,0,4,25,3,1
AE,United Arab Emirates,Ajman,,,AE-AJ,,ChIJHwyp6rZXXz4RerixWbtcrRE,2020-02-24,-3,-1,2,11,4,1
AE,United Arab Emirates,Ajman,,,AE-AJ,,ChIJHwyp6rZXXz4RerixWbtcrRE,2020-02-25,-1,0,7,10,3,1
AE,United Arab Emirates,Ajman,,,AE-AJ,,ChIJHwyp6rZXXz4RerixWbtcrRE,2020-02-26,-1,-2,-6,9,2,1
AE,United Arab Emirates,Ajman,,,AE-AJ,,ChIJHwyp6rZXXz4RerixWbtcrRE,2020-02-27,2,2,-6,2,3,1
AE,United Arab Emirates,Ajman,,,AE-AJ,,ChIJHwyp6rZXXz4RerixWbtcrRE,2020-02-28,4,3,9,18,-1,1
AE,United Arab Emirates,Ajman,,,AE-AJ,,ChIJHwyp6rZXXz4RerixWbtcrRE,2020-02-29,4,6,-6,18,4,1
AE,United Arab Emirates,Ajman,,,AE-AJ,,ChIJHwyp6rZXXz4RerixWbtcrRE,2020-03-01,4,7,1,20,3,1
AE,United Arab Emirates,Ajman,,,AE-AJ,,ChIJHwyp6rZXXz4RerixWbtcrRE,2020-03-02,3,6,-1,16,4,1
AE,United Arab Emirates,Ajman,,,AE-AJ,,ChIJHwyp6rZXXz4RerixWbtcrRE,2020-03-03,3,5,1,19,3,1
AE,United Arab Emirates,Ajman,,,AE-AJ,,ChIJHwyp6rZXXz4RerixWbtcrRE,2020-03-04,2,4,-1,17,2,2
AE,United Arab Emirates,Ajman,,,AE-AJ,,ChIJHwyp6rZXXz4RerixWbtcrRE,2020-03-05,1,5,-5,7,2,2
AE,United Arab Emirates,Ajman,,,AE-AJ,,ChIJHwyp6rZXXz4RerixWbtcrRE,2020-03-06,1,6,-4,25,-1,3
AE,United Arab Emirates,Ajman,,,AE-AJ,,ChIJHwyp6rZXXz4RerixWbtcrRE,2020-03-07,3,5,4,24,4,2
AE,United Arab Emirates,Ajman,,,AE-AJ,,ChIJHwyp6rZXXz4RerixWbtcrRE,2020-03-08,4,4,20,21,-3,3
AE,United Arab Emirates,Ajman,,,AE-AJ,,ChIJHwyp6rZXXz4RerixWbtcrRE,2020-03-09,2,6,17,18,-2,3
AE,United Arab Emirates,Ajman,,,AE-AJ,,ChIJHwyp6rZXXz4RerixWbtcrRE,2020-03-10,2,8,19,22,-4,4
AE,United Arab Emirates,Ajman,,,AE-AJ,,ChIJHwyp6rZXXz4RerixWbtcrRE,2020-03-11,2,4,15,11,-4,4
AE,United Arab Emirates,Ajman,,,AE-AJ,,ChIJHwyp6rZXXz4RerixWbtcrRE,2020-03-12,-2,6,7,6,-3,5
AE,United Arab Emirates,Ajman,,,AE-AJ,,ChIJHwyp6rZXXz4RerixWbtcrRE,2020-03-13,-6,5,-3,9,-2,5
AE,United Arab Emirates,Ajman,,,AE-AJ,,ChIJHwyp6rZXXz4RerixWbtcrRE,2020-03-14,-5,4,-4,5,2,3
AE,United Arab Emirates,Ajman,,,AE-AJ,,ChIJHwyp6rZXXz4RerixWbtcrRE,2020-03-15,-2,9,4,14,-3,5
AE,United Arab Emirates,Ajman,,,AE-AJ,,ChIJHwyp6rZXXz4RerixWbtcrRE,2020-03-16,-3,7,-1,1,-4,5
AE,United Arab Emirates,Ajman,,,AE-AJ,,ChIJHwyp6rZXXz4RerixWbtcrRE,2020-03-17,-8,5,-3,-1,-6,6
AE,United Arab Emirates,Ajman,,,AE-AJ,,ChIJHwyp6rZXXz4RerixWbtcrRE,2020-03-18,-11,2,-5,-8,-8,7
AE,United Arab Emirates,Ajman,,,AE-AJ,,ChIJHwyp6rZXXz4RerixWbtcrRE,2020-03-19,-16,-2,-16,-15,-8,10
AE,United Arab Emirates,Ajman,,,AE-AJ,,ChIJHwyp6rZXXz4RerixWbtcrRE,2020-03-20,-26,-7,-37,-18,-10,10
AE,United Arab Emirates,Ajman,,,AE-AJ,,ChIJHwyp6rZXXz4RerixWbtcrRE,2020-03-21,-23,-11,-32,-18,-5,9
AE,United Arab Emirates,Ajman,,,AE-AJ,,ChIJHwyp6rZXXz4RerixWbtcrRE,2020-03-22,-27,-13,-40,-16,-13,11
AE,United Arab Emirates,Ajman,,,AE-AJ,,ChIJHwyp6rZXXz4RerixWbtcrRE,2020-03-23,-17,13,-46,-18,-15,11
AE,United Arab Emirates,Ajman,,,AE-AJ,,ChIJHwyp6rZXXz4RerixWbtcrRE,2020-03-24,-31,-5,-45,-23,-22,14
AE,United Arab Emirates,Ajman,,,AE-AJ,,ChIJHwyp6rZXXz4RerixWbtcrRE,2020-03-25,-40,-17,-52,-34,-28,17
AE,United Arab Emirates,Ajman,,,AE-AJ,,ChIJHwyp6rZXXz4RerixWbtcrRE,2020-03-26,-45,-17,-67,-45,-33,22
AE,United Arab Emirates,Ajman,,,AE-AJ,,ChIJHwyp6rZXXz4RerixWbtcrRE,2020-03-27,-74,-60,-84,-66,-50,23
AE,United Arab Emirates,Ajman,,,AE-AJ,,ChIJHwyp6rZXXz4RerixWbtcrRE,2020-03-28,-64,-46,-70,-57,-54,27
AE,United Arab Emirates,Ajman,,,AE-AJ,,ChIJHwyp6rZXXz4RerixWbtcrRE,2020-03-29,-47,-26,-57,-40,-38,22
AE,United Arab Emirates,Ajman,,,AE-AJ,,ChIJHwyp6rZXXz4RerixWbtcrRE,2020-03-30,-49,-28,-59,-46,-38,22
AE,United Arab Emirates,Ajman,,,AE-AJ,,ChIJHwyp6rZXXz4RerixWbtcrRE,2020-03-31,-47,-25,-54,-44,-38,21
AE,United Arab Emirates,Ajman,,,AE-AJ,,ChIJHwyp6rZXXz4RerixWbtcrRE,2020-04-01,-46,-24,-57,-45,-39,21
AE,United Arab Emirates,Ajman,,,AE-AJ,,ChIJHwyp6rZXXz4RerixWbtcrRE,2020-04-02,-48,-25,-66,-50,-39,24
AE,United Arab Emirates,Ajman,,,AE-AJ,,ChIJHwyp6rZXXz4RerixWbtcrRE,2020-04-03,-60,-37,-81,-48,-39,20
AE,United Arab Emirates,Ajman,,,AE-AJ,,ChIJHwyp6rZXXz4RerixWbtcrRE,2020-04-04,-48,-25,-64,-45,-30,18
AE,United Arab Emirates,Ajman,,,AE-AJ,,ChIJHwyp6rZXXz4RerixWbtcrRE,2020-04-05,-45,-20,-58,-45,-46,26
AE,United Arab Emirates,Ajman,,,AE-AJ,,ChIJHwyp6rZXXz4RerixWbtcrRE,2020-04-06,-49,-26,-61,-50,-45,26
AE,United Arab Emirates,Ajman,,,AE-AJ,,ChIJHwyp6rZXXz4RerixWbtcrRE,2020-04-07,-49,-25,-74,-40,-46,25
AE,United Arab Emirates,Ajman,,,AE-AJ,,ChIJHwyp6rZXXz4RerixWbtcrRE,2020-04-08,-50,-27,-76,-47,-46,25
AE,United Arab Emirates,Ajman,,,AE-AJ,,ChIJHwyp6rZXXz4RerixWbtcrRE,2020-04-09,-50,-27,-81,-52,-46,28
AE,United Arab Emirates,Ajman,,,AE-AJ,,ChIJHwyp6rZXXz4RerixWbtcrRE,2020-04-10,-62,-42,-91,-56,-43,21
AE,United Arab Emirates,Ajman,,,AE-AJ,,ChIJHwyp6rZXXz4RerixWbtcrRE,2020-04-11,-49,-27,-81,-48,-37,21
AE,United Arab Emirates,Ajman,,,AE-AJ,,ChIJHwyp6rZXXz4RerixWbtcrRE,2020-04-12,-45,-25,-77,-43,-46,25
AE,United Arab Emirates,Ajman,,,AE-AJ,,ChIJHwyp6rZXXz4RerixWbtcrRE,2020-04-13,-46,-27,-78,-43,-45,25
AE,United Arab Emirates,Ajman,,,AE-AJ,,ChIJHwyp6rZXXz4RerixWbtcrRE,2020-04-14,-46,-26,-80,-45,-46,26
AE,United Arab Emirates,Ajman,,,AE-AJ,,ChIJHwyp6rZXXz4RerixWbtcrRE,2020-04-15,-48,-27,-82,-47,-47,26
AE,United Arab Emirates,Ajman,,,AE-AJ,,ChIJHwyp6rZXXz4RerixWbtcrRE,2020-04-16,-49,-26,-83,-50,-46,29
AE,United Arab Emirates,Ajman,,,AE-AJ,,ChIJHwyp6rZXXz4RerixWbtcrRE,2020-04-17,-60,-40,-91,-54,-40,21
AE,United Arab Emirates,Ajman,,,AE-AJ,,ChIJHwyp6rZXXz4RerixWbtcrRE,2020-04-18,-50,-28,-86,-18,-37,22
AE,United Arab Emirates,Ajman,,,AE-AJ,,ChIJHwyp6rZXXz4RerixWbtcrRE,2020-04-19,-45,-24,-80,-26,-45,26
AE,United Arab Emirates,Ajman,,,AE-AJ,,ChIJHwyp6rZXXz4RerixWbtcrRE,2020-04-20,-46,-23,-82,-28,-44,26
AE,United Arab Emirates,Ajman,,,AE-AJ,,ChIJHwyp6rZXXz4RerixWbtcrRE,2020-04-21,-46,-21,-81,-24,-45,25
AE,United Arab Emirates,Ajman,,,AE-AJ,,ChIJHwyp6rZXXz4RerixWbtcrRE,2020-04-22,-43,-18,-82,-22,-45,25
AE,United Arab Emirates,Ajman,,,AE-AJ,,ChIJHwyp6rZXXz4RerixWbtcrRE,2020-04-23,-43,-14,-85,-15,-45,27
AE,United Arab Emirates,Ajman,,,AE-AJ,,ChIJHwyp6rZXXz4RerixWbtcrRE,2020-04-24,-62,-34,-92,,-40,22
AE,United Arab Emirates,Ajman,,,AE-AJ,,ChIJHwyp6rZXXz4RerixWbtcrRE,2020-04-25,-53,-28,-83,-21,-37,24
AE,United Arab Emirates,Ajman,,,AE-AJ,,ChIJHwyp6rZXXz4RerixWbtcrRE,2020-04-26,-46,-22,-80,-22,-43,27
AE,United Arab Emirates,Ajman,,,AE-AJ,,ChIJHwyp6rZXXz4RerixWbtcrRE,2020-04-27,-47,-22,-80,-28,-42,27
AE,United Arab Emirates,Ajman,,,AE-AJ,,ChIJHwyp6rZXXz4RerixWbtcrRE,2020-04-28,-44,-19,-78,-21,-42,25
AE,United Arab Emirates,Ajman,,,AE-AJ,,ChIJHwyp6rZXXz4RerixWbtcrRE,2020-04-29,-44,-19,-77,-20,-41,27
AE,United Arab Emirates,Ajman,,,AE-AJ,,ChIJHwyp6rZXXz4RerixWbtcrRE,2020-04-30,-46,-21,-72,-19,-40,29
AE,United Arab Emirates,Ajman,,,AE-AJ,,ChIJHwyp6rZXXz4RerixWbtcrRE,2020-05-01,-54,-31,-85,,-35,20
AE,United Arab Emirates,Ajman,,,AE-AJ,,ChIJHwyp6rZXXz4RerixWbtcrRE,2020-05-02,-44,-21,-69,-14,-31,21
AE,United Arab Emirates,Ajman,,,AE-AJ,,ChIJHwyp6rZXXz4RerixWbtcrRE,2020-05-03,-41,-17,-63,-20,-39,25
AE,United Arab Emirates,Ajman,,,AE-AJ,,ChIJHwyp6rZXXz4RerixWbtcrRE,2020-05-04,-41,-17,-65,-21,-39,25
AE,United Arab Emirates,Ajman,,,AE-AJ,,ChIJHwyp6rZXXz4RerixWbtcrRE,2020-05-05,-42,-17,-64,-23,-40,24
AE,United Arab Emirates,Ajman,,,AE-AJ,,ChIJHwyp6rZXXz4RerixWbtcrRE,2020-05-06,-40,-14,-63,-24,-39,25
AE,United Arab Emirates,Ajman,,,AE-AJ,,ChIJHwyp6rZXXz4RerixWbtcrRE,2020-05-07,-43,-18,-71,-18,-38,27
AE,United Arab Emirates,Ajman,,,AE-AJ,,ChIJHwyp6rZXXz4RerixWbtcrRE,2020-05-08,-53,-29,-83,-15,-31,20
AE,United Arab Emirates,Ajman,,,AE-AJ,,ChIJHwyp6rZXXz4RerixWbtcrRE,2020-05-09,-43,-17,-68,-13,-27,21
AE,United Arab Emirates,Ajman,,,AE-AJ,,ChIJHwyp6rZXXz4RerixWbtcrRE,2020-05-10,-38,-13,-60,-9,-36,25
AE,United Arab Emirates,Ajman,,,AE-AJ,,ChIJHwyp6rZXXz4RerixWbtcrRE,2020-05-11,-40,-15,-62,-15,-37,25
AE,United Arab Emirates,Ajman,,,AE-AJ,,ChIJHwyp6rZXXz4RerixWbtcrRE,2020-05-12,-39,-12,-61,-11,-37,25
AE,United Arab Emirates,Ajman,,,AE-AJ,,ChIJHwyp6rZXXz4RerixWbtcrRE,2020-05-13,-39,-14,-61,-17,-38,25
AE,United Arab Emirates,Ajman,,,AE-AJ,,ChIJHwyp6rZXXz4RerixWbtcrRE,2020-05-14,-42,-16,-67,-19,-36,26
AE,United Arab Emirates,Ajman,,,AE-AJ,,ChIJHwyp6rZXXz4RerixWbtcrRE,2020-05-15,-50,-26,-81,-19,-28,19
AE,United Arab Emirates,Ajman,,,AE-AJ,,ChIJHwyp6rZXXz4RerixWbtcrRE,2020-05-16,-39,-15,-68,-17,-25,20
AE,United Arab Emirates,Ajman,,,AE-AJ,,ChIJHwyp6rZXXz4RerixWbtcrRE,2020-05-17,-35,-11,-57,-9,-36,24
AE,United Arab Emirates,Ajman,,,AE-AJ,,ChIJHwyp6rZXXz4RerixWbtcrRE,2020-05-18,-35,-12,-63,-15,-36,25
AE,United Arab Emirates,Ajman,,,AE-AJ,,ChIJHwyp6rZXXz4RerixWbtcrRE,2020-05-19,-36,-12,-59,-10,-37,24
AE,United Arab Emirates,Ajman,,,AE-AJ,,ChIJHwyp6rZXXz4RerixWbtcrRE,2020-05-20,-42,-18,-66,-17,-39,26
AE,United Arab Emirates,Ajman,,,AE-AJ,,ChIJHwyp6rZXXz4RerixWbtcrRE,2020-05-21,-42,-16,-69,-27,-38,28
AE,United Arab Emirates,Ajman,,,AE-AJ,,ChIJHwyp6rZXXz4RerixWbtcrRE,2020-05-22,-45,-18,-82,-16,-24,19
AE,United Arab Emirates,Ajman,,,AE-AJ,,ChIJHwyp6rZXXz4RerixWbtcrRE,2020-05-23,-35,-4,-70,-9,-44,25
AE,United Arab Emirates,Ajman,,,AE-AJ,,ChIJHwyp6rZXXz4RerixWbtcrRE,2020-05-24,-39,-26,-50,-19,-76,34
AE,United Arab Emirates,Ajman,,,AE-AJ,,ChIJHwyp6rZXXz4RerixWbtcrRE,2020-05-25,-35,-18,-50,-22,-72,31
AE,United Arab Emirates,Ajman,,,AE-AJ,,ChIJHwyp6rZXXz4RerixWbtcrRE,2020-05-26,-35,-19,-54,-17,-58,28
AE,United Arab Emirates,Ajman,,,AE-AJ,,ChIJHwyp6rZXXz4RerixWbtcrRE,2020-05-27,-37,-18,-59,-24,-32,21
AE,United Arab Emirates,Ajman,,,AE-AJ,,ChIJHwyp6rZXXz4RerixWbtcrRE,2020-05-28,-39,-20,-65,-30,-31,23
AE,United Arab Emirates,Ajman,,,AE-AJ,,ChIJHwyp6rZXXz4RerixWbtcrRE,2020-05-29,-46,-25,-74,-20,-23,18
AE,United Arab Emirates,Ajman,,,AE-AJ,,ChIJHwyp6rZXXz4RerixWbtcrRE,2020-05-30,-30,-11,-54,-11,-16,16
AE,United Arab Emirates,Ajman,,,AE-AJ,,ChIJHwyp6rZXXz4RerixWbtcrRE,2020-05-31,-25,-7,-42,-12,-26,18
AE,United Arab Emirates,Ajman,,,AE-AJ,,ChIJHwyp6rZXXz4RerixWbtcrRE,2020-06-01,-26,-7,-39,-15,-24,18
AE,United Arab Emirates,Ajman,,,AE-AJ,,ChIJHwyp6rZXXz4RerixWbtcrRE,2020-06-02,-26,-6,-32,-9,-25,18
AE,United Arab Emirates,Ajman,,,AE-AJ,,ChIJHwyp6rZXXz4RerixWbtcrRE,2020-06-03,-26,-7,-36,-14,-26,19
AE,United Arab Emirates,Ajman,,,AE-AJ,,ChIJHwyp6rZXXz4RerixWbtcrRE,2020-06-04,-29,-9,-44,-16,-24,20
AE,United Arab Emirates,Ajman,,,AE-AJ,,ChIJHwyp6rZXXz4RerixWbtcrRE,2020-06-05,-35,-17,-58,,-18,16
AE,United Arab Emirates,Ajman,,,AE-AJ,,ChIJHwyp6rZXXz4RerixWbtcrRE,2020-06-06,-27,-10,-44,-12,-14,15
AE,United Arab Emirates,Ajman,,,AE-AJ,,ChIJHwyp6rZXXz4RerixWbtcrRE,2020-06-07,-23,-7,-37,-9,-25,18
AE,United Arab Emirates,Ajman,,,AE-AJ,,ChIJHwyp6rZXXz4RerixWbtcrRE,2020-06-08,-25,-10,-37,-15,-22,18
AE,United Arab Emirates,Ajman,,,AE-AJ,,ChIJHwyp6rZXXz4RerixWbtcrRE,2020-06-09,-26,-12,-40,-15,-23,17
AE,United Arab Emirates,Ajman,,,AE-AJ,,ChIJHwyp6rZXXz4RerixWbtcrRE,2020-06-10,-25,-10,-40,-17,-24,18
AE,United Arab Emirates,Ajman,,,AE-AJ,,ChIJHwyp6rZXXz4RerixWbtcrRE,2020-06-11,-27,-11,-53,-17,-22,20
AE,United Arab Emirates,Ajman,,,AE-AJ,,ChIJHwyp6rZXXz4RerixWbtcrRE,2020-06-12,-35,-18,-68,-5,-16,15
AE,United Arab Emirates,Ajman,,,AE-AJ,,ChIJHwyp6rZXXz4RerixWbtcrRE,2020-06-13,-27,-11,-52,-8,-12,14
AE,United Arab Emirates,Ajman,,,AE-AJ,,ChIJHwyp6rZXXz4RerixWbtcrRE,2020-06-14,-22,-8,-42,-10,-22,17
AE,United Arab Emirates,Ajman,,,AE-AJ,,ChIJHwyp6rZXXz4RerixWbtcrRE,2020-06-15,-24,-10,-38,-19,-20,17
AE,United Arab Emirates,Ajman,,,AE-AJ,,ChIJHwyp6rZXXz4RerixWbtcrRE,2020-06-16,-24,-9,-32,-7,-21,16
AE,United Arab Emirates,Ajman,,,AE-AJ,,ChIJHwyp6rZXXz4RerixWbtcrRE,2020-06-17,-24,-10,-37,-18,-22,16
AE,United Arab Emirates,Ajman,,,AE-AJ,,ChIJHwyp6rZXXz4RerixWbtcrRE,2020-06-18,-28,-13,-48,-17,-21,18
AE,United Arab Emirates,Ajman,,,AE-AJ,,ChIJHwyp6rZXXz4RerixWbtcrRE,2020-06-19,-36,-19,-68,,-16,15
AE,United Arab Emirates,Ajman,,,AE-AJ,,ChIJHwyp6rZXXz4RerixWbtcrRE,2020-06-20,-28,-13,-50,-11,-11,13
AE,United Arab Emirates,Ajman,,,AE-AJ,,ChIJHwyp6rZXXz4RerixWbtcrRE,2020-06-21,-23,-10,-38,-14,-21,16
AE,United Arab Emirates,Ajman,,,AE-AJ,,ChIJHwyp6rZXXz4RerixWbtcrRE,2020-06-22,-24,-10,-31,-17,-20,16
AE,United Arab Emirates,Ajman,,,AE-AJ,,ChIJHwyp6rZXXz4RerixWbtcrRE,2020-06-23,-22,-9,-29,-11,-21,15
AE,United Arab Emirates,Ajman,,,AE-AJ,,ChIJHwyp6rZXXz4RerixWbtcrRE,2020-06-24,-24,-9,-33,-18,-20,16
AE,United Arab Emirates,Ajman,,,AE-AJ,,ChIJHwyp6rZXXz4RerixWbtcrRE,2020-06-25,-19,-7,-41,-13,-19,16
AE,United Arab Emirates,Ajman,,,AE-AJ,,ChIJHwyp6rZXXz4RerixWbtcrRE,2020-06-26,-27,-14,-56,,-12,13
AE,United Arab Emirates,Ajman,,,AE-AJ,,ChIJHwyp6rZXXz4RerixWbtcrRE,2020-06-27,-18,-7,-41,-7,-10,11
AE,United Arab Emirates,Ajman,,,AE-AJ,,ChIJHwyp6rZXXz4RerixWbtcrRE,2020-06-28,-15,-4,-34,-8,-18,14
AE,United Arab Emirates,Ajman,,,AE-AJ,,ChIJHwyp6rZXXz4RerixWbtcrRE,2020-06-29,-14,-4,-28,-24,-17,13
AE,United Arab Emirates,Ajman,,,AE-AJ,,ChIJHwyp6rZXXz4RerixWbtcrRE,2020-06-30,-13,0,-25,-51,-17,13
AE,United Arab Emirates,Ajman,,,AE-AJ,,ChIJHwyp6rZXXz4RerixWbtcrRE,2020-07-01,-12,-1,-22,-48,-18,13
AE,United Arab Emirates,Ajman,,,AE-AJ,,ChIJHwyp6rZXXz4RerixWbtcrRE,2020-07-02,-13,1,-38,-57,-18,14
AE,United Arab Emirates,Ajman,,,AE-AJ,,ChIJHwyp6rZXXz4RerixWbtcrRE,2020-07-03,-19,-6,-51,-61,-10,11
AE,United Arab Emirates,Ajman,,,AE-AJ,,ChIJHwyp6rZXXz4RerixWbtcrRE,2020-07-04,-13,-2,-37,-55,-8,10
AE,United Arab Emirates,Ajman,,,AE-AJ,,ChIJHwyp6rZXXz4RerixWbtcrRE,2020-07-05,-10,2,-26,-47,-18,12
AE,United Arab Emirates,Ajman,,,AE-AJ,,ChIJHwyp6rZXXz4RerixWbtcrRE,2020-07-06,-12,0,-21,-48,-17,12
AE,United Arab Emirates,Ajman,,,AE-AJ,,ChIJHwyp6rZXXz4RerixWbtcrRE,2020-07-07,-13,2,-23,-47,-17,12
AE,United Arab Emirates,Ajman,,,AE-AJ,,ChIJHwyp6rZXXz4RerixWbtcrRE,2020-07-08,-13,-1,-22,-48,-17,12
AE,United Arab Emirates,Ajman,,,AE-AJ,,ChIJHwyp6rZXXz4RerixWbtcrRE,2020-07-09,-14,-1,-37,-56,-17,14
AE,United Arab Emirates,Ajman,,,AE-AJ,,ChIJHwyp6rZXXz4RerixWbtcrRE,2020-07-10,-20,-7,-52,-59,-7,11
AE,United Arab Emirates,Ajman,,,AE-AJ,,ChIJHwyp6rZXXz4RerixWbtcrRE,2020-07-11,-14,-2,-34,-53,-8,10
AE,United Arab Emirates,Ajman,,,AE-AJ,,ChIJHwyp6rZXXz4RerixWbtcrRE,2020-07-12,-9,1,-23,-44,-18,12
AE,United Arab Emirates,Ajman,,,AE-AJ,,ChIJHwyp6rZXXz4RerixWbtcrRE,2020-07-13,-11,-1,-26,-51,-17,11
AE,United Arab Emirates,Ajman,,,AE-AJ,,ChIJHwyp6rZXXz4RerixWbtcrRE,2020-07-14,-12,-1,-19,-47,-18,11
AE,United Arab Emirates,Ajman,,,AE-AJ,,ChIJHwyp6rZXXz4RerixWbtcrRE,2020-07-15,-11,-2,-26,-52,-18,12
AE,United Arab Emirates,Ajman,,,AE-AJ,,ChIJHwyp6rZXXz4RerixWbtcrRE,2020-07-16,-13,-2,-38,-56,-16,13
AE,United Arab Emirates,Ajman,,,AE-AJ,,ChIJHwyp6rZXXz4RerixWbtcrRE,2020-07-17,-20,-8,-50,-57,-7,11
AE,United Arab Emirates,Ajman,,,AE-AJ,,ChIJHwyp6rZXXz4RerixWbtcrRE,2020-07-18,-15,-5,-37,-54,-8,9
AE,United Arab Emirates,Ajman,,,AE-AJ,,ChIJHwyp6rZXXz4RerixWbtcrRE,2020-07-19,-11,-1,-25,-45,-17,11
AE,United Arab Emirates,Ajman,,,AE-AJ,,ChIJHwyp6rZXXz4RerixWbtcrRE,2020-07-20,-12,-3,-28,-48,-17,11
AE,United Arab Emirates,Ajman,,,AE-AJ,,ChIJHwyp6rZXXz4RerixWbtcrRE,2020-07-21,-13,-3,-24,-49,-18,10
AE,United Arab Emirates,Ajman,,,AE-AJ,,ChIJHwyp6rZXXz4RerixWbtcrRE,2020-07-22,-14,-4,-25,-49,-18,11
AE,United Arab Emirates,Ajman,,,AE-AJ,,ChIJHwyp6rZXXz4RerixWbtcrRE,2020-07-23,-14,-3,-37,-57,-16,12
AE,United Arab Emirates,Ajman,,,AE-AJ,,ChIJHwyp6rZXXz4RerixWbtcrRE,2020-07-24,-19,-8,-48,-59,-6,10
AE,United Arab Emirates,Ajman,,,AE-AJ,,ChIJHwyp6rZXXz4RerixWbtcrRE,2020-07-25,-12,-2,-38,-53,-8,8
AE,United Arab Emirates,Ajman,,,AE-AJ,,ChIJHwyp6rZXXz4RerixWbtcrRE,2020-07-26,-8,2,-33,-46,-18,10
AE,United Arab Emirates,Ajman,,,AE-AJ,,ChIJHwyp6rZXXz4RerixWbtcrRE,2020-07-27,-6,2,-31,-49,-17,9
AE,United Arab Emirates,Ajman,,,AE-AJ,,ChIJHwyp6rZXXz4RerixWbtcrRE,2020-07-28,-4,7,-28,-45,-18,9
AE,United Arab Emirates,Ajman,,,AE-AJ,,ChIJHwyp6rZXXz4RerixWbtcrRE,2020-07-29,6,18,-33,-38,-18,7
AE,United Arab Emirates,Ajman,,,AE-AJ,,ChIJHwyp6rZXXz4RerixWbtcrRE,2020-07-30,4,28,-44,-4,-53,22
AE,United Arab Emirates,Ajman,,,AE-AJ,,ChIJHwyp6rZXXz4RerixWbtcrRE,2020-07-31,-20,-9,-44,,-17,7
AE,United Arab Emirates,Ajman,,,AE-AJ,,ChIJHwyp6rZXXz4RerixWbtcrRE,2020-08-01,-10,0,-4,-4,-56,16
AE,United Arab Emirates,Ajman,,,AE-AJ,,ChIJHwyp6rZXXz4RerixWbtcrRE,2020-08-02,0,8,-9,-6,-55,19
AE,United Arab Emirates,Ajman,,,AE-AJ,,ChIJHwyp6rZXXz4RerixWbtcrRE,2020-08-03,-12,-3,-25,-21,-18,10
AE,United Arab Emirates,Ajman,,,AE-AJ,,ChIJHwyp6rZXXz4RerixWbtcrRE,2020-08-04,-11,0,-23,-19,-18,10
AE,United Arab Emirates,Ajman,,,AE-AJ,,ChIJHwyp6rZXXz4RerixWbtcrRE,2020-08-05,-12,-2,-28,-22,-18,10
AE,United Arab Emirates,Ajman,,,AE-AJ,,ChIJHwyp6rZXXz4RerixWbtcrRE,2020-08-06,-14,-2,-41,-25,-18,11
AE,United Arab Emirates,Ajman,,,AE-AJ,,ChIJHwyp6rZXXz4RerixWbtcrRE,2020-08-07,-21,-11,-57,-18,-8,10
AE,United Arab Emirates,Ajman,,,AE-AJ,,ChIJHwyp6rZXXz4RerixWbtcrRE,2020-08-08,-13,-3,-37,-15,-9,7
AE,United Arab Emirates,Ajman,,,AE-AJ,,ChIJHwyp6rZXXz4RerixWbtcrRE,2020-08-09,-7,2,-23,-14,-17,9
AE,United Arab Emirates,Ajman,,,AE-AJ,,ChIJHwyp6rZXXz4RerixWbtcrRE,2020-08-10,-10,-1,-25,-22,-16,9
AE,United Arab Emirates,Ajman,,,AE-AJ,,ChIJHwyp6rZXXz4RerixWbtcrRE,2020-08-11,-11,-3,-26,-20,-18,9
AE,United Arab Emirates,Ajman,,,AE-AJ,,ChIJHwyp6rZXXz4RerixWbtcrRE,2020-08-12,-10,-3,-30,-23,-18,9
AE,United Arab Emirates,Ajman,,,AE-AJ,,ChIJHwyp6rZXXz4RerixWbtcrRE,2020-08-13,-11,-2,-36,-27,-18,11
AE,United Arab Emirates,Ajman,,,AE-AJ,,ChIJHwyp6rZXXz4RerixWbtcrRE,2020-08-14,-16,-9,-53,-7,-8,9
AE,United Arab Emirates,Ajman,,,AE-AJ,,ChIJHwyp6rZXXz4RerixWbtcrRE,2020-08-15,-13,-4,-37,-16,-10,7
AE,United Arab Emirates,Ajman,,,AE-AJ,,ChIJHwyp6rZXXz4RerixWbtcrRE,2020-08-16,-10,-1,-23,-11,-18,9
AE,United Arab Emirates,Ajman,,,AE-AJ,,ChIJHwyp6rZXXz4RerixWbtcrRE,2020-08-17,-12,-5,,,-18,9
AE,United Arab Emirates,Ajman,,,AE-AJ,,ChIJHwyp6rZXXz4RerixWbtcrRE,2020-08-18,-14,-4,,,-17,9
AE,United Arab Emirates,Ajman,,,AE-AJ,,ChIJHwyp6rZXXz4RerixWbtcrRE,2020-08-19,-13,-6,,,-18,9
AE,United Arab Emirates,Ajman,,,AE-AJ,,ChIJHwyp6rZXXz4RerixWbtcrRE,2020-08-20,-14,-7,,,-18,10
AE,United Arab Emirates,Ajman,,,AE-AJ,,ChIJHwyp6rZXXz4RerixWbtcrRE,2020-08-21,-20,-12,,,-10,9
AE,United Arab Emirates,Ajman,,,AE-AJ,,ChIJHwyp6rZXXz4RerixWbtcrRE,2020-08-22,-13,-7,,,-12,7
AE,United Arab Emirates,Ajman,,,AE-AJ,,ChIJHwyp6rZXXz4RerixWbtcrRE,2020-08-23,-1,3,,,-53,19
AE,United Arab Emirates,Ajman,,,AE-AJ,,ChIJHwyp6rZXXz4RerixWbtcrRE,2020-08-24,-16,-10,,,-16,8
AE,United Arab Emirates,Ajman,,,AE-AJ,,ChIJHwyp6rZXXz4RerixWbtcrRE,2020-08-25,-14,-5,,,-17,8
AE,United Arab Emirates,Ajman,,,AE-AJ,,ChIJHwyp6rZXXz4RerixWbtcrRE,2020-08-26,-14,-8,,,-17,8
AE,United Arab Emirates,Ajman,,,AE-AJ,,ChIJHwyp6rZXXz4RerixWbtcrRE,2020-08-27,-13,-4,,,-15,9
AE,United Arab Emirates,Ajman,,,AE-AJ,,ChIJHwyp6rZXXz4RerixWbtcrRE,2020-08-28,-20,-9,,,-10,9
AE,United Arab Emirates,Ajman,,,AE-AJ,,ChIJHwyp6rZXXz4RerixWbtcrRE,2020-08-29,-16,-6,,,-9,7
AE,United Arab Emirates,Ajman,,,AE-AJ,,ChIJHwyp6rZXXz4RerixWbtcrRE,2020-08-30,-8,0,,,-18,8
AE,United Arab Emirates,Ajman,,,AE-AJ,,ChIJHwyp6rZXXz4RerixWbtcrRE,2020-08-31,-9,-3,,,-19,9
AE,United Arab Emirates,Ajman,,,AE-AJ,,ChIJHwyp6rZXXz4RerixWbtcrRE,2020-09-01,-12,-3,,,-18,8
AE,United Arab Emirates,Ajman,,,AE-AJ,,ChIJHwyp6rZXXz4RerixWbtcrRE,2020-09-02,-12,-6,,,-17,8
AE,United Arab Emirates,Ajman,,,AE-AJ,,ChIJHwyp6rZXXz4RerixWbtcrRE,2020-09-03,-10,-2,,,-16,9
AE,United Arab Emirates,Ajman,,,AE-AJ,,ChIJHwyp6rZXXz4RerixWbtcrRE,2020-09-04,-14,-5,,,-11,8
AE,United Arab Emirates,Ajman,,,AE-AJ,,ChIJHwyp6rZXXz4RerixWbtcrRE,2020-09-05,-10,-2,,,-10,6
AE,United Arab Emirates,Ajman,,,AE-AJ,,ChIJHwyp6rZXXz4RerixWbtcrRE,2020-09-06,-6,0,,,-17,8
AE,United Arab Emirates,Ajman,,,AE-AJ,,ChIJHwyp6rZXXz4RerixWbtcrRE,2020-09-07,-11,-2,,,-18,8
AE,United Arab Emirates,Ajman,,,AE-AJ,,ChIJHwyp6rZXXz4RerixWbtcrRE,2020-09-08,-10,0,,,-18,8
AE,United Arab Emirates,Ajman,,,AE-AJ,,ChIJHwyp6rZXXz4RerixWbtcrRE,2020-09-09,-12,-5,,,-17,8
AE,United Arab Emirates,Ajman,,,AE-AJ,,ChIJHwyp6rZXXz4RerixWbtcrRE,2020-09-10,-10,-2,,,-16,9
AE,United Arab Emirates,Ajman,,,AE-AJ,,ChIJHwyp6rZXXz4RerixWbtcrRE,2020-09-11,-15,-7,-51,,-12,8
AE,United Arab Emirates,Ajman,,,AE-AJ,,ChIJHwyp6rZXXz4RerixWbtcrRE,2020-09-12,-12,-6,-35,-25,-9,6
AE,United Arab Emirates,Ajman,,,AE-AJ,,ChIJHwyp6rZXXz4RerixWbtcrRE,2020-09-13,-7,-4,-24,-27,-17,8
AE,United Arab Emirates,Ajman,,,AE-AJ,,ChIJHwyp6rZXXz4RerixWbtcrRE,2020-09-14,-11,-5,-25,-26,-16,8
AE,United Arab Emirates,Ajman,,,AE-AJ,,ChIJHwyp6rZXXz4RerixWbtcrRE,2020-09-15,-10,-4,-24,-21,-15,8
AE,United Arab Emirates,Ajman,,,AE-AJ,,ChIJHwyp6rZXXz4RerixWbtcrRE,2020-09-16,-13,-7,-28,-29,-16,9
AE,United Arab Emirates,Ajman,,,AE-AJ,,ChIJHwyp6rZXXz4RerixWbtcrRE,2020-09-17,-12,-5,-33,-25,-15,9
AE,United Arab Emirates,Ajman,,,AE-AJ,,ChIJHwyp6rZXXz4RerixWbtcrRE,2020-09-18,-17,-9,-47,,-11,8
AE,United Arab Emirates,Ajman,,,AE-AJ,,ChIJHwyp6rZXXz4RerixWbtcrRE,2020-09-19,-13,-8,-36,-22,-10,7
AE,United Arab Emirates,Ajman,,,AE-AJ,,ChIJHwyp6rZXXz4RerixWbtcrRE,2020-09-20,-10,-9,-25,-24,-16,9
AE,United Arab Emirates,Ajman,,,AE-AJ,,ChIJHwyp6rZXXz4RerixWbtcrRE,2020-09-21,-14,-9,-28,-31,-18,9
AE,United Arab Emirates,Ajman,,,AE-AJ,,ChIJHwyp6rZXXz4RerixWbtcrRE,2020-09-22,-15,-9,-25,-21,-17,9
AE,United Arab Emirates,Ajman,,,AE-AJ,,ChIJHwyp6rZXXz4RerixWbtcrRE,2020-09-23,-19,-14,-32,-22,-16,10
AE,United Arab Emirates,Ajman,,,AE-AJ,,ChIJHwyp6rZXXz4RerixWbtcrRE,2020-09-24,-17,-10,-37,-17,-15,10
AE,United Arab Emirates,Ajman,,,AE-AJ,,ChIJHwyp6rZXXz4RerixWbtcrRE,2020-09-25,-21,-12,-45,,-13,9
AE,United Arab Emirates,Ajman,,,AE-AJ,,ChIJHwyp6rZXXz4RerixWbtcrRE,2020-09-26,-17,-11,-38,-9,-9,8
AE,United Arab Emirates,Ajman,,,AE-AJ,,ChIJHwyp6rZXXz4RerixWbtcrRE,2020-09-27,-13,-8,-29,-19,-16,9
AE,United Arab Emirates,Ajman,,,AE-AJ,,ChIJHwyp6rZXXz4RerixWbtcrRE,2020-09-28,-16,-10,-33,-22,-17,9
AE,United Arab Emirates,Ajman,,,AE-AJ,,ChIJHwyp6rZXXz4RerixWbtcrRE,2020-09-29,-15,-7,-27,-19,-16,9
AE,United Arab Emirates,Ajman,,,AE-AJ,,ChIJHwyp6rZXXz4RerixWbtcrRE,2020-09-30,-15,-7,-27,-20,-17,8
AE,United Arab Emirates,Ajman,,,AE-AJ,,ChIJHwyp6rZXXz4RerixWbtcrRE,2020-10-01,-13,-2,-31,-12,-15,8
AE,United Arab Emirates,Ajman,,,AE-AJ,,ChIJHwyp6rZXXz4RerixWbtcrRE,2020-10-02,-16,-4,-44,,-14,7
AE,United Arab Emirates,Ajman,,,AE-AJ,,ChIJHwyp6rZXXz4RerixWbtcrRE,2020-10-03,-13,-5,-35,-4,-11,5
AE,United Arab Emirates,Ajman,,,AE-AJ,,ChIJHwyp6rZXXz4RerixWbtcrRE,2020-10-04,-9,-4,-23,-4,-17,7
AE,United Arab Emirates,Ajman,,,AE-AJ,,ChIJHwyp6rZXXz4RerixWbtcrRE,2020-10-05,-13,-5,-27,-10,-19,7
AE,United Arab Emirates,Ajman,,,AE-AJ,,ChIJHwyp6rZXXz4RerixWbtcrRE,2020-10-06,-12,-2,-22,-7,-18,7
AE,United Arab Emirates,Ajman,,,AE-AJ,,ChIJHwyp6rZXXz4RerixWbtcrRE,2020-10-07,-15,-6,-26,-14,-15,7
AE,United Arab Emirates,Ajman,,,AE-AJ,,ChIJHwyp6rZXXz4RerixWbtcrRE,2020-10-08,-13,-3,-32,-5,-14,8
AE,United Arab Emirates,Ajman,,,AE-AJ,,ChIJHwyp6rZXXz4RerixWbtcrRE,2020-10-09,-16,-6,-43,,-12,7
AE,United Arab Emirates,Ajman,,,AE-AJ,,ChIJHwyp6rZXXz4RerixWbtcrRE,2020-10-10,-15,-8,-32,-4,-9,7
AE,United Arab Emirates,Ajman,,,AE-AJ,,ChIJHwyp6rZXXz4RerixWbtcrRE,2020-10-11,-11,-5,-22,-7,-15,8
AE,United Arab Emirates,Ajman,,,AE-AJ,,ChIJHwyp6rZXXz4RerixWbtcrRE,2020-10-12,-14,-4,-23,-9,-17,8
AE,United Arab Emirates,Ajman,,,AE-AJ,,ChIJHwyp6rZXXz4RerixWbtcrRE,2020-10-13,-13,-2,-21,-4,-16,8
AE,United Arab Emirates,Ajman,,,AE-AJ,,ChIJHwyp6rZXXz4RerixWbtcrRE,2020-10-14,-14,-7,-23,-3,-15,8
AE,United Arab Emirates,Ajman,,,AE-AJ,,ChIJHwyp6rZXXz4RerixWbtcrRE,2020-10-15,-12,-2,-26,2,-14,9
AE,United Arab Emirates,Ajman,,,AE-AJ,,ChIJHwyp6rZXXz4RerixWbtcrRE,2020-10-16,-16,-5,-34,,-14,7
AE,United Arab Emirates,Ajman,,,AE-AJ,,ChIJHwyp6rZXXz4RerixWbtcrRE,2020-10-17,-15,-7,-31,2,-10,7
AE,United Arab Emirates,Ajman,,,AE-AJ,,ChIJHwyp6rZXXz4RerixWbtcrRE,2020-10-18,-10,-6,-20,-7,-16,8
AE,United Arab Emirates,Ajman,,,AE-AJ,,ChIJHwyp6rZXXz4RerixWbtcrRE,2020-10-19,-14,-6,-20,-2,-17,9
AE,United Arab Emirates,Ajman,,,AE-AJ,,ChIJHwyp6rZXXz4RerixWbtcrRE,2020-10-20,-13,-4,-14,-1,-16,8
AE,United Arab Emirates,Ajman,,,AE-AJ,,ChIJHwyp6rZXXz4RerixWbtcrRE,2020-10-21,-14,-8,-16,-3,-15,9
AE,United Arab Emirates,Ajman,,,AE-AJ,,ChIJHwyp6rZXXz4RerixWbtcrRE,2020-10-22,-12,-2,-16,2,-13,9
AE,United Arab Emirates,Ajman,,,AE-AJ,,ChIJHwyp6rZXXz4RerixWbtcrRE,2020-10-23,-16,-5,-24,,-14,7
AE,United Arab Emirates,Ajman,,,AE-AJ,,ChIJHwyp6rZXXz4RerixWbtcrRE,2020-10-24,-14,-7,-20,8,-8,7
AE,United Arab Emirates,Ajman,,,AE-AJ,,ChIJHwyp6rZXXz4RerixWbtcrRE,2020-10-25,-8,-4,-12,0,-14,8
AE,United Arab Emirates,Ajman,,,AE-AJ,,ChIJHwyp6rZXXz4RerixWbtcrRE,2020-10-26,-11,-3,-10,-2,-16,8
AE,United Arab Emirates,Ajman,,,AE-AJ,,ChIJHwyp6rZXXz4RerixWbtcrRE,2020-10-27,-8,1,-16,4,-15,7
AE,United Arab Emirates,Ajman,,,AE-AJ,,ChIJHwyp6rZXXz4RerixWbtcrRE,2020-10-28,-4,1,-9,6,-14,5
AE,United Arab Emirates,Ajman,,,AE-AJ,,ChIJHwyp6rZXXz4RerixWbtcrRE,2020-10-29,-1,8,4,7,-54,17
AE,United Arab Emirates,Ajman,,,AE-AJ,,ChIJHwyp6rZXXz4RerixWbtcrRE,2020-10-30,-15,-8,-25,,-14,5
AE,United Arab Emirates,Ajman,,,AE-AJ,,ChIJHwyp6rZXXz4RerixWbtcrRE,2020-10-31,-13,-9,-25,-5,-9,6
AE,United Arab Emirates,Ajman,,,AE-AJ,,ChIJHwyp6rZXXz4RerixWbtcrRE,2020-11-01,-7,-4,-14,0,-15,7
AE,United Arab Emirates,Ajman,,,AE-AJ,,ChIJHwyp6rZXXz4RerixWbtcrRE,2020-11-02,-10,-4,-19,-8,-17,7
AE,United Arab Emirates,Ajman,,,AE-AJ,,ChIJHwyp6rZXXz4RerixWbtcrRE,2020-11-03,-8,0,-14,1,-15,7
AE,United Arab Emirates,Ajman,,,AE-AJ,,ChIJHwyp6rZXXz4RerixWbtcrRE,2020-11-04,-11,-6,-17,-9,-15,8
AE,United Arab Emirates,Ajman,,,AE-AJ,,ChIJHwyp6rZXXz4RerixWbtcrRE,2020-11-05,-11,-2,-19,4,-14,8
AE,United Arab Emirates,Ajman,,,AE-AJ,,ChIJHwyp6rZXXz4RerixWbtcrRE,2020-11-06,-14,-4,-25,,-13,6
AE,United Arab Emirates,Ajman,,,AE-AJ,,ChIJHwyp6rZXXz4RerixWbtcrRE,2020-11-07,-12,-7,-23,3,-8,6
AE,United Arab Emirates,Ajman,,,AE-AJ,,ChIJHwyp6rZXXz4RerixWbtcrRE,2020-11-08,-9,-7,-13,-4,-15,8
AE,United Arab Emirates,Ajman,,,AE-AJ,,ChIJHwyp6rZXXz4RerixWbtcrRE,2020-11-09,-12,-4,-20,-6,-16,8
AE,United Arab Emirates,Ajman,,,AE-AJ,,ChIJHwyp6rZXXz4RerixWbtcrRE,2020-11-10,-11,-3,-12,-9,-15,7
AE,United Arab Emirates,Ajman,,,AE-AJ,,ChIJHwyp6rZXXz4RerixWbtcrRE,2020-11-11,-12,-5,-16,-9,-14,8
AE,United Arab Emirates,Ajman,,,AE-AJ,,ChIJHwyp6rZXXz4RerixWbtcrRE,2020-11-12,-10,-1,-15,-6,-13,8
AE,United Arab Emirates,Ajman,,,AE-AJ,,ChIJHwyp6rZXXz4RerixWbtcrRE,2020-11-13,-12,-1,-23,,-11,5
AE,United Arab Emirates,Ajman,,,AE-AJ,,ChIJHwyp6rZXXz4RerixWbtcrRE,2020-11-14,-11,-5,-21,-1,-10,6
AE,United Arab Emirates,Ajman,,,AE-AJ,,ChIJHwyp6rZXXz4RerixWbtcrRE,2020-11-15,-8,-4,-5,-6,-16,8
AE,United Arab Emirates,Ajman,,,AE-AJ,,ChIJHwyp6rZXXz4RerixWbtcrRE,2020-11-16,-12,-6,-14,-10,-16,8
AE,United Arab Emirates,Ajman,,,AE-AJ,,ChIJHwyp6rZXXz4RerixWbtcrRE,2020-11-17,-11,-3,-11,-10,-15,8
AE,United Arab Emirates,Ajman,,,AE-AJ,,ChIJHwyp6rZXXz4RerixWbtcrRE,2020-11-18,-13,-7,-14,-17,-14,8
AE,United Arab Emirates,Ajman,,,AE-AJ,,ChIJHwyp6rZXXz4RerixWbtcrRE,2020-11-19,-12,-2,-21,-35,-13,8
AE,United Arab Emirates,Ajman,,,AE-AJ,,ChIJHwyp6rZXXz4RerixWbtcrRE,2020-11-20,-16,-6,-28,,-10,6
AE,United Arab Emirates,Ajman,,,AE-AJ,,ChIJHwyp6rZXXz4RerixWbtcrRE,2020-11-21,-14,-9,-27,-28,-8,6
AE,United Arab Emirates,Ajman,,,AE-AJ,,ChIJHwyp6rZXXz4RerixWbtcrRE,2020-11-22,-9,-7,-20,-23,-15,8
AE,United Arab Emirates,Ajman,,,AE-AJ,,ChIJHwyp6rZXXz4RerixWbtcrRE,2020-11-23,-13,-9,-24,-28,-17,8
AE,United Arab Emirates,Ajman,,,AE-AJ,,ChIJHwyp6rZXXz4RerixWbtcrRE,2020-11-24,-12,-6,-19,-22,-16,8
AE,United Arab Emirates,Ajman,,,AE-AJ,,ChIJHwyp6rZXXz4RerixWbtcrRE,2020-11-25,-13,-9,-25,-28,-14,8
AE,United Arab Emirates,Ajman,,,AE-AJ,,ChIJHwyp6rZXXz4RerixWbtcrRE,2020-11-26,-11,-3,-23,-34,-13,8
AE,United Arab Emirates,Ajman,,,AE-AJ,,ChIJHwyp6rZXXz4RerixWbtcrRE,2020-11-27,-12,-5,-27,,-10,5
AE,United Arab Emirates,Ajman,,,AE-AJ,,ChIJHwyp6rZXXz4RerixWbtcrRE,2020-11-28,-11,-7,-28,-28,-8,5
AE,United Arab Emirates,Ajman,,,AE-AJ,,ChIJHwyp6rZXXz4RerixWbtcrRE,2020-11-29,-4,-3,-22,-20,-14,7
AE,United Arab Emirates,Ajman,,,AE-AJ,,ChIJHwyp6rZXXz4RerixWbtcrRE,2020-11-30,-2,2,-16,-20,-16,5
AE,United Arab Emirates,Ajman,,,AE-AJ,,ChIJHwyp6rZXXz4RerixWbtcrRE,2020-12-01,14,19,28,-12,-51,12
AE,United Arab Emirates,Ajman,,,AE-AJ,,ChIJHwyp6rZXXz4RerixWbtcrRE,2020-12-02,9,14,45,-11,-63,16
AE,United Arab Emirates,Ajman,,,AE-AJ,,ChIJHwyp6rZXXz4RerixWbtcrRE,2020-12-03,-2,4,9,-31,-54,16
AE,United Arab Emirates,Ajman,,,AE-AJ,,ChIJHwyp6rZXXz4RerixWbtcrRE,2020-12-04,-16,-8,-25,,-11,5
AE,United Arab Emirates,Ajman,,,AE-AJ,,ChIJHwyp6rZXXz4RerixWbtcrRE,2020-12-05,-12,-9,-28,-30,-7,6
AE,United Arab Emirates,Ajman,,,AE-AJ,,ChIJHwyp6rZXXz4RerixWbtcrRE,2020-12-06,-5,-4,-21,-19,-14,6
AE,United Arab Emirates,Ajman,,,AE-AJ,,ChIJHwyp6rZXXz4RerixWbtcrRE,2020-12-07,-9,-3,-23,-28,-17,6
AE,United Arab Emirates,Ajman,,,AE-AJ,,ChIJHwyp6rZXXz4RerixWbtcrRE,2020-12-08,-8,-2,-19,-21,-14,7
AE,United Arab Emirates,Ajman,,,AE-AJ,,ChIJHwyp6rZXXz4RerixWbtcrRE,2020-12-09,-10,-5,-18,-21,-14,7
AE,United Arab Emirates,Ajman,,,AE-AJ,,ChIJHwyp6rZXXz4RerixWbtcrRE,2020-12-10,-9,-1,-18,-30,-13,7
AE,United Arab Emirates,Ajman,,,AE-AJ,,ChIJHwyp6rZXXz4RerixWbtcrRE,2020-12-11,-11,-2,-16,,-9,5
AE,United Arab Emirates,Ajman,,,AE-AJ,,ChIJHwyp6rZXXz4RerixWbtcrRE,2020-12-12,-10,-4,-15,-25,-6,5
AE,United Arab Emirates,Ajman,,,AE-AJ,,ChIJHwyp6rZXXz4RerixWbtcrRE,2020-12-13,-3,-1,-1,-16,-16,7
AE,United Arab Emirates,Ajman,,,AE-AJ,,ChIJHwyp6rZXXz4RerixWbtcrRE,2020-12-14,-6,-2,-6,-25,-18,7
AE,United Arab Emirates,Ajman,,,AE-AJ,,ChIJHwyp6rZXXz4RerixWbtcrRE,2020-12-15,-5,-1,-5,-19,-17,7
AE,United Arab Emirates,Ajman,,,AE-AJ,,ChIJHwyp6rZXXz4RerixWbtcrRE,2020-12-16,-8,-5,-6,-21,-16,7
AE,United Arab Emirates,Ajman,,,AE-AJ,,ChIJHwyp6rZXXz4RerixWbtcrRE,2020-12-17,-8,-2,-13,-27,-14,8
AE,United Arab Emirates,Ajman,,,AE-AJ,,ChIJHwyp6rZXXz4RerixWbtcrRE,2020-12-18,-12,-2,-17,,-7,5
AE,United Arab Emirates,Ajman,,,AE-AJ,,ChIJHwyp6rZXXz4RerixWbtcrRE,2020-12-19,-10,-5,-11,-27,-6,5
AE,United Arab Emirates,Ajman,,,AE-AJ,,ChIJHwyp6rZXXz4RerixWbtcrRE,2020-12-20,-4,-3,3,-18,-17,7
AE,United Arab Emirates,Ajman,,,AE-AJ,,ChIJHwyp6rZXXz4RerixWbtcrRE,2020-12-21,-8,-4,-5,-25,-19,7
AE,United Arab Emirates,Ajman,,,AE-AJ,,ChIJHwyp6rZXXz4RerixWbtcrRE,2020-12-22,-7,0,2,-20,-18,7
AE,United Arab Emirates,Ajman,,,AE-AJ,,ChIJHwyp6rZXXz4RerixWbtcrRE,2020-12-23,-7,-3,-3,-20,-17,7
AE,United Arab Emirates,Ajman,,,AE-AJ,,ChIJHwyp6rZXXz4RerixWbtcrRE,2020-12-24,-7,2,-17,-26,-16,8
AE,United Arab Emirates,Ajman,,,AE-AJ,,ChIJHwyp6rZXXz4RerixWbtcrRE,2020-12-25,-12,-3,-21,,-9,5
AE,United Arab Emirates,Ajman,,,AE-AJ,,ChIJHwyp6rZXXz4RerixWbtcrRE,2020-12-26,-10,-6,-15,-27,-7,5
AE,United Arab Emirates,Ajman,,,AE-AJ,,ChIJHwyp6rZXXz4RerixWbtcrRE,2020-12-27,0,-1,-3,-18,-17,7
AE,United Arab Emirates,Ajman,,,AE-AJ,,ChIJHwyp6rZXXz4RerixWbtcrRE,2020-12-28,-3,1,-12,-24,-18,7
AE,United Arab Emirates,Ajman,,,AE-AJ,,ChIJHwyp6rZXXz4RerixWbtcrRE,2020-12-29,-2,3,-1,-18,-18,7
AE,United Arab Emirates,Ajman,,,AE-AJ,,ChIJHwyp6rZXXz4RerixWbtcrRE,2020-12-30,-1,2,-11,-20,-16,7
AE,United Arab Emirates,Ajman,,,AE-AJ,,ChIJHwyp6rZXXz4RerixWbtcrRE,2020-12-31,0,7,10,-26,-18,8
AE,United Arab Emirates,Ajman,,,AE-AJ,,ChIJHwyp6rZXXz4RerixWbtcrRE,2021-01-01,-9,1,-18,,-11,3
AE,United Arab Emirates,Ajman,,,AE-AJ,,ChIJHwyp6rZXXz4RerixWbtcrRE,2021-01-02,-7,-1,-22,-23,-6,6
AE,United Arab Emirates,Ajman,,,AE-AJ,,ChIJHwyp6rZXXz4RerixWbtcrRE,2021-01-03,-4,0,-15,-17,-13,8
AE,United Arab Emirates,Ajman,,,AE-AJ,,ChIJHwyp6rZXXz4RerixWbtcrRE,2021-01-04,-7,-1,-22,-21,-14,7
AE,United Arab Emirates,Ajman,,,AE-AJ,,ChIJHwyp6rZXXz4RerixWbtcrRE,2021-01-05,-7,2,-17,-19,-13,7
AE,United Arab Emirates,Ajman,,,AE-AJ,,ChIJHwyp6rZXXz4RerixWbtcrRE,2021-01-06,-7,0,-19,-20,-12,7
AE,United Arab Emirates,Ajman,,,AE-AJ,,ChIJHwyp6rZXXz4RerixWbtcrRE,2021-01-07,-7,2,-27,-28,-12,8
AE,United Arab Emirates,Ajman,,,AE-AJ,,ChIJHwyp6rZXXz4RerixWbtcrRE,2021-01-08,-9,3,-26,,-8,5
AE,United Arab Emirates,Ajman,,,AE-AJ,,ChIJHwyp6rZXXz4RerixWbtcrRE,2021-01-09,-8,-1,-27,-19,-6,6
AE,United Arab Emirates,Ajman,,,AE-AJ,,ChIJHwyp6rZXXz4RerixWbtcrRE,2021-01-10,-5,0,-20,-14,-13,7
AE,United Arab Emirates,Ajman,,,AE-AJ,,ChIJHwyp6rZXXz4RerixWbtcrRE,2021-01-11,-8,1,-24,-24,-15,7
AE,United Arab Emirates,Ajman,,,AE-AJ,,ChIJHwyp6rZXXz4RerixWbtcrRE,2021-01-12,-8,2,-21,-17,-14,7
AE,United Arab Emirates,Ajman,,,AE-AJ,,ChIJHwyp6rZXXz4RerixWbtcrRE,2021-01-13,-10,-3,-26,-23,-14,6
AE,United Arab Emirates,Ajman,,,AE-AJ,,ChIJHwyp6rZXXz4RerixWbtcrRE,2021-01-14,-11,-3,-26,-34,-16,6
AE,United Arab Emirates,Ajman,,,AE-AJ,,ChIJHwyp6rZXXz4RerixWbtcrRE,2021-01-15,-13,-5,-26,,-15,3
AE,United Arab Emirates,Ajman,,,AE-AJ,,ChIJHwyp6rZXXz4RerixWbtcrRE,2021-01-16,-14,-8,-22,-28,-12,4
AE,United Arab Emirates,Ajman,,,AE-AJ,,ChIJHwyp6rZXXz4RerixWbtcrRE,2021-01-17,-11,-7,-19,-25,-19,5
AE,United Arab Emirates,Ajman,,,AE-AJ,,ChIJHwyp6rZXXz4RerixWbtcrRE,2021-01-18,-14,-8,-25,-29,-20,6
AE,United Arab Emirates,Ajman,,,AE-AJ,,ChIJHwyp6rZXXz4RerixWbtcrRE,2021-01-19,-13,-6,-20,-24,-19,6
AE,United Arab Emirates,Ajman,,,AE-AJ,,ChIJHwyp6rZXXz4RerixWbtcrRE,2021-01-20,-14,-9,-23,-31,-18,7
AE,United Arab Emirates,Ajman,,,AE-AJ,,ChIJHwyp6rZXXz4RerixWbtcrRE,2021-01-21,-13,-5,-25,-29,-17,7
AE,United Arab Emirates,Ajman,,,AE-AJ,,ChIJHwyp6rZXXz4RerixWbtcrRE,2021-01-22,-15,-5,-24,,-12,5
AE,United Arab Emirates,Ajman,,,AE-AJ,,ChIJHwyp6rZXXz4RerixWbtcrRE,2021-01-23,-14,-10,-30,-29,-12,6
AE,United Arab Emirates,Ajman,,,AE-AJ,,ChIJHwyp6rZXXz4RerixWbtcrRE,2021-01-24,-10,-7,-22,-23,-18,7
AE,United Arab Emirates,Ajman,,,AE-AJ,,ChIJHwyp6rZXXz4RerixWbtcrRE,2021-01-25,-12,-7,-26,-31,-19,8
AE,United Arab Emirates,Ajman,,,AE-AJ,,ChIJHwyp6rZXXz4RerixWbtcrRE,2021-01-26,-12,-3,-21,-25,-20,7
AE,United Arab Emirates,Ajman,,,AE-AJ,,ChIJHwyp6rZXXz4RerixWbtcrRE,2021-01-27,-12,-6,-23,-26,-18,7
AE,United Arab Emirates,Ajman,,,AE-AJ,,ChIJHwyp6rZXXz4RerixWbtcrRE,2021-01-28,-10,-1,-20,-35,-18,8
AE,United Arab Emirates,Ajman,,,AE-AJ,,ChIJHwyp6rZXXz4RerixWbtcrRE,2021-01-29,-11,2,-23,,-11,4
AE,United Arab Emirates,Ajman,,,AE-AJ,,ChIJHwyp6rZXXz4RerixWbtcrRE,2021-01-30,-9,-1,-21,-31,-9,4
AE,United Arab Emirates,Ajman,,,AE-AJ,,ChIJHwyp6rZXXz4RerixWbtcrRE,2021-01-31,-4,2,-16,-23,-17,6
AE,United Arab Emirates,Ajman,,,AE-AJ,,ChIJHwyp6rZXXz4RerixWbtcrRE,2021-02-01,-7,2,-21,-32,-19,7
AE,United Arab Emirates,Ajman,,,AE-AJ,,ChIJHwyp6rZXXz4RerixWbtcrRE,2021-02-02,-4,6,-13,-26,-18,6
AE,United Arab Emirates,Ajman,,,AE-AJ,,ChIJHwyp6rZXXz4RerixWbtcrRE,2021-02-03,-9,-4,-25,-33,-19,7
AE,United Arab Emirates,Ajman,,,AE-AJ,,ChIJHwyp6rZXXz4RerixWbtcrRE,2021-02-04,-10,-1,-27,-37,-19,7
AE,United Arab Emirates,Ajman,,,AE-AJ,,ChIJHwyp6rZXXz4RerixWbtcrRE,2021-02-05,-13,-2,-24,,-15,4
AE,United Arab Emirates,Ajman,,,AE-AJ,,ChIJHwyp6rZXXz4RerixWbtcrRE,2021-02-06,-12,-5,-28,-36,-11,5
AE,United Arab Emirates,Ajman,,,AE-AJ,,ChIJHwyp6rZXXz4RerixWbtcrRE,2021-02-07,-8,-5,-18,-28,-20,7
AE,United Arab Emirates,Ajman,,,AE-AJ,,ChIJHwyp6rZXXz4RerixWbtcrRE,2021-02-08,-7,-1,-25,-34,-21,7
AE,United Arab Emirates,Ajman,,,AE-AJ,,ChIJHwyp6rZXXz4RerixWbtcrRE,2021-02-09,-6,4,-15,-25,-20,7
AE,United Arab Emirates,Ajman,,,AE-AJ,,ChIJHwyp6rZXXz4RerixWbtcrRE,2021-02-10,-7,0,-17,-30,-18,7
AE,United Arab Emirates,Ajman,,,AE-AJ,,ChIJHwyp6rZXXz4RerixWbtcrRE,2021-02-11,-7,1,-20,-28,-18,8
AE,United Arab Emirates,Ajman,,,AE-AJ,,ChIJHwyp6rZXXz4RerixWbtcrRE,2021-02-12,-9,1,-28,,-12,5
AE,United Arab Emirates,Ajman,,,AE-AJ,,ChIJHwyp6rZXXz4RerixWbtcrRE,2021-02-13,-7,-1,-22,-24,-10,5
AE,United Arab Emirates,Ajman,,,AE-AJ,,ChIJHwyp6rZXXz4RerixWbtcrRE,2021-02-14,0,1,-15,-17,-18,7
AE,United Arab Emirates,Ajman,,,AE-AJ,,ChIJHwyp6rZXXz4RerixWbtcrRE,2021-02-15,-6,1,-22,-19,-20,8
AE,United Arab Emirates,Ajman,,,AE-AJ,,ChIJHwyp6rZXXz4RerixWbtcrRE,2021-02-16,-4,6,-14,-12,-19,7
AE,United Arab Emirates,Ajman,,,AE-AJ,,ChIJHwyp6rZXXz4RerixWbtcrRE,2021-02-17,-5,1,-18,-15,-18,8
AE,United Arab Emirates,Ajman,,,AE-AJ,,ChIJHwyp6rZXXz4RerixWbtcrRE,2021-02-18,-4,4,-19,-22,-17,9
AE,United Arab Emirates,Ajman,,,AE-AJ,,ChIJHwyp6rZXXz4RerixWbtcrRE,2021-02-19,-7,3,-25,,-10,5
AE,United Arab Emirates,Ajman,,,AE-AJ,,ChIJHwyp6rZXXz4RerixWbtcrRE,2021-02-20,-6,1,-17,-15,-7,5
AE,United Arab Emirates,Ajman,,,AE-AJ,,ChIJHwyp6rZXXz4RerixWbtcrRE,2021-02-21,-1,1,-11,-14,-17,7
AE,United Arab Emirates,Ajman,,,AE-AJ,,ChIJHwyp6rZXXz4RerixWbtcrRE,2021-02-22,-6,2,-20,-19,-19,7
AE,United Arab Emirates,Ajman,,,AE-AJ,,ChIJHwyp6rZXXz4RerixWbtcrRE,2021-02-23,-4,5,-13,-13,-18,7
AE,United Arab Emirates,Ajman,,,AE-AJ,,ChIJHwyp6rZXXz4RerixWbtcrRE,2021-02-24,-5,1,-15,-16,-16,8
AE,United Arab Emirates,Ajman,,,AE-AJ,,ChIJHwyp6rZXXz4RerixWbtcrRE,2021-02-25,-4,6,-19,-21,-16,8
AE,United Arab Emirates,Ajman,,,AE-AJ,,ChIJHwyp6rZXXz4RerixWbtcrRE,2021-02-26,-7,4,-24,,-9,5
AE,United Arab Emirates,Ajman,,,AE-AJ,,ChIJHwyp6rZXXz4RerixWbtcrRE,2021-02-27,-2,6,-19,-18,-7,4
AE,United Arab Emirates,Ajman,,,AE-AJ,,ChIJHwyp6rZXXz4RerixWbtcrRE,2021-02-28,5,8,-11,-11,-15,7
AE,United Arab Emirates,Ajman,,,AE-AJ,,ChIJHwyp6rZXXz4RerixWbtcrRE,2021-03-01,2,9,-18,-11,-18,7
AE,United Arab Emirates,Ajman,,,AE-AJ,,ChIJHwyp6rZXXz4RerixWbtcrRE,2021-03-02,3,13,-9,-4,-16,6
AE,United Arab Emirates,Ajman,,,AE-AJ,,ChIJHwyp6rZXXz4RerixWbtcrRE,2021-03-03,0,8,-19,-3,-16,7
AE,United Arab Emirates,Ajman,,,AE-AJ,,ChIJHwyp6rZXXz4RerixWbtcrRE,2021-03-04,0,11,-16,-6,-15,7
AE,United Arab Emirates,Ajman,,,AE-AJ,,ChIJHwyp6rZXXz4RerixWbtcrRE,2021-03-05,-2,10,-27,,-10,5
AE,United Arab Emirates,Ajman,,,AE-AJ,,ChIJHwyp6rZXXz4RerixWbtcrRE,2021-03-06,-1,7,-22,-3,-7,4
AE,United Arab Emirates,Ajman,,,AE-AJ,,ChIJHwyp6rZXXz4RerixWbtcrRE,2021-03-07,4,8,-12,-2,-15,6
AE,United Arab Emirates,Ajman,,,AE-AJ,,ChIJHwyp6rZXXz4RerixWbtcrRE,2021-03-08,0,8,-15,-6,-17,7
AE,United Arab Emirates,Ajman,,,AE-AJ,,ChIJHwyp6rZXXz4RerixWbtcrRE,2021-03-09,2,11,-10,-2,-16,6
AE,United Arab Emirates,Ajman,,,AE-AJ,,ChIJHwyp6rZXXz4RerixWbtcrRE,2021-03-10,1,6,-14,-6,-15,7
AE,United Arab Emirates,Ajman,,,AE-AJ,,ChIJHwyp6rZXXz4RerixWbtcrRE,2021-03-11,0,7,-12,-11,-14,8
AE,United Arab Emirates,Ajman,,,AE-AJ,,ChIJHwyp6rZXXz4RerixWbtcrRE,2021-03-12,-1,8,-24,,-9,5
AE,United Arab Emirates,Ajman,,,AE-AJ,,ChIJHwyp6rZXXz4RerixWbtcrRE,2021-03-13,0,6,-23,-7,-6,5
AE,United Arab Emirates,Ajman,,,AE-AJ,,ChIJHwyp6rZXXz4RerixWbtcrRE,2021-03-14,6,8,-7,-4,-14,7
AE,United Arab Emirates,Ajman,,,AE-AJ,,ChIJHwyp6rZXXz4RerixWbtcrRE,2021-03-15,2,8,-9,-7,-15,7
AE,United Arab Emirates,Ajman,,,AE-AJ,,ChIJHwyp6rZXXz4RerixWbtcrRE,2021-03-16,2,9,-8,3,-14,7
AE,United Arab Emirates,Ajman,,,AE-AJ,,ChIJHwyp6rZXXz4RerixWbtcrRE,2021-03-17,0,6,-12,-3,-13,7
AE,United Arab Emirates,Ajman,,,AE-AJ,,ChIJHwyp6rZXXz4RerixWbtcrRE,2021-03-18,0,10,-13,-7,-12,8
AE,United Arab Emirates,Ajman,,,AE-AJ,,ChIJHwyp6rZXXz4RerixWbtcrRE,2021-03-19,-1,9,-24,,-6,5
AE,United Arab Emirates,Ajman,,,AE-AJ,,ChIJHwyp6rZXXz4RerixWbtcrRE,2021-03-20,0,6,-12,-2,-5,5
AE,United Arab Emirates,Ajman,,,AE-AJ,,ChIJHwyp6rZXXz4RerixWbtcrRE,2021-03-21,6,9,-6,5,-13,7
AE,United Arab Emirates,Ajman,,,AE-AJ,,ChIJHwyp6rZXXz4RerixWbtcrRE,2021-03-22,0,9,-10,-1,-14,7
AE,United Arab Emirates,Ajman,,,AE-AJ,,ChIJHwyp6rZXXz4RerixWbtcrRE,2021-03-23,2,9,-3,1,-14,7
AE,United Arab Emirates,Ajman,,,AE-AJ,,ChIJHwyp6rZXXz4RerixWbtcrRE,2021-03-24,-1,6,-6,0,-13,7
AE,United Arab Emirates,Ajman,,,AE-AJ,,ChIJHwyp6rZXXz4RerixWbtcrRE,2021-03-25,4,11,-9,8,-14,8
AE,United Arab Emirates,Ajman,,,AE-AJ,,ChIJHwyp6rZXXz4RerixWbtcrRE,2021-03-26,0,10,-22,,-6,5
AE,United Arab Emirates,Ajman,,,AE-AJ,,ChIJHwyp6rZXXz4RerixWbtcrRE,2021-03-27,3,8,-7,18,-3,4
AE,United Arab Emirates,Ajman,,,AE-AJ,,ChIJHwyp6rZXXz4RerixWbtcrRE,2021-03-28,8,12,3,16,-13,6
AE,United Arab Emirates,Ajman,,,AE-AJ,,ChIJHwyp6rZXXz4RerixWbtcrRE,2021-03-29,4,11,-1,9,-16,7
AE,United Arab Emirates,Ajman,,,AE-AJ,,ChIJHwyp6rZXXz4RerixWbtcrRE,2021-03-30,7,14,3,18,-13,6
AE,United Arab Emirates,Ajman,,,AE-AJ,,ChIJHwyp6rZXXz4RerixWbtcrRE,2021-03-31,7,12,-3,10,-13,5
AE,United Arab Emirates,Ajman,,,AE-AJ,,ChIJHwyp6rZXXz4RerixWbtcrRE,2021-04-01,6,15,-9,7,-12,7
AE,United Arab Emirates,Ajman,,,AE-AJ,,ChIJHwyp6rZXXz4RerixWbtcrRE,2021-04-02,3,14,-24,,-4,5
AE,United Arab Emirates,Ajman,,,AE-AJ,,ChIJHwyp6rZXXz4RerixWbtcrRE,2021-04-03,7,14,-10,10,-2,4
AE,United Arab Emirates,Ajman,,,AE-AJ,,ChIJHwyp6rZXXz4RerixWbtcrRE,2021-04-04,15,16,7,12,-13,6
AE,United Arab Emirates,Ajman,,,AE-AJ,,ChIJHwyp6rZXXz4RerixWbtcrRE,2021-04-05,9,15,-2,6,-14,6
AE,United Arab Emirates,Ajman,,,AE-AJ,,ChIJHwyp6rZXXz4RerixWbtcrRE,2021-04-06,11,18,8,12,-13,6
AE,United Arab Emirates,Ajman,,,AE-AJ,,ChIJHwyp6rZXXz4RerixWbtcrRE,2021-04-07,9,15,0,11,-13,6
AE,United Arab Emirates,Ajman,,,AE-AJ,,ChIJHwyp6rZXXz4RerixWbtcrRE,2021-04-08,7,17,-9,24,-11,7
AE,United Arab Emirates,Ajman,,,AE-AJ,,ChIJHwyp6rZXXz4RerixWbtcrRE,2021-04-09,0,21,-22,,-2,4
AE,United Arab Emirates,Ajman,,,AE-AJ,,ChIJHwyp6rZXXz4RerixWbtcrRE,2021-04-10,6,19,-13,35,-1,3
AE,United Arab Emirates,Ajman,,,AE-AJ,,ChIJHwyp6rZXXz4RerixWbtcrRE,2021-04-11,14,25,-3,31,-10,5
AE,United Arab Emirates,Ajman,,,AE-AJ,,ChIJHwyp6rZXXz4RerixWbtcrRE,2021-04-12,12,40,-13,47,-12,5
AE,United Arab Emirates,Ajman,,,AE-AJ,,ChIJHwyp6rZXXz4RerixWbtcrRE,2021-04-13,-12,31,-16,62,-14,13
AE,United Arab Emirates,Ajman,,,AE-AJ,,ChIJHwyp6rZXXz4RerixWbtcrRE,2021-04-14,-12,18,-15,32,-14,14
AE,United Arab Emirates,Ajman,,,AE-AJ,,ChIJHwyp6rZXXz4RerixWbtcrRE,2021-04-15,-13,16,-24,-38,-12,15
AE,United Arab Emirates,Ajman,,,AE-AJ,,ChIJHwyp6rZXXz4RerixWbtcrRE,2021-04-16,-19,12,-43,,-4,11
AE,United Arab Emirates,Ajman,,,AE-AJ,,ChIJHwyp6rZXXz4RerixWbtcrRE,2021-04-17,-13,13,-21,-38,-3,11
AE,United Arab Emirates,Ajman,,,AE-AJ,,ChIJHwyp6rZXXz4RerixWbtcrRE,2021-04-18,-4,18,-7,-24,-11,13
AE,United Arab Emirates,Ajman,,,AE-AJ,,ChIJHwyp6rZXXz4RerixWbtcrRE,2021-04-19,-8,19,-15,-31,-13,13
AE,United Arab Emirates,Ajman,,,AE-AJ,,ChIJHwyp6rZXXz4RerixWbtcrRE,2021-04-20,-7,22,-8,-22,-12,13
AE,United Arab Emirates,Ajman,,,AE-AJ,,ChIJHwyp6rZXXz4RerixWbtcrRE,2021-04-21,-8,17,-14,-27,-10,13
AE,United Arab Emirates,Ajman,,,AE-AJ,,ChIJHwyp6rZXXz4RerixWbtcrRE,2021-04-22,-10,18,-20,-38,-9,14
AE,United Arab Emirates,Ajman,,,AE-AJ,,ChIJHwyp6rZXXz4RerixWbtcrRE,2021-04-23,-17,12,-42,,-1,10
AE,United Arab Emirates,Ajman,,,AE-AJ,,ChIJHwyp6rZXXz4RerixWbtcrRE,2021-04-24,-11,11,-22,-32,-2,11
AE,United Arab Emirates,Ajman,,,AE-AJ,,ChIJHwyp6rZXXz4RerixWbtcrRE,2021-04-25,-1,17,-8,-27,-10,12
AE,United Arab Emirates,Ajman,,,AE-AJ,,ChIJHwyp6rZXXz4RerixWbtcrRE,2021-04-26,-2,20,-18,-32,-12,13
AE,United Arab Emirates,Ajman,,,AE-AJ,,ChIJHwyp6rZXXz4RerixWbtcrRE,2021-04-27,-1,23,-13,-23,-10,12
AE,United Arab Emirates,Ajman,,,AE-AJ,,ChIJHwyp6rZXXz4RerixWbtcrRE,2021-04-28,-3,21,-21,-12,-11,13
AE,United Arab Emirates,Ajman,,,AE-AJ,,ChIJHwyp6rZXXz4RerixWbtcrRE,2021-04-29,-4,22,-25,-26,-9,14
AE,United Arab Emirates,Ajman,,,AE-AJ,,ChIJHwyp6rZXXz4RerixWbtcrRE,2021-04-30,-9,18,-43,,2,10
AE,United Arab Emirates,Ajman,,,AE-AJ,,ChIJHwyp6rZXXz4RerixWbtcrRE,2021-05-01,-3,20,-25,-19,-1,10
AE,United Arab Emirates,Ajman,,,AE-AJ,,ChIJHwyp6rZXXz4RerixWbtcrRE,2021-05-02,5,24,-10,-13,-10,12
AE,United Arab Emirates,Ajman,,,AE-AJ,,ChIJHwyp6rZXXz4RerixWbtcrRE,2021-05-03,1,26,-21,-20,-13,12
AE,United Arab Emirates,Ajman,,,AE-AJ,,ChIJHwyp6rZXXz4RerixWbtcrRE,2021-05-04,3,29,-13,-11,-11,12
AE,United Arab Emirates,Ajman,,,AE-AJ,,ChIJHwyp6rZXXz4RerixWbtcrRE,2021-05-05,3,26,-19,-17,-11,12
AE,United Arab Emirates,Ajman,,,AE-AJ,,ChIJHwyp6rZXXz4RerixWbtcrRE,2021-05-06,0,25,-25,-27,-9,13
AE,United Arab Emirates,Ajman,,,AE-AJ,,ChIJHwyp6rZXXz4RerixWbtcrRE,2021-05-07,-5,22,-46,,2,10
AE,United Arab Emirates,Ajman,,,AE-AJ,,ChIJHwyp6rZXXz4RerixWbtcrRE,2021-05-08,-1,20,-24,-27,0,10
AE,United Arab Emirates,Ajman,,,AE-AJ,,ChIJHwyp6rZXXz4RerixWbtcrRE,2021-05-09,13,29,-10,-20,-11,12
AE,United Arab Emirates,Ajman,,,AE-AJ,,ChIJHwyp6rZXXz4RerixWbtcrRE,2021-05-10,14,37,-14,-16,-13,10
AE,United Arab Emirates,Ajman,,,AE-AJ,,ChIJHwyp6rZXXz4RerixWbtcrRE,2021-05-11,29,61,-3,-10,-40,16
AE,United Arab Emirates,Ajman,,,AE-AJ,,ChIJHwyp6rZXXz4RerixWbtcrRE,2021-05-12,37,76,-3,-11,-53,19
AE,United Arab Emirates,Ajman,,,AE-AJ,,ChIJHwyp6rZXXz4RerixWbtcrRE,2021-05-13,16,36,37,18,-67,20
AE,United Arab Emirates,Ajman,,,AE-AJ,,ChIJHwyp6rZXXz4RerixWbtcrRE,2021-05-14,1,16,-25,,-16,5
AE,United Arab Emirates,Ajman,,,AE-AJ,,ChIJHwyp6rZXXz4RerixWbtcrRE,2021-05-15,5,20,-16,-22,-27,11
AE,United Arab Emirates,Ajman,,,AE-AJ,,ChIJHwyp6rZXXz4RerixWbtcrRE,2021-05-16,7,21,-13,-14,-5,8
AE,United Arab Emirates,Ajman,,,AE-AJ,,ChIJHwyp6rZXXz4RerixWbtcrRE,2021-05-17,4,22,-19,-20,-7,8
AE,United Arab Emirates,Ajman,,,AE-AJ,,ChIJHwyp6rZXXz4RerixWbtcrRE,2021-05-18,4,22,-15,-16,-6,9
AE,United Arab Emirates,Ajman,,,AE-AJ,,ChIJHwyp6rZXXz4RerixWbtcrRE,2021-05-19,2,18,-19,-17,-5,9
AE,United Arab Emirates,Ajman,,,AE-AJ,,ChIJHwyp6rZXXz4RerixWbtcrRE,2021-05-20,1,22,-27,-34,-3,10
AE,United Arab Emirates,Ajman,,,AE-AJ,,ChIJHwyp6rZXXz4RerixWbtcrRE,2021-05-21,-4,18,-40,,1,9
AE,United Arab Emirates,Ajman,,,AE-AJ,,ChIJHwyp6rZXXz4RerixWbtcrRE,2021-05-22,-1,18,-29,-26,5,7
AE,United Arab Emirates,Ajman,,,AE-AJ,,ChIJHwyp6rZXXz4RerixWbtcrRE,2021-05-23,5,17,-18,-15,-3,8
AE,United Arab Emirates,Ajman,,,AE-AJ,,ChIJHwyp6rZXXz4RerixWbtcrRE,2021-05-24,2,20,-23,-20,-6,8
AE,United Arab Emirates,Ajman,,,AE-AJ,,ChIJHwyp6rZXXz4RerixWbtcrRE,2021-05-25,3,21,-17,-16,-4,9
AE,United Arab Emirates,Ajman,,,AE-AJ,,ChIJHwyp6rZXXz4RerixWbtcrRE,2021-05-26,3,19,-21,-18,-3,8
AE,United Arab Emirates,Ajman,,,AE-AJ,,ChIJHwyp6rZXXz4RerixWbtcrRE,2021-05-27,6,25,-26,-27,1,9
AE,United Arab Emirates,Ajman,,,AE-AJ,,ChIJHwyp6rZXXz4RerixWbtcrRE,2021-05-28,-1,22,-46,,3,8
AE,United Arab Emirates,Ajman,,,AE-AJ,,ChIJHwyp6rZXXz4RerixWbtcrRE,2021-05-29,4,22,-31,-23,10,6
AE,United Arab Emirates,Ajman,,,AE-AJ,,ChIJHwyp6rZXXz4RerixWbtcrRE,2021-05-30,11,24,-18,-15,1,8
AE,United Arab Emirates,Ajman,,,AE-AJ,,ChIJHwyp6rZXXz4RerixWbtcrRE,2021-05-31,8,25,-25,-21,-1,8
AE,United Arab Emirates,Ajman,,,AE-AJ,,ChIJHwyp6rZXXz4RerixWbtcrRE,2021-06-01,10,30,-20,-14,-1,8
AE,United Arab Emirates,Ajman,,,AE-AJ,,ChIJHwyp6rZXXz4RerixWbtcrRE,2021-06-02,9,25,-23,-19,0,8
AE,United Arab Emirates,Ajman,,,AE-AJ,,ChIJHwyp6rZXXz4RerixWbtcrRE,2021-06-03,8,29,-34,-21,2,9
AE,United Arab Emirates,Ajman,,,AE-AJ,,ChIJHwyp6rZXXz4RerixWbtcrRE,2021-06-04,2,26,-51,,4,8
AE,United Arab Emirates,Ajman,,,AE-AJ,,ChIJHwyp6rZXXz4RerixWbtcrRE,2021-06-05,5,22,-33,-18,10,6
AE,United Arab Emirates,Ajman,,,AE-AJ,,ChIJHwyp6rZXXz4RerixWbtcrRE,2021-06-06,9,24,-24,-7,1,8
AE,United Arab Emirates,Ajman,,,AE-AJ,,ChIJHwyp6rZXXz4RerixWbtcrRE,2021-06-07,6,24,-25,-14,-1,8
AE,United Arab Emirates,Ajman,,,AE-AJ,,ChIJHwyp6rZXXz4RerixWbtcrRE,2021-06-08,7,28,-19,-12,0,8
AE,United Arab Emirates,Ajman,,,AE-AJ,,ChIJHwyp6rZXXz4RerixWbtcrRE,2021-06-09,5,24,-24,-14,1,8
AE,United Arab Emirates,Ajman,,,AE-AJ,,ChIJHwyp6rZXXz4RerixWbtcrRE,2021-06-10,6,27,-34,-28,3,9
AE,United Arab Emirates,Ajman,,,AE-AJ,,ChIJHwyp6rZXXz4RerixWbtcrRE,2021-06-11,2,24,-52,,2,8
AE,United Arab Emirates,Ajman,,,AE-AJ,,ChIJHwyp6rZXXz4RerixWbtcrRE,2021-06-12,3,20,-33,-28,7,6
AE,United Arab Emirates,Ajman,,,AE-AJ,,ChIJHwyp6rZXXz4RerixWbtcrRE,2021-06-13,8,21,-17,-17,-2,8
AE,United Arab Emirates,Ajman,,,AE-AJ,,ChIJHwyp6rZXXz4RerixWbtcrRE,2021-06-14,4,23,-28,-22,-2,8
AE,United Arab Emirates,Ajman,,,AE-AJ,,ChIJHwyp6rZXXz4RerixWbtcrRE,2021-06-15,4,25,-23,-17,0,8
AE,United Arab Emirates,Ajman,,,AE-AJ,,ChIJHwyp6rZXXz4RerixWbtcrRE,2021-06-16,3,20,-20,-21,-1,7
AE,United Arab Emirates,Ajman,,,AE-AJ,,ChIJHwyp6rZXXz4RerixWbtcrRE,2021-06-17,1,22,-33,-34,-1,7
AE,United Arab Emirates,Ajman,,,AE-AJ,,ChIJHwyp6rZXXz4RerixWbtcrRE,2021-06-18,-5,18,-48,,-1,7
AE,United Arab Emirates,Ajman,,,AE-AJ,,ChIJHwyp6rZXXz4RerixWbtcrRE,2021-06-19,-2,15,-32,-29,6,6
AE,United Arab Emirates,Ajman,,,AE-AJ,,ChIJHwyp6rZXXz4RerixWbtcrRE,2021-06-20,4,16,-22,-19,-3,7
AE,United Arab Emirates,Ajman,,,AE-AJ,,ChIJHwyp6rZXXz4RerixWbtcrRE,2021-06-21,0,18,-28,-26,-4,7
AE,United Arab Emirates,Ajman,,,AE-AJ,,ChIJHwyp6rZXXz4RerixWbtcrRE,2021-06-22,1,20,-22,-20,-3,7
AE,United Arab Emirates,Ajman,,,AE-AJ,,ChIJHwyp6rZXXz4RerixWbtcrRE,2021-06-23,1,16,-27,-20,-2,7
AE,United Arab Emirates,Ajman,,,AE-AJ,,ChIJHwyp6rZXXz4RerixWbtcrRE,2021-06-24,3,22,-38,-39,1,9
AE,United Arab Emirates,Ajman,,,AE-AJ,,ChIJHwyp6rZXXz4RerixWbtcrRE,2021-06-25,-2,18,-50,,0,8
AE,United Arab Emirates,Ajman,,,AE-AJ,,ChIJHwyp6rZXXz4RerixWbtcrRE,2021-06-26,2,17,-33,-26,7,6
AE,United Arab Emirates,Ajman,,,AE-AJ,,ChIJHwyp6rZXXz4RerixWbtcrRE,2021-06-27,8,20,-22,-22,-1,7
AE,United Arab Emirates,Ajman,,,AE-AJ,,ChIJHwyp6rZXXz4RerixWbtcrRE,2021-06-28,6,24,-27,-23,-3,7
AE,United Arab Emirates,Ajman,,,AE-AJ,,ChIJHwyp6rZXXz4RerixWbtcrRE,2021-06-29,5,21,-26,-22,-3,6
AE,United Arab Emirates,Ajman,,,AE-AJ,,ChIJHwyp6rZXXz4RerixWbtcrRE,2021-06-30,6,20,-30,-21,-2,5
AE,United Arab Emirates,Ajman,,,AE-AJ,,ChIJHwyp6rZXXz4RerixWbtcrRE,2021-07-01,9,26,-35,-37,0,8
AE,United Arab Emirates,Ajman,,,AE-AJ,,ChIJHwyp6rZXXz4RerixWbtcrRE,2021-07-02,2,23,-50,,3,7
AE,United Arab Emirates,Ajman,,,AE-AJ,,ChIJHwyp6rZXXz4RerixWbtcrRE,2021-07-03,6,21,-35,-31,7,5
AE,United Arab Emirates,Ajman,,,AE-AJ,,ChIJHwyp6rZXXz4RerixWbtcrRE,2021-07-04,13,24,-22,-22,-3,7
AE,United Arab Emirates,Ajman,,,AE-AJ,,ChIJHwyp6rZXXz4RerixWbtcrRE,2021-07-05,9,25,-28,-26,-4,7
AE,United Arab Emirates,Ajman,,,AE-AJ,,ChIJHwyp6rZXXz4RerixWbtcrRE,2021-07-06,11,28,-22,-22,-3,7
AE,United Arab Emirates,Ajman,,,AE-AJ,,ChIJHwyp6rZXXz4RerixWbtcrRE,2021-07-07,9,22,-29,-28,-3,7
AE,United Arab Emirates,Ajman,,,AE-AJ,,ChIJHwyp6rZXXz4RerixWbtcrRE,2021-07-08,8,25,-33,-39,-2,8
AE,United Arab Emirates,Ajman,,,AE-AJ,,ChIJHwyp6rZXXz4RerixWbtcrRE,2021-07-09,1,21,-51,,1,7
AE,United Arab Emirates,Ajman,,,AE-AJ,,ChIJHwyp6rZXXz4RerixWbtcrRE,2021-07-10,4,20,-34,-30,7,5
AE,United Arab Emirates,Ajman,,,AE-AJ,,ChIJHwyp6rZXXz4RerixWbtcrRE,2021-07-11,11,21,-22,-26,-6,7
AE,United Arab Emirates,Ajman,,,AE-AJ,,ChIJHwyp6rZXXz4RerixWbtcrRE,2021-07-12,7,22,-31,-27,-8,7
AE,United Arab Emirates,Ajman,,,AE-AJ,,ChIJHwyp6rZXXz4RerixWbtcrRE,2021-07-13,10,25,-24,-21,-6,7
AE,United Arab Emirates,Ajman,,,AE-AJ,,ChIJHwyp6rZXXz4RerixWbtcrRE,2021-07-14,7,23,-30,-22,-5,7
AE,United Arab Emirates,Ajman,,,AE-AJ,,ChIJHwyp6rZXXz4RerixWbtcrRE,2021-07-15,6,25,-35,-33,-3,8
AE,United Arab Emirates,Ajman,,,AE-AJ,,ChIJHwyp6rZXXz4RerixWbtcrRE,2021-07-16,1,22,-48,,6,7
AE,United Arab Emirates,Ajman,,,AE-AJ,,ChIJHwyp6rZXXz4RerixWbtcrRE,2021-07-17,5,20,-32,-28,8,5
AE,United Arab Emirates,Ajman,,,AE-AJ,,ChIJHwyp6rZXXz4RerixWbtcrRE,2021-07-18,23,34,-25,-16,-8,5
AE,United Arab Emirates,Ajman,,,AE-AJ,,ChIJHwyp6rZXXz4RerixWbtcrRE,2021-07-19,28,66,-24,-28,-49,17
AE,United Arab Emirates,Ajman,,,AE-AJ,,ChIJHwyp6rZXXz4RerixWbtcrRE,2021-07-20,16,41,32,14,-70,18
AE,United Arab Emirates,Ajman,,,AE-AJ,,ChIJHwyp6rZXXz4RerixWbtcrRE,2021-07-21,11,27,6,-24,-68,19
AE,United Arab Emirates,Ajman,,,AE-AJ,,ChIJHwyp6rZXXz4RerixWbtcrRE,2021-07-22,2,18,-20,-43,-53,20
AE,United Arab Emirates,Ajman,,,AE-AJ,,ChIJHwyp6rZXXz4RerixWbtcrRE,2021-07-23,-14,3,-53,,2,8
AE,United Arab Emirates,Ajman,,,AE-AJ,,ChIJHwyp6rZXXz4RerixWbtcrRE,2021-07-24,-10,6,-37,-35,5,7
AE,United Arab Emirates,Ajman,,,AE-AJ,,ChIJHwyp6rZXXz4RerixWbtcrRE,2021-07-25,1,13,-26,-27,-7,8
AE,United Arab Emirates,Ajman,,,AE-AJ,,ChIJHwyp6rZXXz4RerixWbtcrRE,2021-07-26,0,17,-30,-33,-8,8
AE,United Arab Emirates,Ajman,,,AE-AJ,,ChIJHwyp6rZXXz4RerixWbtcrRE,2021-07-27,1,20,-27,-26,-6,8
AE,United Arab Emirates,Ajman,,,AE-AJ,,ChIJHwyp6rZXXz4RerixWbtcrRE,2021-07-28,1,15,-31,-25,-6,8
AE,United Arab Emirates,Ajman,,,AE-AJ,,ChIJHwyp6rZXXz4RerixWbtcrRE,2021-07-29,1,19,-38,-38,-4,9
AE,United Arab Emirates,Ajman,,,AE-AJ,,ChIJHwyp6rZXXz4RerixWbtcrRE,2021-07-30,-8,12,-54,,7,8
AE,United Arab Emirates,Ajman,,,AE-AJ,,ChIJHwyp6rZXXz4RerixWbtcrRE,2021-07-31,-3,14,-38,-29,7,6
AE,United Arab Emirates,Ajman,,,AE-AJ,,ChIJHwyp6rZXXz4RerixWbtcrRE,2021-08-01,6,17,-24,-16,-7,7
AE,United Arab Emirates,Ajman,,,AE-AJ,,ChIJHwyp6rZXXz4RerixWbtcrRE,2021-08-02,3,20,-33,-29,-8,7
AE,United Arab Emirates,Ajman,,,AE-AJ,,ChIJHwyp6rZXXz4RerixWbtcrRE,2021-08-03,4,23,-29,-19,-7,7
AE,United Arab Emirates,Ajman,,,AE-AJ,,ChIJHwyp6rZXXz4RerixWbtcrRE,2021-08-04,2,17,-26,-22,-7,7
AE,United Arab Emirates,Ajman,,,AE-AJ,,ChIJHwyp6rZXXz4RerixWbtcrRE,2021-08-05,3,19,-38,-37,-5,9
AE,United Arab Emirates,Ajman,,,AE-AJ,,ChIJHwyp6rZXXz4RerixWbtcrRE,2021-08-06,-6,14,-56,,3,8
AE,United Arab Emirates,Ajman,,,AE-AJ,,ChIJHwyp6rZXXz4RerixWbtcrRE,2021-08-07,-3,13,-37,-29,5,6
AE,United Arab Emirates,Ajman,,,AE-AJ,,ChIJHwyp6rZXXz4RerixWbtcrRE,2021-08-08,4,15,-25,-20,-8,7
AE,United Arab Emirates,Ajman,,,AE-AJ,,ChIJHwyp6rZXXz4RerixWbtcrRE,2021-08-09,1,19,-31,-25,-9,7
AE,United Arab Emirates,Ajman,,,AE-AJ,,ChIJHwyp6rZXXz4RerixWbtcrRE,2021-08-10,4,20,-25,-24,-8,7
AE,United Arab Emirates,Ajman,,,AE-AJ,,ChIJHwyp6rZXXz4RerixWbtcrRE,2021-08-11,8,20,-26,-19,-7,6
AE,United Arab Emirates,Ajman,,,AE-AJ,,ChIJHwyp6rZXXz4RerixWbtcrRE,2021-08-12,8,26,-31,-43,-47,19
AE,United Arab Emirates,Ajman,,,AE-AJ,,ChIJHwyp6rZXXz4RerixWbtcrRE,2021-08-13,-7,11,-53,,1,8
AE,United Arab Emirates,Ajman,,,AE-AJ,,ChIJHwyp6rZXXz4RerixWbtcrRE,2021-08-14,-5,11,-34,-30,4,6
AE,United Arab Emirates,Ajman,,,AE-AJ,,ChIJHwyp6rZXXz4RerixWbtcrRE,2021-08-15,4,14,-23,-22,-8,7
AE,United Arab Emirates,Ajman,,,AE-AJ,,ChIJHwyp6rZXXz4RerixWbtcrRE,2021-08-16,1,16,-28,-26,-10,8
AE,United Arab Emirates,Ajman,,,AE-AJ,,ChIJHwyp6rZXXz4RerixWbtcrRE,2021-08-17,3,20,-18,-19,-9,7
AE,United Arab Emirates,Ajman,,,AE-AJ,,ChIJHwyp6rZXXz4RerixWbtcrRE,2021-08-18,0,15,-27,-25,-8,8
AE,United Arab Emirates,Ajman,,,AE-AJ,,ChIJHwyp6rZXXz4RerixWbtcrRE,2021-08-19,1,19,-36,-34,-5,9
AE,United Arab Emirates,Ajman,,,AE-AJ,,ChIJHwyp6rZXXz4RerixWbtcrRE,2021-08-20,-4,16,-49,,2,8
AE,United Arab Emirates,Ajman,,,AE-AJ,,ChIJHwyp6rZXXz4RerixWbtcrRE,2021-08-21,-1,15,-28,-27,3,6
AE,United Arab Emirates,Ajman,,,AE-AJ,,ChIJHwyp6rZXXz4RerixWbtcrRE,2021-08-22,6,14,-24,-20,-6,7
AE,United Arab Emirates,Ajman,,,AE-AJ,,ChIJHwyp6rZXXz4RerixWbtcrRE,2021-08-23,2,16,-24,-23,-7,7
AE,United Arab Emirates,Ajman,,,AE-AJ,,ChIJHwyp6rZXXz4RerixWbtcrRE,2021-08-24,4,19,-24,-18,-6,7
AE,United Arab Emirates,Ajman,,,AE-AJ,,ChIJHwyp6rZXXz4RerixWbtcrRE,2021-08-25,5,16,-27,-26,-5,7
AE,United Arab Emirates,Ajman,,,AE-AJ,,ChIJHwyp6rZXXz4RerixWbtcrRE,2021-08-26,6,23,-41,-31,-4,7
AE,United Arab Emirates,Ajman,,,AE-AJ,,ChIJHwyp6rZXXz4RerixWbtcrRE,2021-08-27,1,21,-53,,0,7
AE,United Arab Emirates,Ajman,,,AE-AJ,,ChIJHwyp6rZXXz4RerixWbtcrRE,2021-08-28,6,23,-35,-26,5,5
AE,United Arab Emirates,Ajman,,,AE-AJ,,ChIJHwyp6rZXXz4RerixWbtcrRE,2021-08-29,11,21,-24,-17,-6,6
AE,United Arab Emirates,Ajman,,,AE-AJ,,ChIJHwyp6rZXXz4RerixWbtcrRE,2021-08-30,8,24,-25,-22,-7,6
AE,United Arab Emirates,Ajman,,,AE-AJ,,ChIJHwyp6rZXXz4RerixWbtcrRE,2021-08-31,9,27,-22,-14,-5,6
AE,United Arab Emirates,Ajman,,,AE-AJ,,ChIJHwyp6rZXXz4RerixWbtcrRE,2021-09-01,10,26,-25,-15,-5,6
AE,United Arab Emirates,Ajman,,,AE-AJ,,ChIJHwyp6rZXXz4RerixWbtcrRE,2021-09-02,11,27,-37,-31,-3,6
AE,United Arab Emirates,Ajman,,,AE-AJ,,ChIJHwyp6rZXXz4RerixWbtcrRE,2021-09-03,5,29,-49,,0,7
AE,United Arab Emirates,Ajman,,,AE-AJ,,ChIJHwyp6rZXXz4RerixWbtcrRE,2021-09-04,10,28,-31,-26,3,5
AE,United Arab Emirates,Ajman,,,AE-AJ,,ChIJHwyp6rZXXz4RerixWbtcrRE,2021-09-05,14,26,-15,-17,-5,6
AE,United Arab Emirates,Ajman,,,AE-AJ,,ChIJHwyp6rZXXz4RerixWbtcrRE,2021-09-06,11,27,-29,-22,-7,6
AE,United Arab Emirates,Ajman,,,AE-AJ,,ChIJHwyp6rZXXz4RerixWbtcrRE,2021-09-07,9,29,-24,-13,-5,6
AE,United Arab Emirates,Ajman,,,AE-AJ,,ChIJHwyp6rZXXz4RerixWbtcrRE,2021-09-08,8,24,-26,-18,-4,6
AE,United Arab Emirates,Ajman,,,AE-AJ,,ChIJHwyp6rZXXz4RerixWbtcrRE,2021-09-09,10,29,-35,-30,-3,6
AE,United Arab Emirates,Ajman,,,AE-AJ,,ChIJHwyp6rZXXz4RerixWbtcrRE,2021-09-10,6,29,-48,,-2,7
AE,United Arab Emirates,Ajman,,,AE-AJ,,ChIJHwyp6rZXXz4RerixWbtcrRE,2021-09-11,10,27,-29,-22,2,6
AE,United Arab Emirates,Ajman,,,AE-AJ,,ChIJHwyp6rZXXz4RerixWbtcrRE,2021-09-12,14,24,-16,-14,-5,6
AE,United Arab Emirates,Ajman,,,AE-AJ,,ChIJHwyp6rZXXz4RerixWbtcrRE,2021-09-13,9,26,-27,-23,-6,6
AE,United Arab Emirates,Ajman,,,AE-AJ,,ChIJHwyp6rZXXz4RerixWbtcrRE,2021-09-14,11,27,-21,-13,-6,6
AE,United Arab Emirates,Ajman,,,AE-AJ,,ChIJHwyp6rZXXz4RerixWbtcrRE,2021-09-15,10,23,-28,-18,-5,6
AE,United Arab Emirates,Ajman,,,AE-AJ,,ChIJHwyp6rZXXz4RerixWbtcrRE,2021-09-16,10,28,-32,-30,-4,7
AE,United Arab Emirates,Ajman,,,AE-AJ,,ChIJHwyp6rZXXz4RerixWbtcrRE,2021-09-17,8,27,-43,,-5,7
AE,United Arab Emirates,Ajman,,,AE-AJ,,ChIJHwyp6rZXXz4RerixWbtcrRE,2021-09-18,9,23,-27,-27,1,5
AE,United Arab Emirates,Ajman,,,AE-AJ,,ChIJHwyp6rZXXz4RerixWbtcrRE,2021-09-19,11,19,-10,-14,-5,6
AE,United Arab Emirates,Ajman,,,AE-AJ,,ChIJHwyp6rZXXz4RerixWbtcrRE,2021-09-20,8,22,-20,-17,-6,6
AE,United Arab Emirates,Ajman,,,AE-AJ,,ChIJHwyp6rZXXz4RerixWbtcrRE,2021-09-21,10,23,-15,-13,-4,6
AE,United Arab Emirates,Ajman,,,AE-AJ,,ChIJHwyp6rZXXz4RerixWbtcrRE,2021-09-22,9,19,-15,-23,0,6
AE,United Arab Emirates,Ajman,,,AE-AJ,,ChIJHwyp6rZXXz4RerixWbtcrRE,2021-09-23,11,27,-22,-28,1,6
AE,United Arab Emirates,Ajman,,,AE-AJ,,ChIJHwyp6rZXXz4RerixWbtcrRE,2021-09-24,7,29,-42,,0,6
AE,United Arab Emirates,Ajman,,,AE-AJ,,ChIJHwyp6rZXXz4RerixWbtcrRE,2021-09-25,9,24,-27,-26,4,5
AE,United Arab Emirates,Ajman,,,AE-AJ,,ChIJHwyp6rZXXz4RerixWbtcrRE,2021-09-26,14,23,-12,-15,-1,5
AE,United Arab Emirates,Ajman,,,AE-AJ,,ChIJHwyp6rZXXz4RerixWbtcrRE,2021-09-27,13,27,-20,-22,-2,5
AE,United Arab Emirates,Ajman,,,AE-AJ,,ChIJHwyp6rZXXz4RerixWbtcrRE,2021-09-28,14,29,-17,-14,-1,5
AE,United Arab Emirates,Ajman,,,AE-AJ,,ChIJHwyp6rZXXz4RerixWbtcrRE,2021-09-29,15,26,-20,-17,0,5
AE,United Arab Emirates,Ajman,,,AE-AJ,,ChIJHwyp6rZXXz4RerixWbtcrRE,2021-09-30,17,32,-23,-31,2,5
AE,United Arab Emirates,Ajman,,,AE-AJ,,ChIJHwyp6rZXXz4RerixWbtcrRE,2021-10-01,14,33,-40,,1,5
AE,United Arab Emirates,Ajman,,,AE-AJ,,ChIJHwyp6rZXXz4RerixWbtcrRE,2021-10-02,17,32,-24,-20,4,4
AE,United Arab Emirates,Ajman,,,AE-AJ,,ChIJHwyp6rZXXz4RerixWbtcrRE,2021-10-03,20,28,-5,-12,-1,5
AE,United Arab Emirates,Ajman,,,AE-AJ,,ChIJHwyp6rZXXz4RerixWbtcrRE,2021-10-04,18,32,-15,-14,-2,4
AE,United Arab Emirates,Ajman,,,AE-AJ,,ChIJHwyp6rZXXz4RerixWbtcrRE,2021-10-05,17,33,-11,-13,-1,5
AE,United Arab Emirates,Ajman,,,AE-AJ,,ChIJHwyp6rZXXz4RerixWbtcrRE,2021-10-06,16,28,-17,-13,0,5
AE,United Arab Emirates,Ajman,,,AE-AJ,,ChIJHwyp6rZXXz4RerixWbtcrRE,2021-10-07,17,33,-19,-25,2,5
AE,United Arab Emirates,Ajman,,,AE-AJ,,ChIJHwyp6rZXXz4RerixWbtcrRE,2021-10-08,15,34,-34,,-1,5
AE,United Arab Emirates,Ajman,,,AE-AJ,,ChIJHwyp6rZXXz4RerixWbtcrRE,2021-10-09,15,32,-21,-24,4,5
AE,United Arab Emirates,Ajman,,,AE-AJ,,ChIJHwyp6rZXXz4RerixWbtcrRE,2021-10-10,20,31,-5,-10,1,5
AE,United Arab Emirates,Ajman,,,AE-AJ,,ChIJHwyp6rZXXz4RerixWbtcrRE,2021-10-11,17,33,-14,-16,0,4
AE,United Arab Emirates,Ajman,,,AE-AJ,,ChIJHwyp6rZXXz4RerixWbtcrRE,2021-10-12,19,36,-5,-9,1,5
AE,United Arab Emirates,Ajman,,,AE-AJ,,ChIJHwyp6rZXXz4RerixWbtcrRE,2021-10-13,17,32,-8,-14,2,4
AE,United Arab Emirates,Ajman,,,AE-AJ,,ChIJHwyp6rZXXz4RerixWbtcrRE,2021-10-14,19,37,-11,-26,4,5
AE,United Arab Emirates,Ajman,,,AE-AJ,,ChIJHwyp6rZXXz4RerixWbtcrRE,2021-10-15,15,37,-23,,0,5
AE,United Arab Emirates,Ajman,,,AE-AJ,,ChIJHwyp6rZXXz4RerixWbtcrRE,2021-10-16,15,32,-14,-19,6,5
AE,United Arab Emirates,Ajman,,,AE-AJ,,ChIJHwyp6rZXXz4RerixWbtcrRE,2021-10-17,21,32,3,-8,1,5
AE,United Arab Emirates,Ajman,,,AE-AJ,,ChIJHwyp6rZXXz4RerixWbtcrRE,2021-10-18,18,34,-6,-13,0,5
AE,United Arab Emirates,Ajman,,,AE-AJ,,ChIJHwyp6rZXXz4RerixWbtcrRE,2021-10-19,21,36,-3,-9,0,5
AE,United Arab Emirates,Ajman,,,AE-AJ,,ChIJHwyp6rZXXz4RerixWbtcrRE,2021-10-20,26,37,9,-7,1,3
AE,United Arab Emirates,Ajman,,,AE-AJ,,ChIJHwyp6rZXXz4RerixWbtcrRE,2021-10-21,31,51,19,-29,-50,16
AE,United Arab Emirates,Ajman,,,AE-AJ,,ChIJHwyp6rZXXz4RerixWbtcrRE,2021-10-22,14,34,-17,,-2,5
AE,United Arab Emirates,Ajman,,,AE-AJ,,ChIJHwyp6rZXXz4RerixWbtcrRE,2021-10-23,14,33,-8,-14,6,5
AE,United Arab Emirates,Ajman,,,AE-AJ,,ChIJHwyp6rZXXz4RerixWbtcrRE,2021-10-24,18,26,2,-9,1,5
AE,United Arab Emirates,Ajman,,,AE-AJ,,ChIJHwyp6rZXXz4RerixWbtcrRE,2021-10-25,17,36,-6,-15,1,5
AE,United Arab Emirates,Ajman,,,AE-AJ,,ChIJHwyp6rZXXz4RerixWbtcrRE,2021-10-26,20,39,1,-6,2,5
AE,United Arab Emirates,Ajman,,,AE-AJ,,ChIJHwyp6rZXXz4RerixWbtcrRE,2021-10-27,19,34,-5,-6,3,4
AE,United Arab Emirates,Ajman,,,AE-AJ,,ChIJHwyp6rZXXz4RerixWbtcrRE,2021-10-28,23,41,9,-18,5,4
AE,United Arab Emirates,Ajman,,,AE-AJ,,ChIJHwyp6rZXXz4RerixWbtcrRE,2021-10-29,18,40,-7,,3,4
AE,United Arab Emirates,Ajman,,,AE-AJ,,ChIJHwyp6rZXXz4RerixWbtcrRE,2021-10-30,22,39,-2,-12,8,4
AE,United Arab Emirates,Ajman,,,AE-AJ,,ChIJHwyp6rZXXz4RerixWbtcrRE,2021-10-31,27,39,7,-3,3,4
AE,United Arab Emirates,Ajman,,,AE-AJ,,ChIJHwyp6rZXXz4RerixWbtcrRE,2021-11-01,25,45,2,-13,2,4
AE,United Arab Emirates,Ajman,,,AE-AJ,,ChIJHwyp6rZXXz4RerixWbtcrRE,2021-11-02,29,48,5,1,3,4
AE,United Arab Emirates,Ajman,,,AE-AJ,,ChIJHwyp6rZXXz4RerixWbtcrRE,2021-11-03,24,39,-2,-3,5,4
AE,United Arab Emirates,Ajman,,,AE-AJ,,ChIJHwyp6rZXXz4RerixWbtcrRE,2021-11-04,27,46,4,-19,4,5
AE,United Arab Emirates,Ajman,,,AE-AJ,,ChIJHwyp6rZXXz4RerixWbtcrRE,2021-11-05,21,41,-11,,1,4
AE,United Arab Emirates,Ajman,,,AE-AJ,,ChIJHwyp6rZXXz4RerixWbtcrRE,2021-11-06,21,38,-2,-11,7,4
AE,United Arab Emirates,Ajman,,,AE-AJ,,ChIJHwyp6rZXXz4RerixWbtcrRE,2021-11-07,26,35,5,6,3,5
AE,United Arab Emirates,Ajman,,,AE-AJ,,ChIJHwyp6rZXXz4RerixWbtcrRE,2021-11-08,22,36,-3,-5,3,4
AE,United Arab Emirates,Ajman,,,AE-AJ,,ChIJHwyp6rZXXz4RerixWbtcrRE,2021-11-09,24,41,8,6,4,4
AE,United Arab Emirates,Ajman,,,AE-AJ,,ChIJHwyp6rZXXz4RerixWbtcrRE,2021-11-10,24,36,1,-1,5,4
AE,United Arab Emirates,Ajman,,,AE-AJ,,ChIJHwyp6rZXXz4RerixWbtcrRE,2021-11-11,24,41,6,-12,6,5
AE,United Arab Emirates,Ajman,,,AE-AJ,,ChIJHwyp6rZXXz4RerixWbtcrRE,2021-11-12,24,43,-2,,1,4
AE,United Arab Emirates,Ajman,,,AE-AJ,,ChIJHwyp6rZXXz4RerixWbtcrRE,2021-11-13,22,39,-3,-7,8,4
AE,United Arab Emirates,Ajman,,,AE-AJ,,ChIJHwyp6rZXXz4RerixWbtcrRE,2021-11-14,28,37,10,5,5,5
AE,United Arab Emirates,Ajman,,,AE-AJ,,ChIJHwyp6rZXXz4RerixWbtcrRE,2021-11-15,24,41,2,-2,3,5
AE,United Arab Emirates,Ajman,,,AE-AJ,,ChIJHwyp6rZXXz4RerixWbtcrRE,2021-11-16,27,42,5,10,4,5
AE,United Arab Emirates,Ajman,,,AE-AJ,,ChIJHwyp6rZXXz4RerixWbtcrRE,2021-11-17,25,37,5,9,6,5
AE,United Arab Emirates,Ajman,,,AE-AJ,,ChIJHwyp6rZXXz4RerixWbtcrRE,2021-11-18,27,44,14,-6,7,5
AE,United Arab Emirates,Ajman,,,AE-AJ,,ChIJHwyp6rZXXz4RerixWbtcrRE,2021-11-19,20,41,-8,,5,4
AE,United Arab Emirates,Ajman,,,AE-AJ,,ChIJHwyp6rZXXz4RerixWbtcrRE,2021-11-20,21,37,-1,-5,12,5
AE,United Arab Emirates,Ajman,,,AE-AJ,,ChIJHwyp6rZXXz4RerixWbtcrRE,2021-11-21,29,39,11,12,5,6
AE,United Arab Emirates,Ajman,,,AE-AJ,,ChIJHwyp6rZXXz4RerixWbtcrRE,2021-11-22,25,41,-1,6,4,5
AE,United Arab Emirates,Ajman,,,AE-AJ,,ChIJHwyp6rZXXz4RerixWbtcrRE,2021-11-23,27,42,13,12,5,5
AE,United Arab Emirates,Ajman,,,AE-AJ,,ChIJHwyp6rZXXz4RerixWbtcrRE,2021-11-24,26,38,6,5,6,5
AE,United Arab Emirates,Ajman,,,AE-AJ,,ChIJHwyp6rZXXz4RerixWbtcrRE,2021-11-25,27,44,15,-6,8,5
AE,United Arab Emirates,Ajman,,,AE-AJ,,ChIJHwyp6rZXXz4RerixWbtcrRE,2021-11-26,25,47,1,,8,4
AE,United Arab Emirates,Ajman,,,AE-AJ,,ChIJHwyp6rZXXz4RerixWbtcrRE,2021-11-27,26,42,3,-2,15,3
AE,United Arab Emirates,Ajman,,,AE-AJ,,ChIJHwyp6rZXXz4RerixWbtcrRE,2021-11-28,35,44,17,9,6,4
AE,United Arab Emirates,Ajman,,,AE-AJ,,ChIJHwyp6rZXXz4RerixWbtcrRE,2021-11-29,31,44,16,2,5,4
AE,United Arab Emirates,Ajman,,,AE-AJ,,ChIJHwyp6rZXXz4RerixWbtcrRE,2021-11-30,41,54,36,11,3,2
AE,United Arab Emirates,Ajman,,,AE-AJ,,ChIJHwyp6rZXXz4RerixWbtcrRE,2021-12-01,62,75,95,14,-46,11
AE,United Arab Emirates,Ajman,,,AE-AJ,,ChIJHwyp6rZXXz4RerixWbtcrRE,2021-12-02,43,62,84,5,-61,15
AE,United Arab Emirates,Ajman,,,AE-AJ,,ChIJHwyp6rZXXz4RerixWbtcrRE,2021-12-03,22,41,15,,4,3
AE,United Arab Emirates,Ajman,,,AE-AJ,,ChIJHwyp6rZXXz4RerixWbtcrRE,2021-12-04,24,39,13,3,10,4
AE,United Arab Emirates,Ajman,,,AE-AJ,,ChIJHwyp6rZXXz4RerixWbtcrRE,2021-12-05,32,42,27,19,5,5
AE,United Arab Emirates,Ajman,,,AE-AJ,,ChIJHwyp6rZXXz4RerixWbtcrRE,2021-12-06,28,45,15,11,3,5
AE,United Arab Emirates,Ajman,,,AE-AJ,,ChIJHwyp6rZXXz4RerixWbtcrRE,2021-12-07,31,46,20,16,6,5
AE,United Arab Emirates,Ajman,,,AE-AJ,,ChIJHwyp6rZXXz4RerixWbtcrRE,2021-12-08,32,44,13,9,9,5
AE,United Arab Emirates,Ajman,,,AE-AJ,,ChIJHwyp6rZXXz4RerixWbtcrRE,2021-12-09,28,45,15,-7,11,5
AE,United Arab Emirates,Ajman,,,AE-AJ,,ChIJHwyp6rZXXz4RerixWbtcrRE,2021-12-10,23,45,3,,16,4
AE,United Arab Emirates,Ajman,,,AE-AJ,,ChIJHwyp6rZXXz4RerixWbtcrRE,2021-12-11,25,38,11,1,18,4
AE,United Arab Emirates,Ajman,,,AE-AJ,,ChIJHwyp6rZXXz4RerixWbtcrRE,2021-12-12,35,42,28,20,5,6
AE,United Arab Emirates,Ajman,,,AE-AJ,,ChIJHwyp6rZXXz4RerixWbtcrRE,2021-12-13,29,44,16,5,3,6
AE,United Arab Emirates,Ajman,,,AE-AJ,,ChIJHwyp6rZXXz4RerixWbtcrRE,2021-12-14,31,46,26,20,4,6
AE,United Arab Emirates,Ajman,,,AE-AJ,,ChIJHwyp6rZXXz4RerixWbtcrRE,2021-12-15,30,42,20,10,5,6
AE,United Arab Emirates,Ajman,,,AE-AJ,,ChIJHwyp6rZXXz4RerixWbtcrRE,2021-12-16,29,48,14,-10,7,7
AE,United Arab Emirates,Ajman,,,AE-AJ,,ChIJHwyp6rZXXz4RerixWbtcrRE,2021-12-17,22,44,4,,16,3
AE,United Arab Emirates,Ajman,,,AE-AJ,,ChIJHwyp6rZXXz4RerixWbtcrRE,2021-12-18,22,36,13,-4,16,4
AE,United Arab Emirates,Ajman,,,AE-AJ,,ChIJHwyp6rZXXz4RerixWbtcrRE,2021-12-19,33,41,34,17,1,7
AE,United Arab Emirates,Ajman,,,AE-AJ,,ChIJHwyp6rZXXz4RerixWbtcrRE,2021-12-20,29,43,25,4,1,7
AE,United Arab Emirates,Ajman,,,AE-AJ,,ChIJHwyp6rZXXz4RerixWbtcrRE,2021-12-21,30,46,26,10,1,7
AE,United Arab Emirates,Ajman,,,AE-AJ,,ChIJHwyp6rZXXz4RerixWbtcrRE,2021-12-22,30,41,26,8,2,7
AE,United Arab Emirates,Ajman,,,AE-AJ,,ChIJHwyp6rZXXz4RerixWbtcrRE,2021-12-23,29,49,15,-5,4,8
AE,United Arab Emirates,Ajman,,,AE-AJ,,ChIJHwyp6rZXXz4RerixWbtcrRE,2021-12-24,23,46,4,,17,4
AE,United Arab Emirates,Ajman,,,AE-AJ,,ChIJHwyp6rZXXz4RerixWbtcrRE,2021-12-25,24,37,18,0,10,5
AE,United Arab Emirates,Ajman,,,AE-AJ,,ChIJHwyp6rZXXz4RerixWbtcrRE,2021-12-26,35,42,29,8,1,7
AE,United Arab Emirates,Ajman,,,AE-AJ,,ChIJHwyp6rZXXz4RerixWbtcrRE,2021-12-27,31,45,20,5,-1,7
AE,United Arab Emirates,Ajman,,,AE-AJ,,ChIJHwyp6rZXXz4RerixWbtcrRE,2021-12-28,34,48,35,12,0,7
AE,United Arab Emirates,Ajman,,,AE-AJ,,ChIJHwyp6rZXXz4RerixWbtcrRE,2021-12-29,34,45,23,12,2,7
AE,United Arab Emirates,Ajman,,,AE-AJ,,ChIJHwyp6rZXXz4RerixWbtcrRE,2021-12-30,37,54,14,-5,4,8
AE,United Arab Emirates,Ajman,,,AE-AJ,,ChIJHwyp6rZXXz4RerixWbtcrRE,2021-12-31,24,45,-4,,19,3
AE,United Arab Emirates,Ajman,,,AE-AJ,,ChIJHwyp6rZXXz4RerixWbtcrRE,2022-01-01,21,38,0,-7,-43,13
AE,United Arab Emirates,Ajman,,,AE-AJ,,ChIJHwyp6rZXXz4RerixWbtcrRE,2022-01-02,42,58,21,11,-28,14
AE,United Arab Emirates,Ajman,,,AE-AJ,,ChIJHwyp6rZXXz4RerixWbtcrRE,2022-01-03,25,45,0,7,5,8
AE,United Arab Emirates,Ajman,,,AE-AJ,,ChIJHwyp6rZXXz4RerixWbtcrRE,2022-01-04,29,49,0,13,5,8
AE,United Arab Emirates,Ajman,,,AE-AJ,,ChIJHwyp6rZXXz4RerixWbtcrRE,2022-01-05,25,43,-4,4,5,9
AE,United Arab Emirates,Ajman,,,AE-AJ,,ChIJHwyp6rZXXz4RerixWbtcrRE,2022-01-06,17,37,-13,-14,8,11
AE,United Arab Emirates,Ajman,,,AE-AJ,,ChIJHwyp6rZXXz4RerixWbtcrRE,2022-01-07,11,37,-25,,140,2
AE,United Arab Emirates,Ajman,,,AE-AJ,,ChIJHwyp6rZXXz4RerixWbtcrRE,2022-01-08,24,45,16,0,5,8
AE,United Arab Emirates,Ajman,,,AE-AJ,,ChIJHwyp6rZXXz4RerixWbtcrRE,2022-01-09,39,60,34,5,-36,17
AE,United Arab Emirates,Ajman,,,AE-AJ,,ChIJHwyp6rZXXz4RerixWbtcrRE,2022-01-10,21,41,-3,3,1,9
AE,United Arab Emirates,Ajman,,,AE-AJ,,ChIJHwyp6rZXXz4RerixWbtcrRE,2022-01-11,24,47,8,8,2,10
AE,United Arab Emirates,Ajman,,,AE-AJ,,ChIJHwyp6rZXXz4RerixWbtcrRE,2022-01-12,21,39,5,3,2,10
AE,United Arab Emirates,Ajman,,,AE-AJ,,ChIJHwyp6rZXXz4RerixWbtcrRE,2022-01-13,14,36,-8,-14,5,12
AE,United Arab Emirates,Ajman,,,AE-AJ,,ChIJHwyp6rZXXz4RerixWbtcrRE,2022-01-14,12,36,-20,,143,1
AE,United Arab Emirates,Ajman,,,AE-AJ,,ChIJHwyp6rZXXz4RerixWbtcrRE,2022-01-15,27,43,19,-9,5,7
AE,United Arab Emirates,Ajman,,,AE-AJ,,ChIJHwyp6rZXXz4RerixWbtcrRE,2022-01-16,37,52,30,-6,-40,17
AE,United Arab Emirates,Ajman,,,AE-AJ,,ChIJHwyp6rZXXz4RerixWbtcrRE,2022-01-17,22,39,3,0,2,9
AE,United Arab Emirates,Ajman,,,AE-AJ,,ChIJHwyp6rZXXz4RerixWbtcrRE,2022-01-18,25,43,15,2,4,9
AE,United Arab Emirates,Ajman,,,AE-AJ,,ChIJHwyp6rZXXz4RerixWbtcrRE,2022-01-19,24,38,11,5,6,9
AE,United Arab Emirates,Ajman,,,AE-AJ,,ChIJHwyp6rZXXz4RerixWbtcrRE,2022-01-20,15,31,-4,-15,9,11
AE,United Arab Emirates,Ajman,,,AE-AJ,,ChIJHwyp6rZXXz4RerixWbtcrRE,2022-01-21,10,28,-45,,155,2
AE,United Arab Emirates,Ajman,,,AE-AJ,,ChIJHwyp6rZXXz4RerixWbtcrRE,2022-01-22,32,44,23,-3,9,7
AE,United Arab Emirates,Ajman,,,AE-AJ,,ChIJHwyp6rZXXz4RerixWbtcrRE,2022-01-23,45,59,53,10,-38,16
AE,United Arab Emirates,Ajman,,,AE-AJ,,ChIJHwyp6rZXXz4RerixWbtcrRE,2022-01-24,22,38,2,9,9,7
AE,United Arab Emirates,Ajman,,,AE-AJ,,ChIJHwyp6rZXXz4RerixWbtcrRE,2022-01-25,27,44,17,8,9,8
AE,United Arab Emirates,Ajman,,,AE-AJ,,ChIJHwyp6rZXXz4RerixWbtcrRE,2022-01-26,27,40,9,4,10,7
AE,United Arab Emirates,Ajman,,,AE-AJ,,ChIJHwyp6rZXXz4RerixWbtcrRE,2022-01-27,18,35,-2,-12,15,9
AE,United Arab Emirates,Ajman,,,AE-AJ,,ChIJHwyp6rZXXz4RerixWbtcrRE,2022-01-28,18,37,-12,,170,-2
AE,United Arab Emirates,Ajman,,,AE-AJ,,ChIJHwyp6rZXXz4RerixWbtcrRE,2022-01-29,36,51,34,-3,12,5
AE,United Arab Emirates,Ajman,,,AE-AJ,,ChIJHwyp6rZXXz4RerixWbtcrRE,2022-01-30,53,67,56,11,-37,15
AE,United Arab Emirates,Ajman,,,AE-AJ,,ChIJHwyp6rZXXz4RerixWbtcrRE,2022-01-31,29,45,9,10,12,5
AE,United Arab Emirates,Ajman,,,AE-AJ,,ChIJHwyp6rZXXz4RerixWbtcrRE,2022-02-01,33,50,19,15,13,6
AE,United Arab Emirates,Ajman,,,AE-AJ,,ChIJHwyp6rZXXz4RerixWbtcrRE,2022-02-02,31,45,17,9,15,6
AE,United Arab Emirates,Ajman,,,AE-AJ,,ChIJHwyp6rZXXz4RerixWbtcrRE,2022-02-03,22,37,-1,-13,19,8
AE,United Arab Emirates,Ajman,,,AE-AJ,,ChIJHwyp6rZXXz4RerixWbtcrRE,2022-02-04,18,35,-8,,183,-2
AE,United Arab Emirates,Ajman,,,AE-AJ,,ChIJHwyp6rZXXz4RerixWbtcrRE,2022-02-05,37,48,47,3,13,5
AE,United Arab Emirates,Ajman,,,AE-AJ,,ChIJHwyp6rZXXz4RerixWbtcrRE,2022-02-06,55,63,69,10,-39,15
AE,United Arab Emirates,Ajman,,,AE-AJ,,ChIJHwyp6rZXXz4RerixWbtcrRE,2022-02-07,28,39,16,4,13,5
AE,United Arab Emirates,Ajman,,,AE-AJ,,ChIJHwyp6rZXXz4RerixWbtcrRE,2022-02-08,33,45,34,7,14,6
AE,United Arab Emirates,Ajman,,,AE-AJ,,ChIJHwyp6rZXXz4RerixWbtcrRE,2022-02-09,30,39,27,2,15,6
AE,United Arab Emirates,Ajman,,,AE-AJ,,ChIJHwyp6rZXXz4RerixWbtcrRE,2022-02-10,22,34,13,-13,18,8
AE,United Arab Emirates,Ajman,,,AE-AJ,,ChIJHwyp6rZXXz4RerixWbtcrRE,2022-02-11,21,35,-1,,183,-2
AE,United Arab Emirates,Ajman,,,AE-AJ,,ChIJHwyp6rZXXz4RerixWbtcrRE,2022-02-12,39,48,59,-8,13,5
AE,United Arab Emirates,Ajman,,,AE-AJ,,ChIJHwyp6rZXXz4RerixWbtcrRE,2022-02-13,56,65,81,0,-38,14
AE,United Arab Emirates,Ajman,,,AE-AJ,,ChIJHwyp6rZXXz4RerixWbtcrRE,2022-02-14,32,44,30,7,15,5
AE,United Arab Emirates,Ajman,,,AE-AJ,,ChIJHwyp6rZXXz4RerixWbtcrRE,2022-02-15,33,43,39,9,16,6
AE,United Arab Emirates,Ajman,,,AE-AJ,,ChIJHwyp6rZXXz4RerixWbtcrRE,2022-02-16,30,39,32,1,17,6
AE,United Arab Emirates,Ajman,,,AE-AJ,,ChIJHwyp6rZXXz4RerixWbtcrRE,2022-02-17,20,32,14,-14,20,8
AE,United Arab Emirates,Ajman,,,AE-AJ,,ChIJHwyp6rZXXz4RerixWbtcrRE,2022-02-18,18,31,-4,,189,-3
AE,United Arab Emirates,Ajman,,,AE-AJ,,ChIJHwyp6rZXXz4RerixWbtcrRE,2022-02-19,35,45,57,-3,14,5
AE,United Arab Emirates,Ajman,,,AE-AJ,,ChIJHwyp6rZXXz4RerixWbtcrRE,2022-02-20,50,60,79,8,-38,15
AE,United Arab Emirates,Ajman,,,AE-AJ,,ChIJHwyp6rZXXz4RerixWbtcrRE,2022-02-21,24,36,21,-2,17,6
AE,United Arab Emirates,Ajman,,,AE-AJ,,ChIJHwyp6rZXXz4RerixWbtcrRE,2022-02-22,28,41,37,3,17,6
AE,United Arab Emirates,Ajman,,,AE-AJ,,ChIJHwyp6rZXXz4RerixWbtcrRE,2022-02-23,25,35,31,-1,19,6
AE,United Arab Emirates,Ajman,,,AE-AJ,,ChIJHwyp6rZXXz4RerixWbtcrRE,2022-02-24,16,29,13,-17,23,8
AE,United Arab Emirates,Ajman,,,AE-AJ,,ChIJHwyp6rZXXz4RerixWbtcrRE,2022-02-25,16,32,0,,196,-3
AE,United Arab Emirates,Ajman,,,AE-AJ,,ChIJHwyp6rZXXz4RerixWbtcrRE,2022-02-26,36,46,55,-9,16,4
AE,United Arab Emirates,Ajman,,,AE-AJ,,ChIJHwyp6rZXXz4RerixWbtcrRE,2022-02-27,49,62,70,2,-36,14
AE,United Arab Emirates,Ajman,,,AE-AJ,,ChIJHwyp6rZXXz4RerixWbtcrRE,2022-02-28,26,41,21,2,18,4
AE,United Arab Emirates,Ajman,,,AE-AJ,,ChIJHwyp6rZXXz4RerixWbtcrRE,2022-03-01,31,47,36,13,18,5
AE,United Arab Emirates,Ajman,,,AE-AJ,,ChIJHwyp6rZXXz4RerixWbtcrRE,2022-03-02,30,43,30,9,19,5
AE,United Arab Emirates,Ajman,,,AE-AJ,,ChIJHwyp6rZXXz4RerixWbtcrRE,2022-03-03,21,35,17,-12,23,7
AE,United Arab Emirates,Ajman,,,AE-AJ,,ChIJHwyp6rZXXz4RerixWbtcrRE,2022-03-04,23,36,1,,197,-3
AE,United Arab Emirates,Ajman,,,AE-AJ,,ChIJHwyp6rZXXz4RerixWbtcrRE,2022-03-05,41,47,57,-3,16,4
AE,United Arab Emirates,Ajman,,,AE-AJ,,ChIJHwyp6rZXXz4RerixWbtcrRE,2022-03-06,56,62,77,7,-38,14
AE,United Arab Emirates,Ajman,,,AE-AJ,,ChIJHwyp6rZXXz4RerixWbtcrRE,2022-03-07,30,40,33,6,19,5
AE,United Arab Emirates,Ajman,,,AE-AJ,,ChIJHwyp6rZXXz4RerixWbtcrRE,2022-03-08,33,42,43,11,19,6
AE,United Arab Emirates,Ajman,,,AE-AJ,,ChIJHwyp6rZXXz4RerixWbtcrRE,2022-03-09,32,38,38,15,21,6
AE,United Arab Emirates,Ajman,,,AE-AJ,,ChIJHwyp6rZXXz4RerixWbtcrRE,2022-03-10,20,30,20,-6,24,8
AE,United Arab Emirates,Ajman,,,AE-AJ,,ChIJHwyp6rZXXz4RerixWbtcrRE,2022-03-11,19,30,3,,197,-2
AE,United Arab Emirates,Ajman,,,AE-AJ,,ChIJHwyp6rZXXz4RerixWbtcrRE,2022-03-12,37,42,58,6,16,5
AE,United Arab Emirates,Ajman,,,AE-AJ,,ChIJHwyp6rZXXz4RerixWbtcrRE,2022-03-13,53,57,79,16,-38,15
AE,United Arab Emirates,Ajman,,,AE-AJ,,ChIJHwyp6rZXXz4RerixWbtcrRE,2022-03-14,28,35,34,15,19,6
AE,United Arab Emirates,Ajman,,,AE-AJ,,ChIJHwyp6rZXXz4RerixWbtcrRE,2022-03-15,33,40,43,21,20,6
AE,United Arab Emirates,Ajman,,,AE-AJ,,ChIJHwyp6rZXXz4RerixWbtcrRE,2022-03-16,31,36,36,18,21,6
AE,United Arab Emirates,Ajman,,,AE-AJ,,ChIJHwyp6rZXXz4RerixWbtcrRE,2022-03-17,19,29,22,-3,25,9
AE,United Arab Emirates,Ajman,,,AE-AJ,,ChIJHwyp6rZXXz4RerixWbtcrRE,2022-03-18,15,28,-3,,198,-1
AE,United Arab Emirates,Ajman,,,AE-AJ,,ChIJHwyp6rZXXz4RerixWbtcrRE,2022-03-19,33,39,55,14,17,6
AE,United Arab Emirates,Ajman,,,AE-AJ,,ChIJHwyp6rZXXz4RerixWbtcrRE,2022-03-20,47,54,71,22,-37,16
AE,United Arab Emirates,Ajman,,,AE-AJ,,ChIJHwyp6rZXXz4RerixWbtcrRE,2022-03-21,27,34,33,18,20,6
AE,United Arab Emirates,Ajman,,,AE-AJ,,ChIJHwyp6rZXXz4RerixWbtcrRE,2022-03-22,28,38,41,22,20,7
AE,United Arab Emirates,Ajman,,,AE-AJ,,ChIJHwyp6rZXXz4RerixWbtcrRE,2022-03-23,27,34,35,14,22,6
AE,United Arab Emirates,Ajman,,,AE-AJ,,ChIJHwyp6rZXXz4RerixWbtcrRE,2022-03-24,19,27,19,-11,24,8
AE,United Arab Emirates,Ajman,,,AE-AJ,,ChIJHwyp6rZXXz4RerixWbtcrRE,2022-03-25,19,29,-6,,199,-2
AE,United Arab Emirates,Ajman,,,AE-AJ,,ChIJHwyp6rZXXz4RerixWbtcrRE,2022-03-26,37,42,48,9,17,4
AE,United Arab Emirates,Ajman,,,AE-AJ,,ChIJHwyp6rZXXz4RerixWbtcrRE,2022-03-27,55,57,78,17,-37,13
AE,United Arab Emirates,Ajman,,,AE-AJ,,ChIJHwyp6rZXXz4RerixWbtcrRE,2022-03-28,32,39,36,15,14,6
AE,United Arab Emirates,Ajman,,,AE-AJ,,ChIJHwyp6rZXXz4RerixWbtcrRE,2022-03-29,37,42,45,18,13,6
AE,United Arab Emirates,Ajman,,,AE-AJ,,ChIJHwyp6rZXXz4RerixWbtcrRE,2022-03-30,35,41,45,16,14,6
AE,United Arab Emirates,Ajman,,,AE-AJ,,ChIJHwyp6rZXXz4RerixWbtcrRE,2022-03-31,25,34,19,-1,17,8
AE,United Arab Emirates,Ajman,,,AE-AJ,,ChIJHwyp6rZXXz4RerixWbtcrRE,2022-04-01,24,47,-31,,190,-3
AE,United Arab Emirates,Ajman,,,AE-AJ,,ChIJHwyp6rZXXz4RerixWbtcrRE,2022-04-02,12,50,-6,-10,13,12
AE,United Arab Emirates,Ajman,,,AE-AJ,,ChIJHwyp6rZXXz4RerixWbtcrRE,2022-04-03,26,56,17,-2,-39,21
AE,United Arab Emirates,Ajman,,,AE-AJ,,ChIJHwyp6rZXXz4RerixWbtcrRE,2022-04-04,15,39,9,4,10,13
AE,United Arab Emirates,Ajman,,,AE-AJ,,ChIJHwyp6rZXXz4RerixWbtcrRE,2022-04-05,19,43,21,13,10,13
AE,United Arab Emirates,Ajman,,,AE-AJ,,ChIJHwyp6rZXXz4RerixWbtcrRE,2022-04-06,18,38,12,5,11,14
AE,United Arab Emirates,Ajman,,,AE-AJ,,ChIJHwyp6rZXXz4RerixWbtcrRE,2022-04-07,10,30,-4,-15,14,16
AE,United Arab Emirates,Ajman,,,AE-AJ,,ChIJHwyp6rZXXz4RerixWbtcrRE,2022-04-08,10,32,-28,,181,3
AE,United Arab Emirates,Ajman,,,AE-AJ,,ChIJHwyp6rZXXz4RerixWbtcrRE,2022-04-09,25,43,10,4,16,11
AE,United Arab Emirates,Ajman,,,AE-AJ,,ChIJHwyp6rZXXz4RerixWbtcrRE,2022-04-10,37,55,27,9,-38,20
AE,United Arab Emirates,Ajman,,,AE-AJ,,ChIJHwyp6rZXXz4RerixWbtcrRE,2022-04-11,23,40,12,11,15,12
AE,United Arab Emirates,Ajman,,,AE-AJ,,ChIJHwyp6rZXXz4RerixWbtcrRE,2022-04-12,24,44,14,11,15,12
AE,United Arab Emirates,Ajman,,,AE-AJ,,ChIJHwyp6rZXXz4RerixWbtcrRE,2022-04-13,22,39,9,8,16,13
AE,United Arab Emirates,Ajman,,,AE-AJ,,ChIJHwyp6rZXXz4RerixWbtcrRE,2022-04-14,12,31,-7,-15,19,15
AE,United Arab Emirates,Ajman,,,AE-AJ,,ChIJHwyp6rZXXz4RerixWbtcrRE,2022-04-15,12,28,-29,,177,3
AE,United Arab Emirates,Ajman,,,AE-AJ,,ChIJHwyp6rZXXz4RerixWbtcrRE,2022-04-16,26,39,9,5,16,11
AE,United Arab Emirates,Ajman,,,AE-AJ,,ChIJHwyp6rZXXz4RerixWbtcrRE,2022-04-17,40,50,20,12,-39,20
AE,United Arab Emirates,Ajman,,,AE-AJ,,ChIJHwyp6rZXXz4RerixWbtcrRE,2022-04-18,22,37,9,15,17,12
AE,United Arab Emirates,Ajman,,,AE-AJ,,ChIJHwyp6rZXXz4RerixWbtcrRE,2022-04-19,24,40,16,13,18,12
AE,United Arab Emirates,Ajman,,,AE-AJ,,ChIJHwyp6rZXXz4RerixWbtcrRE,2022-04-20,20,35,4,13,19,13
AE,United Arab Emirates,Ajman,,,AE-AJ,,ChIJHwyp6rZXXz4RerixWbtcrRE,2022-04-21,12,27,-5,-5,24,15
AE,United Arab Emirates,Ajman,,,AE-AJ,,ChIJHwyp6rZXXz4RerixWbtcrRE,2022-04-22,14,26,-26,,192,3
AE,United Arab Emirates,Ajman,,,AE-AJ,,ChIJHwyp6rZXXz4RerixWbtcrRE,2022-04-23,28,37,17,12,18,11
AE,United Arab Emirates,Ajman,,,AE-AJ,,ChIJHwyp6rZXXz4RerixWbtcrRE,2022-04-24,42,49,31,20,-37,21
AE,United Arab Emirates,Ajman,,,AE-AJ,,ChIJHwyp6rZXXz4RerixWbtcrRE,2022-04-25,26,37,10,16,18,12
AE,United Arab Emirates,Ajman,,,AE-AJ,,ChIJHwyp6rZXXz4RerixWbtcrRE,2022-04-26,32,43,18,28,18,12
AE,United Arab Emirates,Ajman,,,AE-AJ,,ChIJHwyp6rZXXz4RerixWbtcrRE,2022-04-27,30,38,12,25,18,12
AE,United Arab Emirates,Ajman,,,AE-AJ,,ChIJHwyp6rZXXz4RerixWbtcrRE,2022-04-28,24,33,-7,2,20,14
AE,United Arab Emirates,Ajman,,,AE-AJ,,ChIJHwyp6rZXXz4RerixWbtcrRE,2022-04-29,26,35,-32,,194,1
AE,United Arab Emirates,Ajman,,,AE-AJ,,ChIJHwyp6rZXXz4RerixWbtcrRE,2022-04-30,48,56,9,31,4,10
AE,United Arab Emirates,Ajman,,,AE-AJ,,ChIJHwyp6rZXXz4RerixWbtcrRE,2022-05-01,82,93,36,51,-49,19
AE,United Arab Emirates,Ajman,,,AE-AJ,,ChIJHwyp6rZXXz4RerixWbtcrRE,2022-05-02,71,69,153,143,-67,14
AE,United Arab Emirates,Ajman,,,AE-AJ,,ChIJHwyp6rZXXz4RerixWbtcrRE,2022-05-03,58,54,102,60,-63,15
AE,United Arab Emirates,Ajman,,,AE-AJ,,ChIJHwyp6rZXXz4RerixWbtcrRE,2022-05-04,44,40,53,29,-41,15
AE,United Arab Emirates,Ajman,,,AE-AJ,,ChIJHwyp6rZXXz4RerixWbtcrRE,2022-05-05,18,20,-1,-9,-1,14
AE,United Arab Emirates,Ajman,,,AE-AJ,,ChIJHwyp6rZXXz4RerixWbtcrRE,2022-05-06,11,15,-29,,155,2
AE,United Arab Emirates,Ajman,,,AE-AJ,,ChIJHwyp6rZXXz4RerixWbtcrRE,2022-05-07,28,28,6,4,16,8
AE,United Arab Emirates,Ajman,,,AE-AJ,,ChIJHwyp6rZXXz4RerixWbtcrRE,2022-05-08,41,45,21,11,-39,19
AE,United Arab Emirates,Ajman,,,AE-AJ,,ChIJHwyp6rZXXz4RerixWbtcrRE,2022-05-09,23,29,0,14,18,8
AE,United Arab Emirates,Ajman,,,AE-AJ,,ChIJHwyp6rZXXz4RerixWbtcrRE,2022-05-10,25,32,5,14,19,8
AE,United Arab Emirates,Ajman,,,AE-AJ,,ChIJHwyp6rZXXz4RerixWbtcrRE,2022-05-11,23,27,3,14,20,8
AE,United Arab Emirates,Ajman,,,AE-AJ,,ChIJHwyp6rZXXz4RerixWbtcrRE,2022-05-12,15,19,-4,-5,23,10
AE,United Arab Emirates,Ajman,,,AE-AJ,,ChIJHwyp6rZXXz4RerixWbtcrRE,2022-05-13,15,21,-23,,199,0
AE,United Arab Emirates,Ajman,,,AE-AJ,,ChIJHwyp6rZXXz4RerixWbtcrRE,2022-05-14,27,36,33,2,-29,16
AE,United Arab Emirates,Ajman,,,AE-AJ,,ChIJHwyp6rZXXz4RerixWbtcrRE,2022-05-15,48,46,60,11,-54,21
AE,United Arab Emirates,Ajman,,,AE-AJ,,ChIJHwyp6rZXXz4RerixWbtcrRE,2022-05-16,33,41,18,4,-38,20
AE,United Arab Emirates,Ajman,,,AE-AJ,,ChIJHwyp6rZXXz4RerixWbtcrRE,2022-05-17,22,28,8,17,21,7
AE,United Arab Emirates,Ajman,,,AE-AJ,,ChIJHwyp6rZXXz4RerixWbtcrRE,2022-05-18,20,24,-3,15,21,8
AE,United Arab Emirates,Ajman,,,AE-AJ,,ChIJHwyp6rZXXz4RerixWbtcrRE,2022-05-19,13,19,-11,-12,24,10
AE,United Arab Emirates,Ajman,,,AE-AJ,,ChIJHwyp6rZXXz4RerixWbtcrRE,2022-05-20,10,17,-27,,205,0
AE,United Arab Emirates,Ajman,,,AE-AJ,,ChIJHwyp6rZXXz4RerixWbtcrRE,2022-05-21,28,29,9,4,19,8
AE,United Arab Emirates,Ajman,,,AE-AJ,,ChIJHwyp6rZXXz4RerixWbtcrRE,2022-05-22,41,44,27,19,-38,19
AE,United Arab Emirates,Ajman,,,AE-AJ,,ChIJHwyp6rZXXz4RerixWbtcrRE,2022-05-23,20,25,1,13,19,8
AE,United Arab Emirates,Ajman,,,AE-AJ,,ChIJHwyp6rZXXz4RerixWbtcrRE,2022-05-24,22,28,-3,19,20,9
AE,United Arab Emirates,Ajman,,,AE-AJ,,ChIJHwyp6rZXXz4RerixWbtcrRE,2022-05-25,21,26,7,8,21,9
AE,United Arab Emirates,Ajman,,,AE-AJ,,ChIJHwyp6rZXXz4RerixWbtcrRE,2022-05-26,14,20,-8,-8,24,10
AE,United Arab Emirates,Ajman,,,AE-AJ,,ChIJHwyp6rZXXz4RerixWbtcrRE,2022-05-27,13,21,-25,,203,-1
AE,United Arab Emirates,Ajman,,,AE-AJ,,ChIJHwyp6rZXXz4RerixWbtcrRE,2022-05-28,33,34,13,4,19,7
AE,United Arab Emirates,Ajman,,,AE-AJ,,ChIJHwyp6rZXXz4RerixWbtcrRE,2022-05-29,44,50,32,9,-39,18
AE,United Arab Emirates,Ajman,,,AE-AJ,,ChIJHwyp6rZXXz4RerixWbtcrRE,2022-05-30,26,31,5,13,20,7
AE,United Arab Emirates,Ajman,,,AE-AJ,,ChIJHwyp6rZXXz4RerixWbtcrRE,2022-05-31,31,37,12,20,21,7
AE,United Arab Emirates,Ajman,,,AE-AJ,,ChIJHwyp6rZXXz4RerixWbtcrRE,2022-06-01,29,34,2,15,22,8
AE,United Arab Emirates,Ajman,,,AE-AJ,,ChIJHwyp6rZXXz4RerixWbtcrRE,2022-06-02,18,24,-15,-2,25,10
AE,United Arab Emirates,Ajman,,,AE-AJ,,ChIJHwyp6rZXXz4RerixWbtcrRE,2022-06-03,19,24,-28,,203,0
AE,United Arab Emirates,Ajman,,,AE-AJ,,ChIJHwyp6rZXXz4RerixWbtcrRE,2022-06-04,40,38,12,13,19,7
AE,United Arab Emirates,Ajman,,,AE-AJ,,ChIJHwyp6rZXXz4RerixWbtcrRE,2022-06-05,55,53,29,15,-39,18
AE,United Arab Emirates,Ajman,,,AE-AJ,,ChIJHwyp6rZXXz4RerixWbtcrRE,2022-06-06,26,30,3,21,20,8
AE,United Arab Emirates,Ajman,,,AE-AJ,,ChIJHwyp6rZXXz4RerixWbtcrRE,2022-06-07,29,33,12,27,20,8
AE,United Arab Emirates,Ajman,,,AE-AJ,,ChIJHwyp6rZXXz4RerixWbtcrRE,2022-06-08,26,31,3,18,20,9
AE,United Arab Emirates,Ajman,,,AE-AJ,,ChIJHwyp6rZXXz4RerixWbtcrRE,2022-06-09,18,22,-9,-3,24,11
AE,United Arab Emirates,Ajman,,,AE-AJ,,ChIJHwyp6rZXXz4RerixWbtcrRE,2022-06-10,15,20,-36,,203,1
AE,United Arab Emirates,Ajman,,,AE-AJ,,ChIJHwyp6rZXXz4RerixWbtcrRE,2022-06-11,35,34,5,13,19,8
AE,United Arab Emirates,Ajman,,,AE-AJ,,ChIJHwyp6rZXXz4RerixWbtcrRE,2022-06-12,47,48,23,21,-39,19
AE,United Arab Emirates,Ajman,,,AE-AJ,,ChIJHwyp6rZXXz4RerixWbtcrRE,2022-06-13,25,29,-2,19,20,8
AE,United Arab Emirates,Ajman,,,AE-AJ,,ChIJHwyp6rZXXz4RerixWbtcrRE,2022-06-14,25,33,7,22,20,9
AE,United Arab Emirates,Ajman,,,AE-AJ,,ChIJHwyp6rZXXz4RerixWbtcrRE,2022-06-15,26,30,-2,18,20,9
AE,United Arab Emirates,Ajman,,,AE-AJ,,ChIJHwyp6rZXXz4RerixWbtcrRE,2022-06-16,18,22,-15,-6,24,12
AE,United Arab Emirates,Ajman,,,AE-AJ,,ChIJHwyp6rZXXz4RerixWbtcrRE,2022-06-17,17,20,-36,,203,1
AE,United Arab Emirates,Ajman,,,AE-AJ,,ChIJHwyp6rZXXz4RerixWbtcrRE,2022-06-18,35,33,-3,14,19,9
AE,United Arab Emirates,Ajman,,,AE-AJ,,ChIJHwyp6rZXXz4RerixWbtcrRE,2022-06-19,48,46,13,17,-40,19
AE,United Arab Emirates,Ajman,,,AE-AJ,,ChIJHwyp6rZXXz4RerixWbtcrRE,2022-06-20,24,28,-8,13,17,9
AE,United Arab Emirates,Ajman,,,AE-AJ,,ChIJHwyp6rZXXz4RerixWbtcrRE,2022-06-21,28,31,3,25,18,10
AE,United Arab Emirates,Ajman,,,AE-AJ,,ChIJHwyp6rZXXz4RerixWbtcrRE,2022-06-22,24,27,-4,19,19,10
AE,United Arab Emirates,Ajman,,,AE-AJ,,ChIJHwyp6rZXXz4RerixWbtcrRE,2022-06-23,16,19,-19,-4,22,12
AE,United Arab Emirates,Ajman,,,AE-AJ,,ChIJHwyp6rZXXz4RerixWbtcrRE,2022-06-24,14,18,-41,,197,1
AE,United Arab Emirates,Ajman,,,AE-AJ,,ChIJHwyp6rZXXz4RerixWbtcrRE,2022-06-25,33,30,-6,5,18,8
AE,United Arab Emirates,Ajman,,,AE-AJ,,ChIJHwyp6rZXXz4RerixWbtcrRE,2022-06-26,47,45,10,13,-40,19
AE,United Arab Emirates,Ajman,,,AE-AJ,,ChIJHwyp6rZXXz4RerixWbtcrRE,2022-06-27,26,29,-7,14,17,8
AE,United Arab Emirates,Ajman,,,AE-AJ,,ChIJHwyp6rZXXz4RerixWbtcrRE,2022-06-28,29,31,-4,14,16,9
AE,United Arab Emirates,Ajman,,,AE-AJ,,ChIJHwyp6rZXXz4RerixWbtcrRE,2022-06-29,27,30,-10,17,18,9
AE,United Arab Emirates,Ajman,,,AE-AJ,,ChIJHwyp6rZXXz4RerixWbtcrRE,2022-06-30,17,22,-26,-5,21,11
AE,United Arab Emirates,Ajman,,,AE-AJ,,ChIJHwyp6rZXXz4RerixWbtcrRE,2022-07-01,16,23,-44,,196,0
AE,United Arab Emirates,Ajman,,,AE-AJ,,ChIJHwyp6rZXXz4RerixWbtcrRE,2022-07-02,34,36,-13,18,19,8
AE,United Arab Emirates,Ajman,,,AE-AJ,,ChIJHwyp6rZXXz4RerixWbtcrRE,2022-07-03,52,48,2,23,-40,18
AE,United Arab Emirates,Ajman,,,AE-AJ,,ChIJHwyp6rZXXz4RerixWbtcrRE,2022-07-04,28,32,-15,19,13,9
AE,United Arab Emirates,Ajman,,,AE-AJ,,ChIJHwyp6rZXXz4RerixWbtcrRE,2022-07-05,34,39,-6,27,13,8
AE,United Arab Emirates,Ajman,,,AE-AJ,,ChIJHwyp6rZXXz4RerixWbtcrRE,2022-07-06,35,39,-8,27,14,8
AE,United Arab Emirates,Ajman,,,AE-AJ,,ChIJHwyp6rZXXz4RerixWbtcrRE,2022-07-07,33,38,-21,3,15,9
AE,United Arab Emirates,Ajman,,,AE-AJ,,ChIJHwyp6rZXXz4RerixWbtcrRE,2022-07-08,34,56,-43,,60,6
AE,United Arab Emirates,Ajman,,,AE-AJ,,ChIJHwyp6rZXXz4RerixWbtcrRE,2022-07-09,37,46,59,67,-51,13
AE,United Arab Emirates,Ajman,,,AE-AJ,,ChIJHwyp6rZXXz4RerixWbtcrRE,2022-07-10,49,47,45,20,-64,19
AE,United Arab Emirates,Ajman,,,AE-AJ,,ChIJHwyp6rZXXz4RerixWbtcrRE,2022-07-11,37,39,16,14,-42,17
AE,United Arab Emirates,Ajman,,,AE-AJ,,ChIJHwyp6rZXXz4RerixWbtcrRE,2022-07-12,22,29,-5,19,8,10
AE,United Arab Emirates,Ajman,,,AE-AJ,,ChIJHwyp6rZXXz4RerixWbtcrRE,2022-07-13,19,24,-7,12,8,10
AE,United Arab Emirates,Ajman,,,AE-AJ,,ChIJHwyp6rZXXz4RerixWbtcrRE,2022-07-14,11,18,-23,-13,11,13
AE,United Arab Emirates,Ajman,,,AE-AJ,,ChIJHwyp6rZXXz4RerixWbtcrRE,2022-07-15,1,8,-46,,179,3
AE,United Arab Emirates,Ajman,,,AE-AJ,,ChIJHwyp6rZXXz4RerixWbtcrRE,2022-07-16,20,26,-14,-3,17,9
AE,United Arab Emirates,Ajman,,,AE-AJ,,ChIJHwyp6rZXXz4RerixWbtcrRE,2022-07-17,32,37,3,9,-40,20
AE,United Arab Emirates,Ajman,,,AE-AJ,,ChIJHwyp6rZXXz4RerixWbtcrRE,2022-07-18,16,22,-10,5,7,9
AE,United Arab Emirates,Ajman,,,AE-AJ,,ChIJHwyp6rZXXz4RerixWbtcrRE,2022-07-19,20,27,-2,15,10,18
AE,United Arab Emirates,Ajman,,,AE-AJ,,ChIJHwyp6rZXXz4RerixWbtcrRE,2022-07-20,17,23,-13,8,10,11
AE,United Arab Emirates,Ajman,,,AE-AJ,,ChIJHwyp6rZXXz4RerixWbtcrRE,2022-07-21,7,15,-25,-14,14,13
AE,United Arab Emirates,Ajman,,,AE-AJ,,ChIJHwyp6rZXXz4RerixWbtcrRE,2022-07-22,3,16,-42,,183,2
AE,United Arab Emirates,Ajman,,,AE-AJ,,ChIJHwyp6rZXXz4RerixWbtcrRE,2022-07-23,19,32,6,2,18,9
AE,United Arab Emirates,Ajman,,,AE-AJ,,ChIJHwyp6rZXXz4RerixWbtcrRE,2022-07-24,25,36,27,-1,-42,21
AE,United Arab Emirates,Ajman,,,AE-AJ,,ChIJHwyp6rZXXz4RerixWbtcrRE,2022-07-25,13,27,2,8,8,12
AE,United Arab Emirates,Ajman,,,AE-AJ,,ChIJHwyp6rZXXz4RerixWbtcrRE,2022-07-26,22,36,37,18,9,10
AE,United Arab Emirates,Ajman,,,AE-AJ,,ChIJHwyp6rZXXz4RerixWbtcrRE,2022-07-27,21,30,53,17,10,9
AE,United Arab Emirates,Ajman,,,AE-AJ,,ChIJHwyp6rZXXz4RerixWbtcrRE,2022-07-28,14,26,9,-2,14,12
AE,United Arab Emirates,Ajman,,,AE-AJ,,ChIJHwyp6rZXXz4RerixWbtcrRE,2022-07-29,13,26,-14,,186,0
AE,United Arab Emirates,Ajman,,,AE-AJ,,ChIJHwyp6rZXXz4RerixWbtcrRE,2022-07-30,30,41,36,6,-13,13
AE,United Arab Emirates,Ajman,,,AE-AJ,,ChIJHwyp6rZXXz4RerixWbtcrRE,2022-07-31,40,50,50,19,-40,19
AE,United Arab Emirates,Ajman,,,AE-AJ,,ChIJHwyp6rZXXz4RerixWbtcrRE,2022-08-01,23,35,10,16,10,9
AE,United Arab Emirates,Ajman,,,AE-AJ,,ChIJHwyp6rZXXz4RerixWbtcrRE,2022-08-02,26,40,18,18,11,9
AE,United Arab Emirates,Ajman,,,AE-AJ,,ChIJHwyp6rZXXz4RerixWbtcrRE,2022-08-03,25,36,12,13,10,10
AE,United Arab Emirates,Ajman,,,AE-AJ,,ChIJHwyp6rZXXz4RerixWbtcrRE,2022-08-04,14,27,-8,-11,14,12
AE,United Arab Emirates,Ajman,,,AE-AJ,,ChIJHwyp6rZXXz4RerixWbtcrRE,2022-08-05,9,22,-27,,182,1
AE,United Arab Emirates,Ajman,,,AE-AJ,,ChIJHwyp6rZXXz4RerixWbtcrRE,2022-08-06,26,37,10,3,17,8
AE,United Arab Emirates,Ajman,,,AE-AJ,,ChIJHwyp6rZXXz4RerixWbtcrRE,2022-08-07,38,49,39,6,-41,19
AE,United Arab Emirates,Ajman,,,AE-AJ,,ChIJHwyp6rZXXz4RerixWbtcrRE,2022-08-08,19,32,9,9,8,9
AE,United Arab Emirates,Ajman,,,AE-AJ,,ChIJHwyp6rZXXz4RerixWbtcrRE,2022-08-09,23,35,19,17,9,9
AE,United Arab Emirates,Ajman,,,AE-AJ,,ChIJHwyp6rZXXz4RerixWbtcrRE,2022-08-10,22,34,9,13,11,9
AE,United Arab Emirates,Ajman,,,AE-AJ,,ChIJHwyp6rZXXz4RerixWbtcrRE,2022-08-11,13,25,-6,-7,15,12
AE,United Arab Emirates,Ajman,,,AE-AJ,,ChIJHwyp6rZXXz4RerixWbtcrRE,2022-08-12,11,23,-28,,187,1
AE,United Arab Emirates,Ajman,,,AE-AJ,,ChIJHwyp6rZXXz4RerixWbtcrRE,2022-08-13,27,36,18,7,19,8
AE,United Arab Emirates,Ajman,,,AE-AJ,,ChIJHwyp6rZXXz4RerixWbtcrRE,2022-08-14,37,46,27,8,-40,19
AE,United Arab Emirates,Ajman,,,AE-AJ,,ChIJHwyp6rZXXz4RerixWbtcrRE,2022-08-15,21,34,5,12,11,12
AE,United Arab Emirates,Ajman,,,AE-AJ,,ChIJHwyp6rZXXz4RerixWbtcrRE,2022-08-16,23,36,18,16,11,11
AE,United Arab Emirates,Ajman,,,AE-AJ,,ChIJHwyp6rZXXz4RerixWbtcrRE,2022-08-17,23,34,14,14,12,12
AE,United Arab Emirates,Ajman,,,AE-AJ,,ChIJHwyp6rZXXz4RerixWbtcrRE,2022-08-18,13,27,1,-9,16,15
AE,United Arab Emirates,Ajman,,,AE-AJ,,ChIJHwyp6rZXXz4RerixWbtcrRE,2022-08-19,10,24,-22,,188,3
AE,United Arab Emirates,Ajman,,,AE-AJ,,ChIJHwyp6rZXXz4RerixWbtcrRE,2022-08-20,27,39,17,9,20,10
AE,United Arab Emirates,Ajman,,,AE-AJ,,ChIJHwyp6rZXXz4RerixWbtcrRE,2022-08-21,40,53,50,6,-39,21
AE,United Arab Emirates,Ajman,,,AE-AJ,,ChIJHwyp6rZXXz4RerixWbtcrRE,2022-08-22,21,32,11,14,14,12
AE,United Arab Emirates,Ajman,,,AE-AJ,,ChIJHwyp6rZXXz4RerixWbtcrRE,2022-08-23,23,36,25,16,15,12
AE,United Arab Emirates,Ajman,,,AE-AJ,,ChIJHwyp6rZXXz4RerixWbtcrRE,2022-08-24,23,34,21,10,16,12
AE,United Arab Emirates,Ajman,,,AE-AJ,,ChIJHwyp6rZXXz4RerixWbtcrRE,2022-08-25,14,27,-2,-9,20,14
AE,United Arab Emirates,Ajman,,,AE-AJ,,ChIJHwyp6rZXXz4RerixWbtcrRE,2022-08-26,13,29,-18,,197,2
AE,United Arab Emirates,Ajman,,,AE-AJ,,ChIJHwyp6rZXXz4RerixWbtcrRE,2022-08-27,31,44,22,5,21,9
AE,United Arab Emirates,Ajman,,,AE-AJ,,ChIJHwyp6rZXXz4RerixWbtcrRE,2022-08-28,43,57,41,10,-38,20
AE,United Arab Emirates,Ajman,,,AE-AJ,,ChIJHwyp6rZXXz4RerixWbtcrRE,2022-08-29,23,39,13,11,15,10
AE,United Arab Emirates,Ajman,,,AE-AJ,,ChIJHwyp6rZXXz4RerixWbtcrRE,2022-08-30,26,40,20,15,17,9
AE,United Arab Emirates,Ajman,,,AE-AJ,,ChIJHwyp6rZXXz4RerixWbtcrRE,2022-08-31,25,37,16,12,16,9
AE,United Arab Emirates,Ajman,,,AE-AJ,,ChIJHwyp6rZXXz4RerixWbtcrRE,2022-09-01,17,30,-4,-8,20,10
AE,United Arab Emirates,Ajman,,,AE-AJ,,ChIJHwyp6rZXXz4RerixWbtcrRE,2022-09-02,14,29,-20,,198,0
AE,United Arab Emirates,Ajman,,,AE-AJ,,ChIJHwyp6rZXXz4RerixWbtcrRE,2022-09-03,33,46,24,5,19,7
AE,United Arab Emirates,Ajman,,,AE-AJ,,ChIJHwyp6rZXXz4RerixWbtcrRE,2022-09-04,44,59,43,5,-40,19
AE,United Arab Emirates,Ajman,,,AE-AJ,,ChIJHwyp6rZXXz4RerixWbtcrRE,2022-09-05,24,39,14,9,16,7
AE,United Arab Emirates,Ajman,,,AE-AJ,,ChIJHwyp6rZXXz4RerixWbtcrRE,2022-09-06,27,42,22,19,16,8
AE,United Arab Emirates,Ajman,,,AE-AJ,,ChIJHwyp6rZXXz4RerixWbtcrRE,2022-09-07,25,40,16,12,17,8
AE,United Arab Emirates,Ajman,,,AE-AJ,,ChIJHwyp6rZXXz4RerixWbtcrRE,2022-09-08,17,31,2,-8,19,11
AE,United Arab Emirates,Ajman,,,AE-AJ,,ChIJHwyp6rZXXz4RerixWbtcrRE,2022-09-09,15,29,-16,,199,0
AE,United Arab Emirates,Ajman,,,AE-AJ,,ChIJHwyp6rZXXz4RerixWbtcrRE,2022-09-10,32,43,32,3,19,7
AE,United Arab Emirates,Ajman,,,AE-AJ,,ChIJHwyp6rZXXz4RerixWbtcrRE,2022-09-11,42,58,49,11,-39,19
AE,United Arab Emirates,Ajman,,,AE-AJ,,ChIJHwyp6rZXXz4RerixWbtcrRE,2022-09-12,23,37,12,7,17,8
AE,United Arab Emirates,Ajman,,,AE-AJ,,ChIJHwyp6rZXXz4RerixWbtcrRE,2022-09-13,26,39,17,17,17,8
AE,United Arab Emirates,Ajman,,,AE-AJ,,ChIJHwyp6rZXXz4RerixWbtcrRE,2022-09-14,23,37,8,15,18,8
AE,United Arab Emirates,Ajman,,,AE-AJ,,ChIJHwyp6rZXXz4RerixWbtcrRE,2022-09-15,16,30,-3,-8,22,10
AE,United Arab Emirates,Ajman,,,AE-AJ,,ChIJHwyp6rZXXz4RerixWbtcrRE,2022-09-16,14,29,-15,,197,-1
AE,United Arab Emirates,Ajman,,,AE-AJ,,ChIJHwyp6rZXXz4RerixWbtcrRE,2022-09-17,31,41,32,3,19,7
AE,United Arab Emirates,Ajman,,,AE-AJ,,ChIJHwyp6rZXXz4RerixWbtcrRE,2022-09-18,44,59,56,5,-39,19
AE,United Arab Emirates,Ajman,,,AE-AJ,,ChIJHwyp6rZXXz4RerixWbtcrRE,2022-09-19,20,34,18,12,18,7
AE,United Arab Emirates,Ajman,,,AE-AJ,,ChIJHwyp6rZXXz4RerixWbtcrRE,2022-09-20,23,37,23,14,19,8
AE,United Arab Emirates,Ajman,,,AE-AJ,,ChIJHwyp6rZXXz4RerixWbtcrRE,2022-09-21,22,34,21,10,19,8
AE,United Arab Emirates,Ajman,,,AE-AJ,,ChIJHwyp6rZXXz4RerixWbtcrRE,2022-09-22,16,25,2,-10,24,10
AE,United Arab Emirates,Ajman,,,AE-AJ,,ChIJHwyp6rZXXz4RerixWbtcrRE,2022-09-23,12,24,-17,,206,0
AE,United Arab Emirates,Ajman,,,AE-AJ,,ChIJHwyp6rZXXz4RerixWbtcrRE,2022-09-24,30,39,29,0,20,8
AE,United Arab Emirates,Ajman,,,AE-AJ,,ChIJHwyp6rZXXz4RerixWbtcrRE,2022-09-25,43,56,51,8,-39,19
AE,United Arab Emirates,Ajman,,,AE-AJ,,ChIJHwyp6rZXXz4RerixWbtcrRE,2022-09-26,21,35,14,10,20,7
AE,United Arab Emirates,Ajman,,,AE-AJ,,ChIJHwyp6rZXXz4RerixWbtcrRE,2022-09-27,28,41,20,20,21,7
AE,United Arab Emirates,Ajman,,,AE-AJ,,ChIJHwyp6rZXXz4RerixWbtcrRE,2022-09-28,26,37,11,14,22,7
AE,United Arab Emirates,Ajman,,,AE-AJ,,ChIJHwyp6rZXXz4RerixWbtcrRE,2022-09-29,17,31,0,-6,25,9
AE,United Arab Emirates,Ajman,,,AE-AJ,,ChIJHwyp6rZXXz4RerixWbtcrRE,2022-09-30,17,33,-15,,211,-1
AE,United Arab Emirates,Ajman,,,AE-AJ,,ChIJHwyp6rZXXz4RerixWbtcrRE,2022-10-01,37,49,38,3,22,6
AE,United Arab Emirates,Ajman,,,AE-AJ,,ChIJHwyp6rZXXz4RerixWbtcrRE,2022-10-02,52,67,68,12,-39,18
AE,United Arab Emirates,Ajman,,,AE-AJ,,ChIJHwyp6rZXXz4RerixWbtcrRE,2022-10-03,26,41,17,14,23,6
AE,United Arab Emirates,Ajman,,,AE-AJ,,ChIJHwyp6rZXXz4RerixWbtcrRE,2022-10-04,32,48,25,22,23,7
AE,United Arab Emirates,Ajman,,,AE-AJ,,ChIJHwyp6rZXXz4RerixWbtcrRE,2022-10-05,28,42,16,9,23,7
AE,United Arab Emirates,Ajman,,,AE-AJ,,ChIJHwyp6rZXXz4RerixWbtcrRE,2022-10-06,18,32,1,-8,29,9
AE,United Arab Emirates,Ajman,,,AE-AJ,,ChIJHwyp6rZXXz4RerixWbtcrRE,2022-10-07,19,36,-7,,213,-2
AE,United Arab Emirates,Ajman,,,AE-AJ,,ChIJHwyp6rZXXz4RerixWbtcrRE,2022-10-08,39,53,64,6,-16,11
AE,United Arab Emirates,Ajman,,,AE-AJ,,ChIJHwyp6rZXXz4RerixWbtcrRE,2022-10-09,46,62,71,14,-39,18
AE,United Arab Emirates,Ajman,,,AE-AJ,,ChIJHwyp6rZXXz4RerixWbtcrRE,2022-10-10,24,39,19,11,23,6
AE,United Arab Emirates,Ajman,,,AE-AJ,,ChIJHwyp6rZXXz4RerixWbtcrRE,2022-10-11,28,42,27,16,23,7
AE,United Arab Emirates,Ajman,,,AE-AJ,,ChIJHwyp6rZXXz4RerixWbtcrRE,2022-10-12,25,35,24,13,24,7
AE,United Arab Emirates,Ajman,,,AE-AJ,,ChIJHwyp6rZXXz4RerixWbtcrRE,2022-10-13,17,29,9,-6,27,9
AE,United Arab Emirates,Ajman,,,AE-AJ,,ChIJHwyp6rZXXz4RerixWbtcrRE,2022-10-14,18,30,-2,,213,-1
AE,United Arab Emirates,Ajman,,,AE-AJ,,ChIJHwyp6rZXXz4RerixWbtcrRE,2022-10-15,35,45,55,9,22,7
AE,United Arab Emirates,Dubai,,,AE-DU,,ChIJRcbZaklDXz4R6SkAK7_QznQ,2020-02-15,-1,3,5,0,3,0
AE,United Arab Emirates,Dubai,,,AE-DU,,ChIJRcbZaklDXz4R6SkAK7_QznQ,2020-02-16,1,4,6,1,1,1
AE,United Arab Emirates,Dubai,,,AE-DU,,ChIJRcbZaklDXz4R6SkAK7_QznQ,2020-02-17,0,1,7,0,1,1
AE,United Arab Emirates,Dubai,,,AE-DU,,ChIJRcbZaklDXz4R6SkAK7_QznQ,2020-02-18,-1,1,8,0,1,1
AE,United Arab Emirates,Dubai,,,AE-DU,,ChIJRcbZaklDXz4R6SkAK7_QznQ,2020-02-19,-1,0,6,-1,1,1
AE,United Arab Emirates,Dubai,,,AE-DU,,ChIJRcbZaklDXz4R6SkAK7_QznQ,2020-02-20,0,1,8,1,0,1
AE,United Arab Emirates,Dubai,,,AE-DU,,ChIJRcbZaklDXz4R6SkAK7_QznQ,2020-02-21,-4,4,5,1,-1,1
AE,United Arab Emirates,Dubai,,,AE-DU,,ChIJRcbZaklDXz4R6SkAK7_QznQ,2020-02-22,-4,3,3,-2,4,1
AE,United Arab Emirates,Dubai,,,AE-DU,,ChIJRcbZaklDXz4R6SkAK7_QznQ,2020-02-23,-2,4,4,-1,4,1
AE,United Arab Emirates,Dubai,,,AE-DU,,ChIJRcbZaklDXz4R6SkAK7_QznQ,2020-02-24,-3,1,5,-1,4,1
AE,United Arab Emirates,Dubai,,,AE-DU,,ChIJRcbZaklDXz4R6SkAK7_QznQ,2020-02-25,-3,2,3,-3,4,1
AE,United Arab Emirates,Dubai,,,AE-DU,,ChIJRcbZaklDXz4R6SkAK7_QznQ,2020-02-26,-2,2,-3,-2,3,1
AE,United Arab Emirates,Dubai,,,AE-DU,,ChIJRcbZaklDXz4R6SkAK7_QznQ,2020-02-27,1,5,-1,-2,3,1
AE,United Arab Emirates,Dubai,,,AE-DU,,ChIJRcbZaklDXz4R6SkAK7_QznQ,2020-02-28,0,6,-3,-1,2,1
AE,United Arab Emirates,Dubai,,,AE-DU,,ChIJRcbZaklDXz4R6SkAK7_QznQ,2020-02-29,0,8,-3,-2,5,0
AE,United Arab Emirates,Dubai,,,AE-DU,,ChIJRcbZaklDXz4R6SkAK7_QznQ,2020-03-01,1,10,0,-1,5,1
AE,United Arab Emirates,Dubai,,,AE-DU,,ChIJRcbZaklDXz4R6SkAK7_QznQ,2020-03-02,-1,8,0,-3,5,1
AE,United Arab Emirates,Dubai,,,AE-DU,,ChIJRcbZaklDXz4R6SkAK7_QznQ,2020-03-03,-2,7,-1,-5,4,1
AE,United Arab Emirates,Dubai,,,AE-DU,,ChIJRcbZaklDXz4R6SkAK7_QznQ,2020-03-04,-3,8,-3,-6,4,2
AE,United Arab Emirates,Dubai,,,AE-DU,,ChIJRcbZaklDXz4R6SkAK7_QznQ,2020-03-05,-4,7,-2,-6,4,2
AE,United Arab Emirates,Dubai,,,AE-DU,,ChIJRcbZaklDXz4R6SkAK7_QznQ,2020-03-06,-10,5,-10,-10,0,3
AE,United Arab Emirates,Dubai,,,AE-DU,,ChIJRcbZaklDXz4R6SkAK7_QznQ,2020-03-07,-5,7,0,-8,4,2
AE,United Arab Emirates,Dubai,,,AE-DU,,ChIJRcbZaklDXz4R6SkAK7_QznQ,2020-03-08,-1,7,3,-10,1,3
AE,United Arab Emirates,Dubai,,,AE-DU,,ChIJRcbZaklDXz4R6SkAK7_QznQ,2020-03-09,-4,5,1,-11,0,4
AE,United Arab Emirates,Dubai,,,AE-DU,,ChIJRcbZaklDXz4R6SkAK7_QznQ,2020-03-10,-6,6,0,-12,-1,4
AE,United Arab Emirates,Dubai,,,AE-DU,,ChIJRcbZaklDXz4R6SkAK7_QznQ,2020-03-11,-6,6,-3,-13,-1,4
AE,United Arab Emirates,Dubai,,,AE-DU,,ChIJRcbZaklDXz4R6SkAK7_QznQ,2020-03-12,-10,6,-8,-16,-1,5
AE,United Arab Emirates,Dubai,,,AE-DU,,ChIJRcbZaklDXz4R6SkAK7_QznQ,2020-03-13,-22,2,-19,-21,-2,5
AE,United Arab Emirates,Dubai,,,AE-DU,,ChIJRcbZaklDXz4R6SkAK7_QznQ,2020-03-14,-16,4,-16,-18,1,4
AE,United Arab Emirates,Dubai,,,AE-DU,,ChIJRcbZaklDXz4R6SkAK7_QznQ,2020-03-15,-10,13,-15,-16,-3,5
AE,United Arab Emirates,Dubai,,,AE-DU,,ChIJRcbZaklDXz4R6SkAK7_QznQ,2020-03-16,-14,12,-19,-18,-7,7
AE,United Arab Emirates,Dubai,,,AE-DU,,ChIJRcbZaklDXz4R6SkAK7_QznQ,2020-03-17,-20,7,-23,-23,-10,9
AE,United Arab Emirates,Dubai,,,AE-DU,,ChIJRcbZaklDXz4R6SkAK7_QznQ,2020-03-18,-23,3,-26,-27,-12,10
AE,United Arab Emirates,Dubai,,,AE-DU,,ChIJRcbZaklDXz4R6SkAK7_QznQ,2020-03-19,-29,0,-30,-32,-14,12
AE,United Arab Emirates,Dubai,,,AE-DU,,ChIJRcbZaklDXz4R6SkAK7_QznQ,2020-03-20,-46,-12,-51,-45,-16,12
AE,United Arab Emirates,Dubai,,,AE-DU,,ChIJRcbZaklDXz4R6SkAK7_QznQ,2020-03-21,-40,-15,-45,-43,-10,11
AE,United Arab Emirates,Dubai,,,AE-DU,,ChIJRcbZaklDXz4R6SkAK7_QznQ,2020-03-22,-36,-14,-42,-45,-20,15
AE,United Arab Emirates,Dubai,,,AE-DU,,ChIJRcbZaklDXz4R6SkAK7_QznQ,2020-03-23,-34,16,-43,-48,-24,16
AE,United Arab Emirates,Dubai,,,AE-DU,,ChIJRcbZaklDXz4R6SkAK7_QznQ,2020-03-24,-48,-7,-49,-54,-33,20
AE,United Arab Emirates,Dubai,,,AE-DU,,ChIJRcbZaklDXz4R6SkAK7_QznQ,2020-03-25,-58,-20,-53,-62,-41,25
AE,United Arab Emirates,Dubai,,,AE-DU,,ChIJRcbZaklDXz4R6SkAK7_QznQ,2020-03-26,-63,-13,-59,-68,-47,30
AE,United Arab Emirates,Dubai,,,AE-DU,,ChIJRcbZaklDXz4R6SkAK7_QznQ,2020-03-27,-85,-63,-84,-85,-59,27
AE,United Arab Emirates,Dubai,,,AE-DU,,ChIJRcbZaklDXz4R6SkAK7_QznQ,2020-03-28,-80,-51,-74,-82,-63,32
AE,United Arab Emirates,Dubai,,,AE-DU,,ChIJRcbZaklDXz4R6SkAK7_QznQ,2020-03-29,-64,-28,-58,-71,-52,30
AE,United Arab Emirates,Dubai,,,AE-DU,,ChIJRcbZaklDXz4R6SkAK7_QznQ,2020-03-30,-65,-29,-59,-71,-52,30
AE,United Arab Emirates,Dubai,,,AE-DU,,ChIJRcbZaklDXz4R6SkAK7_QznQ,2020-03-31,-65,-28,-59,-71,-53,30
AE,United Arab Emirates,Dubai,,,AE-DU,,ChIJRcbZaklDXz4R6SkAK7_QznQ,2020-04-01,-65,-27,-59,-72,-53,31
AE,United Arab Emirates,Dubai,,,AE-DU,,ChIJRcbZaklDXz4R6SkAK7_QznQ,2020-04-02,-67,-29,-61,-73,-54,34
AE,United Arab Emirates,Dubai,,,AE-DU,,ChIJRcbZaklDXz4R6SkAK7_QznQ,2020-04-03,-78,-41,-79,-80,-52,24
AE,United Arab Emirates,Dubai,,,AE-DU,,ChIJRcbZaklDXz4R6SkAK7_QznQ,2020-04-04,-69,-31,-64,-73,-45,24
AE,United Arab Emirates,Dubai,,,AE-DU,,ChIJRcbZaklDXz4R6SkAK7_QznQ,2020-04-05,-78,-45,-70,-82,-70,40
AE,United Arab Emirates,Dubai,,,AE-DU,,ChIJRcbZaklDXz4R6SkAK7_QznQ,2020-04-06,-78,-44,-69,-81,-68,39
AE,United Arab Emirates,Dubai,,,AE-DU,,ChIJRcbZaklDXz4R6SkAK7_QznQ,2020-04-07,-77,-41,-77,-80,-66,38
AE,United Arab Emirates,Dubai,,,AE-DU,,ChIJRcbZaklDXz4R6SkAK7_QznQ,2020-04-08,-76,-41,-77,-81,-65,38
AE,United Arab Emirates,Dubai,,,AE-DU,,ChIJRcbZaklDXz4R6SkAK7_QznQ,2020-04-09,-77,-41,-78,-81,-65,40
AE,United Arab Emirates,Dubai,,,AE-DU,,ChIJRcbZaklDXz4R6SkAK7_QznQ,2020-04-10,-85,-55,-89,-86,-59,27
AE,United Arab Emirates,Dubai,,,AE-DU,,ChIJRcbZaklDXz4R6SkAK7_QznQ,2020-04-11,-78,-44,-81,-81,-56,30
AE,United Arab Emirates,Dubai,,,AE-DU,,ChIJRcbZaklDXz4R6SkAK7_QznQ,2020-04-12,-75,-39,-77,-81,-65,37
AE,United Arab Emirates,Dubai,,,AE-DU,,ChIJRcbZaklDXz4R6SkAK7_QznQ,2020-04-13,-76,-40,-76,-81,-65,37
AE,United Arab Emirates,Dubai,,,AE-DU,,ChIJRcbZaklDXz4R6SkAK7_QznQ,2020-04-14,-76,-41,-77,-81,-65,37
AE,United Arab Emirates,Dubai,,,AE-DU,,ChIJRcbZaklDXz4R6SkAK7_QznQ,2020-04-15,-76,-43,-78,-81,-65,38
AE,United Arab Emirates,Dubai,,,AE-DU,,ChIJRcbZaklDXz4R6SkAK7_QznQ,2020-04-16,-76,-42,-78,-81,-64,41
AE,United Arab Emirates,Dubai,,,AE-DU,,ChIJRcbZaklDXz4R6SkAK7_QznQ,2020-04-17,-84,-56,-88,-85,-58,27
AE,United Arab Emirates,Dubai,,,AE-DU,,ChIJRcbZaklDXz4R6SkAK7_QznQ,2020-04-18,-80,-50,-82,-81,-55,30
AE,United Arab Emirates,Dubai,,,AE-DU,,ChIJRcbZaklDXz4R6SkAK7_QznQ,2020-04-19,-76,-46,-78,-81,-63,37
AE,United Arab Emirates,Dubai,,,AE-DU,,ChIJRcbZaklDXz4R6SkAK7_QznQ,2020-04-20,-77,-47,-78,-80,-64,37
AE,United Arab Emirates,Dubai,,,AE-DU,,ChIJRcbZaklDXz4R6SkAK7_QznQ,2020-04-21,-77,-46,-79,-80,-64,37
AE,United Arab Emirates,Dubai,,,AE-DU,,ChIJRcbZaklDXz4R6SkAK7_QznQ,2020-04-22,-76,-44,-79,-80,-64,37
AE,United Arab Emirates,Dubai,,,AE-DU,,ChIJRcbZaklDXz4R6SkAK7_QznQ,2020-04-23,-76,-40,-80,-79,-64,40
AE,United Arab Emirates,Dubai,,,AE-DU,,ChIJRcbZaklDXz4R6SkAK7_QznQ,2020-04-24,-79,-44,-88,-81,-54,26
AE,United Arab Emirates,Dubai,,,AE-DU,,ChIJRcbZaklDXz4R6SkAK7_QznQ,2020-04-25,-70,-35,-80,-75,-47,28
AE,United Arab Emirates,Dubai,,,AE-DU,,ChIJRcbZaklDXz4R6SkAK7_QznQ,2020-04-26,-62,-28,-75,-70,-53,33
AE,United Arab Emirates,Dubai,,,AE-DU,,ChIJRcbZaklDXz4R6SkAK7_QznQ,2020-04-27,-63,-29,-75,-69,-52,33
AE,United Arab Emirates,Dubai,,,AE-DU,,ChIJRcbZaklDXz4R6SkAK7_QznQ,2020-04-28,-61,-27,-74,-67,-51,32
AE,United Arab Emirates,Dubai,,,AE-DU,,ChIJRcbZaklDXz4R6SkAK7_QznQ,2020-04-29,-61,-26,-74,-67,-50,33
AE,United Arab Emirates,Dubai,,,AE-DU,,ChIJRcbZaklDXz4R6SkAK7_QznQ,2020-04-30,-62,-26,-73,-66,-50,35
AE,United Arab Emirates,Dubai,,,AE-DU,,ChIJRcbZaklDXz4R6SkAK7_QznQ,2020-05-01,-71,-38,-85,-73,-46,23
AE,United Arab Emirates,Dubai,,,AE-DU,,ChIJRcbZaklDXz4R6SkAK7_QznQ,2020-05-02,-62,-29,-76,-65,-38,24
AE,United Arab Emirates,Dubai,,,AE-DU,,ChIJRcbZaklDXz4R6SkAK7_QznQ,2020-05-03,-57,-25,-71,-65,-48,31
AE,United Arab Emirates,Dubai,,,AE-DU,,ChIJRcbZaklDXz4R6SkAK7_QznQ,2020-05-04,-58,-25,-71,-65,-48,31
AE,United Arab Emirates,Dubai,,,AE-DU,,ChIJRcbZaklDXz4R6SkAK7_QznQ,2020-05-05,-58,-25,-71,-64,-48,31
AE,United Arab Emirates,Dubai,,,AE-DU,,ChIJRcbZaklDXz4R6SkAK7_QznQ,2020-05-06,-57,-21,-70,-62,-47,31
AE,United Arab Emirates,Dubai,,,AE-DU,,ChIJRcbZaklDXz4R6SkAK7_QznQ,2020-05-07,-59,-23,-71,-62,-47,33
AE,United Arab Emirates,Dubai,,,AE-DU,,ChIJRcbZaklDXz4R6SkAK7_QznQ,2020-05-08,-70,-36,-83,-72,-43,23
AE,United Arab Emirates,Dubai,,,AE-DU,,ChIJRcbZaklDXz4R6SkAK7_QznQ,2020-05-09,-59,-27,-73,-62,-34,23
AE,United Arab Emirates,Dubai,,,AE-DU,,ChIJRcbZaklDXz4R6SkAK7_QznQ,2020-05-10,-54,-20,-69,-60,-44,30
AE,United Arab Emirates,Dubai,,,AE-DU,,ChIJRcbZaklDXz4R6SkAK7_QznQ,2020-05-11,-56,-22,-69,-61,-45,31
AE,United Arab Emirates,Dubai,,,AE-DU,,ChIJRcbZaklDXz4R6SkAK7_QznQ,2020-05-12,-56,-21,-69,-61,-45,31
AE,United Arab Emirates,Dubai,,,AE-DU,,ChIJRcbZaklDXz4R6SkAK7_QznQ,2020-05-13,-56,-22,-69,-61,-46,31
AE,United Arab Emirates,Dubai,,,AE-DU,,ChIJRcbZaklDXz4R6SkAK7_QznQ,2020-05-14,-58,-20,-70,-61,-46,32
AE,United Arab Emirates,Dubai,,,AE-DU,,ChIJRcbZaklDXz4R6SkAK7_QznQ,2020-05-15,-68,-33,-82,-69,-40,22
AE,United Arab Emirates,Dubai,,,AE-DU,,ChIJRcbZaklDXz4R6SkAK7_QznQ,2020-05-16,-58,-23,-71,-60,-32,23
AE,United Arab Emirates,Dubai,,,AE-DU,,ChIJRcbZaklDXz4R6SkAK7_QznQ,2020-05-17,-53,-17,-68,-60,-44,30
AE,United Arab Emirates,Dubai,,,AE-DU,,ChIJRcbZaklDXz4R6SkAK7_QznQ,2020-05-18,-54,-19,-68,-59,-44,30
AE,United Arab Emirates,Dubai,,,AE-DU,,ChIJRcbZaklDXz4R6SkAK7_QznQ,2020-05-19,-55,-20,-68,-60,-45,30
AE,United Arab Emirates,Dubai,,,AE-DU,,ChIJRcbZaklDXz4R6SkAK7_QznQ,2020-05-20,-58,-24,-70,-61,-46,31
AE,United Arab Emirates,Dubai,,,AE-DU,,ChIJRcbZaklDXz4R6SkAK7_QznQ,2020-05-21,-58,-20,-71,-60,-45,33
AE,United Arab Emirates,Dubai,,,AE-DU,,ChIJRcbZaklDXz4R6SkAK7_QznQ,2020-05-22,-67,-29,-83,-69,-37,22
AE,United Arab Emirates,Dubai,,,AE-DU,,ChIJRcbZaklDXz4R6SkAK7_QznQ,2020-05-23,-60,-20,-76,-65,-48,27
AE,United Arab Emirates,Dubai,,,AE-DU,,ChIJRcbZaklDXz4R6SkAK7_QznQ,2020-05-24,-62,-31,-72,-72,-79,40
AE,United Arab Emirates,Dubai,,,AE-DU,,ChIJRcbZaklDXz4R6SkAK7_QznQ,2020-05-25,-57,-23,-70,-69,-75,38
AE,United Arab Emirates,Dubai,,,AE-DU,,ChIJRcbZaklDXz4R6SkAK7_QznQ,2020-05-26,-56,-23,-70,-66,-65,35
AE,United Arab Emirates,Dubai,,,AE-DU,,ChIJRcbZaklDXz4R6SkAK7_QznQ,2020-05-27,-47,-14,-65,-54,-39,25
AE,United Arab Emirates,Dubai,,,AE-DU,,ChIJRcbZaklDXz4R6SkAK7_QznQ,2020-05-28,-48,-15,-65,-55,-39,27
AE,United Arab Emirates,Dubai,,,AE-DU,,ChIJRcbZaklDXz4R6SkAK7_QznQ,2020-05-29,-59,-27,-73,-63,-33,19
AE,United Arab Emirates,Dubai,,,AE-DU,,ChIJRcbZaklDXz4R6SkAK7_QznQ,2020-05-30,-47,-18,-63,-54,-22,17
AE,United Arab Emirates,Dubai,,,AE-DU,,ChIJRcbZaklDXz4R6SkAK7_QznQ,2020-05-31,-41,-10,-61,-51,-33,22
AE,United Arab Emirates,Dubai,,,AE-DU,,ChIJRcbZaklDXz4R6SkAK7_QznQ,2020-06-01,-41,-10,-59,-50,-33,22
AE,United Arab Emirates,Dubai,,,AE-DU,,ChIJRcbZaklDXz4R6SkAK7_QznQ,2020-06-02,-43,-11,-60,-51,-34,23
AE,United Arab Emirates,Dubai,,,AE-DU,,ChIJRcbZaklDXz4R6SkAK7_QznQ,2020-06-03,-42,-11,-60,-50,-34,23
AE,United Arab Emirates,Dubai,,,AE-DU,,ChIJRcbZaklDXz4R6SkAK7_QznQ,2020-06-04,-44,-12,-61,-51,-33,24
AE,United Arab Emirates,Dubai,,,AE-DU,,ChIJRcbZaklDXz4R6SkAK7_QznQ,2020-06-05,-55,-22,-68,-60,-30,18
AE,United Arab Emirates,Dubai,,,AE-DU,,ChIJRcbZaklDXz4R6SkAK7_QznQ,2020-06-06,-45,-14,-61,-52,-20,17
AE,United Arab Emirates,Dubai,,,AE-DU,,ChIJRcbZaklDXz4R6SkAK7_QznQ,2020-06-07,-39,-9,-58,-50,-31,21
AE,United Arab Emirates,Dubai,,,AE-DU,,ChIJRcbZaklDXz4R6SkAK7_QznQ,2020-06-08,-41,-11,-58,-49,-30,21
AE,United Arab Emirates,Dubai,,,AE-DU,,ChIJRcbZaklDXz4R6SkAK7_QznQ,2020-06-09,-43,-13,-59,-51,-30,21
AE,United Arab Emirates,Dubai,,,AE-DU,,ChIJRcbZaklDXz4R6SkAK7_QznQ,2020-06-10,-42,-12,-59,-51,-31,22
AE,United Arab Emirates,Dubai,,,AE-DU,,ChIJRcbZaklDXz4R6SkAK7_QznQ,2020-06-11,-43,-11,-56,-51,-30,23
AE,United Arab Emirates,Dubai,,,AE-DU,,ChIJRcbZaklDXz4R6SkAK7_QznQ,2020-06-12,-53,-22,-65,-60,-26,17
AE,United Arab Emirates,Dubai,,,AE-DU,,ChIJRcbZaklDXz4R6SkAK7_QznQ,2020-06-13,-44,-15,-57,-52,-18,16
AE,United Arab Emirates,Dubai,,,AE-DU,,ChIJRcbZaklDXz4R6SkAK7_QznQ,2020-06-14,-38,-10,-54,-50,-29,20
AE,United Arab Emirates,Dubai,,,AE-DU,,ChIJRcbZaklDXz4R6SkAK7_QznQ,2020-06-15,-40,-12,-54,-49,-28,20
AE,United Arab Emirates,Dubai,,,AE-DU,,ChIJRcbZaklDXz4R6SkAK7_QznQ,2020-06-16,-41,-11,-54,-49,-28,20
AE,United Arab Emirates,Dubai,,,AE-DU,,ChIJRcbZaklDXz4R6SkAK7_QznQ,2020-06-17,-41,-11,-54,-49,-28,20
AE,United Arab Emirates,Dubai,,,AE-DU,,ChIJRcbZaklDXz4R6SkAK7_QznQ,2020-06-18,-42,-11,-56,-50,-28,21
AE,United Arab Emirates,Dubai,,,AE-DU,,ChIJRcbZaklDXz4R6SkAK7_QznQ,2020-06-19,-50,-20,-64,-58,-25,16
AE,United Arab Emirates,Dubai,,,AE-DU,,ChIJRcbZaklDXz4R6SkAK7_QznQ,2020-06-20,-42,-14,-58,-51,-17,14
AE,United Arab Emirates,Dubai,,,AE-DU,,ChIJRcbZaklDXz4R6SkAK7_QznQ,2020-06-21,-37,-10,-53,-49,-28,19
AE,United Arab Emirates,Dubai,,,AE-DU,,ChIJRcbZaklDXz4R6SkAK7_QznQ,2020-06-22,-38,-10,-51,-47,-28,19
AE,United Arab Emirates,Dubai,,,AE-DU,,ChIJRcbZaklDXz4R6SkAK7_QznQ,2020-06-23,-38,-10,-52,-47,-28,19
AE,United Arab Emirates,Dubai,,,AE-DU,,ChIJRcbZaklDXz4R6SkAK7_QznQ,2020-06-24,-38,-11,-53,-47,-27,19
AE,United Arab Emirates,Dubai,,,AE-DU,,ChIJRcbZaklDXz4R6SkAK7_QznQ,2020-06-25,-37,-8,-53,-47,-27,20
AE,United Arab Emirates,Dubai,,,AE-DU,,ChIJRcbZaklDXz4R6SkAK7_QznQ,2020-06-26,-45,-18,-62,-54,-22,15
AE,United Arab Emirates,Dubai,,,AE-DU,,ChIJRcbZaklDXz4R6SkAK7_QznQ,2020-06-27,-37,-11,-55,-48,-16,13
AE,United Arab Emirates,Dubai,,,AE-DU,,ChIJRcbZaklDXz4R6SkAK7_QznQ,2020-06-28,-32,-7,-52,-47,-25,17
AE,United Arab Emirates,Dubai,,,AE-DU,,ChIJRcbZaklDXz4R6SkAK7_QznQ,2020-06-29,-33,-7,-51,-46,-25,17
AE,United Arab Emirates,Dubai,,,AE-DU,,ChIJRcbZaklDXz4R6SkAK7_QznQ,2020-06-30,-33,-6,-49,-46,-25,17
AE,United Arab Emirates,Dubai,,,AE-DU,,ChIJRcbZaklDXz4R6SkAK7_QznQ,2020-07-01,-33,-6,-50,-46,-26,17
AE,United Arab Emirates,Dubai,,,AE-DU,,ChIJRcbZaklDXz4R6SkAK7_QznQ,2020-07-02,-33,-5,-50,-45,-26,18
AE,United Arab Emirates,Dubai,,,AE-DU,,ChIJRcbZaklDXz4R6SkAK7_QznQ,2020-07-03,-42,-14,-58,-51,-21,13
AE,United Arab Emirates,Dubai,,,AE-DU,,ChIJRcbZaklDXz4R6SkAK7_QznQ,2020-07-04,-35,-9,-54,-47,-15,12
AE,United Arab Emirates,Dubai,,,AE-DU,,ChIJRcbZaklDXz4R6SkAK7_QznQ,2020-07-05,-30,-4,-48,-45,-25,15
AE,United Arab Emirates,Dubai,,,AE-DU,,ChIJRcbZaklDXz4R6SkAK7_QznQ,2020-07-06,-32,-6,-49,-45,-25,16
AE,United Arab Emirates,Dubai,,,AE-DU,,ChIJRcbZaklDXz4R6SkAK7_QznQ,2020-07-07,-32,-5,-48,-44,-25,16
AE,United Arab Emirates,Dubai,,,AE-DU,,ChIJRcbZaklDXz4R6SkAK7_QznQ,2020-07-08,-33,-8,-50,-45,-25,16
AE,United Arab Emirates,Dubai,,,AE-DU,,ChIJRcbZaklDXz4R6SkAK7_QznQ,2020-07-09,-32,-5,-50,-44,-25,17
AE,United Arab Emirates,Dubai,,,AE-DU,,ChIJRcbZaklDXz4R6SkAK7_QznQ,2020-07-10,-41,-14,-58,-51,-20,13
AE,United Arab Emirates,Dubai,,,AE-DU,,ChIJRcbZaklDXz4R6SkAK7_QznQ,2020-07-11,-34,-9,-53,-47,-14,11
AE,United Arab Emirates,Dubai,,,AE-DU,,ChIJRcbZaklDXz4R6SkAK7_QznQ,2020-07-12,-29,-5,-48,-43,-24,15
AE,United Arab Emirates,Dubai,,,AE-DU,,ChIJRcbZaklDXz4R6SkAK7_QznQ,2020-07-13,-31,-7,-49,-43,-24,15
AE,United Arab Emirates,Dubai,,,AE-DU,,ChIJRcbZaklDXz4R6SkAK7_QznQ,2020-07-14,-32,-7,-49,-44,-25,15
AE,United Arab Emirates,Dubai,,,AE-DU,,ChIJRcbZaklDXz4R6SkAK7_QznQ,2020-07-15,-31,-6,-49,-44,-25,15
AE,United Arab Emirates,Dubai,,,AE-DU,,ChIJRcbZaklDXz4R6SkAK7_QznQ,2020-07-16,-32,-5,-49,-43,-24,16
AE,United Arab Emirates,Dubai,,,AE-DU,,ChIJRcbZaklDXz4R6SkAK7_QznQ,2020-07-17,-40,-13,-58,-51,-19,13
AE,United Arab Emirates,Dubai,,,AE-DU,,ChIJRcbZaklDXz4R6SkAK7_QznQ,2020-07-18,-33,-9,-53,-46,-13,11
AE,United Arab Emirates,Dubai,,,AE-DU,,ChIJRcbZaklDXz4R6SkAK7_QznQ,2020-07-19,-28,-4,-47,-43,-24,14
AE,United Arab Emirates,Dubai,,,AE-DU,,ChIJRcbZaklDXz4R6SkAK7_QznQ,2020-07-20,-30,-7,-48,-43,-24,14
AE,United Arab Emirates,Dubai,,,AE-DU,,ChIJRcbZaklDXz4R6SkAK7_QznQ,2020-07-21,-32,-8,-49,-44,-25,14
AE,United Arab Emirates,Dubai,,,AE-DU,,ChIJRcbZaklDXz4R6SkAK7_QznQ,2020-07-22,-31,-8,-49,-43,-23,14
AE,United Arab Emirates,Dubai,,,AE-DU,,ChIJRcbZaklDXz4R6SkAK7_QznQ,2020-07-23,-31,-6,-48,-43,-23,15
AE,United Arab Emirates,Dubai,,,AE-DU,,ChIJRcbZaklDXz4R6SkAK7_QznQ,2020-07-24,-39,-14,-57,-50,-17,12
AE,United Arab Emirates,Dubai,,,AE-DU,,ChIJRcbZaklDXz4R6SkAK7_QznQ,2020-07-25,-31,-8,-51,-44,-13,10
AE,United Arab Emirates,Dubai,,,AE-DU,,ChIJRcbZaklDXz4R6SkAK7_QznQ,2020-07-26,-26,-3,-46,-41,-23,13
AE,United Arab Emirates,Dubai,,,AE-DU,,ChIJRcbZaklDXz4R6SkAK7_QznQ,2020-07-27,-26,-3,-47,-41,-24,13
AE,United Arab Emirates,Dubai,,,AE-DU,,ChIJRcbZaklDXz4R6SkAK7_QznQ,2020-07-28,-26,-1,-47,-41,-24,13
AE,United Arab Emirates,Dubai,,,AE-DU,,ChIJRcbZaklDXz4R6SkAK7_QznQ,2020-07-29,-19,9,-45,-37,-23,11
AE,United Arab Emirates,Dubai,,,AE-DU,,ChIJRcbZaklDXz4R6SkAK7_QznQ,2020-07-30,-29,13,-50,-50,-60,27
AE,United Arab Emirates,Dubai,,,AE-DU,,ChIJRcbZaklDXz4R6SkAK7_QznQ,2020-07-31,-36,-14,-49,-45,-27,10
AE,United Arab Emirates,Dubai,,,AE-DU,,ChIJRcbZaklDXz4R6SkAK7_QznQ,2020-08-01,-27,-6,-36,-47,-55,17
AE,United Arab Emirates,Dubai,,,AE-DU,,ChIJRcbZaklDXz4R6SkAK7_QznQ,2020-08-02,-20,5,-40,-52,-61,24
AE,United Arab Emirates,Dubai,,,AE-DU,,ChIJRcbZaklDXz4R6SkAK7_QznQ,2020-08-03,-27,-4,-48,-42,-24,13
AE,United Arab Emirates,Dubai,,,AE-DU,,ChIJRcbZaklDXz4R6SkAK7_QznQ,2020-08-04,-27,-3,-49,-41,-24,13
AE,United Arab Emirates,Dubai,,,AE-DU,,ChIJRcbZaklDXz4R6SkAK7_QznQ,2020-08-05,-27,-4,-49,-40,-24,13
AE,United Arab Emirates,Dubai,,,AE-DU,,ChIJRcbZaklDXz4R6SkAK7_QznQ,2020-08-06,-28,-4,-50,-41,-24,14
AE,United Arab Emirates,Dubai,,,AE-DU,,ChIJRcbZaklDXz4R6SkAK7_QznQ,2020-08-07,-38,-15,-61,-50,-18,12
AE,United Arab Emirates,Dubai,,,AE-DU,,ChIJRcbZaklDXz4R6SkAK7_QznQ,2020-08-08,-30,-7,-52,-43,-14,9
AE,United Arab Emirates,Dubai,,,AE-DU,,ChIJRcbZaklDXz4R6SkAK7_QznQ,2020-08-09,-24,-2,-45,-40,-23,11
AE,United Arab Emirates,Dubai,,,AE-DU,,ChIJRcbZaklDXz4R6SkAK7_QznQ,2020-08-10,-26,-4,-46,-39,-23,12
AE,United Arab Emirates,Dubai,,,AE-DU,,ChIJRcbZaklDXz4R6SkAK7_QznQ,2020-08-11,-28,-5,-48,-42,-24,12
AE,United Arab Emirates,Dubai,,,AE-DU,,ChIJRcbZaklDXz4R6SkAK7_QznQ,2020-08-12,-27,-5,-48,-42,-24,12
AE,United Arab Emirates,Dubai,,,AE-DU,,ChIJRcbZaklDXz4R6SkAK7_QznQ,2020-08-13,-27,-3,-48,-41,-24,13
AE,United Arab Emirates,Dubai,,,AE-DU,,ChIJRcbZaklDXz4R6SkAK7_QznQ,2020-08-14,-35,-12,-57,-47,-18,11
AE,United Arab Emirates,Dubai,,,AE-DU,,ChIJRcbZaklDXz4R6SkAK7_QznQ,2020-08-15,-29,-7,-50,-42,-14,9
AE,United Arab Emirates,Dubai,,,AE-DU,,ChIJRcbZaklDXz4R6SkAK7_QznQ,2020-08-16,-24,-3,-46,-41,-23,11
AE,United Arab Emirates,Dubai,,,AE-DU,,ChIJRcbZaklDXz4R6SkAK7_QznQ,2020-08-17,-26,-5,-46,-40,-23,11
AE,United Arab Emirates,Dubai,,,AE-DU,,ChIJRcbZaklDXz4R6SkAK7_QznQ,2020-08-18,-28,-6,-48,-41,-23,12
AE,United Arab Emirates,Dubai,,,AE-DU,,ChIJRcbZaklDXz4R6SkAK7_QznQ,2020-08-19,-27,-6,-48,-41,-23,12
AE,United Arab Emirates,Dubai,,,AE-DU,,ChIJRcbZaklDXz4R6SkAK7_QznQ,2020-08-20,-29,-7,-50,-42,-24,12
AE,United Arab Emirates,Dubai,,,AE-DU,,ChIJRcbZaklDXz4R6SkAK7_QznQ,2020-08-21,-38,-15,-61,-48,-18,11
AE,United Arab Emirates,Dubai,,,AE-DU,,ChIJRcbZaklDXz4R6SkAK7_QznQ,2020-08-22,-29,-8,-49,-43,-17,8
AE,United Arab Emirates,Dubai,,,AE-DU,,ChIJRcbZaklDXz4R6SkAK7_QznQ,2020-08-23,-25,1,-44,-52,-61,25
AE,United Arab Emirates,Dubai,,,AE-DU,,ChIJRcbZaklDXz4R6SkAK7_QznQ,2020-08-24,-29,-8,-47,-41,-22,11
AE,United Arab Emirates,Dubai,,,AE-DU,,ChIJRcbZaklDXz4R6SkAK7_QznQ,2020-08-25,-29,-6,-47,-40,-23,11
AE,United Arab Emirates,Dubai,,,AE-DU,,ChIJRcbZaklDXz4R6SkAK7_QznQ,2020-08-26,-28,-5,-47,-40,-22,11
AE,United Arab Emirates,Dubai,,,AE-DU,,ChIJRcbZaklDXz4R6SkAK7_QznQ,2020-08-27,-26,-3,-47,-39,-22,11
AE,United Arab Emirates,Dubai,,,AE-DU,,ChIJRcbZaklDXz4R6SkAK7_QznQ,2020-08-28,-36,-11,-59,-45,-16,10
AE,United Arab Emirates,Dubai,,,AE-DU,,ChIJRcbZaklDXz4R6SkAK7_QznQ,2020-08-29,-29,-5,-52,-41,-13,8
AE,United Arab Emirates,Dubai,,,AE-DU,,ChIJRcbZaklDXz4R6SkAK7_QznQ,2020-08-30,-24,1,-44,-39,-23,10
AE,United Arab Emirates,Dubai,,,AE-DU,,ChIJRcbZaklDXz4R6SkAK7_QznQ,2020-08-31,-25,-3,-46,-40,-24,11
AE,United Arab Emirates,Dubai,,,AE-DU,,ChIJRcbZaklDXz4R6SkAK7_QznQ,2020-09-01,-27,-2,-46,-38,-23,10
AE,United Arab Emirates,Dubai,,,AE-DU,,ChIJRcbZaklDXz4R6SkAK7_QznQ,2020-09-02,-27,-3,-47,-40,-23,10
AE,United Arab Emirates,Dubai,,,AE-DU,,ChIJRcbZaklDXz4R6SkAK7_QznQ,2020-09-03,-26,-1,-45,-40,-23,11
AE,United Arab Emirates,Dubai,,,AE-DU,,ChIJRcbZaklDXz4R6SkAK7_QznQ,2020-09-04,-33,-8,-55,-44,-18,9
AE,United Arab Emirates,Dubai,,,AE-DU,,ChIJRcbZaklDXz4R6SkAK7_QznQ,2020-09-05,-26,-2,-49,-40,-15,7
AE,United Arab Emirates,Dubai,,,AE-DU,,ChIJRcbZaklDXz4R6SkAK7_QznQ,2020-09-06,-23,1,-41,-38,-23,10
AE,United Arab Emirates,Dubai,,,AE-DU,,ChIJRcbZaklDXz4R6SkAK7_QznQ,2020-09-07,-25,-2,-43,-38,-23,10
AE,United Arab Emirates,Dubai,,,AE-DU,,ChIJRcbZaklDXz4R6SkAK7_QznQ,2020-09-08,-27,-2,-44,-38,-24,10
AE,United Arab Emirates,Dubai,,,AE-DU,,ChIJRcbZaklDXz4R6SkAK7_QznQ,2020-09-09,-27,-4,-45,-40,-23,10
AE,United Arab Emirates,Dubai,,,AE-DU,,ChIJRcbZaklDXz4R6SkAK7_QznQ,2020-09-10,-25,-1,-43,-38,-23,11
AE,United Arab Emirates,Dubai,,,AE-DU,,ChIJRcbZaklDXz4R6SkAK7_QznQ,2020-09-11,-34,-8,-52,-44,-19,9
AE,United Arab Emirates,Dubai,,,AE-DU,,ChIJRcbZaklDXz4R6SkAK7_QznQ,2020-09-12,-28,-3,-46,-40,-15,8
AE,United Arab Emirates,Dubai,,,AE-DU,,ChIJRcbZaklDXz4R6SkAK7_QznQ,2020-09-13,-24,1,-38,-37,-22,10
AE,United Arab Emirates,Dubai,,,AE-DU,,ChIJRcbZaklDXz4R6SkAK7_QznQ,2020-09-14,-26,-3,-40,-39,-21,11
AE,United Arab Emirates,Dubai,,,AE-DU,,ChIJRcbZaklDXz4R6SkAK7_QznQ,2020-09-15,-27,-2,-41,-38,-21,11
AE,United Arab Emirates,Dubai,,,AE-DU,,ChIJRcbZaklDXz4R6SkAK7_QznQ,2020-09-16,-27,-3,-42,-39,-22,11
AE,United Arab Emirates,Dubai,,,AE-DU,,ChIJRcbZaklDXz4R6SkAK7_QznQ,2020-09-17,-26,-4,-44,-41,-23,11
AE,United Arab Emirates,Dubai,,,AE-DU,,ChIJRcbZaklDXz4R6SkAK7_QznQ,2020-09-18,-34,-10,-52,-46,-19,10
AE,United Arab Emirates,Dubai,,,AE-DU,,ChIJRcbZaklDXz4R6SkAK7_QznQ,2020-09-19,-29,-6,-48,-42,-15,8
AE,United Arab Emirates,Dubai,,,AE-DU,,ChIJRcbZaklDXz4R6SkAK7_QznQ,2020-09-20,-25,-3,-42,-39,-21,10
AE,United Arab Emirates,Dubai,,,AE-DU,,ChIJRcbZaklDXz4R6SkAK7_QznQ,2020-09-21,-28,-5,-44,-40,-23,11
AE,United Arab Emirates,Dubai,,,AE-DU,,ChIJRcbZaklDXz4R6SkAK7_QznQ,2020-09-22,-30,-7,-48,-40,-22,11
AE,United Arab Emirates,Dubai,,,AE-DU,,ChIJRcbZaklDXz4R6SkAK7_QznQ,2020-09-23,-31,-8,-49,-42,-21,11
AE,United Arab Emirates,Dubai,,,AE-DU,,ChIJRcbZaklDXz4R6SkAK7_QznQ,2020-09-24,-30,-6,-48,-42,-22,12
AE,United Arab Emirates,Dubai,,,AE-DU,,ChIJRcbZaklDXz4R6SkAK7_QznQ,2020-09-25,-36,-12,-53,-46,-18,10
AE,United Arab Emirates,Dubai,,,AE-DU,,ChIJRcbZaklDXz4R6SkAK7_QznQ,2020-09-26,-31,-7,-50,-41,-14,8
AE,United Arab Emirates,Dubai,,,AE-DU,,ChIJRcbZaklDXz4R6SkAK7_QznQ,2020-09-27,-27,-2,-46,-38,-21,11
AE,United Arab Emirates,Dubai,,,AE-DU,,ChIJRcbZaklDXz4R6SkAK7_QznQ,2020-09-28,-29,-6,-48,-39,-21,11
AE,United Arab Emirates,Dubai,,,AE-DU,,ChIJRcbZaklDXz4R6SkAK7_QznQ,2020-09-29,-29,-4,-48,-39,-21,11
AE,United Arab Emirates,Dubai,,,AE-DU,,ChIJRcbZaklDXz4R6SkAK7_QznQ,2020-09-30,-27,-2,-46,-37,-22,10
AE,United Arab Emirates,Dubai,,,AE-DU,,ChIJRcbZaklDXz4R6SkAK7_QznQ,2020-10-01,-26,1,-43,-38,-22,10
AE,United Arab Emirates,Dubai,,,AE-DU,,ChIJRcbZaklDXz4R6SkAK7_QznQ,2020-10-02,-32,-5,-47,-39,-18,8
AE,United Arab Emirates,Dubai,,,AE-DU,,ChIJRcbZaklDXz4R6SkAK7_QznQ,2020-10-03,-28,-1,-46,-37,-16,7
AE,United Arab Emirates,Dubai,,,AE-DU,,ChIJRcbZaklDXz4R6SkAK7_QznQ,2020-10-04,-25,1,-39,-34,-22,9
AE,United Arab Emirates,Dubai,,,AE-DU,,ChIJRcbZaklDXz4R6SkAK7_QznQ,2020-10-05,-27,-3,-41,-36,-22,10
AE,United Arab Emirates,Dubai,,,AE-DU,,ChIJRcbZaklDXz4R6SkAK7_QznQ,2020-10-06,-28,-3,-43,-36,-23,10
AE,United Arab Emirates,Dubai,,,AE-DU,,ChIJRcbZaklDXz4R6SkAK7_QznQ,2020-10-07,-28,-3,-43,-37,-21,10
AE,United Arab Emirates,Dubai,,,AE-DU,,ChIJRcbZaklDXz4R6SkAK7_QznQ,2020-10-08,-27,0,-41,-36,-22,10
AE,United Arab Emirates,Dubai,,,AE-DU,,ChIJRcbZaklDXz4R6SkAK7_QznQ,2020-10-09,-32,-7,-45,-41,-18,8
AE,United Arab Emirates,Dubai,,,AE-DU,,ChIJRcbZaklDXz4R6SkAK7_QznQ,2020-10-10,-29,-5,-44,-38,-14,8
AE,United Arab Emirates,Dubai,,,AE-DU,,ChIJRcbZaklDXz4R6SkAK7_QznQ,2020-10-11,-26,0,-38,-35,-20,10
AE,United Arab Emirates,Dubai,,,AE-DU,,ChIJRcbZaklDXz4R6SkAK7_QznQ,2020-10-12,-28,-3,-39,-36,-21,10
AE,United Arab Emirates,Dubai,,,AE-DU,,ChIJRcbZaklDXz4R6SkAK7_QznQ,2020-10-13,-28,-3,-40,-36,-21,10
AE,United Arab Emirates,Dubai,,,AE-DU,,ChIJRcbZaklDXz4R6SkAK7_QznQ,2020-10-14,-27,-3,-41,-36,-21,11
AE,United Arab Emirates,Dubai,,,AE-DU,,ChIJRcbZaklDXz4R6SkAK7_QznQ,2020-10-15,-25,0,-39,-35,-21,11
AE,United Arab Emirates,Dubai,,,AE-DU,,ChIJRcbZaklDXz4R6SkAK7_QznQ,2020-10-16,-32,-5,-39,-38,-18,8
AE,United Arab Emirates,Dubai,,,AE-DU,,ChIJRcbZaklDXz4R6SkAK7_QznQ,2020-10-17,-28,-3,-41,-36,-15,8
AE,United Arab Emirates,Dubai,,,AE-DU,,ChIJRcbZaklDXz4R6SkAK7_QznQ,2020-10-18,-24,0,-37,-34,-22,10
AE,United Arab Emirates,Dubai,,,AE-DU,,ChIJRcbZaklDXz4R6SkAK7_QznQ,2020-10-19,-26,-3,-38,-35,-22,11
AE,United Arab Emirates,Dubai,,,AE-DU,,ChIJRcbZaklDXz4R6SkAK7_QznQ,2020-10-20,-27,-5,-38,-36,-23,10
AE,United Arab Emirates,Dubai,,,AE-DU,,ChIJRcbZaklDXz4R6SkAK7_QznQ,2020-10-21,-26,-3,-36,-35,-22,11
AE,United Arab Emirates,Dubai,,,AE-DU,,ChIJRcbZaklDXz4R6SkAK7_QznQ,2020-10-22,-24,1,-30,-34,-22,11
AE,United Arab Emirates,Dubai,,,AE-DU,,ChIJRcbZaklDXz4R6SkAK7_QznQ,2020-10-23,-31,-5,-31,-39,-17,8
AE,United Arab Emirates,Dubai,,,AE-DU,,ChIJRcbZaklDXz4R6SkAK7_QznQ,2020-10-24,-27,-3,-35,-36,-13,7
AE,United Arab Emirates,Dubai,,,AE-DU,,ChIJRcbZaklDXz4R6SkAK7_QznQ,2020-10-25,-22,2,-30,-33,-20,10
AE,United Arab Emirates,Dubai,,,AE-DU,,ChIJRcbZaklDXz4R6SkAK7_QznQ,2020-10-26,-23,0,-32,-33,-20,10
AE,United Arab Emirates,Dubai,,,AE-DU,,ChIJRcbZaklDXz4R6SkAK7_QznQ,2020-10-27,-23,1,-33,-33,-21,9
AE,United Arab Emirates,Dubai,,,AE-DU,,ChIJRcbZaklDXz4R6SkAK7_QznQ,2020-10-28,-17,7,-28,-30,-20,7
AE,United Arab Emirates,Dubai,,,AE-DU,,ChIJRcbZaklDXz4R6SkAK7_QznQ,2020-10-29,-18,8,-10,-45,-60,22
AE,United Arab Emirates,Dubai,,,AE-DU,,ChIJRcbZaklDXz4R6SkAK7_QznQ,2020-10-30,-29,-6,-28,-38,-18,6
AE,United Arab Emirates,Dubai,,,AE-DU,,ChIJRcbZaklDXz4R6SkAK7_QznQ,2020-10-31,-26,-4,-34,-38,-14,6
AE,United Arab Emirates,Dubai,,,AE-DU,,ChIJRcbZaklDXz4R6SkAK7_QznQ,2020-11-01,-21,4,-31,-34,-20,9
AE,United Arab Emirates,Dubai,,,AE-DU,,ChIJRcbZaklDXz4R6SkAK7_QznQ,2020-11-02,-23,1,-33,-34,-20,9
AE,United Arab Emirates,Dubai,,,AE-DU,,ChIJRcbZaklDXz4R6SkAK7_QznQ,2020-11-03,-23,1,-32,-34,-21,9
AE,United Arab Emirates,Dubai,,,AE-DU,,ChIJRcbZaklDXz4R6SkAK7_QznQ,2020-11-04,-23,0,-34,-34,-20,10
AE,United Arab Emirates,Dubai,,,AE-DU,,ChIJRcbZaklDXz4R6SkAK7_QznQ,2020-11-05,-22,1,-32,-34,-21,10
AE,United Arab Emirates,Dubai,,,AE-DU,,ChIJRcbZaklDXz4R6SkAK7_QznQ,2020-11-06,-27,-3,-30,-37,-17,7
AE,United Arab Emirates,Dubai,,,AE-DU,,ChIJRcbZaklDXz4R6SkAK7_QznQ,2020-11-07,-24,-2,-34,-36,-14,7
AE,United Arab Emirates,Dubai,,,AE-DU,,ChIJRcbZaklDXz4R6SkAK7_QznQ,2020-11-08,-21,0,-32,-34,-20,9
AE,United Arab Emirates,Dubai,,,AE-DU,,ChIJRcbZaklDXz4R6SkAK7_QznQ,2020-11-09,-23,-1,-33,-34,-20,10
AE,United Arab Emirates,Dubai,,,AE-DU,,ChIJRcbZaklDXz4R6SkAK7_QznQ,2020-11-10,-23,-2,-34,-34,-21,9
AE,United Arab Emirates,Dubai,,,AE-DU,,ChIJRcbZaklDXz4R6SkAK7_QznQ,2020-11-11,-22,1,-34,-34,-20,9
AE,United Arab Emirates,Dubai,,,AE-DU,,ChIJRcbZaklDXz4R6SkAK7_QznQ,2020-11-12,-21,3,-31,-33,-21,9
AE,United Arab Emirates,Dubai,,,AE-DU,,ChIJRcbZaklDXz4R6SkAK7_QznQ,2020-11-13,-25,1,-28,-36,-15,6
AE,United Arab Emirates,Dubai,,,AE-DU,,ChIJRcbZaklDXz4R6SkAK7_QznQ,2020-11-14,-23,0,-33,-35,-16,7
AE,United Arab Emirates,Dubai,,,AE-DU,,ChIJRcbZaklDXz4R6SkAK7_QznQ,2020-11-15,-20,2,-29,-33,-21,10
AE,United Arab Emirates,Dubai,,,AE-DU,,ChIJRcbZaklDXz4R6SkAK7_QznQ,2020-11-16,-23,-2,-31,-34,-21,9
AE,United Arab Emirates,Dubai,,,AE-DU,,ChIJRcbZaklDXz4R6SkAK7_QznQ,2020-11-17,-24,-3,-33,-34,-21,10
AE,United Arab Emirates,Dubai,,,AE-DU,,ChIJRcbZaklDXz4R6SkAK7_QznQ,2020-11-18,-23,-2,-34,-35,-20,10
AE,United Arab Emirates,Dubai,,,AE-DU,,ChIJRcbZaklDXz4R6SkAK7_QznQ,2020-11-19,-22,-1,-33,-35,-21,10
AE,United Arab Emirates,Dubai,,,AE-DU,,ChIJRcbZaklDXz4R6SkAK7_QznQ,2020-11-20,-27,-5,-33,-37,-16,7
AE,United Arab Emirates,Dubai,,,AE-DU,,ChIJRcbZaklDXz4R6SkAK7_QznQ,2020-11-21,-24,-4,-37,-36,-13,6
AE,United Arab Emirates,Dubai,,,AE-DU,,ChIJRcbZaklDXz4R6SkAK7_QznQ,2020-11-22,-21,-1,-32,-33,-19,9
AE,United Arab Emirates,Dubai,,,AE-DU,,ChIJRcbZaklDXz4R6SkAK7_QznQ,2020-11-23,-23,-4,-35,-34,-20,9
AE,United Arab Emirates,Dubai,,,AE-DU,,ChIJRcbZaklDXz4R6SkAK7_QznQ,2020-11-24,-24,-3,-35,-35,-20,9
AE,United Arab Emirates,Dubai,,,AE-DU,,ChIJRcbZaklDXz4R6SkAK7_QznQ,2020-11-25,-22,-2,-36,-34,-19,9
AE,United Arab Emirates,Dubai,,,AE-DU,,ChIJRcbZaklDXz4R6SkAK7_QznQ,2020-11-26,-19,2,-33,-32,-20,9
AE,United Arab Emirates,Dubai,,,AE-DU,,ChIJRcbZaklDXz4R6SkAK7_QznQ,2020-11-27,-23,-1,-33,-32,-13,6
AE,United Arab Emirates,Dubai,,,AE-DU,,ChIJRcbZaklDXz4R6SkAK7_QznQ,2020-11-28,-20,0,-37,-32,-12,5
AE,United Arab Emirates,Dubai,,,AE-DU,,ChIJRcbZaklDXz4R6SkAK7_QznQ,2020-11-29,-16,4,-31,-30,-19,8
AE,United Arab Emirates,Dubai,,,AE-DU,,ChIJRcbZaklDXz4R6SkAK7_QznQ,2020-11-30,-12,8,-27,-28,-20,6
AE,United Arab Emirates,Dubai,,,AE-DU,,ChIJRcbZaklDXz4R6SkAK7_QznQ,2020-12-01,-6,18,2,-36,-57,17
AE,United Arab Emirates,Dubai,,,AE-DU,,ChIJRcbZaklDXz4R6SkAK7_QznQ,2020-12-02,-5,17,18,-37,-65,20
AE,United Arab Emirates,Dubai,,,AE-DU,,ChIJRcbZaklDXz4R6SkAK7_QznQ,2020-12-03,-17,6,-1,-41,-60,21
AE,United Arab Emirates,Dubai,,,AE-DU,,ChIJRcbZaklDXz4R6SkAK7_QznQ,2020-12-04,-28,-7,-27,-35,-15,6
AE,United Arab Emirates,Dubai,,,AE-DU,,ChIJRcbZaklDXz4R6SkAK7_QznQ,2020-12-05,-24,-3,-34,-34,-12,6
AE,United Arab Emirates,Dubai,,,AE-DU,,ChIJRcbZaklDXz4R6SkAK7_QznQ,2020-12-06,-18,3,-30,-30,-19,8
AE,United Arab Emirates,Dubai,,,AE-DU,,ChIJRcbZaklDXz4R6SkAK7_QznQ,2020-12-07,-19,1,-31,-31,-20,8
AE,United Arab Emirates,Dubai,,,AE-DU,,ChIJRcbZaklDXz4R6SkAK7_QznQ,2020-12-08,-20,1,-31,-32,-19,8
AE,United Arab Emirates,Dubai,,,AE-DU,,ChIJRcbZaklDXz4R6SkAK7_QznQ,2020-12-09,-19,1,-31,-32,-20,8
AE,United Arab Emirates,Dubai,,,AE-DU,,ChIJRcbZaklDXz4R6SkAK7_QznQ,2020-12-10,-19,1,-28,-31,-20,9
AE,United Arab Emirates,Dubai,,,AE-DU,,ChIJRcbZaklDXz4R6SkAK7_QznQ,2020-12-11,-24,-1,-25,-31,-12,6
AE,United Arab Emirates,Dubai,,,AE-DU,,ChIJRcbZaklDXz4R6SkAK7_QznQ,2020-12-12,-21,-1,-29,-31,-12,5
AE,United Arab Emirates,Dubai,,,AE-DU,,ChIJRcbZaklDXz4R6SkAK7_QznQ,2020-12-13,-15,4,-20,-28,-21,9
AE,United Arab Emirates,Dubai,,,AE-DU,,ChIJRcbZaklDXz4R6SkAK7_QznQ,2020-12-14,-17,0,-24,-29,-22,9
AE,United Arab Emirates,Dubai,,,AE-DU,,ChIJRcbZaklDXz4R6SkAK7_QznQ,2020-12-15,-17,2,-25,-29,-22,9
AE,United Arab Emirates,Dubai,,,AE-DU,,ChIJRcbZaklDXz4R6SkAK7_QznQ,2020-12-16,-17,2,-24,-29,-22,9
AE,United Arab Emirates,Dubai,,,AE-DU,,ChIJRcbZaklDXz4R6SkAK7_QznQ,2020-12-17,-17,3,-24,-29,-22,9
AE,United Arab Emirates,Dubai,,,AE-DU,,ChIJRcbZaklDXz4R6SkAK7_QznQ,2020-12-18,-21,0,-21,-28,-12,5
AE,United Arab Emirates,Dubai,,,AE-DU,,ChIJRcbZaklDXz4R6SkAK7_QznQ,2020-12-19,-18,0,-26,-29,-12,5
AE,United Arab Emirates,Dubai,,,AE-DU,,ChIJRcbZaklDXz4R6SkAK7_QznQ,2020-12-20,-11,6,-17,-25,-22,8
AE,United Arab Emirates,Dubai,,,AE-DU,,ChIJRcbZaklDXz4R6SkAK7_QznQ,2020-12-21,-13,3,-20,-27,-23,9
AE,United Arab Emirates,Dubai,,,AE-DU,,ChIJRcbZaklDXz4R6SkAK7_QznQ,2020-12-22,-14,4,-23,-29,-23,8
AE,United Arab Emirates,Dubai,,,AE-DU,,ChIJRcbZaklDXz4R6SkAK7_QznQ,2020-12-23,-11,10,-22,-28,-22,8
AE,United Arab Emirates,Dubai,,,AE-DU,,ChIJRcbZaklDXz4R6SkAK7_QznQ,2020-12-24,-13,12,-21,-29,-25,10
AE,United Arab Emirates,Dubai,,,AE-DU,,ChIJRcbZaklDXz4R6SkAK7_QznQ,2020-12-25,-21,-3,-19,-30,-15,5
AE,United Arab Emirates,Dubai,,,AE-DU,,ChIJRcbZaklDXz4R6SkAK7_QznQ,2020-12-26,-17,1,-25,-28,-13,5
AE,United Arab Emirates,Dubai,,,AE-DU,,ChIJRcbZaklDXz4R6SkAK7_QznQ,2020-12-27,-9,6,-17,-27,-23,9
AE,United Arab Emirates,Dubai,,,AE-DU,,ChIJRcbZaklDXz4R6SkAK7_QznQ,2020-12-28,-10,5,-17,-28,-24,9
AE,United Arab Emirates,Dubai,,,AE-DU,,ChIJRcbZaklDXz4R6SkAK7_QznQ,2020-12-29,-11,6,-18,-29,-24,8
AE,United Arab Emirates,Dubai,,,AE-DU,,ChIJRcbZaklDXz4R6SkAK7_QznQ,2020-12-30,-7,12,-17,-27,-23,8
AE,United Arab Emirates,Dubai,,,AE-DU,,ChIJRcbZaklDXz4R6SkAK7_QznQ,2020-12-31,-12,15,-2,-29,-28,11
AE,United Arab Emirates,Dubai,,,AE-DU,,ChIJRcbZaklDXz4R6SkAK7_QznQ,2021-01-01,-21,-4,-16,-29,-20,5
AE,United Arab Emirates,Dubai,,,AE-DU,,ChIJRcbZaklDXz4R6SkAK7_QznQ,2021-01-02,-19,3,-27,-30,-13,6
AE,United Arab Emirates,Dubai,,,AE-DU,,ChIJRcbZaklDXz4R6SkAK7_QznQ,2021-01-03,-14,8,-24,-26,-19,9
AE,United Arab Emirates,Dubai,,,AE-DU,,ChIJRcbZaklDXz4R6SkAK7_QznQ,2021-01-04,-17,4,-27,-28,-19,9
AE,United Arab Emirates,Dubai,,,AE-DU,,ChIJRcbZaklDXz4R6SkAK7_QznQ,2021-01-05,-19,2,-30,-30,-20,9
AE,United Arab Emirates,Dubai,,,AE-DU,,ChIJRcbZaklDXz4R6SkAK7_QznQ,2021-01-06,-18,2,-31,-29,-20,9
AE,United Arab Emirates,Dubai,,,AE-DU,,ChIJRcbZaklDXz4R6SkAK7_QznQ,2021-01-07,-19,2,-30,-31,-20,10
AE,United Arab Emirates,Dubai,,,AE-DU,,ChIJRcbZaklDXz4R6SkAK7_QznQ,2021-01-08,-23,1,-26,-30,-13,6
AE,United Arab Emirates,Dubai,,,AE-DU,,ChIJRcbZaklDXz4R6SkAK7_QznQ,2021-01-09,-20,1,-31,-29,-12,6
AE,United Arab Emirates,Dubai,,,AE-DU,,ChIJRcbZaklDXz4R6SkAK7_QznQ,2021-01-10,-17,5,-28,-27,-19,9
AE,United Arab Emirates,Dubai,,,AE-DU,,ChIJRcbZaklDXz4R6SkAK7_QznQ,2021-01-11,-20,1,-29,-29,-20,9
AE,United Arab Emirates,Dubai,,,AE-DU,,ChIJRcbZaklDXz4R6SkAK7_QznQ,2021-01-12,-21,-1,-31,-32,-21,9
AE,United Arab Emirates,Dubai,,,AE-DU,,ChIJRcbZaklDXz4R6SkAK7_QznQ,2021-01-13,-21,-1,-31,-32,-22,8
AE,United Arab Emirates,Dubai,,,AE-DU,,ChIJRcbZaklDXz4R6SkAK7_QznQ,2021-01-14,-22,-2,-27,-34,-25,8
AE,United Arab Emirates,Dubai,,,AE-DU,,ChIJRcbZaklDXz4R6SkAK7_QznQ,2021-01-15,-26,-6,-22,-34,-21,4
AE,United Arab Emirates,Dubai,,,AE-DU,,ChIJRcbZaklDXz4R6SkAK7_QznQ,2021-01-16,-25,-7,-30,-34,-20,5
AE,United Arab Emirates,Dubai,,,AE-DU,,ChIJRcbZaklDXz4R6SkAK7_QznQ,2021-01-17,-21,-3,-28,-32,-26,8
AE,United Arab Emirates,Dubai,,,AE-DU,,ChIJRcbZaklDXz4R6SkAK7_QznQ,2021-01-18,-24,-6,-30,-34,-26,9
AE,United Arab Emirates,Dubai,,,AE-DU,,ChIJRcbZaklDXz4R6SkAK7_QznQ,2021-01-19,-25,-7,-30,-35,-27,9
AE,United Arab Emirates,Dubai,,,AE-DU,,ChIJRcbZaklDXz4R6SkAK7_QznQ,2021-01-20,-24,-5,-30,-34,-26,10
AE,United Arab Emirates,Dubai,,,AE-DU,,ChIJRcbZaklDXz4R6SkAK7_QznQ,2021-01-21,-24,-5,-30,-35,-26,10
AE,United Arab Emirates,Dubai,,,AE-DU,,ChIJRcbZaklDXz4R6SkAK7_QznQ,2021-01-22,-29,-7,-24,-36,-20,6
AE,United Arab Emirates,Dubai,,,AE-DU,,ChIJRcbZaklDXz4R6SkAK7_QznQ,2021-01-23,-26,-8,-35,-34,-18,7
AE,United Arab Emirates,Dubai,,,AE-DU,,ChIJRcbZaklDXz4R6SkAK7_QznQ,2021-01-24,-22,-3,-29,-33,-26,10
AE,United Arab Emirates,Dubai,,,AE-DU,,ChIJRcbZaklDXz4R6SkAK7_QznQ,2021-01-25,-24,-5,-30,-33,-26,10
AE,United Arab Emirates,Dubai,,,AE-DU,,ChIJRcbZaklDXz4R6SkAK7_QznQ,2021-01-26,-24,-5,-31,-35,-27,10
AE,United Arab Emirates,Dubai,,,AE-DU,,ChIJRcbZaklDXz4R6SkAK7_QznQ,2021-01-27,-23,-3,-33,-34,-26,10
AE,United Arab Emirates,Dubai,,,AE-DU,,ChIJRcbZaklDXz4R6SkAK7_QznQ,2021-01-28,-22,0,-31,-34,-27,11
AE,United Arab Emirates,Dubai,,,AE-DU,,ChIJRcbZaklDXz4R6SkAK7_QznQ,2021-01-29,-25,-1,-27,-34,-18,6
AE,United Arab Emirates,Dubai,,,AE-DU,,ChIJRcbZaklDXz4R6SkAK7_QznQ,2021-01-30,-20,1,-32,-32,-17,5
AE,United Arab Emirates,Dubai,,,AE-DU,,ChIJRcbZaklDXz4R6SkAK7_QznQ,2021-01-31,-17,6,-30,-31,-25,9
AE,United Arab Emirates,Dubai,,,AE-DU,,ChIJRcbZaklDXz4R6SkAK7_QznQ,2021-02-01,-20,4,-32,-33,-26,10
AE,United Arab Emirates,Dubai,,,AE-DU,,ChIJRcbZaklDXz4R6SkAK7_QznQ,2021-02-02,-21,3,-32,-34,-26,10
AE,United Arab Emirates,Dubai,,,AE-DU,,ChIJRcbZaklDXz4R6SkAK7_QznQ,2021-02-03,-23,-2,-35,-37,-26,10
AE,United Arab Emirates,Dubai,,,AE-DU,,ChIJRcbZaklDXz4R6SkAK7_QznQ,2021-02-04,-24,-2,-34,-38,-27,11
AE,United Arab Emirates,Dubai,,,AE-DU,,ChIJRcbZaklDXz4R6SkAK7_QznQ,2021-02-05,-28,-4,-30,-37,-20,6
AE,United Arab Emirates,Dubai,,,AE-DU,,ChIJRcbZaklDXz4R6SkAK7_QznQ,2021-02-06,-26,-5,-34,-36,-18,6
AE,United Arab Emirates,Dubai,,,AE-DU,,ChIJRcbZaklDXz4R6SkAK7_QznQ,2021-02-07,-22,-3,-31,-36,-25,9
AE,United Arab Emirates,Dubai,,,AE-DU,,ChIJRcbZaklDXz4R6SkAK7_QznQ,2021-02-08,-23,-2,-33,-36,-26,10
AE,United Arab Emirates,Dubai,,,AE-DU,,ChIJRcbZaklDXz4R6SkAK7_QznQ,2021-02-09,-23,1,-32,-35,-26,10
AE,United Arab Emirates,Dubai,,,AE-DU,,ChIJRcbZaklDXz4R6SkAK7_QznQ,2021-02-10,-22,1,-33,-35,-25,10
AE,United Arab Emirates,Dubai,,,AE-DU,,ChIJRcbZaklDXz4R6SkAK7_QznQ,2021-02-11,-22,2,-31,-35,-26,10
AE,United Arab Emirates,Dubai,,,AE-DU,,ChIJRcbZaklDXz4R6SkAK7_QznQ,2021-02-12,-26,-1,-27,-35,-18,6
AE,United Arab Emirates,Dubai,,,AE-DU,,ChIJRcbZaklDXz4R6SkAK7_QznQ,2021-02-13,-21,0,-32,-33,-17,6
AE,United Arab Emirates,Dubai,,,AE-DU,,ChIJRcbZaklDXz4R6SkAK7_QznQ,2021-02-14,-12,7,-24,-31,-24,9
AE,United Arab Emirates,Dubai,,,AE-DU,,ChIJRcbZaklDXz4R6SkAK7_QznQ,2021-02-15,-20,2,-29,-33,-25,10
AE,United Arab Emirates,Dubai,,,AE-DU,,ChIJRcbZaklDXz4R6SkAK7_QznQ,2021-02-16,-20,2,-28,-33,-25,10
AE,United Arab Emirates,Dubai,,,AE-DU,,ChIJRcbZaklDXz4R6SkAK7_QznQ,2021-02-17,-19,4,-29,-31,-24,10
AE,United Arab Emirates,Dubai,,,AE-DU,,ChIJRcbZaklDXz4R6SkAK7_QznQ,2021-02-18,-19,4,-28,-32,-25,11
AE,United Arab Emirates,Dubai,,,AE-DU,,ChIJRcbZaklDXz4R6SkAK7_QznQ,2021-02-19,-25,2,-25,-33,-16,6
AE,United Arab Emirates,Dubai,,,AE-DU,,ChIJRcbZaklDXz4R6SkAK7_QznQ,2021-02-20,-21,2,-30,-31,-15,6
AE,United Arab Emirates,Dubai,,,AE-DU,,ChIJRcbZaklDXz4R6SkAK7_QznQ,2021-02-21,-16,6,-24,-29,-22,9
AE,United Arab Emirates,Dubai,,,AE-DU,,ChIJRcbZaklDXz4R6SkAK7_QznQ,2021-02-22,-19,3,-28,-31,-22,9
AE,United Arab Emirates,Dubai,,,AE-DU,,ChIJRcbZaklDXz4R6SkAK7_QznQ,2021-02-23,-20,3,-28,-31,-23,9
AE,United Arab Emirates,Dubai,,,AE-DU,,ChIJRcbZaklDXz4R6SkAK7_QznQ,2021-02-24,-18,4,-29,-32,-22,9
AE,United Arab Emirates,Dubai,,,AE-DU,,ChIJRcbZaklDXz4R6SkAK7_QznQ,2021-02-25,-16,7,-27,-31,-22,9
AE,United Arab Emirates,Dubai,,,AE-DU,,ChIJRcbZaklDXz4R6SkAK7_QznQ,2021-02-26,-22,6,-24,-32,-14,6
AE,United Arab Emirates,Dubai,,,AE-DU,,ChIJRcbZaklDXz4R6SkAK7_QznQ,2021-02-27,-17,7,-29,-29,-13,5
AE,United Arab Emirates,Dubai,,,AE-DU,,ChIJRcbZaklDXz4R6SkAK7_QznQ,2021-02-28,-12,14,-25,-26,-20,7
AE,United Arab Emirates,Dubai,,,AE-DU,,ChIJRcbZaklDXz4R6SkAK7_QznQ,2021-03-01,-14,12,-27,-27,-21,8
AE,United Arab Emirates,Dubai,,,AE-DU,,ChIJRcbZaklDXz4R6SkAK7_QznQ,2021-03-02,-15,12,-27,-28,-22,8
AE,United Arab Emirates,Dubai,,,AE-DU,,ChIJRcbZaklDXz4R6SkAK7_QznQ,2021-03-03,-15,11,-28,-29,-21,8
AE,United Arab Emirates,Dubai,,,AE-DU,,ChIJRcbZaklDXz4R6SkAK7_QznQ,2021-03-04,-14,11,-26,-28,-22,9
AE,United Arab Emirates,Dubai,,,AE-DU,,ChIJRcbZaklDXz4R6SkAK7_QznQ,2021-03-05,-19,9,-24,-29,-15,5
AE,United Arab Emirates,Dubai,,,AE-DU,,ChIJRcbZaklDXz4R6SkAK7_QznQ,2021-03-06,-16,9,-27,-28,-14,5
AE,United Arab Emirates,Dubai,,,AE-DU,,ChIJRcbZaklDXz4R6SkAK7_QznQ,2021-03-07,-12,13,-23,-26,-20,8
AE,United Arab Emirates,Dubai,,,AE-DU,,ChIJRcbZaklDXz4R6SkAK7_QznQ,2021-03-08,-14,9,-25,-28,-21,8
AE,United Arab Emirates,Dubai,,,AE-DU,,ChIJRcbZaklDXz4R6SkAK7_QznQ,2021-03-09,-16,9,-25,-28,-21,8
AE,United Arab Emirates,Dubai,,,AE-DU,,ChIJRcbZaklDXz4R6SkAK7_QznQ,2021-03-10,-15,11,-26,-27,-20,9
AE,United Arab Emirates,Dubai,,,AE-DU,,ChIJRcbZaklDXz4R6SkAK7_QznQ,2021-03-11,-15,11,-24,-27,-21,9
AE,United Arab Emirates,Dubai,,,AE-DU,,ChIJRcbZaklDXz4R6SkAK7_QznQ,2021-03-12,-19,9,-22,-29,-14,5
AE,United Arab Emirates,Dubai,,,AE-DU,,ChIJRcbZaklDXz4R6SkAK7_QznQ,2021-03-13,-16,9,-30,-27,-13,5
AE,United Arab Emirates,Dubai,,,AE-DU,,ChIJRcbZaklDXz4R6SkAK7_QznQ,2021-03-14,-12,13,-21,-24,-19,8
AE,United Arab Emirates,Dubai,,,AE-DU,,ChIJRcbZaklDXz4R6SkAK7_QznQ,2021-03-15,-14,11,-24,-26,-19,8
AE,United Arab Emirates,Dubai,,,AE-DU,,ChIJRcbZaklDXz4R6SkAK7_QznQ,2021-03-16,-15,11,-25,-26,-20,8
AE,United Arab Emirates,Dubai,,,AE-DU,,ChIJRcbZaklDXz4R6SkAK7_QznQ,2021-03-17,-14,12,-25,-26,-18,8
AE,United Arab Emirates,Dubai,,,AE-DU,,ChIJRcbZaklDXz4R6SkAK7_QznQ,2021-03-18,-14,12,-24,-25,-19,9
AE,United Arab Emirates,Dubai,,,AE-DU,,ChIJRcbZaklDXz4R6SkAK7_QznQ,2021-03-19,-19,10,-23,-27,-12,5
AE,United Arab Emirates,Dubai,,,AE-DU,,ChIJRcbZaklDXz4R6SkAK7_QznQ,2021-03-20,-15,10,-27,-25,-11,5
AE,United Arab Emirates,Dubai,,,AE-DU,,ChIJRcbZaklDXz4R6SkAK7_QznQ,2021-03-21,-10,15,-22,-23,-18,8
AE,United Arab Emirates,Dubai,,,AE-DU,,ChIJRcbZaklDXz4R6SkAK7_QznQ,2021-03-22,-14,11,-24,-25,-18,8
AE,United Arab Emirates,Dubai,,,AE-DU,,ChIJRcbZaklDXz4R6SkAK7_QznQ,2021-03-23,-15,10,-25,-26,-18,8
AE,United Arab Emirates,Dubai,,,AE-DU,,ChIJRcbZaklDXz4R6SkAK7_QznQ,2021-03-24,-14,11,-26,-25,-18,8
AE,United Arab Emirates,Dubai,,,AE-DU,,ChIJRcbZaklDXz4R6SkAK7_QznQ,2021-03-25,-12,14,-25,-25,-21,9
AE,United Arab Emirates,Dubai,,,AE-DU,,ChIJRcbZaklDXz4R6SkAK7_QznQ,2021-03-26,-17,10,-27,-26,-12,5
AE,United Arab Emirates,Dubai,,,AE-DU,,ChIJRcbZaklDXz4R6SkAK7_QznQ,2021-03-27,-13,11,-29,-23,-11,4
AE,United Arab Emirates,Dubai,,,AE-DU,,ChIJRcbZaklDXz4R6SkAK7_QznQ,2021-03-28,-7,17,-19,-21,-19,7
AE,United Arab Emirates,Dubai,,,AE-DU,,ChIJRcbZaklDXz4R6SkAK7_QznQ,2021-03-29,-9,15,-20,-23,-20,8
AE,United Arab Emirates,Dubai,,,AE-DU,,ChIJRcbZaklDXz4R6SkAK7_QznQ,2021-03-30,-9,15,-20,-23,-20,7
AE,United Arab Emirates,Dubai,,,AE-DU,,ChIJRcbZaklDXz4R6SkAK7_QznQ,2021-03-31,-7,17,-21,-21,-20,7
AE,United Arab Emirates,Dubai,,,AE-DU,,ChIJRcbZaklDXz4R6SkAK7_QznQ,2021-04-01,-8,18,-21,-21,-19,8
AE,United Arab Emirates,Dubai,,,AE-DU,,ChIJRcbZaklDXz4R6SkAK7_QznQ,2021-04-02,-14,16,-22,-23,-11,5
AE,United Arab Emirates,Dubai,,,AE-DU,,ChIJRcbZaklDXz4R6SkAK7_QznQ,2021-04-03,-9,17,-24,-21,-10,4
AE,United Arab Emirates,Dubai,,,AE-DU,,ChIJRcbZaklDXz4R6SkAK7_QznQ,2021-04-04,-2,23,-14,-19,-21,7
AE,United Arab Emirates,Dubai,,,AE-DU,,ChIJRcbZaklDXz4R6SkAK7_QznQ,2021-04-05,-7,17,-17,-21,-19,7
AE,United Arab Emirates,Dubai,,,AE-DU,,ChIJRcbZaklDXz4R6SkAK7_QznQ,2021-04-06,-8,16,-17,-22,-19,7
AE,United Arab Emirates,Dubai,,,AE-DU,,ChIJRcbZaklDXz4R6SkAK7_QznQ,2021-04-07,-7,17,-18,-21,-19,7
AE,United Arab Emirates,Dubai,,,AE-DU,,ChIJRcbZaklDXz4R6SkAK7_QznQ,2021-04-08,-7,17,-18,-21,-18,8
AE,United Arab Emirates,Dubai,,,AE-DU,,ChIJRcbZaklDXz4R6SkAK7_QznQ,2021-04-09,-14,14,-21,-24,-9,4
AE,United Arab Emirates,Dubai,,,AE-DU,,ChIJRcbZaklDXz4R6SkAK7_QznQ,2021-04-10,-10,15,-25,-22,-9,4
AE,United Arab Emirates,Dubai,,,AE-DU,,ChIJRcbZaklDXz4R6SkAK7_QznQ,2021-04-11,-5,21,-18,-19,-15,6
AE,United Arab Emirates,Dubai,,,AE-DU,,ChIJRcbZaklDXz4R6SkAK7_QznQ,2021-04-12,-8,27,-25,-21,-15,6
AE,United Arab Emirates,Dubai,,,AE-DU,,ChIJRcbZaklDXz4R6SkAK7_QznQ,2021-04-13,-25,22,-34,-27,-18,14
AE,United Arab Emirates,Dubai,,,AE-DU,,ChIJRcbZaklDXz4R6SkAK7_QznQ,2021-04-14,-24,16,-34,-27,-18,14
AE,United Arab Emirates,Dubai,,,AE-DU,,ChIJRcbZaklDXz4R6SkAK7_QznQ,2021-04-15,-22,13,-31,-27,-18,14
AE,United Arab Emirates,Dubai,,,AE-DU,,ChIJRcbZaklDXz4R6SkAK7_QznQ,2021-04-16,-30,7,-43,-35,-11,10
AE,United Arab Emirates,Dubai,,,AE-DU,,ChIJRcbZaklDXz4R6SkAK7_QznQ,2021-04-17,-23,10,-36,-28,-9,10
AE,United Arab Emirates,Dubai,,,AE-DU,,ChIJRcbZaklDXz4R6SkAK7_QznQ,2021-04-18,-17,18,-25,-23,-16,13
AE,United Arab Emirates,Dubai,,,AE-DU,,ChIJRcbZaklDXz4R6SkAK7_QznQ,2021-04-19,-20,15,-28,-26,-16,13
AE,United Arab Emirates,Dubai,,,AE-DU,,ChIJRcbZaklDXz4R6SkAK7_QznQ,2021-04-20,-20,16,-28,-25,-17,14
AE,United Arab Emirates,Dubai,,,AE-DU,,ChIJRcbZaklDXz4R6SkAK7_QznQ,2021-04-21,-19,16,-30,-25,-16,14
AE,United Arab Emirates,Dubai,,,AE-DU,,ChIJRcbZaklDXz4R6SkAK7_QznQ,2021-04-22,-19,14,-29,-27,-16,14
AE,United Arab Emirates,Dubai,,,AE-DU,,ChIJRcbZaklDXz4R6SkAK7_QznQ,2021-04-23,-28,7,-41,-35,-10,10
AE,United Arab Emirates,Dubai,,,AE-DU,,ChIJRcbZaklDXz4R6SkAK7_QznQ,2021-04-24,-22,10,-36,-27,-9,10
AE,United Arab Emirates,Dubai,,,AE-DU,,ChIJRcbZaklDXz4R6SkAK7_QznQ,2021-04-25,-15,18,-23,-24,-15,13
AE,United Arab Emirates,Dubai,,,AE-DU,,ChIJRcbZaklDXz4R6SkAK7_QznQ,2021-04-26,-17,17,-26,-26,-15,13
AE,United Arab Emirates,Dubai,,,AE-DU,,ChIJRcbZaklDXz4R6SkAK7_QznQ,2021-04-27,-18,17,-28,-27,-16,13
AE,United Arab Emirates,Dubai,,,AE-DU,,ChIJRcbZaklDXz4R6SkAK7_QznQ,2021-04-28,-16,19,-32,-26,-16,13
AE,United Arab Emirates,Dubai,,,AE-DU,,ChIJRcbZaklDXz4R6SkAK7_QznQ,2021-04-29,-15,20,-28,-26,-16,13
AE,United Arab Emirates,Dubai,,,AE-DU,,ChIJRcbZaklDXz4R6SkAK7_QznQ,2021-04-30,-23,15,-40,-32,-8,9
AE,United Arab Emirates,Dubai,,,AE-DU,,ChIJRcbZaklDXz4R6SkAK7_QznQ,2021-05-01,-16,18,-32,-26,-8,9
AE,United Arab Emirates,Dubai,,,AE-DU,,ChIJRcbZaklDXz4R6SkAK7_QznQ,2021-05-02,-10,25,-18,-22,-15,12
AE,United Arab Emirates,Dubai,,,AE-DU,,ChIJRcbZaklDXz4R6SkAK7_QznQ,2021-05-03,-13,23,-28,-24,-16,13
AE,United Arab Emirates,Dubai,,,AE-DU,,ChIJRcbZaklDXz4R6SkAK7_QznQ,2021-05-04,-15,22,-32,-25,-16,13
AE,United Arab Emirates,Dubai,,,AE-DU,,ChIJRcbZaklDXz4R6SkAK7_QznQ,2021-05-05,-14,23,-32,-24,-16,13
AE,United Arab Emirates,Dubai,,,AE-DU,,ChIJRcbZaklDXz4R6SkAK7_QznQ,2021-05-06,-14,21,-32,-25,-16,13
AE,United Arab Emirates,Dubai,,,AE-DU,,ChIJRcbZaklDXz4R6SkAK7_QznQ,2021-05-07,-23,15,-46,-32,-8,9
AE,United Arab Emirates,Dubai,,,AE-DU,,ChIJRcbZaklDXz4R6SkAK7_QznQ,2021-05-08,-18,15,-40,-27,-7,9
AE,United Arab Emirates,Dubai,,,AE-DU,,ChIJRcbZaklDXz4R6SkAK7_QznQ,2021-05-09,-8,26,-28,-22,-14,12
AE,United Arab Emirates,Dubai,,,AE-DU,,ChIJRcbZaklDXz4R6SkAK7_QznQ,2021-05-10,-5,29,-28,-21,-15,10
AE,United Arab Emirates,Dubai,,,AE-DU,,ChIJRcbZaklDXz4R6SkAK7_QznQ,2021-05-11,-1,43,-25,-31,-49,19
AE,United Arab Emirates,Dubai,,,AE-DU,,ChIJRcbZaklDXz4R6SkAK7_QznQ,2021-05-12,1,52,-22,-33,-59,22
AE,United Arab Emirates,Dubai,,,AE-DU,,ChIJRcbZaklDXz4R6SkAK7_QznQ,2021-05-13,-4,23,3,-29,-71,24
AE,United Arab Emirates,Dubai,,,AE-DU,,ChIJRcbZaklDXz4R6SkAK7_QznQ,2021-05-14,-10,14,-23,-23,-19,6
AE,United Arab Emirates,Dubai,,,AE-DU,,ChIJRcbZaklDXz4R6SkAK7_QznQ,2021-05-15,-11,16,-30,-30,-29,11
AE,United Arab Emirates,Dubai,,,AE-DU,,ChIJRcbZaklDXz4R6SkAK7_QznQ,2021-05-16,-7,23,-23,-21,-12,8
AE,United Arab Emirates,Dubai,,,AE-DU,,ChIJRcbZaklDXz4R6SkAK7_QznQ,2021-05-17,-10,21,-27,-23,-13,8
AE,United Arab Emirates,Dubai,,,AE-DU,,ChIJRcbZaklDXz4R6SkAK7_QznQ,2021-05-18,-10,22,-28,-23,-13,8
AE,United Arab Emirates,Dubai,,,AE-DU,,ChIJRcbZaklDXz4R6SkAK7_QznQ,2021-05-19,-10,20,-30,-25,-13,9
AE,United Arab Emirates,Dubai,,,AE-DU,,ChIJRcbZaklDXz4R6SkAK7_QznQ,2021-05-20,-8,21,-28,-27,-13,9
AE,United Arab Emirates,Dubai,,,AE-DU,,ChIJRcbZaklDXz4R6SkAK7_QznQ,2021-05-21,-15,16,-40,-33,-6,8
AE,United Arab Emirates,Dubai,,,AE-DU,,ChIJRcbZaklDXz4R6SkAK7_QznQ,2021-05-22,-12,17,-38,-27,-4,6
AE,United Arab Emirates,Dubai,,,AE-DU,,ChIJRcbZaklDXz4R6SkAK7_QznQ,2021-05-23,-8,22,-26,-22,-11,8
AE,United Arab Emirates,Dubai,,,AE-DU,,ChIJRcbZaklDXz4R6SkAK7_QznQ,2021-05-24,-10,19,-29,-24,-12,8
AE,United Arab Emirates,Dubai,,,AE-DU,,ChIJRcbZaklDXz4R6SkAK7_QznQ,2021-05-25,-10,21,-31,-25,-12,9
AE,United Arab Emirates,Dubai,,,AE-DU,,ChIJRcbZaklDXz4R6SkAK7_QznQ,2021-05-26,-9,21,-31,-24,-12,8
AE,United Arab Emirates,Dubai,,,AE-DU,,ChIJRcbZaklDXz4R6SkAK7_QznQ,2021-05-27,-3,26,-31,-23,-12,8
AE,United Arab Emirates,Dubai,,,AE-DU,,ChIJRcbZaklDXz4R6SkAK7_QznQ,2021-05-28,-10,22,-43,-28,-5,7
AE,United Arab Emirates,Dubai,,,AE-DU,,ChIJRcbZaklDXz4R6SkAK7_QznQ,2021-05-29,-5,26,-39,-22,-4,5
AE,United Arab Emirates,Dubai,,,AE-DU,,ChIJRcbZaklDXz4R6SkAK7_QznQ,2021-05-30,-4,27,-27,-21,-10,7
AE,United Arab Emirates,Dubai,,,AE-DU,,ChIJRcbZaklDXz4R6SkAK7_QznQ,2021-05-31,-6,25,-31,-23,-10,8
AE,United Arab Emirates,Dubai,,,AE-DU,,ChIJRcbZaklDXz4R6SkAK7_QznQ,2021-06-01,-6,28,-32,-22,-11,8
AE,United Arab Emirates,Dubai,,,AE-DU,,ChIJRcbZaklDXz4R6SkAK7_QznQ,2021-06-02,-6,26,-32,-23,-11,8
AE,United Arab Emirates,Dubai,,,AE-DU,,ChIJRcbZaklDXz4R6SkAK7_QznQ,2021-06-03,-5,26,-34,-23,-11,9
AE,United Arab Emirates,Dubai,,,AE-DU,,ChIJRcbZaklDXz4R6SkAK7_QznQ,2021-06-04,-12,22,-47,-29,-6,7
AE,United Arab Emirates,Dubai,,,AE-DU,,ChIJRcbZaklDXz4R6SkAK7_QznQ,2021-06-05,-9,23,-43,-25,-4,6
AE,United Arab Emirates,Dubai,,,AE-DU,,ChIJRcbZaklDXz4R6SkAK7_QznQ,2021-06-06,-6,26,-32,-22,-10,8
AE,United Arab Emirates,Dubai,,,AE-DU,,ChIJRcbZaklDXz4R6SkAK7_QznQ,2021-06-07,-8,23,-34,-24,-10,8
AE,United Arab Emirates,Dubai,,,AE-DU,,ChIJRcbZaklDXz4R6SkAK7_QznQ,2021-06-08,-9,23,-35,-24,-10,8
AE,United Arab Emirates,Dubai,,,AE-DU,,ChIJRcbZaklDXz4R6SkAK7_QznQ,2021-06-09,-8,23,-36,-24,-10,8
AE,United Arab Emirates,Dubai,,,AE-DU,,ChIJRcbZaklDXz4R6SkAK7_QznQ,2021-06-10,-6,24,-36,-24,-11,9
AE,United Arab Emirates,Dubai,,,AE-DU,,ChIJRcbZaklDXz4R6SkAK7_QznQ,2021-06-11,-14,20,-47,-30,-7,7
AE,United Arab Emirates,Dubai,,,AE-DU,,ChIJRcbZaklDXz4R6SkAK7_QznQ,2021-06-12,-11,19,-44,-27,-6,6
AE,United Arab Emirates,Dubai,,,AE-DU,,ChIJRcbZaklDXz4R6SkAK7_QznQ,2021-06-13,-7,23,-31,-23,-11,8
AE,United Arab Emirates,Dubai,,,AE-DU,,ChIJRcbZaklDXz4R6SkAK7_QznQ,2021-06-14,-10,20,-33,-25,-12,8
AE,United Arab Emirates,Dubai,,,AE-DU,,ChIJRcbZaklDXz4R6SkAK7_QznQ,2021-06-15,-10,21,-35,-24,-11,8
AE,United Arab Emirates,Dubai,,,AE-DU,,ChIJRcbZaklDXz4R6SkAK7_QznQ,2021-06-16,-9,20,-35,-25,-12,7
AE,United Arab Emirates,Dubai,,,AE-DU,,ChIJRcbZaklDXz4R6SkAK7_QznQ,2021-06-17,-9,20,-36,-27,-14,8
AE,United Arab Emirates,Dubai,,,AE-DU,,ChIJRcbZaklDXz4R6SkAK7_QznQ,2021-06-18,-16,15,-47,-34,-11,7
AE,United Arab Emirates,Dubai,,,AE-DU,,ChIJRcbZaklDXz4R6SkAK7_QznQ,2021-06-19,-14,15,-44,-29,-8,6
AE,United Arab Emirates,Dubai,,,AE-DU,,ChIJRcbZaklDXz4R6SkAK7_QznQ,2021-06-20,-9,20,-33,-25,-12,7
AE,United Arab Emirates,Dubai,,,AE-DU,,ChIJRcbZaklDXz4R6SkAK7_QznQ,2021-06-21,-12,15,-36,-28,-13,8
AE,United Arab Emirates,Dubai,,,AE-DU,,ChIJRcbZaklDXz4R6SkAK7_QznQ,2021-06-22,-12,16,-36,-27,-13,8
AE,United Arab Emirates,Dubai,,,AE-DU,,ChIJRcbZaklDXz4R6SkAK7_QznQ,2021-06-23,-11,17,-37,-27,-12,8
AE,United Arab Emirates,Dubai,,,AE-DU,,ChIJRcbZaklDXz4R6SkAK7_QznQ,2021-06-24,-9,19,-36,-27,-13,8
AE,United Arab Emirates,Dubai,,,AE-DU,,ChIJRcbZaklDXz4R6SkAK7_QznQ,2021-06-25,-16,15,-48,-33,-9,7
AE,United Arab Emirates,Dubai,,,AE-DU,,ChIJRcbZaklDXz4R6SkAK7_QznQ,2021-06-26,-12,17,-42,-27,-6,5
AE,United Arab Emirates,Dubai,,,AE-DU,,ChIJRcbZaklDXz4R6SkAK7_QznQ,2021-06-27,-7,22,-32,-24,-11,7
AE,United Arab Emirates,Dubai,,,AE-DU,,ChIJRcbZaklDXz4R6SkAK7_QznQ,2021-06-28,-9,20,-34,-26,-12,7
AE,United Arab Emirates,Dubai,,,AE-DU,,ChIJRcbZaklDXz4R6SkAK7_QznQ,2021-06-29,-11,19,-36,-26,-13,7
AE,United Arab Emirates,Dubai,,,AE-DU,,ChIJRcbZaklDXz4R6SkAK7_QznQ,2021-06-30,-8,22,-37,-26,-13,5
AE,United Arab Emirates,Dubai,,,AE-DU,,ChIJRcbZaklDXz4R6SkAK7_QznQ,2021-07-01,-5,27,-38,-22,-13,7
AE,United Arab Emirates,Dubai,,,AE-DU,,ChIJRcbZaklDXz4R6SkAK7_QznQ,2021-07-02,-13,21,-49,-27,-8,6
AE,United Arab Emirates,Dubai,,,AE-DU,,ChIJRcbZaklDXz4R6SkAK7_QznQ,2021-07-03,-9,22,-45,-23,-6,5
AE,United Arab Emirates,Dubai,,,AE-DU,,ChIJRcbZaklDXz4R6SkAK7_QznQ,2021-07-04,-5,27,-33,-21,-12,7
AE,United Arab Emirates,Dubai,,,AE-DU,,ChIJRcbZaklDXz4R6SkAK7_QznQ,2021-07-05,-8,22,-37,-24,-13,7
AE,United Arab Emirates,Dubai,,,AE-DU,,ChIJRcbZaklDXz4R6SkAK7_QznQ,2021-07-06,-9,23,-38,-24,-13,7
AE,United Arab Emirates,Dubai,,,AE-DU,,ChIJRcbZaklDXz4R6SkAK7_QznQ,2021-07-07,-8,22,-39,-24,-13,7
AE,United Arab Emirates,Dubai,,,AE-DU,,ChIJRcbZaklDXz4R6SkAK7_QznQ,2021-07-08,-8,23,-38,-25,-14,8
AE,United Arab Emirates,Dubai,,,AE-DU,,ChIJRcbZaklDXz4R6SkAK7_QznQ,2021-07-09,-16,18,-51,-29,-7,7
AE,United Arab Emirates,Dubai,,,AE-DU,,ChIJRcbZaklDXz4R6SkAK7_QznQ,2021-07-10,-11,20,-46,-24,-6,5
AE,United Arab Emirates,Dubai,,,AE-DU,,ChIJRcbZaklDXz4R6SkAK7_QznQ,2021-07-11,-7,23,-35,-23,-14,7
AE,United Arab Emirates,Dubai,,,AE-DU,,ChIJRcbZaklDXz4R6SkAK7_QznQ,2021-07-12,-10,20,-38,-25,-15,8
AE,United Arab Emirates,Dubai,,,AE-DU,,ChIJRcbZaklDXz4R6SkAK7_QznQ,2021-07-13,-11,21,-39,-24,-15,8
AE,United Arab Emirates,Dubai,,,AE-DU,,ChIJRcbZaklDXz4R6SkAK7_QznQ,2021-07-14,-9,21,-40,-25,-15,7
AE,United Arab Emirates,Dubai,,,AE-DU,,ChIJRcbZaklDXz4R6SkAK7_QznQ,2021-07-15,-10,21,-41,-25,-15,8
AE,United Arab Emirates,Dubai,,,AE-DU,,ChIJRcbZaklDXz4R6SkAK7_QznQ,2021-07-16,-20,15,-52,-31,-5,7
AE,United Arab Emirates,Dubai,,,AE-DU,,ChIJRcbZaklDXz4R6SkAK7_QznQ,2021-07-17,-14,15,-45,-25,-6,4
AE,United Arab Emirates,Dubai,,,AE-DU,,ChIJRcbZaklDXz4R6SkAK7_QznQ,2021-07-18,0,31,-32,-21,-17,6
AE,United Arab Emirates,Dubai,,,AE-DU,,ChIJRcbZaklDXz4R6SkAK7_QznQ,2021-07-19,-5,42,-36,-35,-56,19
AE,United Arab Emirates,Dubai,,,AE-DU,,ChIJRcbZaklDXz4R6SkAK7_QznQ,2021-07-20,-9,23,-15,-34,-73,22
AE,United Arab Emirates,Dubai,,,AE-DU,,ChIJRcbZaklDXz4R6SkAK7_QznQ,2021-07-21,-6,21,-17,-39,-68,21
AE,United Arab Emirates,Dubai,,,AE-DU,,ChIJRcbZaklDXz4R6SkAK7_QznQ,2021-07-22,-14,12,-28,-43,-60,22
AE,United Arab Emirates,Dubai,,,AE-DU,,ChIJRcbZaklDXz4R6SkAK7_QznQ,2021-07-23,-28,-1,-50,-39,-9,8
AE,United Arab Emirates,Dubai,,,AE-DU,,ChIJRcbZaklDXz4R6SkAK7_QznQ,2021-07-24,-22,4,-48,-31,-7,6
AE,United Arab Emirates,Dubai,,,AE-DU,,ChIJRcbZaklDXz4R6SkAK7_QznQ,2021-07-25,-14,15,-35,-27,-15,8
AE,United Arab Emirates,Dubai,,,AE-DU,,ChIJRcbZaklDXz4R6SkAK7_QznQ,2021-07-26,-15,14,-38,-29,-16,8
AE,United Arab Emirates,Dubai,,,AE-DU,,ChIJRcbZaklDXz4R6SkAK7_QznQ,2021-07-27,-15,15,-38,-29,-16,8
AE,United Arab Emirates,Dubai,,,AE-DU,,ChIJRcbZaklDXz4R6SkAK7_QznQ,2021-07-28,-13,15,-39,-29,-15,8
AE,United Arab Emirates,Dubai,,,AE-DU,,ChIJRcbZaklDXz4R6SkAK7_QznQ,2021-07-29,-13,16,-40,-29,-15,8
AE,United Arab Emirates,Dubai,,,AE-DU,,ChIJRcbZaklDXz4R6SkAK7_QznQ,2021-07-30,-23,9,-54,-36,-5,7
AE,United Arab Emirates,Dubai,,,AE-DU,,ChIJRcbZaklDXz4R6SkAK7_QznQ,2021-07-31,-16,12,-48,-28,-5,5
AE,United Arab Emirates,Dubai,,,AE-DU,,ChIJRcbZaklDXz4R6SkAK7_QznQ,2021-08-01,-9,21,-35,-26,-15,7
AE,United Arab Emirates,Dubai,,,AE-DU,,ChIJRcbZaklDXz4R6SkAK7_QznQ,2021-08-02,-12,18,-38,-28,-16,8
AE,United Arab Emirates,Dubai,,,AE-DU,,ChIJRcbZaklDXz4R6SkAK7_QznQ,2021-08-03,-12,19,-39,-28,-16,8
AE,United Arab Emirates,Dubai,,,AE-DU,,ChIJRcbZaklDXz4R6SkAK7_QznQ,2021-08-04,-12,18,-39,-28,-16,8
AE,United Arab Emirates,Dubai,,,AE-DU,,ChIJRcbZaklDXz4R6SkAK7_QznQ,2021-08-05,-11,18,-41,-29,-16,8
AE,United Arab Emirates,Dubai,,,AE-DU,,ChIJRcbZaklDXz4R6SkAK7_QznQ,2021-08-06,-21,11,-53,-35,-7,7
AE,United Arab Emirates,Dubai,,,AE-DU,,ChIJRcbZaklDXz4R6SkAK7_QznQ,2021-08-07,-16,13,-49,-29,-7,5
AE,United Arab Emirates,Dubai,,,AE-DU,,ChIJRcbZaklDXz4R6SkAK7_QznQ,2021-08-08,-10,19,-37,-26,-15,7
AE,United Arab Emirates,Dubai,,,AE-DU,,ChIJRcbZaklDXz4R6SkAK7_QznQ,2021-08-09,-12,16,-39,-28,-16,8
AE,United Arab Emirates,Dubai,,,AE-DU,,ChIJRcbZaklDXz4R6SkAK7_QznQ,2021-08-10,-12,17,-39,-26,-16,7
AE,United Arab Emirates,Dubai,,,AE-DU,,ChIJRcbZaklDXz4R6SkAK7_QznQ,2021-08-11,-6,23,-40,-24,-16,6
AE,United Arab Emirates,Dubai,,,AE-DU,,ChIJRcbZaklDXz4R6SkAK7_QznQ,2021-08-12,-10,24,-40,-41,-57,22
AE,United Arab Emirates,Dubai,,,AE-DU,,ChIJRcbZaklDXz4R6SkAK7_QznQ,2021-08-13,-22,9,-53,-35,-10,7
AE,United Arab Emirates,Dubai,,,AE-DU,,ChIJRcbZaklDXz4R6SkAK7_QznQ,2021-08-14,-16,11,-49,-28,-9,5
AE,United Arab Emirates,Dubai,,,AE-DU,,ChIJRcbZaklDXz4R6SkAK7_QznQ,2021-08-15,-9,19,-37,-24,-16,7
AE,United Arab Emirates,Dubai,,,AE-DU,,ChIJRcbZaklDXz4R6SkAK7_QznQ,2021-08-16,-12,16,-41,-27,-17,8
AE,United Arab Emirates,Dubai,,,AE-DU,,ChIJRcbZaklDXz4R6SkAK7_QznQ,2021-08-17,-12,18,-40,-26,-17,8
AE,United Arab Emirates,Dubai,,,AE-DU,,ChIJRcbZaklDXz4R6SkAK7_QznQ,2021-08-18,-12,17,-41,-26,-16,8
AE,United Arab Emirates,Dubai,,,AE-DU,,ChIJRcbZaklDXz4R6SkAK7_QznQ,2021-08-19,-12,19,-41,-28,-16,9
AE,United Arab Emirates,Dubai,,,AE-DU,,ChIJRcbZaklDXz4R6SkAK7_QznQ,2021-08-20,-20,14,-52,-32,-7,7
AE,United Arab Emirates,Dubai,,,AE-DU,,ChIJRcbZaklDXz4R6SkAK7_QznQ,2021-08-21,-13,15,-46,-26,-10,6
AE,United Arab Emirates,Dubai,,,AE-DU,,ChIJRcbZaklDXz4R6SkAK7_QznQ,2021-08-22,-9,18,-36,-24,-15,7
AE,United Arab Emirates,Dubai,,,AE-DU,,ChIJRcbZaklDXz4R6SkAK7_QznQ,2021-08-23,-11,16,-38,-26,-15,7
AE,United Arab Emirates,Dubai,,,AE-DU,,ChIJRcbZaklDXz4R6SkAK7_QznQ,2021-08-24,-11,17,-38,-25,-15,7
AE,United Arab Emirates,Dubai,,,AE-DU,,ChIJRcbZaklDXz4R6SkAK7_QznQ,2021-08-25,-9,19,-38,-25,-15,7
AE,United Arab Emirates,Dubai,,,AE-DU,,ChIJRcbZaklDXz4R6SkAK7_QznQ,2021-08-26,-7,21,-39,-25,-15,7
AE,United Arab Emirates,Dubai,,,AE-DU,,ChIJRcbZaklDXz4R6SkAK7_QznQ,2021-08-27,-14,18,-50,-30,-8,6
AE,United Arab Emirates,Dubai,,,AE-DU,,ChIJRcbZaklDXz4R6SkAK7_QznQ,2021-08-28,-9,21,-46,-25,-8,5
AE,United Arab Emirates,Dubai,,,AE-DU,,ChIJRcbZaklDXz4R6SkAK7_QznQ,2021-08-29,-5,26,-34,-21,-14,6
AE,United Arab Emirates,Dubai,,,AE-DU,,ChIJRcbZaklDXz4R6SkAK7_QznQ,2021-08-30,-7,23,-36,-23,-15,6
AE,United Arab Emirates,Dubai,,,AE-DU,,ChIJRcbZaklDXz4R6SkAK7_QznQ,2021-08-31,-7,26,-37,-21,-14,6
AE,United Arab Emirates,Dubai,,,AE-DU,,ChIJRcbZaklDXz4R6SkAK7_QznQ,2021-09-01,-5,27,-37,-21,-14,6
AE,United Arab Emirates,Dubai,,,AE-DU,,ChIJRcbZaklDXz4R6SkAK7_QznQ,2021-09-02,-3,27,-37,-22,-15,6
AE,United Arab Emirates,Dubai,,,AE-DU,,ChIJRcbZaklDXz4R6SkAK7_QznQ,2021-09-03,-10,24,-47,-26,-9,6
AE,United Arab Emirates,Dubai,,,AE-DU,,ChIJRcbZaklDXz4R6SkAK7_QznQ,2021-09-04,-5,26,-42,-21,-9,4
AE,United Arab Emirates,Dubai,,,AE-DU,,ChIJRcbZaklDXz4R6SkAK7_QznQ,2021-09-05,-3,29,-31,-19,-14,6
AE,United Arab Emirates,Dubai,,,AE-DU,,ChIJRcbZaklDXz4R6SkAK7_QznQ,2021-09-06,-6,25,-33,-21,-14,6
AE,United Arab Emirates,Dubai,,,AE-DU,,ChIJRcbZaklDXz4R6SkAK7_QznQ,2021-09-07,-6,26,-34,-20,-14,6
AE,United Arab Emirates,Dubai,,,AE-DU,,ChIJRcbZaklDXz4R6SkAK7_QznQ,2021-09-08,-5,25,-36,-21,-14,6
AE,United Arab Emirates,Dubai,,,AE-DU,,ChIJRcbZaklDXz4R6SkAK7_QznQ,2021-09-09,-3,27,-35,-21,-15,6
AE,United Arab Emirates,Dubai,,,AE-DU,,ChIJRcbZaklDXz4R6SkAK7_QznQ,2021-09-10,-10,23,-47,-26,-9,6
AE,United Arab Emirates,Dubai,,,AE-DU,,ChIJRcbZaklDXz4R6SkAK7_QznQ,2021-09-11,-6,24,-41,-20,-9,5
AE,United Arab Emirates,Dubai,,,AE-DU,,ChIJRcbZaklDXz4R6SkAK7_QznQ,2021-09-12,-2,28,-29,-17,-13,6
AE,United Arab Emirates,Dubai,,,AE-DU,,ChIJRcbZaklDXz4R6SkAK7_QznQ,2021-09-13,-5,24,-31,-19,-14,6
AE,United Arab Emirates,Dubai,,,AE-DU,,ChIJRcbZaklDXz4R6SkAK7_QznQ,2021-09-14,-5,26,-31,-19,-15,6
AE,United Arab Emirates,Dubai,,,AE-DU,,ChIJRcbZaklDXz4R6SkAK7_QznQ,2021-09-15,-3,26,-32,-18,-14,6
AE,United Arab Emirates,Dubai,,,AE-DU,,ChIJRcbZaklDXz4R6SkAK7_QznQ,2021-09-16,-2,28,-32,-17,-15,6
AE,United Arab Emirates,Dubai,,,AE-DU,,ChIJRcbZaklDXz4R6SkAK7_QznQ,2021-09-17,-7,27,-41,-22,-11,5
AE,United Arab Emirates,Dubai,,,AE-DU,,ChIJRcbZaklDXz4R6SkAK7_QznQ,2021-09-18,-4,27,-38,-18,-10,4
AE,United Arab Emirates,Dubai,,,AE-DU,,ChIJRcbZaklDXz4R6SkAK7_QznQ,2021-09-19,-1,28,-26,-16,-14,5
AE,United Arab Emirates,Dubai,,,AE-DU,,ChIJRcbZaklDXz4R6SkAK7_QznQ,2021-09-20,-4,25,-28,-17,-14,6
AE,United Arab Emirates,Dubai,,,AE-DU,,ChIJRcbZaklDXz4R6SkAK7_QznQ,2021-09-21,-4,26,-28,-17,-13,6
AE,United Arab Emirates,Dubai,,,AE-DU,,ChIJRcbZaklDXz4R6SkAK7_QznQ,2021-09-22,-3,26,-29,-17,-10,5
AE,United Arab Emirates,Dubai,,,AE-DU,,ChIJRcbZaklDXz4R6SkAK7_QznQ,2021-09-23,0,29,-25,-15,-11,5
AE,United Arab Emirates,Dubai,,,AE-DU,,ChIJRcbZaklDXz4R6SkAK7_QznQ,2021-09-24,-5,25,-38,-19,-6,5
AE,United Arab Emirates,Dubai,,,AE-DU,,ChIJRcbZaklDXz4R6SkAK7_QznQ,2021-09-25,-2,27,-34,-15,-7,4
AE,United Arab Emirates,Dubai,,,AE-DU,,ChIJRcbZaklDXz4R6SkAK7_QznQ,2021-09-26,2,31,-24,-13,-10,5
AE,United Arab Emirates,Dubai,,,AE-DU,,ChIJRcbZaklDXz4R6SkAK7_QznQ,2021-09-27,0,30,-26,-13,-10,5
AE,United Arab Emirates,Dubai,,,AE-DU,,ChIJRcbZaklDXz4R6SkAK7_QznQ,2021-09-28,0,31,-27,-13,-10,5
AE,United Arab Emirates,Dubai,,,AE-DU,,ChIJRcbZaklDXz4R6SkAK7_QznQ,2021-09-29,2,33,-28,-12,-10,5
AE,United Arab Emirates,Dubai,,,AE-DU,,ChIJRcbZaklDXz4R6SkAK7_QznQ,2021-09-30,5,36,-26,-9,-10,4
AE,United Arab Emirates,Dubai,,,AE-DU,,ChIJRcbZaklDXz4R6SkAK7_QznQ,2021-10-01,3,37,-29,-9,-6,3
AE,United Arab Emirates,Dubai,,,AE-DU,,ChIJRcbZaklDXz4R6SkAK7_QznQ,2021-10-02,4,38,-31,-7,-7,3
AE,United Arab Emirates,Dubai,,,AE-DU,,ChIJRcbZaklDXz4R6SkAK7_QznQ,2021-10-03,7,41,-18,-5,-9,4
AE,United Arab Emirates,Dubai,,,AE-DU,,ChIJRcbZaklDXz4R6SkAK7_QznQ,2021-10-04,5,36,-19,-7,-9,4
AE,United Arab Emirates,Dubai,,,AE-DU,,ChIJRcbZaklDXz4R6SkAK7_QznQ,2021-10-05,3,37,-22,-8,-10,4
AE,United Arab Emirates,Dubai,,,AE-DU,,ChIJRcbZaklDXz4R6SkAK7_QznQ,2021-10-06,5,37,-22,-8,-9,4
AE,United Arab Emirates,Dubai,,,AE-DU,,ChIJRcbZaklDXz4R6SkAK7_QznQ,2021-10-07,6,37,-19,-6,-9,4
AE,United Arab Emirates,Dubai,,,AE-DU,,ChIJRcbZaklDXz4R6SkAK7_QznQ,2021-10-08,2,36,-25,-6,-6,3
AE,United Arab Emirates,Dubai,,,AE-DU,,ChIJRcbZaklDXz4R6SkAK7_QznQ,2021-10-09,4,36,-26,-5,-6,3
AE,United Arab Emirates,Dubai,,,AE-DU,,ChIJRcbZaklDXz4R6SkAK7_QznQ,2021-10-10,8,40,-16,-3,-8,4
AE,United Arab Emirates,Dubai,,,AE-DU,,ChIJRcbZaklDXz4R6SkAK7_QznQ,2021-10-11,5,38,-16,-4,-8,4
AE,United Arab Emirates,Dubai,,,AE-DU,,ChIJRcbZaklDXz4R6SkAK7_QznQ,2021-10-12,5,39,-15,-5,-8,4
AE,United Arab Emirates,Dubai,,,AE-DU,,ChIJRcbZaklDXz4R6SkAK7_QznQ,2021-10-13,6,39,-15,-5,-8,4
AE,United Arab Emirates,Dubai,,,AE-DU,,ChIJRcbZaklDXz4R6SkAK7_QznQ,2021-10-14,8,38,-12,-5,-8,4
AE,United Arab Emirates,Dubai,,,AE-DU,,ChIJRcbZaklDXz4R6SkAK7_QznQ,2021-10-15,3,35,-16,-3,-5,3
AE,United Arab Emirates,Dubai,,,AE-DU,,ChIJRcbZaklDXz4R6SkAK7_QznQ,2021-10-16,6,36,-18,-2,-5,3
AE,United Arab Emirates,Dubai,,,AE-DU,,ChIJRcbZaklDXz4R6SkAK7_QznQ,2021-10-17,11,41,-5,1,-8,4
AE,United Arab Emirates,Dubai,,,AE-DU,,ChIJRcbZaklDXz4R6SkAK7_QznQ,2021-10-18,9,37,-7,-2,-9,5
AE,United Arab Emirates,Dubai,,,AE-DU,,ChIJRcbZaklDXz4R6SkAK7_QznQ,2021-10-19,9,39,-8,-2,-10,5
AE,United Arab Emirates,Dubai,,,AE-DU,,ChIJRcbZaklDXz4R6SkAK7_QznQ,2021-10-20,18,45,-2,4,-10,3
AE,United Arab Emirates,Dubai,,,AE-DU,,ChIJRcbZaklDXz4R6SkAK7_QznQ,2021-10-21,17,51,20,-12,-57,18
AE,United Arab Emirates,Dubai,,,AE-DU,,ChIJRcbZaklDXz4R6SkAK7_QznQ,2021-10-22,3,35,-4,-4,-6,3
AE,United Arab Emirates,Dubai,,,AE-DU,,ChIJRcbZaklDXz4R6SkAK7_QznQ,2021-10-23,3,34,-11,-3,-5,4
AE,United Arab Emirates,Dubai,,,AE-DU,,ChIJRcbZaklDXz4R6SkAK7_QznQ,2021-10-24,8,35,-5,-1,-7,5
AE,United Arab Emirates,Dubai,,,AE-DU,,ChIJRcbZaklDXz4R6SkAK7_QznQ,2021-10-25,7,39,-4,-2,-7,5
AE,United Arab Emirates,Dubai,,,AE-DU,,ChIJRcbZaklDXz4R6SkAK7_QznQ,2021-10-26,8,40,-8,-2,-6,4
AE,United Arab Emirates,Dubai,,,AE-DU,,ChIJRcbZaklDXz4R6SkAK7_QznQ,2021-10-27,11,43,-8,-1,-6,4
AE,United Arab Emirates,Dubai,,,AE-DU,,ChIJRcbZaklDXz4R6SkAK7_QznQ,2021-10-28,12,44,-4,-1,-6,4
AE,United Arab Emirates,Dubai,,,AE-DU,,ChIJRcbZaklDXz4R6SkAK7_QznQ,2021-10-29,7,41,-6,0,0,2
AE,United Arab Emirates,Dubai,,,AE-DU,,ChIJRcbZaklDXz4R6SkAK7_QznQ,2021-10-30,10,43,-12,2,-2,2
AE,United Arab Emirates,Dubai,,,AE-DU,,ChIJRcbZaklDXz4R6SkAK7_QznQ,2021-10-31,15,48,0,4,-5,3
AE,United Arab Emirates,Dubai,,,AE-DU,,ChIJRcbZaklDXz4R6SkAK7_QznQ,2021-11-01,14,49,-2,3,-5,4
AE,United Arab Emirates,Dubai,,,AE-DU,,ChIJRcbZaklDXz4R6SkAK7_QznQ,2021-11-02,14,53,-4,4,-5,3
AE,United Arab Emirates,Dubai,,,AE-DU,,ChIJRcbZaklDXz4R6SkAK7_QznQ,2021-11-03,15,51,-4,3,-5,4
AE,United Arab Emirates,Dubai,,,AE-DU,,ChIJRcbZaklDXz4R6SkAK7_QznQ,2021-11-04,17,51,0,3,-10,6
AE,United Arab Emirates,Dubai,,,AE-DU,,ChIJRcbZaklDXz4R6SkAK7_QznQ,2021-11-05,10,41,-4,1,-2,2
AE,United Arab Emirates,Dubai,,,AE-DU,,ChIJRcbZaklDXz4R6SkAK7_QznQ,2021-11-06,12,43,-9,3,-3,3
AE,United Arab Emirates,Dubai,,,AE-DU,,ChIJRcbZaklDXz4R6SkAK7_QznQ,2021-11-07,16,47,2,7,-4,4
AE,United Arab Emirates,Dubai,,,AE-DU,,ChIJRcbZaklDXz4R6SkAK7_QznQ,2021-11-08,14,43,0,4,-5,4
AE,United Arab Emirates,Dubai,,,AE-DU,,ChIJRcbZaklDXz4R6SkAK7_QznQ,2021-11-09,13,45,0,4,-5,4
AE,United Arab Emirates,Dubai,,,AE-DU,,ChIJRcbZaklDXz4R6SkAK7_QznQ,2021-11-10,14,46,0,5,-4,4
AE,United Arab Emirates,Dubai,,,AE-DU,,ChIJRcbZaklDXz4R6SkAK7_QznQ,2021-11-11,16,43,3,5,-5,4
AE,United Arab Emirates,Dubai,,,AE-DU,,ChIJRcbZaklDXz4R6SkAK7_QznQ,2021-11-12,14,45,5,6,2,2
AE,United Arab Emirates,Dubai,,,AE-DU,,ChIJRcbZaklDXz4R6SkAK7_QznQ,2021-11-13,14,43,-2,7,-1,3
AE,United Arab Emirates,Dubai,,,AE-DU,,ChIJRcbZaklDXz4R6SkAK7_QznQ,2021-11-14,18,47,9,12,-4,4
AE,United Arab Emirates,Dubai,,,AE-DU,,ChIJRcbZaklDXz4R6SkAK7_QznQ,2021-11-15,15,45,6,10,-4,4
AE,United Arab Emirates,Dubai,,,AE-DU,,ChIJRcbZaklDXz4R6SkAK7_QznQ,2021-11-16,15,46,5,9,-4,4
AE,United Arab Emirates,Dubai,,,AE-DU,,ChIJRcbZaklDXz4R6SkAK7_QznQ,2021-11-17,16,46,5,8,-3,4
AE,United Arab Emirates,Dubai,,,AE-DU,,ChIJRcbZaklDXz4R6SkAK7_QznQ,2021-11-18,16,45,6,8,-4,4
AE,United Arab Emirates,Dubai,,,AE-DU,,ChIJRcbZaklDXz4R6SkAK7_QznQ,2021-11-19,11,44,7,6,4,2
AE,United Arab Emirates,Dubai,,,AE-DU,,ChIJRcbZaklDXz4R6SkAK7_QznQ,2021-11-20,13,43,-1,7,1,3
AE,United Arab Emirates,Dubai,,,AE-DU,,ChIJRcbZaklDXz4R6SkAK7_QznQ,2021-11-21,17,48,10,10,-2,4
AE,United Arab Emirates,Dubai,,,AE-DU,,ChIJRcbZaklDXz4R6SkAK7_QznQ,2021-11-22,14,45,7,7,-3,4
AE,United Arab Emirates,Dubai,,,AE-DU,,ChIJRcbZaklDXz4R6SkAK7_QznQ,2021-11-23,14,45,4,5,-3,4
AE,United Arab Emirates,Dubai,,,AE-DU,,ChIJRcbZaklDXz4R6SkAK7_QznQ,2021-11-24,15,46,5,5,-2,4
AE,United Arab Emirates,Dubai,,,AE-DU,,ChIJRcbZaklDXz4R6SkAK7_QznQ,2021-11-25,20,50,7,9,-3,4
AE,United Arab Emirates,Dubai,,,AE-DU,,ChIJRcbZaklDXz4R6SkAK7_QznQ,2021-11-26,18,51,7,16,6,1
AE,United Arab Emirates,Dubai,,,AE-DU,,ChIJRcbZaklDXz4R6SkAK7_QznQ,2021-11-27,19,50,1,11,3,2
AE,United Arab Emirates,Dubai,,,AE-DU,,ChIJRcbZaklDXz4R6SkAK7_QznQ,2021-11-28,23,55,12,13,-2,3
AE,United Arab Emirates,Dubai,,,AE-DU,,ChIJRcbZaklDXz4R6SkAK7_QznQ,2021-11-29,20,50,8,10,-3,3
AE,United Arab Emirates,Dubai,,,AE-DU,,ChIJRcbZaklDXz4R6SkAK7_QznQ,2021-11-30,27,59,12,14,-3,2
AE,United Arab Emirates,Dubai,,,AE-DU,,ChIJRcbZaklDXz4R6SkAK7_QznQ,2021-12-01,41,78,51,2,-52,13
AE,United Arab Emirates,Dubai,,,AE-DU,,ChIJRcbZaklDXz4R6SkAK7_QznQ,2021-12-02,30,60,64,3,-62,16
AE,United Arab Emirates,Dubai,,,AE-DU,,ChIJRcbZaklDXz4R6SkAK7_QznQ,2021-12-03,12,43,16,8,2,1
AE,United Arab Emirates,Dubai,,,AE-DU,,ChIJRcbZaklDXz4R6SkAK7_QznQ,2021-12-04,13,44,-1,8,1,3
AE,United Arab Emirates,Dubai,,,AE-DU,,ChIJRcbZaklDXz4R6SkAK7_QznQ,2021-12-05,21,54,10,14,-2,4
AE,United Arab Emirates,Dubai,,,AE-DU,,ChIJRcbZaklDXz4R6SkAK7_QznQ,2021-12-06,17,50,7,9,-2,4
AE,United Arab Emirates,Dubai,,,AE-DU,,ChIJRcbZaklDXz4R6SkAK7_QznQ,2021-12-07,17,52,5,9,-1,4
AE,United Arab Emirates,Dubai,,,AE-DU,,ChIJRcbZaklDXz4R6SkAK7_QznQ,2021-12-08,20,53,7,9,1,4
AE,United Arab Emirates,Dubai,,,AE-DU,,ChIJRcbZaklDXz4R6SkAK7_QznQ,2021-12-09,17,48,8,8,0,4
AE,United Arab Emirates,Dubai,,,AE-DU,,ChIJRcbZaklDXz4R6SkAK7_QznQ,2021-12-10,11,47,8,8,12,2
AE,United Arab Emirates,Dubai,,,AE-DU,,ChIJRcbZaklDXz4R6SkAK7_QznQ,2021-12-11,15,46,3,9,6,2
AE,United Arab Emirates,Dubai,,,AE-DU,,ChIJRcbZaklDXz4R6SkAK7_QznQ,2021-12-12,23,55,17,13,-3,5
AE,United Arab Emirates,Dubai,,,AE-DU,,ChIJRcbZaklDXz4R6SkAK7_QznQ,2021-12-13,20,51,14,10,-4,5
AE,United Arab Emirates,Dubai,,,AE-DU,,ChIJRcbZaklDXz4R6SkAK7_QznQ,2021-12-14,19,52,11,9,-3,5
AE,United Arab Emirates,Dubai,,,AE-DU,,ChIJRcbZaklDXz4R6SkAK7_QznQ,2021-12-15,22,54,12,10,-3,5
AE,United Arab Emirates,Dubai,,,AE-DU,,ChIJRcbZaklDXz4R6SkAK7_QznQ,2021-12-16,21,51,13,9,-4,5
AE,United Arab Emirates,Dubai,,,AE-DU,,ChIJRcbZaklDXz4R6SkAK7_QznQ,2021-12-17,14,47,16,9,13,2
AE,United Arab Emirates,Dubai,,,AE-DU,,ChIJRcbZaklDXz4R6SkAK7_QznQ,2021-12-18,16,44,6,9,7,2
AE,United Arab Emirates,Dubai,,,AE-DU,,ChIJRcbZaklDXz4R6SkAK7_QznQ,2021-12-19,25,54,19,11,-4,5
AE,United Arab Emirates,Dubai,,,AE-DU,,ChIJRcbZaklDXz4R6SkAK7_QznQ,2021-12-20,22,51,16,8,-5,6
AE,United Arab Emirates,Dubai,,,AE-DU,,ChIJRcbZaklDXz4R6SkAK7_QznQ,2021-12-21,21,53,14,7,-5,6
AE,United Arab Emirates,Dubai,,,AE-DU,,ChIJRcbZaklDXz4R6SkAK7_QznQ,2021-12-22,23,56,16,8,-6,6
AE,United Arab Emirates,Dubai,,,AE-DU,,ChIJRcbZaklDXz4R6SkAK7_QznQ,2021-12-23,20,56,14,6,-6,7
AE,United Arab Emirates,Dubai,,,AE-DU,,ChIJRcbZaklDXz4R6SkAK7_QznQ,2021-12-24,12,51,10,6,15,2
AE,United Arab Emirates,Dubai,,,AE-DU,,ChIJRcbZaklDXz4R6SkAK7_QznQ,2021-12-25,16,41,13,5,-2,3
AE,United Arab Emirates,Dubai,,,AE-DU,,ChIJRcbZaklDXz4R6SkAK7_QznQ,2021-12-26,27,55,24,8,-9,7
AE,United Arab Emirates,Dubai,,,AE-DU,,ChIJRcbZaklDXz4R6SkAK7_QznQ,2021-12-27,23,51,23,5,-9,7
AE,United Arab Emirates,Dubai,,,AE-DU,,ChIJRcbZaklDXz4R6SkAK7_QznQ,2021-12-28,23,54,21,5,-9,7
AE,United Arab Emirates,Dubai,,,AE-DU,,ChIJRcbZaklDXz4R6SkAK7_QznQ,2021-12-29,25,58,21,5,-9,7
AE,United Arab Emirates,Dubai,,,AE-DU,,ChIJRcbZaklDXz4R6SkAK7_QznQ,2021-12-30,23,60,18,4,-10,8
AE,United Arab Emirates,Dubai,,,AE-DU,,ChIJRcbZaklDXz4R6SkAK7_QznQ,2021-12-31,12,52,15,10,16,3
AE,United Arab Emirates,Dubai,,,AE-DU,,ChIJRcbZaklDXz4R6SkAK7_QznQ,2022-01-01,11,36,-2,-2,-45,12
AE,United Arab Emirates,Dubai,,,AE-DU,,ChIJRcbZaklDXz4R6SkAK7_QznQ,2022-01-02,26,69,19,-5,-41,17
AE,United Arab Emirates,Dubai,,,AE-DU,,ChIJRcbZaklDXz4R6SkAK7_QznQ,2022-01-03,13,51,0,4,-5,9
AE,United Arab Emirates,Dubai,,,AE-DU,,ChIJRcbZaklDXz4R6SkAK7_QznQ,2022-01-04,13,53,2,3,-6,9
AE,United Arab Emirates,Dubai,,,AE-DU,,ChIJRcbZaklDXz4R6SkAK7_QznQ,2022-01-05,12,51,-2,0,-6,10
AE,United Arab Emirates,Dubai,,,AE-DU,,ChIJRcbZaklDXz4R6SkAK7_QznQ,2022-01-06,3,40,-5,-5,-7,13
AE,United Arab Emirates,Dubai,,,AE-DU,,ChIJRcbZaklDXz4R6SkAK7_QznQ,2022-01-07,0,37,-17,8,146,-2
AE,United Arab Emirates,Dubai,,,AE-DU,,ChIJRcbZaklDXz4R6SkAK7_QznQ,2022-01-08,12,49,5,1,-3,7
AE,United Arab Emirates,Dubai,,,AE-DU,,ChIJRcbZaklDXz4R6SkAK7_QznQ,2022-01-09,20,67,20,-11,-49,20
AE,United Arab Emirates,Dubai,,,AE-DU,,ChIJRcbZaklDXz4R6SkAK7_QznQ,2022-01-10,8,46,-5,1,-6,10
AE,United Arab Emirates,Dubai,,,AE-DU,,ChIJRcbZaklDXz4R6SkAK7_QznQ,2022-01-11,7,48,-4,-2,-7,10
AE,United Arab Emirates,Dubai,,,AE-DU,,ChIJRcbZaklDXz4R6SkAK7_QznQ,2022-01-12,8,48,-4,-3,-6,10
AE,United Arab Emirates,Dubai,,,AE-DU,,ChIJRcbZaklDXz4R6SkAK7_QznQ,2022-01-13,0,39,-9,-8,-6,13
AE,United Arab Emirates,Dubai,,,AE-DU,,ChIJRcbZaklDXz4R6SkAK7_QznQ,2022-01-14,0,35,-15,8,159,-4
AE,United Arab Emirates,Dubai,,,AE-DU,,ChIJRcbZaklDXz4R6SkAK7_QznQ,2022-01-15,13,47,7,2,-1,5
AE,United Arab Emirates,Dubai,,,AE-DU,,ChIJRcbZaklDXz4R6SkAK7_QznQ,2022-01-16,17,60,9,-14,-51,20
AE,United Arab Emirates,Dubai,,,AE-DU,,ChIJRcbZaklDXz4R6SkAK7_QznQ,2022-01-17,9,45,-1,0,-2,8
AE,United Arab Emirates,Dubai,,,AE-DU,,ChIJRcbZaklDXz4R6SkAK7_QznQ,2022-01-18,8,46,-1,-2,-2,8
AE,United Arab Emirates,Dubai,,,AE-DU,,ChIJRcbZaklDXz4R6SkAK7_QznQ,2022-01-19,12,47,3,-1,0,8
AE,United Arab Emirates,Dubai,,,AE-DU,,ChIJRcbZaklDXz4R6SkAK7_QznQ,2022-01-20,3,36,-1,-5,0,11
AE,United Arab Emirates,Dubai,,,AE-DU,,ChIJRcbZaklDXz4R6SkAK7_QznQ,2022-01-21,1,30,-24,8,178,-4
AE,United Arab Emirates,Dubai,,,AE-DU,,ChIJRcbZaklDXz4R6SkAK7_QznQ,2022-01-22,18,49,14,3,3,5
AE,United Arab Emirates,Dubai,,,AE-DU,,ChIJRcbZaklDXz4R6SkAK7_QznQ,2022-01-23,26,67,29,-9,-50,18
AE,United Arab Emirates,Dubai,,,AE-DU,,ChIJRcbZaklDXz4R6SkAK7_QznQ,2022-01-24,13,44,3,4,4,7
AE,United Arab Emirates,Dubai,,,AE-DU,,ChIJRcbZaklDXz4R6SkAK7_QznQ,2022-01-25,14,49,5,4,3,7
AE,United Arab Emirates,Dubai,,,AE-DU,,ChIJRcbZaklDXz4R6SkAK7_QznQ,2022-01-26,16,51,3,5,3,7
AE,United Arab Emirates,Dubai,,,AE-DU,,ChIJRcbZaklDXz4R6SkAK7_QznQ,2022-01-27,7,40,-4,-1,4,9
AE,United Arab Emirates,Dubai,,,AE-DU,,ChIJRcbZaklDXz4R6SkAK7_QznQ,2022-01-28,9,41,-9,17,193,-7
AE,United Arab Emirates,Dubai,,,AE-DU,,ChIJRcbZaklDXz4R6SkAK7_QznQ,2022-01-29,24,57,18,9,7,3
AE,United Arab Emirates,Dubai,,,AE-DU,,ChIJRcbZaklDXz4R6SkAK7_QznQ,2022-01-30,32,77,35,-5,-49,17
AE,United Arab Emirates,Dubai,,,AE-DU,,ChIJRcbZaklDXz4R6SkAK7_QznQ,2022-01-31,16,54,4,7,6,5
AE,United Arab Emirates,Dubai,,,AE-DU,,ChIJRcbZaklDXz4R6SkAK7_QznQ,2022-02-01,17,57,4,7,5,6
AE,United Arab Emirates,Dubai,,,AE-DU,,ChIJRcbZaklDXz4R6SkAK7_QznQ,2022-02-02,18,58,3,8,6,6
AE,United Arab Emirates,Dubai,,,AE-DU,,ChIJRcbZaklDXz4R6SkAK7_QznQ,2022-02-03,9,45,-3,2,7,8
AE,United Arab Emirates,Dubai,,,AE-DU,,ChIJRcbZaklDXz4R6SkAK7_QznQ,2022-02-04,10,43,-7,21,199,-8
AE,United Arab Emirates,Dubai,,,AE-DU,,ChIJRcbZaklDXz4R6SkAK7_QznQ,2022-02-05,25,58,23,12,6,3
AE,United Arab Emirates,Dubai,,,AE-DU,,ChIJRcbZaklDXz4R6SkAK7_QznQ,2022-02-06,32,78,40,-3,-51,17
AE,United Arab Emirates,Dubai,,,AE-DU,,ChIJRcbZaklDXz4R6SkAK7_QznQ,2022-02-07,16,52,5,10,7,5
AE,United Arab Emirates,Dubai,,,AE-DU,,ChIJRcbZaklDXz4R6SkAK7_QznQ,2022-02-08,17,54,7,8,6,5
AE,United Arab Emirates,Dubai,,,AE-DU,,ChIJRcbZaklDXz4R6SkAK7_QznQ,2022-02-09,18,54,7,8,7,6
AE,United Arab Emirates,Dubai,,,AE-DU,,ChIJRcbZaklDXz4R6SkAK7_QznQ,2022-02-10,10,43,2,4,6,8
AE,United Arab Emirates,Dubai,,,AE-DU,,ChIJRcbZaklDXz4R6SkAK7_QznQ,2022-02-11,12,42,-2,25,200,-8
AE,United Arab Emirates,Dubai,,,AE-DU,,ChIJRcbZaklDXz4R6SkAK7_QznQ,2022-02-12,28,57,29,18,6,2
AE,United Arab Emirates,Dubai,,,AE-DU,,ChIJRcbZaklDXz4R6SkAK7_QznQ,2022-02-13,38,79,50,3,-51,17
AE,United Arab Emirates,Dubai,,,AE-DU,,ChIJRcbZaklDXz4R6SkAK7_QznQ,2022-02-14,29,57,21,19,7,4
AE,United Arab Emirates,Dubai,,,AE-DU,,ChIJRcbZaklDXz4R6SkAK7_QznQ,2022-02-15,22,54,19,16,6,5
AE,United Arab Emirates,Dubai,,,AE-DU,,ChIJRcbZaklDXz4R6SkAK7_QznQ,2022-02-16,23,55,18,16,6,5
AE,United Arab Emirates,Dubai,,,AE-DU,,ChIJRcbZaklDXz4R6SkAK7_QznQ,2022-02-17,12,43,10,10,7,8
AE,United Arab Emirates,Dubai,,,AE-DU,,ChIJRcbZaklDXz4R6SkAK7_QznQ,2022-02-18,13,40,1,29,202,-8
AE,United Arab Emirates,Dubai,,,AE-DU,,ChIJRcbZaklDXz4R6SkAK7_QznQ,2022-02-19,26,54,35,20,9,2
AE,United Arab Emirates,Dubai,,,AE-DU,,ChIJRcbZaklDXz4R6SkAK7_QznQ,2022-02-20,33,74,53,3,-50,17
AE,United Arab Emirates,Dubai,,,AE-DU,,ChIJRcbZaklDXz4R6SkAK7_QznQ,2022-02-21,18,48,13,16,10,5
AE,United Arab Emirates,Dubai,,,AE-DU,,ChIJRcbZaklDXz4R6SkAK7_QznQ,2022-02-22,18,50,18,15,10,5
AE,United Arab Emirates,Dubai,,,AE-DU,,ChIJRcbZaklDXz4R6SkAK7_QznQ,2022-02-23,19,49,16,14,10,5
AE,United Arab Emirates,Dubai,,,AE-DU,,ChIJRcbZaklDXz4R6SkAK7_QznQ,2022-02-24,10,37,8,9,11,7
AE,United Arab Emirates,Dubai,,,AE-DU,,ChIJRcbZaklDXz4R6SkAK7_QznQ,2022-02-25,13,38,1,32,212,-9
AE,United Arab Emirates,Dubai,,,AE-DU,,ChIJRcbZaklDXz4R6SkAK7_QznQ,2022-02-26,29,55,34,24,10,2
AE,United Arab Emirates,Dubai,,,AE-DU,,ChIJRcbZaklDXz4R6SkAK7_QznQ,2022-02-27,36,76,51,8,-49,16
AE,United Arab Emirates,Dubai,,,AE-DU,,ChIJRcbZaklDXz4R6SkAK7_QznQ,2022-02-28,22,55,16,21,11,3
AE,United Arab Emirates,Dubai,,,AE-DU,,ChIJRcbZaklDXz4R6SkAK7_QznQ,2022-03-01,22,58,19,23,10,4
AE,United Arab Emirates,Dubai,,,AE-DU,,ChIJRcbZaklDXz4R6SkAK7_QznQ,2022-03-02,23,58,16,22,11,4
AE,United Arab Emirates,Dubai,,,AE-DU,,ChIJRcbZaklDXz4R6SkAK7_QznQ,2022-03-03,13,43,14,16,10,6
AE,United Arab Emirates,Dubai,,,AE-DU,,ChIJRcbZaklDXz4R6SkAK7_QznQ,2022-03-04,16,40,5,39,213,-9
AE,United Arab Emirates,Dubai,,,AE-DU,,ChIJRcbZaklDXz4R6SkAK7_QznQ,2022-03-05,31,54,44,31,9,1
AE,United Arab Emirates,Dubai,,,AE-DU,,ChIJRcbZaklDXz4R6SkAK7_QznQ,2022-03-06,38,74,61,14,-51,16
AE,United Arab Emirates,Dubai,,,AE-DU,,ChIJRcbZaklDXz4R6SkAK7_QznQ,2022-03-07,21,49,20,23,11,4
AE,United Arab Emirates,Dubai,,,AE-DU,,ChIJRcbZaklDXz4R6SkAK7_QznQ,2022-03-08,21,49,20,23,11,4
AE,United Arab Emirates,Dubai,,,AE-DU,,ChIJRcbZaklDXz4R6SkAK7_QznQ,2022-03-09,20,48,22,21,12,5
AE,United Arab Emirates,Dubai,,,AE-DU,,ChIJRcbZaklDXz4R6SkAK7_QznQ,2022-03-10,10,35,17,16,12,7
AE,United Arab Emirates,Dubai,,,AE-DU,,ChIJRcbZaklDXz4R6SkAK7_QznQ,2022-03-11,13,34,7,41,214,-8
AE,United Arab Emirates,Dubai,,,AE-DU,,ChIJRcbZaklDXz4R6SkAK7_QznQ,2022-03-12,28,48,45,35,9,2
AE,United Arab Emirates,Dubai,,,AE-DU,,ChIJRcbZaklDXz4R6SkAK7_QznQ,2022-03-13,36,69,64,18,-50,17
AE,United Arab Emirates,Dubai,,,AE-DU,,ChIJRcbZaklDXz4R6SkAK7_QznQ,2022-03-14,19,43,25,25,12,5
AE,United Arab Emirates,Dubai,,,AE-DU,,ChIJRcbZaklDXz4R6SkAK7_QznQ,2022-03-15,20,46,25,25,12,5
AE,United Arab Emirates,Dubai,,,AE-DU,,ChIJRcbZaklDXz4R6SkAK7_QznQ,2022-03-16,21,46,22,24,12,5
AE,United Arab Emirates,Dubai,,,AE-DU,,ChIJRcbZaklDXz4R6SkAK7_QznQ,2022-03-17,10,33,18,17,12,7
AE,United Arab Emirates,Dubai,,,AE-DU,,ChIJRcbZaklDXz4R6SkAK7_QznQ,2022-03-18,10,31,19,43,213,-8
AE,United Arab Emirates,Dubai,,,AE-DU,,ChIJRcbZaklDXz4R6SkAK7_QznQ,2022-03-19,26,47,48,36,10,2
AE,United Arab Emirates,Dubai,,,AE-DU,,ChIJRcbZaklDXz4R6SkAK7_QznQ,2022-03-20,33,64,82,20,-50,16
AE,United Arab Emirates,Dubai,,,AE-DU,,ChIJRcbZaklDXz4R6SkAK7_QznQ,2022-03-21,19,42,28,26,12,5
AE,United Arab Emirates,Dubai,,,AE-DU,,ChIJRcbZaklDXz4R6SkAK7_QznQ,2022-03-22,18,42,28,26,12,5
AE,United Arab Emirates,Dubai,,,AE-DU,,ChIJRcbZaklDXz4R6SkAK7_QznQ,2022-03-23,19,43,28,24,12,5
AE,United Arab Emirates,Dubai,,,AE-DU,,ChIJRcbZaklDXz4R6SkAK7_QznQ,2022-03-24,10,32,29,21,12,7
AE,United Arab Emirates,Dubai,,,AE-DU,,ChIJRcbZaklDXz4R6SkAK7_QznQ,2022-03-25,13,32,12,46,214,-8
AE,United Arab Emirates,Dubai,,,AE-DU,,ChIJRcbZaklDXz4R6SkAK7_QznQ,2022-03-26,29,47,45,40,11,1
AE,United Arab Emirates,Dubai,,,AE-DU,,ChIJRcbZaklDXz4R6SkAK7_QznQ,2022-03-27,39,65,78,27,-50,15
AE,United Arab Emirates,Dubai,,,AE-DU,,ChIJRcbZaklDXz4R6SkAK7_QznQ,2022-03-28,23,44,34,33,9,4
AE,United Arab Emirates,Dubai,,,AE-DU,,ChIJRcbZaklDXz4R6SkAK7_QznQ,2022-03-29,23,46,35,31,8,5
AE,United Arab Emirates,Dubai,,,AE-DU,,ChIJRcbZaklDXz4R6SkAK7_QznQ,2022-03-30,24,47,31,31,9,4
AE,United Arab Emirates,Dubai,,,AE-DU,,ChIJRcbZaklDXz4R6SkAK7_QznQ,2022-03-31,13,37,34,29,9,6
AE,United Arab Emirates,Dubai,,,AE-DU,,ChIJRcbZaklDXz4R6SkAK7_QznQ,2022-04-01,12,47,-7,41,208,-9
AE,United Arab Emirates,Dubai,,,AE-DU,,ChIJRcbZaklDXz4R6SkAK7_QznQ,2022-04-02,6,55,-6,14,9,8
AE,United Arab Emirates,Dubai,,,AE-DU,,ChIJRcbZaklDXz4R6SkAK7_QznQ,2022-04-03,12,67,8,-3,-52,22
AE,United Arab Emirates,Dubai,,,AE-DU,,ChIJRcbZaklDXz4R6SkAK7_QznQ,2022-04-04,5,46,1,12,9,11
AE,United Arab Emirates,Dubai,,,AE-DU,,ChIJRcbZaklDXz4R6SkAK7_QznQ,2022-04-05,5,47,1,10,8,11
AE,United Arab Emirates,Dubai,,,AE-DU,,ChIJRcbZaklDXz4R6SkAK7_QznQ,2022-04-06,6,47,-1,9,7,12
AE,United Arab Emirates,Dubai,,,AE-DU,,ChIJRcbZaklDXz4R6SkAK7_QznQ,2022-04-07,-3,34,-6,2,7,14
AE,United Arab Emirates,Dubai,,,AE-DU,,ChIJRcbZaklDXz4R6SkAK7_QznQ,2022-04-08,-2,34,-17,25,203,-3
AE,United Arab Emirates,Dubai,,,AE-DU,,ChIJRcbZaklDXz4R6SkAK7_QznQ,2022-04-09,10,47,2,16,9,7
AE,United Arab Emirates,Dubai,,,AE-DU,,ChIJRcbZaklDXz4R6SkAK7_QznQ,2022-04-10,15,64,15,0,-51,22
AE,United Arab Emirates,Dubai,,,AE-DU,,ChIJRcbZaklDXz4R6SkAK7_QznQ,2022-04-11,7,45,4,14,12,10
AE,United Arab Emirates,Dubai,,,AE-DU,,ChIJRcbZaklDXz4R6SkAK7_QznQ,2022-04-12,7,47,5,11,11,11
AE,United Arab Emirates,Dubai,,,AE-DU,,ChIJRcbZaklDXz4R6SkAK7_QznQ,2022-04-13,9,48,2,11,11,11
AE,United Arab Emirates,Dubai,,,AE-DU,,ChIJRcbZaklDXz4R6SkAK7_QznQ,2022-04-14,1,37,-3,6,11,13
AE,United Arab Emirates,Dubai,,,AE-DU,,ChIJRcbZaklDXz4R6SkAK7_QznQ,2022-04-15,1,33,-15,27,200,-3
AE,United Arab Emirates,Dubai,,,AE-DU,,ChIJRcbZaklDXz4R6SkAK7_QznQ,2022-04-16,14,47,5,17,10,7
AE,United Arab Emirates,Dubai,,,AE-DU,,ChIJRcbZaklDXz4R6SkAK7_QznQ,2022-04-17,19,62,17,0,-52,21
AE,United Arab Emirates,Dubai,,,AE-DU,,ChIJRcbZaklDXz4R6SkAK7_QznQ,2022-04-18,8,43,7,11,12,10
AE,United Arab Emirates,Dubai,,,AE-DU,,ChIJRcbZaklDXz4R6SkAK7_QznQ,2022-04-19,7,44,5,10,12,11
AE,United Arab Emirates,Dubai,,,AE-DU,,ChIJRcbZaklDXz4R6SkAK7_QznQ,2022-04-20,7,45,3,9,12,11
AE,United Arab Emirates,Dubai,,,AE-DU,,ChIJRcbZaklDXz4R6SkAK7_QznQ,2022-04-21,-2,32,-4,3,13,14
AE,United Arab Emirates,Dubai,,,AE-DU,,ChIJRcbZaklDXz4R6SkAK7_QznQ,2022-04-22,0,30,-16,25,214,-3
AE,United Arab Emirates,Dubai,,,AE-DU,,ChIJRcbZaklDXz4R6SkAK7_QznQ,2022-04-23,12,43,4,15,11,7
AE,United Arab Emirates,Dubai,,,AE-DU,,ChIJRcbZaklDXz4R6SkAK7_QznQ,2022-04-24,17,58,13,-3,-50,22
AE,United Arab Emirates,Dubai,,,AE-DU,,ChIJRcbZaklDXz4R6SkAK7_QznQ,2022-04-25,8,41,1,13,13,10
AE,United Arab Emirates,Dubai,,,AE-DU,,ChIJRcbZaklDXz4R6SkAK7_QznQ,2022-04-26,9,45,0,14,12,10
AE,United Arab Emirates,Dubai,,,AE-DU,,ChIJRcbZaklDXz4R6SkAK7_QznQ,2022-04-27,11,46,-3,14,12,10
AE,United Arab Emirates,Dubai,,,AE-DU,,ChIJRcbZaklDXz4R6SkAK7_QznQ,2022-04-28,4,38,-9,10,11,12
AE,United Arab Emirates,Dubai,,,AE-DU,,ChIJRcbZaklDXz4R6SkAK7_QznQ,2022-04-29,6,40,-21,37,212,-5
AE,United Arab Emirates,Dubai,,,AE-DU,,ChIJRcbZaklDXz4R6SkAK7_QznQ,2022-04-30,19,56,0,25,-2,7
AE,United Arab Emirates,Dubai,,,AE-DU,,ChIJRcbZaklDXz4R6SkAK7_QznQ,2022-05-01,37,86,29,14,-56,19
AE,United Arab Emirates,Dubai,,,AE-DU,,ChIJRcbZaklDXz4R6SkAK7_QznQ,2022-05-02,45,63,105,24,-65,16
AE,United Arab Emirates,Dubai,,,AE-DU,,ChIJRcbZaklDXz4R6SkAK7_QznQ,2022-05-03,43,58,86,14,-60,17
AE,United Arab Emirates,Dubai,,,AE-DU,,ChIJRcbZaklDXz4R6SkAK7_QznQ,2022-05-04,30,50,39,2,-45,17
AE,United Arab Emirates,Dubai,,,AE-DU,,ChIJRcbZaklDXz4R6SkAK7_QznQ,2022-05-05,11,29,5,3,-3,11
AE,United Arab Emirates,Dubai,,,AE-DU,,ChIJRcbZaklDXz4R6SkAK7_QznQ,2022-05-06,6,25,-14,23,182,-5
AE,United Arab Emirates,Dubai,,,AE-DU,,ChIJRcbZaklDXz4R6SkAK7_QznQ,2022-05-07,18,38,3,18,11,4
AE,United Arab Emirates,Dubai,,,AE-DU,,ChIJRcbZaklDXz4R6SkAK7_QznQ,2022-05-08,20,58,17,2,-51,20
AE,United Arab Emirates,Dubai,,,AE-DU,,ChIJRcbZaklDXz4R6SkAK7_QznQ,2022-05-09,10,37,2,18,12,6
AE,United Arab Emirates,Dubai,,,AE-DU,,ChIJRcbZaklDXz4R6SkAK7_QznQ,2022-05-10,12,40,3,18,11,6
AE,United Arab Emirates,Dubai,,,AE-DU,,ChIJRcbZaklDXz4R6SkAK7_QznQ,2022-05-11,13,41,2,16,12,6
AE,United Arab Emirates,Dubai,,,AE-DU,,ChIJRcbZaklDXz4R6SkAK7_QznQ,2022-05-12,3,28,-4,8,12,9
AE,United Arab Emirates,Dubai,,,AE-DU,,ChIJRcbZaklDXz4R6SkAK7_QznQ,2022-05-13,5,30,-14,32,217,-7
AE,United Arab Emirates,Dubai,,,AE-DU,,ChIJRcbZaklDXz4R6SkAK7_QznQ,2022-05-14,13,45,8,8,-29,13
AE,United Arab Emirates,Dubai,,,AE-DU,,ChIJRcbZaklDXz4R6SkAK7_QznQ,2022-05-15,28,62,34,3,-60,22
AE,United Arab Emirates,Dubai,,,AE-DU,,ChIJRcbZaklDXz4R6SkAK7_QznQ,2022-05-16,14,50,12,-4,-43,22
AE,United Arab Emirates,Dubai,,,AE-DU,,ChIJRcbZaklDXz4R6SkAK7_QznQ,2022-05-17,9,36,-2,16,14,6
AE,United Arab Emirates,Dubai,,,AE-DU,,ChIJRcbZaklDXz4R6SkAK7_QznQ,2022-05-18,12,38,-3,16,13,6
AE,United Arab Emirates,Dubai,,,AE-DU,,ChIJRcbZaklDXz4R6SkAK7_QznQ,2022-05-19,3,27,-7,9,13,9
AE,United Arab Emirates,Dubai,,,AE-DU,,ChIJRcbZaklDXz4R6SkAK7_QznQ,2022-05-20,5,25,-16,32,220,-7
AE,United Arab Emirates,Dubai,,,AE-DU,,ChIJRcbZaklDXz4R6SkAK7_QznQ,2022-05-21,20,39,4,20,12,5
AE,United Arab Emirates,Dubai,,,AE-DU,,ChIJRcbZaklDXz4R6SkAK7_QznQ,2022-05-22,24,58,20,2,-51,20
AE,United Arab Emirates,Dubai,,,AE-DU,,ChIJRcbZaklDXz4R6SkAK7_QznQ,2022-05-23,11,35,2,16,14,6
AE,United Arab Emirates,Dubai,,,AE-DU,,ChIJRcbZaklDXz4R6SkAK7_QznQ,2022-05-24,10,34,-4,17,13,7
AE,United Arab Emirates,Dubai,,,AE-DU,,ChIJRcbZaklDXz4R6SkAK7_QznQ,2022-05-25,13,39,-1,16,13,7
AE,United Arab Emirates,Dubai,,,AE-DU,,ChIJRcbZaklDXz4R6SkAK7_QznQ,2022-05-26,5,30,-5,10,13,9
AE,United Arab Emirates,Dubai,,,AE-DU,,ChIJRcbZaklDXz4R6SkAK7_QznQ,2022-05-27,11,33,-15,37,223,-8
AE,United Arab Emirates,Dubai,,,AE-DU,,ChIJRcbZaklDXz4R6SkAK7_QznQ,2022-05-28,27,50,7,28,13,3
AE,United Arab Emirates,Dubai,,,AE-DU,,ChIJRcbZaklDXz4R6SkAK7_QznQ,2022-05-29,32,69,18,9,-51,19
AE,United Arab Emirates,Dubai,,,AE-DU,,ChIJRcbZaklDXz4R6SkAK7_QznQ,2022-05-30,14,42,2,19,14,6
AE,United Arab Emirates,Dubai,,,AE-DU,,ChIJRcbZaklDXz4R6SkAK7_QznQ,2022-05-31,15,46,0,19,14,6
AE,United Arab Emirates,Dubai,,,AE-DU,,ChIJRcbZaklDXz4R6SkAK7_QznQ,2022-06-01,16,48,-2,20,13,6
AE,United Arab Emirates,Dubai,,,AE-DU,,ChIJRcbZaklDXz4R6SkAK7_QznQ,2022-06-02,6,35,-8,13,13,9
AE,United Arab Emirates,Dubai,,,AE-DU,,ChIJRcbZaklDXz4R6SkAK7_QznQ,2022-06-03,10,34,-17,36,222,-7
AE,United Arab Emirates,Dubai,,,AE-DU,,ChIJRcbZaklDXz4R6SkAK7_QznQ,2022-06-04,25,49,4,26,12,4
AE,United Arab Emirates,Dubai,,,AE-DU,,ChIJRcbZaklDXz4R6SkAK7_QznQ,2022-06-05,31,69,18,8,-52,19
AE,United Arab Emirates,Dubai,,,AE-DU,,ChIJRcbZaklDXz4R6SkAK7_QznQ,2022-06-06,14,41,1,20,14,6
AE,United Arab Emirates,Dubai,,,AE-DU,,ChIJRcbZaklDXz4R6SkAK7_QznQ,2022-06-07,13,43,1,20,13,7
AE,United Arab Emirates,Dubai,,,AE-DU,,ChIJRcbZaklDXz4R6SkAK7_QznQ,2022-06-08,14,44,-1,18,13,7
AE,United Arab Emirates,Dubai,,,AE-DU,,ChIJRcbZaklDXz4R6SkAK7_QznQ,2022-06-09,4,31,-7,12,13,10
AE,United Arab Emirates,Dubai,,,AE-DU,,ChIJRcbZaklDXz4R6SkAK7_QznQ,2022-06-10,7,32,-19,35,221,-6
AE,United Arab Emirates,Dubai,,,AE-DU,,ChIJRcbZaklDXz4R6SkAK7_QznQ,2022-06-11,22,48,2,25,12,5
AE,United Arab Emirates,Dubai,,,AE-DU,,ChIJRcbZaklDXz4R6SkAK7_QznQ,2022-06-12,26,66,14,7,-52,21
AE,United Arab Emirates,Dubai,,,AE-DU,,ChIJRcbZaklDXz4R6SkAK7_QznQ,2022-06-13,12,40,-2,20,14,7
AE,United Arab Emirates,Dubai,,,AE-DU,,ChIJRcbZaklDXz4R6SkAK7_QznQ,2022-06-14,11,41,-4,18,13,7
AE,United Arab Emirates,Dubai,,,AE-DU,,ChIJRcbZaklDXz4R6SkAK7_QznQ,2022-06-15,13,42,-4,18,12,8
AE,United Arab Emirates,Dubai,,,AE-DU,,ChIJRcbZaklDXz4R6SkAK7_QznQ,2022-06-16,4,31,-13,11,12,10
AE,United Arab Emirates,Dubai,,,AE-DU,,ChIJRcbZaklDXz4R6SkAK7_QznQ,2022-06-17,5,28,-24,32,218,-6
AE,United Arab Emirates,Dubai,,,AE-DU,,ChIJRcbZaklDXz4R6SkAK7_QznQ,2022-06-18,19,44,-8,21,12,6
AE,United Arab Emirates,Dubai,,,AE-DU,,ChIJRcbZaklDXz4R6SkAK7_QznQ,2022-06-19,24,61,3,4,-52,22
AE,United Arab Emirates,Dubai,,,AE-DU,,ChIJRcbZaklDXz4R6SkAK7_QznQ,2022-06-20,10,37,-9,19,13,7
AE,United Arab Emirates,Dubai,,,AE-DU,,ChIJRcbZaklDXz4R6SkAK7_QznQ,2022-06-21,10,39,-9,17,12,8
AE,United Arab Emirates,Dubai,,,AE-DU,,ChIJRcbZaklDXz4R6SkAK7_QznQ,2022-06-22,11,38,-10,16,12,8
AE,United Arab Emirates,Dubai,,,AE-DU,,ChIJRcbZaklDXz4R6SkAK7_QznQ,2022-06-23,1,26,-17,9,12,11
AE,United Arab Emirates,Dubai,,,AE-DU,,ChIJRcbZaklDXz4R6SkAK7_QznQ,2022-06-24,4,29,-27,33,218,-6
AE,United Arab Emirates,Dubai,,,AE-DU,,ChIJRcbZaklDXz4R6SkAK7_QznQ,2022-06-25,19,45,-12,23,13,5
AE,United Arab Emirates,Dubai,,,AE-DU,,ChIJRcbZaklDXz4R6SkAK7_QznQ,2022-06-26,23,62,-2,4,-52,21
AE,United Arab Emirates,Dubai,,,AE-DU,,ChIJRcbZaklDXz4R6SkAK7_QznQ,2022-06-27,11,39,-12,18,13,7
AE,United Arab Emirates,Dubai,,,AE-DU,,ChIJRcbZaklDXz4R6SkAK7_QznQ,2022-06-28,11,40,-14,17,12,7
AE,United Arab Emirates,Dubai,,,AE-DU,,ChIJRcbZaklDXz4R6SkAK7_QznQ,2022-06-29,13,43,-12,18,12,7
AE,United Arab Emirates,Dubai,,,AE-DU,,ChIJRcbZaklDXz4R6SkAK7_QznQ,2022-06-30,5,33,-17,13,12,9
AE,United Arab Emirates,Dubai,,,AE-DU,,ChIJRcbZaklDXz4R6SkAK7_QznQ,2022-07-01,6,34,-28,38,217,-7
AE,United Arab Emirates,Dubai,,,AE-DU,,ChIJRcbZaklDXz4R6SkAK7_QznQ,2022-07-02,20,50,-15,27,13,5
AE,United Arab Emirates,Dubai,,,AE-DU,,ChIJRcbZaklDXz4R6SkAK7_QznQ,2022-07-03,25,67,-4,8,-52,21
AE,United Arab Emirates,Dubai,,,AE-DU,,ChIJRcbZaklDXz4R6SkAK7_QznQ,2022-07-04,13,42,-11,21,10,7
AE,United Arab Emirates,Dubai,,,AE-DU,,ChIJRcbZaklDXz4R6SkAK7_QznQ,2022-07-05,12,44,-12,20,9,7
AE,United Arab Emirates,Dubai,,,AE-DU,,ChIJRcbZaklDXz4R6SkAK7_QznQ,2022-07-06,14,45,-11,20,9,7
AE,United Arab Emirates,Dubai,,,AE-DU,,ChIJRcbZaklDXz4R6SkAK7_QznQ,2022-07-07,11,41,-19,18,7,7
AE,United Arab Emirates,Dubai,,,AE-DU,,ChIJRcbZaklDXz4R6SkAK7_QznQ,2022-07-08,6,51,-29,23,57,2
AE,United Arab Emirates,Dubai,,,AE-DU,,ChIJRcbZaklDXz4R6SkAK7_QznQ,2022-07-09,15,42,20,23,-47,11
AE,United Arab Emirates,Dubai,,,AE-DU,,ChIJRcbZaklDXz4R6SkAK7_QznQ,2022-07-10,33,58,38,13,-64,19
AE,United Arab Emirates,Dubai,,,AE-DU,,ChIJRcbZaklDXz4R6SkAK7_QznQ,2022-07-11,18,46,6,3,-48,19
AE,United Arab Emirates,Dubai,,,AE-DU,,ChIJRcbZaklDXz4R6SkAK7_QznQ,2022-07-12,6,33,-14,15,4,8
AE,United Arab Emirates,Dubai,,,AE-DU,,ChIJRcbZaklDXz4R6SkAK7_QznQ,2022-07-13,8,34,-15,15,5,8
AE,United Arab Emirates,Dubai,,,AE-DU,,ChIJRcbZaklDXz4R6SkAK7_QznQ,2022-07-14,-2,23,-21,8,5,11
AE,United Arab Emirates,Dubai,,,AE-DU,,ChIJRcbZaklDXz4R6SkAK7_QznQ,2022-07-15,-6,15,-35,25,200,-4
AE,United Arab Emirates,Dubai,,,AE-DU,,ChIJRcbZaklDXz4R6SkAK7_QznQ,2022-07-16,9,35,-19,19,13,6
AE,United Arab Emirates,Dubai,,,AE-DU,,ChIJRcbZaklDXz4R6SkAK7_QznQ,2022-07-17,14,49,-6,1,-52,22
AE,United Arab Emirates,Dubai,,,AE-DU,,ChIJRcbZaklDXz4R6SkAK7_QznQ,2022-07-18,5,29,-15,16,6,7
AE,United Arab Emirates,Dubai,,,AE-DU,,ChIJRcbZaklDXz4R6SkAK7_QznQ,2022-07-19,6,31,-14,17,8,16
AE,United Arab Emirates,Dubai,,,AE-DU,,ChIJRcbZaklDXz4R6SkAK7_QznQ,2022-07-20,6,31,-16,16,7,8
AE,United Arab Emirates,Dubai,,,AE-DU,,ChIJRcbZaklDXz4R6SkAK7_QznQ,2022-07-21,-3,20,-21,8,8,11
AE,United Arab Emirates,Dubai,,,AE-DU,,ChIJRcbZaklDXz4R6SkAK7_QznQ,2022-07-22,-4,18,-32,30,208,-5
AE,United Arab Emirates,Dubai,,,AE-DU,,ChIJRcbZaklDXz4R6SkAK7_QznQ,2022-07-23,9,34,-11,19,15,5
AE,United Arab Emirates,Dubai,,,AE-DU,,ChIJRcbZaklDXz4R6SkAK7_QznQ,2022-07-24,9,41,-2,-2,-53,22
AE,United Arab Emirates,Dubai,,,AE-DU,,ChIJRcbZaklDXz4R6SkAK7_QznQ,2022-07-25,5,30,-6,17,9,8
AE,United Arab Emirates,Dubai,,,AE-DU,,ChIJRcbZaklDXz4R6SkAK7_QznQ,2022-07-26,8,34,3,18,9,8
AE,United Arab Emirates,Dubai,,,AE-DU,,ChIJRcbZaklDXz4R6SkAK7_QznQ,2022-07-27,10,34,1,19,9,7
AE,United Arab Emirates,Dubai,,,AE-DU,,ChIJRcbZaklDXz4R6SkAK7_QznQ,2022-07-28,2,28,-5,12,9,10
AE,United Arab Emirates,Dubai,,,AE-DU,,ChIJRcbZaklDXz4R6SkAK7_QznQ,2022-07-29,4,28,-18,38,212,-7
AE,United Arab Emirates,Dubai,,,AE-DU,,ChIJRcbZaklDXz4R6SkAK7_QznQ,2022-07-30,13,43,1,17,-18,10
AE,United Arab Emirates,Dubai,,,AE-DU,,ChIJRcbZaklDXz4R6SkAK7_QznQ,2022-07-31,20,58,11,8,-51,20
AE,United Arab Emirates,Dubai,,,AE-DU,,ChIJRcbZaklDXz4R6SkAK7_QznQ,2022-08-01,11,39,1,23,9,6
AE,United Arab Emirates,Dubai,,,AE-DU,,ChIJRcbZaklDXz4R6SkAK7_QznQ,2022-08-02,11,41,0,20,9,7
AE,United Arab Emirates,Dubai,,,AE-DU,,ChIJRcbZaklDXz4R6SkAK7_QznQ,2022-08-03,13,42,-2,21,9,7
AE,United Arab Emirates,Dubai,,,AE-DU,,ChIJRcbZaklDXz4R6SkAK7_QznQ,2022-08-04,3,30,-9,13,9,10
AE,United Arab Emirates,Dubai,,,AE-DU,,ChIJRcbZaklDXz4R6SkAK7_QznQ,2022-08-05,2,27,-22,36,208,-7
AE,United Arab Emirates,Dubai,,,AE-DU,,ChIJRcbZaklDXz4R6SkAK7_QznQ,2022-08-06,15,41,-4,24,12,4
AE,United Arab Emirates,Dubai,,,AE-DU,,ChIJRcbZaklDXz4R6SkAK7_QznQ,2022-08-07,19,57,6,6,-53,21
AE,United Arab Emirates,Dubai,,,AE-DU,,ChIJRcbZaklDXz4R6SkAK7_QznQ,2022-08-08,9,36,-1,20,8,7
AE,United Arab Emirates,Dubai,,,AE-DU,,ChIJRcbZaklDXz4R6SkAK7_QznQ,2022-08-09,10,38,-2,20,8,7
AE,United Arab Emirates,Dubai,,,AE-DU,,ChIJRcbZaklDXz4R6SkAK7_QznQ,2022-08-10,12,40,-2,20,10,7
AE,United Arab Emirates,Dubai,,,AE-DU,,ChIJRcbZaklDXz4R6SkAK7_QznQ,2022-08-11,2,28,-8,13,9,10
AE,United Arab Emirates,Dubai,,,AE-DU,,ChIJRcbZaklDXz4R6SkAK7_QznQ,2022-08-12,2,26,-22,35,213,-6
AE,United Arab Emirates,Dubai,,,AE-DU,,ChIJRcbZaklDXz4R6SkAK7_QznQ,2022-08-13,17,41,-3,25,14,5
AE,United Arab Emirates,Dubai,,,AE-DU,,ChIJRcbZaklDXz4R6SkAK7_QznQ,2022-08-14,17,51,-3,4,-52,22
AE,United Arab Emirates,Dubai,,,AE-DU,,ChIJRcbZaklDXz4R6SkAK7_QznQ,2022-08-15,13,38,4,23,10,10
AE,United Arab Emirates,Dubai,,,AE-DU,,ChIJRcbZaklDXz4R6SkAK7_QznQ,2022-08-16,12,38,0,21,10,9
AE,United Arab Emirates,Dubai,,,AE-DU,,ChIJRcbZaklDXz4R6SkAK7_QznQ,2022-08-17,14,40,1,21,11,11
AE,United Arab Emirates,Dubai,,,AE-DU,,ChIJRcbZaklDXz4R6SkAK7_QznQ,2022-08-18,3,28,-6,13,11,13
AE,United Arab Emirates,Dubai,,,AE-DU,,ChIJRcbZaklDXz4R6SkAK7_QznQ,2022-08-19,3,26,-20,35,215,-3
AE,United Arab Emirates,Dubai,,,AE-DU,,ChIJRcbZaklDXz4R6SkAK7_QznQ,2022-08-20,18,41,-1,26,16,7
AE,United Arab Emirates,Dubai,,,AE-DU,,ChIJRcbZaklDXz4R6SkAK7_QznQ,2022-08-21,23,58,12,7,-51,23
AE,United Arab Emirates,Dubai,,,AE-DU,,ChIJRcbZaklDXz4R6SkAK7_QznQ,2022-08-22,11,34,1,20,12,10
AE,United Arab Emirates,Dubai,,,AE-DU,,ChIJRcbZaklDXz4R6SkAK7_QznQ,2022-08-23,11,37,-1,21,12,11
AE,United Arab Emirates,Dubai,,,AE-DU,,ChIJRcbZaklDXz4R6SkAK7_QznQ,2022-08-24,13,38,-3,20,12,11
AE,United Arab Emirates,Dubai,,,AE-DU,,ChIJRcbZaklDXz4R6SkAK7_QznQ,2022-08-25,4,29,-9,13,13,13
AE,United Arab Emirates,Dubai,,,AE-DU,,ChIJRcbZaklDXz4R6SkAK7_QznQ,2022-08-26,6,30,-21,37,223,-4
AE,United Arab Emirates,Dubai,,,AE-DU,,ChIJRcbZaklDXz4R6SkAK7_QznQ,2022-08-27,21,47,-2,28,16,7
AE,United Arab Emirates,Dubai,,,AE-DU,,ChIJRcbZaklDXz4R6SkAK7_QznQ,2022-08-28,23,61,3,6,-51,22
AE,United Arab Emirates,Dubai,,,AE-DU,,ChIJRcbZaklDXz4R6SkAK7_QznQ,2022-08-29,13,42,-2,22,14,8
AE,United Arab Emirates,Dubai,,,AE-DU,,ChIJRcbZaklDXz4R6SkAK7_QznQ,2022-08-30,13,45,-2,21,14,8
AE,United Arab Emirates,Dubai,,,AE-DU,,ChIJRcbZaklDXz4R6SkAK7_QznQ,2022-08-31,15,45,-5,22,13,8
AE,United Arab Emirates,Dubai,,,AE-DU,,ChIJRcbZaklDXz4R6SkAK7_QznQ,2022-09-01,6,34,-10,16,13,8
AE,United Arab Emirates,Dubai,,,AE-DU,,ChIJRcbZaklDXz4R6SkAK7_QznQ,2022-09-02,8,34,-20,39,224,-7
AE,United Arab Emirates,Dubai,,,AE-DU,,ChIJRcbZaklDXz4R6SkAK7_QznQ,2022-09-03,25,52,-1,29,15,4
AE,United Arab Emirates,Dubai,,,AE-DU,,ChIJRcbZaklDXz4R6SkAK7_QznQ,2022-09-04,26,66,7,8,-52,20
AE,United Arab Emirates,Dubai,,,AE-DU,,ChIJRcbZaklDXz4R6SkAK7_QznQ,2022-09-05,14,43,1,24,14,5
AE,United Arab Emirates,Dubai,,,AE-DU,,ChIJRcbZaklDXz4R6SkAK7_QznQ,2022-09-06,14,44,-1,22,14,6
AE,United Arab Emirates,Dubai,,,AE-DU,,ChIJRcbZaklDXz4R6SkAK7_QznQ,2022-09-07,15,48,-1,22,14,6
AE,United Arab Emirates,Dubai,,,AE-DU,,ChIJRcbZaklDXz4R6SkAK7_QznQ,2022-09-08,6,34,-6,15,12,10
AE,United Arab Emirates,Dubai,,,AE-DU,,ChIJRcbZaklDXz4R6SkAK7_QznQ,2022-09-09,9,32,-18,40,225,-7
AE,United Arab Emirates,Dubai,,,AE-DU,,ChIJRcbZaklDXz4R6SkAK7_QznQ,2022-09-10,25,51,6,29,15,4
AE,United Arab Emirates,Dubai,,,AE-DU,,ChIJRcbZaklDXz4R6SkAK7_QznQ,2022-09-11,27,66,13,9,-52,20
AE,United Arab Emirates,Dubai,,,AE-DU,,ChIJRcbZaklDXz4R6SkAK7_QznQ,2022-09-12,14,42,2,24,16,6
AE,United Arab Emirates,Dubai,,,AE-DU,,ChIJRcbZaklDXz4R6SkAK7_QznQ,2022-09-13,13,43,2,24,14,6
AE,United Arab Emirates,Dubai,,,AE-DU,,ChIJRcbZaklDXz4R6SkAK7_QznQ,2022-09-14,14,43,1,23,15,6
AE,United Arab Emirates,Dubai,,,AE-DU,,ChIJRcbZaklDXz4R6SkAK7_QznQ,2022-09-15,5,31,-1,18,13,7
AE,United Arab Emirates,Dubai,,,AE-DU,,ChIJRcbZaklDXz4R6SkAK7_QznQ,2022-09-16,8,31,-11,43,222,-8
AE,United Arab Emirates,Dubai,,,AE-DU,,ChIJRcbZaklDXz4R6SkAK7_QznQ,2022-09-17,24,47,10,32,13,3
AE,United Arab Emirates,Dubai,,,AE-DU,,ChIJRcbZaklDXz4R6SkAK7_QznQ,2022-09-18,28,66,25,13,-53,19
AE,United Arab Emirates,Dubai,,,AE-DU,,ChIJRcbZaklDXz4R6SkAK7_QznQ,2022-09-19,14,38,11,28,14,4
AE,United Arab Emirates,Dubai,,,AE-DU,,ChIJRcbZaklDXz4R6SkAK7_QznQ,2022-09-20,15,42,7,26,15,5
AE,United Arab Emirates,Dubai,,,AE-DU,,ChIJRcbZaklDXz4R6SkAK7_QznQ,2022-09-21,16,43,6,25,15,6
AE,United Arab Emirates,Dubai,,,AE-DU,,ChIJRcbZaklDXz4R6SkAK7_QznQ,2022-09-22,8,32,1,18,15,8
AE,United Arab Emirates,Dubai,,,AE-DU,,ChIJRcbZaklDXz4R6SkAK7_QznQ,2022-09-23,11,33,-11,42,231,-7
AE,United Arab Emirates,Dubai,,,AE-DU,,ChIJRcbZaklDXz4R6SkAK7_QznQ,2022-09-24,27,52,11,30,16,4
AE,United Arab Emirates,Dubai,,,AE-DU,,ChIJRcbZaklDXz4R6SkAK7_QznQ,2022-09-25,30,70,22,11,-51,20
AE,United Arab Emirates,Dubai,,,AE-DU,,ChIJRcbZaklDXz4R6SkAK7_QznQ,2022-09-26,17,44,8,28,18,5
AE,United Arab Emirates,Dubai,,,AE-DU,,ChIJRcbZaklDXz4R6SkAK7_QznQ,2022-09-27,19,49,10,28,17,5
AE,United Arab Emirates,Dubai,,,AE-DU,,ChIJRcbZaklDXz4R6SkAK7_QznQ,2022-09-28,21,50,9,29,17,5
AE,United Arab Emirates,Dubai,,,AE-DU,,ChIJRcbZaklDXz4R6SkAK7_QznQ,2022-09-29,12,39,2,22,17,7
AE,United Arab Emirates,Dubai,,,AE-DU,,ChIJRcbZaklDXz4R6SkAK7_QznQ,2022-09-30,17,41,-10,52,237,-9
AE,United Arab Emirates,Dubai,,,AE-DU,,ChIJRcbZaklDXz4R6SkAK7_QznQ,2022-10-01,35,62,15,41,17,2
AE,United Arab Emirates,Dubai,,,AE-DU,,ChIJRcbZaklDXz4R6SkAK7_QznQ,2022-10-02,40,83,26,20,-51,19
AE,United Arab Emirates,Dubai,,,AE-DU,,ChIJRcbZaklDXz4R6SkAK7_QznQ,2022-10-03,22,53,13,33,19,5
AE,United Arab Emirates,Dubai,,,AE-DU,,ChIJRcbZaklDXz4R6SkAK7_QznQ,2022-10-04,23,56,13,31,18,5
AE,United Arab Emirates,Dubai,,,AE-DU,,ChIJRcbZaklDXz4R6SkAK7_QznQ,2022-10-05,25,55,11,31,18,5
AE,United Arab Emirates,Dubai,,,AE-DU,,ChIJRcbZaklDXz4R6SkAK7_QznQ,2022-10-06,13,40,4,22,19,7
AE,United Arab Emirates,Dubai,,,AE-DU,,ChIJRcbZaklDXz4R6SkAK7_QznQ,2022-10-07,19,43,-3,51,238,-9
AE,United Arab Emirates,Dubai,,,AE-DU,,ChIJRcbZaklDXz4R6SkAK7_QznQ,2022-10-08,34,62,31,31,-18,8
AE,United Arab Emirates,Dubai,,,AE-DU,,ChIJRcbZaklDXz4R6SkAK7_QznQ,2022-10-09,37,77,36,19,-52,19
AE,United Arab Emirates,Dubai,,,AE-DU,,ChIJRcbZaklDXz4R6SkAK7_QznQ,2022-10-10,23,50,18,35,18,4
AE,United Arab Emirates,Dubai,,,AE-DU,,ChIJRcbZaklDXz4R6SkAK7_QznQ,2022-10-11,23,52,18,34,17,5
AE,United Arab Emirates,Dubai,,,AE-DU,,ChIJRcbZaklDXz4R6SkAK7_QznQ,2022-10-12,25,53,18,33,18,5
AE,United Arab Emirates,Dubai,,,AE-DU,,ChIJRcbZaklDXz4R6SkAK7_QznQ,2022-10-13,15,41,11,26,18,7
AE,United Arab Emirates,Dubai,,,AE-DU,,ChIJRcbZaklDXz4R6SkAK7_QznQ,2022-10-14,17,42,-1,52,237,-8
AE,United Arab Emirates,Dubai,,,AE-DU,,ChIJRcbZaklDXz4R6SkAK7_QznQ,2022-10-15,33,60,25,39,18,3
AE,United Arab Emirates,Fujairah,,,AE-FU,,ChIJX7kokD0y9D4RvDyz2xuxwaY,2020-02-15,-3,-1,3,,6,0
AE,United Arab Emirates,Fujairah,,,AE-FU,,ChIJX7kokD0y9D4RvDyz2xuxwaY,2020-02-16,-5,-2,0,,4,1
AE,United Arab Emirates,Fujairah,,,AE-FU,,ChIJX7kokD0y9D4RvDyz2xuxwaY,2020-02-17,-7,-2,-4,,2,1
AE,United Arab Emirates,Fujairah,,,AE-FU,,ChIJX7kokD0y9D4RvDyz2xuxwaY,2020-02-18,-5,2,-9,,2,1
AE,United Arab Emirates,Fujairah,,,AE-FU,,ChIJX7kokD0y9D4RvDyz2xuxwaY,2020-02-19,-8,-2,9,,3,0
AE,United Arab Emirates,Fujairah,,,AE-FU,,ChIJX7kokD0y9D4RvDyz2xuxwaY,2020-02-20,-8,-2,9,,1,1
AE,United Arab Emirates,Fujairah,,,AE-FU,,ChIJX7kokD0y9D4RvDyz2xuxwaY,2020-02-21,-8,-7,-8,,3,2
AE,United Arab Emirates,Fujairah,,,AE-FU,,ChIJX7kokD0y9D4RvDyz2xuxwaY,2020-02-22,-5,-4,12,,5,1
AE,United Arab Emirates,Fujairah,,,AE-FU,,ChIJX7kokD0y9D4RvDyz2xuxwaY,2020-02-23,-5,-5,12,,3,1
AE,United Arab Emirates,Fujairah,,,AE-FU,,ChIJX7kokD0y9D4RvDyz2xuxwaY,2020-02-24,-8,-2,0,,3,1
AE,United Arab Emirates,Fujairah,,,AE-FU,,ChIJX7kokD0y9D4RvDyz2xuxwaY,2020-02-25,-6,1,4,,3,1
AE,United Arab Emirates,Fujairah,,,AE-FU,,ChIJX7kokD0y9D4RvDyz2xuxwaY,2020-02-26,-8,-1,9,,3,1
AE,United Arab Emirates,Fujairah,,,AE-FU,,ChIJX7kokD0y9D4RvDyz2xuxwaY,2020-02-27,-6,1,-10,,2,1
AE,United Arab Emirates,Fujairah,,,AE-FU,,ChIJX7kokD0y9D4RvDyz2xuxwaY,2020-02-28,-2,-6,-7,,4,1
AE,United Arab Emirates,Fujairah,,,AE-FU,,ChIJX7kokD0y9D4RvDyz2xuxwaY,2020-02-29,0,0,3,,7,0
AE,United Arab Emirates,Fujairah,,,AE-FU,,ChIJX7kokD0y9D4RvDyz2xuxwaY,2020-03-01,0,7,8,,5,0
AE,United Arab Emirates,Fujairah,,,AE-FU,,ChIJX7kokD0y9D4RvDyz2xuxwaY,2020-03-02,-1,9,3,,5,0
AE,United Arab Emirates,Fujairah,,,AE-FU,,ChIJX7kokD0y9D4RvDyz2xuxwaY,2020-03-03,-4,6,-4,,4,1
AE,United Arab Emirates,Fujairah,,,AE-FU,,ChIJX7kokD0y9D4RvDyz2xuxwaY,2020-03-04,-3,1,7,,3,2
AE,United Arab Emirates,Fujairah,,,AE-FU,,ChIJX7kokD0y9D4RvDyz2xuxwaY,2020-03-05,-5,3,1,,5,2
AE,United Arab Emirates,Fujairah,,,AE-FU,,ChIJX7kokD0y9D4RvDyz2xuxwaY,2020-03-06,-5,-3,-6,,5,3
AE,United Arab Emirates,Fujairah,,,AE-FU,,ChIJX7kokD0y9D4RvDyz2xuxwaY,2020-03-07,-2,0,8,,8,2
AE,United Arab Emirates,Fujairah,,,AE-FU,,ChIJX7kokD0y9D4RvDyz2xuxwaY,2020-03-08,-1,5,10,,-2,2
AE,United Arab Emirates,Fujairah,,,AE-FU,,ChIJX7kokD0y9D4RvDyz2xuxwaY,2020-03-09,-4,4,8,,-2,2
AE,United Arab Emirates,Fujairah,,,AE-FU,,ChIJX7kokD0y9D4RvDyz2xuxwaY,2020-03-10,-5,7,5,,-3,4
AE,United Arab Emirates,Fujairah,,,AE-FU,,ChIJX7kokD0y9D4RvDyz2xuxwaY,2020-03-11,-2,3,14,,-4,3
AE,United Arab Emirates,Fujairah,,,AE-FU,,ChIJX7kokD0y9D4RvDyz2xuxwaY,2020-03-12,-7,1,4,,-4,5
AE,United Arab Emirates,Fujairah,,,AE-FU,,ChIJX7kokD0y9D4RvDyz2xuxwaY,2020-03-13,-9,-5,-2,,4,5
AE,United Arab Emirates,Fujairah,,,AE-FU,,ChIJX7kokD0y9D4RvDyz2xuxwaY,2020-03-14,-8,-2,9,,5,3
AE,United Arab Emirates,Fujairah,,,AE-FU,,ChIJX7kokD0y9D4RvDyz2xuxwaY,2020-03-15,-7,2,1,,-3,4
AE,United Arab Emirates,Fujairah,,,AE-FU,,ChIJX7kokD0y9D4RvDyz2xuxwaY,2020-03-16,-11,1,-3,,-6,5
AE,United Arab Emirates,Fujairah,,,AE-FU,,ChIJX7kokD0y9D4RvDyz2xuxwaY,2020-03-17,-14,1,-11,,-6,6
AE,United Arab Emirates,Fujairah,,,AE-FU,,ChIJX7kokD0y9D4RvDyz2xuxwaY,2020-03-18,-17,-4,-7,,-7,7
AE,United Arab Emirates,Fujairah,,,AE-FU,,ChIJX7kokD0y9D4RvDyz2xuxwaY,2020-03-19,-23,-8,-15,,-7,10
AE,United Arab Emirates,Fujairah,,,AE-FU,,ChIJX7kokD0y9D4RvDyz2xuxwaY,2020-03-20,-30,-19,-34,,-3,10
AE,United Arab Emirates,Fujairah,,,AE-FU,,ChIJX7kokD0y9D4RvDyz2xuxwaY,2020-03-21,-25,-15,-14,,-1,8
AE,United Arab Emirates,Fujairah,,,AE-FU,,ChIJX7kokD0y9D4RvDyz2xuxwaY,2020-03-22,-29,-17,-17,,-11,11
AE,United Arab Emirates,Fujairah,,,AE-FU,,ChIJX7kokD0y9D4RvDyz2xuxwaY,2020-03-23,-20,4,-26,,-12,10
AE,United Arab Emirates,Fujairah,,,AE-FU,,ChIJX7kokD0y9D4RvDyz2xuxwaY,2020-03-24,-31,-8,-30,,-16,12
AE,United Arab Emirates,Fujairah,,,AE-FU,,ChIJX7kokD0y9D4RvDyz2xuxwaY,2020-03-25,-40,-21,-27,,-21,14
AE,United Arab Emirates,Fujairah,,,AE-FU,,ChIJX7kokD0y9D4RvDyz2xuxwaY,2020-03-26,-46,-25,-42,,-24,19
AE,United Arab Emirates,Fujairah,,,AE-FU,,ChIJX7kokD0y9D4RvDyz2xuxwaY,2020-03-27,-70,-57,-69,,-39,
AE,United Arab Emirates,Fujairah,,,AE-FU,,ChIJX7kokD0y9D4RvDyz2xuxwaY,2020-03-28,-58,-43,-41,,-36,21
AE,United Arab Emirates,Fujairah,,,AE-FU,,ChIJX7kokD0y9D4RvDyz2xuxwaY,2020-03-29,-45,-27,-28,,-28,17
AE,United Arab Emirates,Fujairah,,,AE-FU,,ChIJX7kokD0y9D4RvDyz2xuxwaY,2020-03-30,-48,-26,-30,,-29,16
AE,United Arab Emirates,Fujairah,,,AE-FU,,ChIJX7kokD0y9D4RvDyz2xuxwaY,2020-03-31,-44,-24,-26,,-29,17
AE,United Arab Emirates,Fujairah,,,AE-FU,,ChIJX7kokD0y9D4RvDyz2xuxwaY,2020-04-01,-43,-24,-28,,-30,16
AE,United Arab Emirates,Fujairah,,,AE-FU,,ChIJX7kokD0y9D4RvDyz2xuxwaY,2020-04-02,-47,-26,-40,,-30,20
AE,United Arab Emirates,Fujairah,,,AE-FU,,ChIJX7kokD0y9D4RvDyz2xuxwaY,2020-04-03,-57,-40,-64,,-30,18
AE,United Arab Emirates,Fujairah,,,AE-FU,,ChIJX7kokD0y9D4RvDyz2xuxwaY,2020-04-04,-44,-27,-36,,-19,15
AE,United Arab Emirates,Fujairah,,,AE-FU,,ChIJX7kokD0y9D4RvDyz2xuxwaY,2020-04-05,-39,-21,-29,,-29,17
AE,United Arab Emirates,Fujairah,,,AE-FU,,ChIJX7kokD0y9D4RvDyz2xuxwaY,2020-04-06,-43,-21,-32,,-31,18
AE,United Arab Emirates,Fujairah,,,AE-FU,,ChIJX7kokD0y9D4RvDyz2xuxwaY,2020-04-07,-43,-20,-41,,-32,18
AE,United Arab Emirates,Fujairah,,,AE-FU,,ChIJX7kokD0y9D4RvDyz2xuxwaY,2020-04-08,-44,-22,-38,,-32,19
AE,United Arab Emirates,Fujairah,,,AE-FU,,ChIJX7kokD0y9D4RvDyz2xuxwaY,2020-04-09,-48,-28,-48,,-34,22
AE,United Arab Emirates,Fujairah,,,AE-FU,,ChIJX7kokD0y9D4RvDyz2xuxwaY,2020-04-10,-57,-40,-69,,-31,19
AE,United Arab Emirates,Fujairah,,,AE-FU,,ChIJX7kokD0y9D4RvDyz2xuxwaY,2020-04-11,-43,-26,-45,,-22,16
AE,United Arab Emirates,Fujairah,,,AE-FU,,ChIJX7kokD0y9D4RvDyz2xuxwaY,2020-04-12,-41,-22,-36,,-31,18
AE,United Arab Emirates,Fujairah,,,AE-FU,,ChIJX7kokD0y9D4RvDyz2xuxwaY,2020-04-13,-42,-20,-40,,-30,18
AE,United Arab Emirates,Fujairah,,,AE-FU,,ChIJX7kokD0y9D4RvDyz2xuxwaY,2020-04-14,-42,-20,-41,,-31,18
AE,United Arab Emirates,Fujairah,,,AE-FU,,ChIJX7kokD0y9D4RvDyz2xuxwaY,2020-04-15,-41,-23,-35,,-31,18
AE,United Arab Emirates,Fujairah,,,AE-FU,,ChIJX7kokD0y9D4RvDyz2xuxwaY,2020-04-16,-46,-22,-43,,-30,21
AE,United Arab Emirates,Fujairah,,,AE-FU,,ChIJX7kokD0y9D4RvDyz2xuxwaY,2020-04-17,-54,-36,-64,,-26,18
AE,United Arab Emirates,Fujairah,,,AE-FU,,ChIJX7kokD0y9D4RvDyz2xuxwaY,2020-04-18,-44,-30,-46,-35,-19,15
AE,United Arab Emirates,Fujairah,,,AE-FU,,ChIJX7kokD0y9D4RvDyz2xuxwaY,2020-04-19,-41,-25,-34,-37,-30,17
AE,United Arab Emirates,Fujairah,,,AE-FU,,ChIJX7kokD0y9D4RvDyz2xuxwaY,2020-04-20,-42,-24,-39,-40,-31,17
AE,United Arab Emirates,Fujairah,,,AE-FU,,ChIJX7kokD0y9D4RvDyz2xuxwaY,2020-04-21,-42,-23,-39,-34,-31,17
AE,United Arab Emirates,Fujairah,,,AE-FU,,ChIJX7kokD0y9D4RvDyz2xuxwaY,2020-04-22,-39,-20,-37,-37,-31,17
AE,United Arab Emirates,Fujairah,,,AE-FU,,ChIJX7kokD0y9D4RvDyz2xuxwaY,2020-04-23,-42,-20,-48,-36,-30,20
AE,United Arab Emirates,Fujairah,,,AE-FU,,ChIJX7kokD0y9D4RvDyz2xuxwaY,2020-04-24,-57,-39,-72,,-30,20
AE,United Arab Emirates,Fujairah,,,AE-FU,,ChIJX7kokD0y9D4RvDyz2xuxwaY,2020-04-25,-48,-29,-51,-41,-22,19
AE,United Arab Emirates,Fujairah,,,AE-FU,,ChIJX7kokD0y9D4RvDyz2xuxwaY,2020-04-26,-45,-27,-40,-44,-31,21
AE,United Arab Emirates,Fujairah,,,AE-FU,,ChIJX7kokD0y9D4RvDyz2xuxwaY,2020-04-27,-46,-22,-46,-42,-32,21
AE,United Arab Emirates,Fujairah,,,AE-FU,,ChIJX7kokD0y9D4RvDyz2xuxwaY,2020-04-28,-44,-19,-45,-38,-31,19
AE,United Arab Emirates,Fujairah,,,AE-FU,,ChIJX7kokD0y9D4RvDyz2xuxwaY,2020-04-29,-42,-19,-45,-38,-32,21
AE,United Arab Emirates,Fujairah,,,AE-FU,,ChIJX7kokD0y9D4RvDyz2xuxwaY,2020-04-30,-49,-23,-50,-37,-31,23
AE,United Arab Emirates,Fujairah,,,AE-FU,,ChIJX7kokD0y9D4RvDyz2xuxwaY,2020-05-01,-54,-35,-68,,-20,19
AE,United Arab Emirates,Fujairah,,,AE-FU,,ChIJX7kokD0y9D4RvDyz2xuxwaY,2020-05-02,-44,-23,-45,-31,-19,17
AE,United Arab Emirates,Fujairah,,,AE-FU,,ChIJX7kokD0y9D4RvDyz2xuxwaY,2020-05-03,-40,-17,-43,-36,-29,18
AE,United Arab Emirates,Fujairah,,,AE-FU,,ChIJX7kokD0y9D4RvDyz2xuxwaY,2020-05-04,-43,-18,-42,-33,-30,18
AE,United Arab Emirates,Fujairah,,,AE-FU,,ChIJX7kokD0y9D4RvDyz2xuxwaY,2020-05-05,-43,-16,-44,-39,-29,18
AE,United Arab Emirates,Fujairah,,,AE-FU,,ChIJX7kokD0y9D4RvDyz2xuxwaY,2020-05-06,-41,-14,-44,-34,-29,18
AE,United Arab Emirates,Fujairah,,,AE-FU,,ChIJX7kokD0y9D4RvDyz2xuxwaY,2020-05-07,-43,-20,-50,-35,-28,23
AE,United Arab Emirates,Fujairah,,,AE-FU,,ChIJX7kokD0y9D4RvDyz2xuxwaY,2020-05-08,-52,-35,-67,-54,-19,18
AE,United Arab Emirates,Fujairah,,,AE-FU,,ChIJX7kokD0y9D4RvDyz2xuxwaY,2020-05-09,-41,-23,-42,-41,-17,16
AE,United Arab Emirates,Fujairah,,,AE-FU,,ChIJX7kokD0y9D4RvDyz2xuxwaY,2020-05-10,-39,-20,-40,-28,-28,18
AE,United Arab Emirates,Fujairah,,,AE-FU,,ChIJX7kokD0y9D4RvDyz2xuxwaY,2020-05-11,-42,-20,-44,,-28,18
AE,United Arab Emirates,Fujairah,,,AE-FU,,ChIJX7kokD0y9D4RvDyz2xuxwaY,2020-05-12,-42,-17,-47,-34,-28,19
AE,United Arab Emirates,Fujairah,,,AE-FU,,ChIJX7kokD0y9D4RvDyz2xuxwaY,2020-05-13,-42,-21,-47,-44,-29,20
AE,United Arab Emirates,Fujairah,,,AE-FU,,ChIJX7kokD0y9D4RvDyz2xuxwaY,2020-05-14,-45,-24,-51,-39,-29,22
AE,United Arab Emirates,Fujairah,,,AE-FU,,ChIJX7kokD0y9D4RvDyz2xuxwaY,2020-05-15,-53,-35,-65,-50,-17,18
AE,United Arab Emirates,Fujairah,,,AE-FU,,ChIJX7kokD0y9D4RvDyz2xuxwaY,2020-05-16,-41,-21,-47,-45,-17,17
AE,United Arab Emirates,Fujairah,,,AE-FU,,ChIJX7kokD0y9D4RvDyz2xuxwaY,2020-05-17,-38,-17,-42,-33,-28,19
AE,United Arab Emirates,Fujairah,,,AE-FU,,ChIJX7kokD0y9D4RvDyz2xuxwaY,2020-05-18,-40,-17,-47,,-28,19
AE,United Arab Emirates,Fujairah,,,AE-FU,,ChIJX7kokD0y9D4RvDyz2xuxwaY,2020-05-19,-38,-16,-45,-30,-28,19
AE,United Arab Emirates,Fujairah,,,AE-FU,,ChIJX7kokD0y9D4RvDyz2xuxwaY,2020-05-20,-46,-26,-47,-48,-31,21
AE,United Arab Emirates,Fujairah,,,AE-FU,,ChIJX7kokD0y9D4RvDyz2xuxwaY,2020-05-21,-47,-26,-55,-36,-31,24
AE,United Arab Emirates,Fujairah,,,AE-FU,,ChIJX7kokD0y9D4RvDyz2xuxwaY,2020-05-22,-49,-31,-69,-59,-20,18
AE,United Arab Emirates,Fujairah,,,AE-FU,,ChIJX7kokD0y9D4RvDyz2xuxwaY,2020-05-23,-41,-19,-52,-46,-34,20
AE,United Arab Emirates,Fujairah,,,AE-FU,,ChIJX7kokD0y9D4RvDyz2xuxwaY,2020-05-24,-49,-33,-11,-34,-61,26
AE,United Arab Emirates,Fujairah,,,AE-FU,,ChIJX7kokD0y9D4RvDyz2xuxwaY,2020-05-25,-39,-17,-10,,-58,24
AE,United Arab Emirates,Fujairah,,,AE-FU,,ChIJX7kokD0y9D4RvDyz2xuxwaY,2020-05-26,-40,-19,-28,-24,-48,21
AE,United Arab Emirates,Fujairah,,,AE-FU,,ChIJX7kokD0y9D4RvDyz2xuxwaY,2020-05-27,-38,-20,-40,-36,-26,17
AE,United Arab Emirates,Fujairah,,,AE-FU,,ChIJX7kokD0y9D4RvDyz2xuxwaY,2020-05-28,-42,-25,-43,-30,-26,20
AE,United Arab Emirates,Fujairah,,,AE-FU,,ChIJX7kokD0y9D4RvDyz2xuxwaY,2020-05-29,-48,-33,-55,-40,-18,17
AE,United Arab Emirates,Fujairah,,,AE-FU,,ChIJX7kokD0y9D4RvDyz2xuxwaY,2020-05-30,-33,-18,-38,-30,-9,12
AE,United Arab Emirates,Fujairah,,,AE-FU,,ChIJX7kokD0y9D4RvDyz2xuxwaY,2020-05-31,-26,-11,-32,-27,-20,13
AE,United Arab Emirates,Fujairah,,,AE-FU,,ChIJX7kokD0y9D4RvDyz2xuxwaY,2020-06-01,-29,-9,-34,,-20,13
AE,United Arab Emirates,Fujairah,,,AE-FU,,ChIJX7kokD0y9D4RvDyz2xuxwaY,2020-06-02,-30,-8,-37,-26,-23,14
AE,United Arab Emirates,Fujairah,,,AE-FU,,ChIJX7kokD0y9D4RvDyz2xuxwaY,2020-06-03,-31,-13,-35,-30,-24,15
AE,United Arab Emirates,Fujairah,,,AE-FU,,ChIJX7kokD0y9D4RvDyz2xuxwaY,2020-06-04,-36,-21,-41,-27,-21,17
AE,United Arab Emirates,Fujairah,,,AE-FU,,ChIJX7kokD0y9D4RvDyz2xuxwaY,2020-06-05,-43,-28,-60,-30,-14,15
AE,United Arab Emirates,Fujairah,,,AE-FU,,ChIJX7kokD0y9D4RvDyz2xuxwaY,2020-06-06,-32,-18,-43,,-10,13
AE,United Arab Emirates,Fujairah,,,AE-FU,,ChIJX7kokD0y9D4RvDyz2xuxwaY,2020-06-07,-28,-11,-35,-21,-22,13
AE,United Arab Emirates,Fujairah,,,AE-FU,,ChIJX7kokD0y9D4RvDyz2xuxwaY,2020-06-08,-31,-10,-39,,-22,14
AE,United Arab Emirates,Fujairah,,,AE-FU,,ChIJX7kokD0y9D4RvDyz2xuxwaY,2020-06-09,-31,-10,-38,-20,-22,14
AE,United Arab Emirates,Fujairah,,,AE-FU,,ChIJX7kokD0y9D4RvDyz2xuxwaY,2020-06-10,-31,-13,-36,-22,-23,15
AE,United Arab Emirates,Fujairah,,,AE-FU,,ChIJX7kokD0y9D4RvDyz2xuxwaY,2020-06-11,-36,-18,-43,-26,-23,18
AE,United Arab Emirates,Fujairah,,,AE-FU,,ChIJX7kokD0y9D4RvDyz2xuxwaY,2020-06-12,-44,-29,-57,-35,-12,14
AE,United Arab Emirates,Fujairah,,,AE-FU,,ChIJX7kokD0y9D4RvDyz2xuxwaY,2020-06-13,-31,-17,-43,,-8,11
AE,United Arab Emirates,Fujairah,,,AE-FU,,ChIJX7kokD0y9D4RvDyz2xuxwaY,2020-06-14,-27,-12,-34,-19,-20,13
AE,United Arab Emirates,Fujairah,,,AE-FU,,ChIJX7kokD0y9D4RvDyz2xuxwaY,2020-06-15,-29,-11,-42,,-20,13
AE,United Arab Emirates,Fujairah,,,AE-FU,,ChIJX7kokD0y9D4RvDyz2xuxwaY,2020-06-16,-30,-9,-36,-30,-21,13
AE,United Arab Emirates,Fujairah,,,AE-FU,,ChIJX7kokD0y9D4RvDyz2xuxwaY,2020-06-17,-30,-11,-40,-25,-22,13
AE,United Arab Emirates,Fujairah,,,AE-FU,,ChIJX7kokD0y9D4RvDyz2xuxwaY,2020-06-18,-35,-20,-44,-25,-22,15
AE,United Arab Emirates,Fujairah,,,AE-FU,,ChIJX7kokD0y9D4RvDyz2xuxwaY,2020-06-19,-43,-30,-56,-36,-14,13
AE,United Arab Emirates,Fujairah,,,AE-FU,,ChIJX7kokD0y9D4RvDyz2xuxwaY,2020-06-20,-32,-21,-39,-36,-9,10
AE,United Arab Emirates,Fujairah,,,AE-FU,,ChIJX7kokD0y9D4RvDyz2xuxwaY,2020-06-21,-28,-16,-36,-22,-22,12
AE,United Arab Emirates,Fujairah,,,AE-FU,,ChIJX7kokD0y9D4RvDyz2xuxwaY,2020-06-22,-31,-13,-39,,-21,12
AE,United Arab Emirates,Fujairah,,,AE-FU,,ChIJX7kokD0y9D4RvDyz2xuxwaY,2020-06-23,-30,-9,-36,-28,-21,12
AE,United Arab Emirates,Fujairah,,,AE-FU,,ChIJX7kokD0y9D4RvDyz2xuxwaY,2020-06-24,-32,-14,-34,-34,-21,13
AE,United Arab Emirates,Fujairah,,,AE-FU,,ChIJX7kokD0y9D4RvDyz2xuxwaY,2020-06-25,-30,-15,-41,-24,-20,14
AE,United Arab Emirates,Fujairah,,,AE-FU,,ChIJX7kokD0y9D4RvDyz2xuxwaY,2020-06-26,-34,-22,-50,-22,-10,11
AE,United Arab Emirates,Fujairah,,,AE-FU,,ChIJX7kokD0y9D4RvDyz2xuxwaY,2020-06-27,-27,-14,-37,,-10,9
AE,United Arab Emirates,Fujairah,,,AE-FU,,ChIJX7kokD0y9D4RvDyz2xuxwaY,2020-06-28,-21,-6,-31,-16,-19,10
AE,United Arab Emirates,Fujairah,,,AE-FU,,ChIJX7kokD0y9D4RvDyz2xuxwaY,2020-06-29,-20,-4,-40,,-18,11
AE,United Arab Emirates,Fujairah,,,AE-FU,,ChIJX7kokD0y9D4RvDyz2xuxwaY,2020-06-30,-17,1,-33,-37,-17,11
AE,United Arab Emirates,Fujairah,,,AE-FU,,ChIJX7kokD0y9D4RvDyz2xuxwaY,2020-07-01,-19,-3,-26,-45,-17,11
AE,United Arab Emirates,Fujairah,,,AE-FU,,ChIJX7kokD0y9D4RvDyz2xuxwaY,2020-07-02,-22,-8,-32,-32,-18,14
AE,United Arab Emirates,Fujairah,,,AE-FU,,ChIJX7kokD0y9D4RvDyz2xuxwaY,2020-07-03,-28,-16,-46,-58,-8,12
AE,United Arab Emirates,Fujairah,,,AE-FU,,ChIJX7kokD0y9D4RvDyz2xuxwaY,2020-07-04,-21,-10,-31,-54,-6,10
AE,United Arab Emirates,Fujairah,,,AE-FU,,ChIJX7kokD0y9D4RvDyz2xuxwaY,2020-07-05,-18,-3,-23,-30,-17,11
AE,United Arab Emirates,Fujairah,,,AE-FU,,ChIJX7kokD0y9D4RvDyz2xuxwaY,2020-07-06,-19,0,-30,,-18,11
AE,United Arab Emirates,Fujairah,,,AE-FU,,ChIJX7kokD0y9D4RvDyz2xuxwaY,2020-07-07,-21,1,-29,-30,-18,12
AE,United Arab Emirates,Fujairah,,,AE-FU,,ChIJX7kokD0y9D4RvDyz2xuxwaY,2020-07-08,-22,-5,-28,-45,-17,11
AE,United Arab Emirates,Fujairah,,,AE-FU,,ChIJX7kokD0y9D4RvDyz2xuxwaY,2020-07-09,-24,-10,-34,-31,-17,13
AE,United Arab Emirates,Fujairah,,,AE-FU,,ChIJX7kokD0y9D4RvDyz2xuxwaY,2020-07-10,-29,-20,-47,-66,-6,12
AE,United Arab Emirates,Fujairah,,,AE-FU,,ChIJX7kokD0y9D4RvDyz2xuxwaY,2020-07-11,-22,-10,-31,-50,-7,10
AE,United Arab Emirates,Fujairah,,,AE-FU,,ChIJX7kokD0y9D4RvDyz2xuxwaY,2020-07-12,-18,-5,-25,-41,-16,11
AE,United Arab Emirates,Fujairah,,,AE-FU,,ChIJX7kokD0y9D4RvDyz2xuxwaY,2020-07-13,-19,-4,-26,,-17,11
AE,United Arab Emirates,Fujairah,,,AE-FU,,ChIJX7kokD0y9D4RvDyz2xuxwaY,2020-07-14,-21,-5,-30,-46,-18,11
AE,United Arab Emirates,Fujairah,,,AE-FU,,ChIJX7kokD0y9D4RvDyz2xuxwaY,2020-07-15,-20,-7,-21,-42,-17,11
AE,United Arab Emirates,Fujairah,,,AE-FU,,ChIJX7kokD0y9D4RvDyz2xuxwaY,2020-07-16,-22,-11,-33,-38,-15,12
AE,United Arab Emirates,Fujairah,,,AE-FU,,ChIJX7kokD0y9D4RvDyz2xuxwaY,2020-07-17,-28,-19,-47,-64,-8,12
AE,United Arab Emirates,Fujairah,,,AE-FU,,ChIJX7kokD0y9D4RvDyz2xuxwaY,2020-07-18,-22,-13,-23,-55,-4,9
AE,United Arab Emirates,Fujairah,,,AE-FU,,ChIJX7kokD0y9D4RvDyz2xuxwaY,2020-07-19,-18,-6,-18,-43,-15,10
AE,United Arab Emirates,Fujairah,,,AE-FU,,ChIJX7kokD0y9D4RvDyz2xuxwaY,2020-07-20,-21,-7,-20,-39,-16,10
AE,United Arab Emirates,Fujairah,,,AE-FU,,ChIJX7kokD0y9D4RvDyz2xuxwaY,2020-07-21,-20,-5,-28,-43,-18,10
AE,United Arab Emirates,Fujairah,,,AE-FU,,ChIJX7kokD0y9D4RvDyz2xuxwaY,2020-07-22,-19,-7,-25,-45,-17,11
AE,United Arab Emirates,Fujairah,,,AE-FU,,ChIJX7kokD0y9D4RvDyz2xuxwaY,2020-07-23,-22,-11,-31,-35,-15,13
AE,United Arab Emirates,Fujairah,,,AE-FU,,ChIJX7kokD0y9D4RvDyz2xuxwaY,2020-07-24,-27,-21,-42,-65,-6,12
AE,United Arab Emirates,Fujairah,,,AE-FU,,ChIJX7kokD0y9D4RvDyz2xuxwaY,2020-07-25,-22,-12,-29,-52,-5,9
AE,United Arab Emirates,Fujairah,,,AE-FU,,ChIJX7kokD0y9D4RvDyz2xuxwaY,2020-07-26,-15,-6,-22,-36,-15,9
AE,United Arab Emirates,Fujairah,,,AE-FU,,ChIJX7kokD0y9D4RvDyz2xuxwaY,2020-07-27,-12,-2,-29,,-15,9
AE,United Arab Emirates,Fujairah,,,AE-FU,,ChIJX7kokD0y9D4RvDyz2xuxwaY,2020-07-28,-9,6,-33,-31,-15,8
AE,United Arab Emirates,Fujairah,,,AE-FU,,ChIJX7kokD0y9D4RvDyz2xuxwaY,2020-07-29,0,15,-18,-31,-17,7
AE,United Arab Emirates,Fujairah,,,AE-FU,,ChIJX7kokD0y9D4RvDyz2xuxwaY,2020-07-30,-10,9,-33,-28,-45,21
AE,United Arab Emirates,Fujairah,,,AE-FU,,ChIJX7kokD0y9D4RvDyz2xuxwaY,2020-07-31,-18,-9,-15,-8,-15,9
AE,United Arab Emirates,Fujairah,,,AE-FU,,ChIJX7kokD0y9D4RvDyz2xuxwaY,2020-08-01,-5,6,40,,-41,13
AE,United Arab Emirates,Fujairah,,,AE-FU,,ChIJX7kokD0y9D4RvDyz2xuxwaY,2020-08-02,-6,4,2,-15,-45,15
AE,United Arab Emirates,Fujairah,,,AE-FU,,ChIJX7kokD0y9D4RvDyz2xuxwaY,2020-08-03,-16,1,-28,,-16,8
AE,United Arab Emirates,Fujairah,,,AE-FU,,ChIJX7kokD0y9D4RvDyz2xuxwaY,2020-08-04,-14,-1,-28,-16,-18,9
AE,United Arab Emirates,Fujairah,,,AE-FU,,ChIJX7kokD0y9D4RvDyz2xuxwaY,2020-08-05,-16,-4,-20,-27,-16,9
AE,United Arab Emirates,Fujairah,,,AE-FU,,ChIJX7kokD0y9D4RvDyz2xuxwaY,2020-08-06,-20,-10,-28,-14,-16,11
AE,United Arab Emirates,Fujairah,,,AE-FU,,ChIJX7kokD0y9D4RvDyz2xuxwaY,2020-08-07,-27,-21,-48,-19,-5,11
AE,United Arab Emirates,Fujairah,,,AE-FU,,ChIJX7kokD0y9D4RvDyz2xuxwaY,2020-08-08,-21,-11,-22,,-4,8
AE,United Arab Emirates,Fujairah,,,AE-FU,,ChIJX7kokD0y9D4RvDyz2xuxwaY,2020-08-09,-12,-3,-19,-13,-15,9
AE,United Arab Emirates,Fujairah,,,AE-FU,,ChIJX7kokD0y9D4RvDyz2xuxwaY,2020-08-10,-16,0,-20,,-15,9
AE,United Arab Emirates,Fujairah,,,AE-FU,,ChIJX7kokD0y9D4RvDyz2xuxwaY,2020-08-11,-18,-2,-27,-17,-16,9
AE,United Arab Emirates,Fujairah,,,AE-FU,,ChIJX7kokD0y9D4RvDyz2xuxwaY,2020-08-12,-16,-6,-24,,-16,9
AE,United Arab Emirates,Fujairah,,,AE-FU,,ChIJX7kokD0y9D4RvDyz2xuxwaY,2020-08-13,-20,-9,-30,,-16,11
AE,United Arab Emirates,Fujairah,,,AE-FU,,ChIJX7kokD0y9D4RvDyz2xuxwaY,2020-08-14,-26,-18,-48,-24,-8,10
AE,United Arab Emirates,Fujairah,,,AE-FU,,ChIJX7kokD0y9D4RvDyz2xuxwaY,2020-08-15,-18,-11,-25,,-6,8
AE,United Arab Emirates,Fujairah,,,AE-FU,,ChIJX7kokD0y9D4RvDyz2xuxwaY,2020-08-16,-15,-6,-17,-14,-16,8
AE,United Arab Emirates,Fujairah,,,AE-FU,,ChIJX7kokD0y9D4RvDyz2xuxwaY,2020-08-17,,,,,-15,8
AE,United Arab Emirates,Fujairah,,,AE-FU,,ChIJX7kokD0y9D4RvDyz2xuxwaY,2020-08-18,,,,,-15,9
AE,United Arab Emirates,Fujairah,,,AE-FU,,ChIJX7kokD0y9D4RvDyz2xuxwaY,2020-08-19,,,,,-15,9
AE,United Arab Emirates,Fujairah,,,AE-FU,,ChIJX7kokD0y9D4RvDyz2xuxwaY,2020-08-20,,,,,-16,11
AE,United Arab Emirates,Fujairah,,,AE-FU,,ChIJX7kokD0y9D4RvDyz2xuxwaY,2020-08-21,,,,,,11
AE,United Arab Emirates,Fujairah,,,AE-FU,,ChIJX7kokD0y9D4RvDyz2xuxwaY,2020-08-22,,,,,-10,9
AE,United Arab Emirates,Fujairah,,,AE-FU,,ChIJX7kokD0y9D4RvDyz2xuxwaY,2020-08-23,,,,,-42,16
AE,United Arab Emirates,Fujairah,,,AE-FU,,ChIJX7kokD0y9D4RvDyz2xuxwaY,2020-08-24,,,,,-14,8
AE,United Arab Emirates,Fujairah,,,AE-FU,,ChIJX7kokD0y9D4RvDyz2xuxwaY,2020-08-25,,,,,-15,9
AE,United Arab Emirates,Fujairah,,,AE-FU,,ChIJX7kokD0y9D4RvDyz2xuxwaY,2020-08-26,,,,,-13,9
AE,United Arab Emirates,Fujairah,,,AE-FU,,ChIJX7kokD0y9D4RvDyz2xuxwaY,2020-08-27,,,,,-14,11
AE,United Arab Emirates,Fujairah,,,AE-FU,,ChIJX7kokD0y9D4RvDyz2xuxwaY,2020-08-28,,,,,,10
AE,United Arab Emirates,Fujairah,,,AE-FU,,ChIJX7kokD0y9D4RvDyz2xuxwaY,2020-08-29,,,,,-7,8
AE,United Arab Emirates,Fujairah,,,AE-FU,,ChIJX7kokD0y9D4RvDyz2xuxwaY,2020-08-30,,,,,-15,8
AE,United Arab Emirates,Fujairah,,,AE-FU,,ChIJX7kokD0y9D4RvDyz2xuxwaY,2020-08-31,,,,,-16,9
AE,United Arab Emirates,Fujairah,,,AE-FU,,ChIJX7kokD0y9D4RvDyz2xuxwaY,2020-09-01,,,,,-14,9
AE,United Arab Emirates,Fujairah,,,AE-FU,,ChIJX7kokD0y9D4RvDyz2xuxwaY,2020-09-02,,,,,-13,9
AE,United Arab Emirates,Fujairah,,,AE-FU,,ChIJX7kokD0y9D4RvDyz2xuxwaY,2020-09-03,,,,,-15,11
AE,United Arab Emirates,Fujairah,,,AE-FU,,ChIJX7kokD0y9D4RvDyz2xuxwaY,2020-09-04,,,,,,11
AE,United Arab Emirates,Fujairah,,,AE-FU,,ChIJX7kokD0y9D4RvDyz2xuxwaY,2020-09-05,,,,,-8,8
AE,United Arab Emirates,Fujairah,,,AE-FU,,ChIJX7kokD0y9D4RvDyz2xuxwaY,2020-09-06,,,,,-15,9
AE,United Arab Emirates,Fujairah,,,AE-FU,,ChIJX7kokD0y9D4RvDyz2xuxwaY,2020-09-07,,,,,-15,9
AE,United Arab Emirates,Fujairah,,,AE-FU,,ChIJX7kokD0y9D4RvDyz2xuxwaY,2020-09-08,,,,,-16,9
AE,United Arab Emirates,Fujairah,,,AE-FU,,ChIJX7kokD0y9D4RvDyz2xuxwaY,2020-09-09,,,,,-13,9
AE,United Arab Emirates,Fujairah,,,AE-FU,,ChIJX7kokD0y9D4RvDyz2xuxwaY,2020-09-10,,,,,-14,10
AE,United Arab Emirates,Fujairah,,,AE-FU,,ChIJX7kokD0y9D4RvDyz2xuxwaY,2020-09-11,-19,-13,-39,-3,-10,9
AE,United Arab Emirates,Fujairah,,,AE-FU,,ChIJX7kokD0y9D4RvDyz2xuxwaY,2020-09-12,-15,-7,-24,,-6,7
AE,United Arab Emirates,Fujairah,,,AE-FU,,ChIJX7kokD0y9D4RvDyz2xuxwaY,2020-09-13,-13,-4,-19,,-15,8
AE,United Arab Emirates,Fujairah,,,AE-FU,,ChIJX7kokD0y9D4RvDyz2xuxwaY,2020-09-14,-14,-4,-18,,-12,9
AE,United Arab Emirates,Fujairah,,,AE-FU,,ChIJX7kokD0y9D4RvDyz2xuxwaY,2020-09-15,-14,-1,-22,,-12,9
AE,United Arab Emirates,Fujairah,,,AE-FU,,ChIJX7kokD0y9D4RvDyz2xuxwaY,2020-09-16,-15,-5,-17,-8,-13,9
AE,United Arab Emirates,Fujairah,,,AE-FU,,ChIJX7kokD0y9D4RvDyz2xuxwaY,2020-09-17,-18,-10,-23,,-13,11
AE,United Arab Emirates,Fujairah,,,AE-FU,,ChIJX7kokD0y9D4RvDyz2xuxwaY,2020-09-18,-21,-15,-34,5,-11,11
AE,United Arab Emirates,Fujairah,,,AE-FU,,ChIJX7kokD0y9D4RvDyz2xuxwaY,2020-09-19,-17,-12,-18,,-8,9
AE,United Arab Emirates,Fujairah,,,AE-FU,,ChIJX7kokD0y9D4RvDyz2xuxwaY,2020-09-20,-14,-8,-14,-7,-13,10
AE,United Arab Emirates,Fujairah,,,AE-FU,,ChIJX7kokD0y9D4RvDyz2xuxwaY,2020-09-21,-17,-8,-25,,-14,10
AE,United Arab Emirates,Fujairah,,,AE-FU,,ChIJX7kokD0y9D4RvDyz2xuxwaY,2020-09-22,-20,-8,-26,-15,-14,11
AE,United Arab Emirates,Fujairah,,,AE-FU,,ChIJX7kokD0y9D4RvDyz2xuxwaY,2020-09-23,-20,-12,-25,-20,-15,11
AE,United Arab Emirates,Fujairah,,,AE-FU,,ChIJX7kokD0y9D4RvDyz2xuxwaY,2020-09-24,-21,-12,-30,,-13,12
AE,United Arab Emirates,Fujairah,,,AE-FU,,ChIJX7kokD0y9D4RvDyz2xuxwaY,2020-09-25,-26,-20,-38,-8,-10,12
AE,United Arab Emirates,Fujairah,,,AE-FU,,ChIJX7kokD0y9D4RvDyz2xuxwaY,2020-09-26,-20,-11,-29,,-7,10
AE,United Arab Emirates,Fujairah,,,AE-FU,,ChIJX7kokD0y9D4RvDyz2xuxwaY,2020-09-27,-15,-7,-19,,-13,10
AE,United Arab Emirates,Fujairah,,,AE-FU,,ChIJX7kokD0y9D4RvDyz2xuxwaY,2020-09-28,-17,-6,-32,,-12,10
AE,United Arab Emirates,Fujairah,,,AE-FU,,ChIJX7kokD0y9D4RvDyz2xuxwaY,2020-09-29,-16,-2,-28,,-14,10
AE,United Arab Emirates,Fujairah,,,AE-FU,,ChIJX7kokD0y9D4RvDyz2xuxwaY,2020-09-30,-15,-3,-24,-3,-15,8
AE,United Arab Emirates,Fujairah,,,AE-FU,,ChIJX7kokD0y9D4RvDyz2xuxwaY,2020-10-01,-16,-3,-27,,-14,8
AE,United Arab Emirates,Fujairah,,,AE-FU,,ChIJX7kokD0y9D4RvDyz2xuxwaY,2020-10-02,-19,-11,-34,,-14,7
AE,United Arab Emirates,Fujairah,,,AE-FU,,ChIJX7kokD0y9D4RvDyz2xuxwaY,2020-10-03,-14,-4,-24,,-10,5
AE,United Arab Emirates,Fujairah,,,AE-FU,,ChIJX7kokD0y9D4RvDyz2xuxwaY,2020-10-04,-12,-1,-18,,-17,7
AE,United Arab Emirates,Fujairah,,,AE-FU,,ChIJX7kokD0y9D4RvDyz2xuxwaY,2020-10-05,-14,-4,-27,,-19,7
AE,United Arab Emirates,Fujairah,,,AE-FU,,ChIJX7kokD0y9D4RvDyz2xuxwaY,2020-10-06,-14,-3,-29,,-17,8
AE,United Arab Emirates,Fujairah,,,AE-FU,,ChIJX7kokD0y9D4RvDyz2xuxwaY,2020-10-07,-16,-6,-25,-12,-16,8
AE,United Arab Emirates,Fujairah,,,AE-FU,,ChIJX7kokD0y9D4RvDyz2xuxwaY,2020-10-08,-16,-8,-28,,-13,9
AE,United Arab Emirates,Fujairah,,,AE-FU,,ChIJX7kokD0y9D4RvDyz2xuxwaY,2020-10-09,-21,-15,-33,,-10,9
AE,United Arab Emirates,Fujairah,,,AE-FU,,ChIJX7kokD0y9D4RvDyz2xuxwaY,2020-10-10,-18,-9,-26,,-7,8
AE,United Arab Emirates,Fujairah,,,AE-FU,,ChIJX7kokD0y9D4RvDyz2xuxwaY,2020-10-11,-15,-5,-22,,-15,10
AE,United Arab Emirates,Fujairah,,,AE-FU,,ChIJX7kokD0y9D4RvDyz2xuxwaY,2020-10-12,-17,-5,-28,,-14,10
AE,United Arab Emirates,Fujairah,,,AE-FU,,ChIJX7kokD0y9D4RvDyz2xuxwaY,2020-10-13,-16,-3,-31,,-16,10
AE,United Arab Emirates,Fujairah,,,AE-FU,,ChIJX7kokD0y9D4RvDyz2xuxwaY,2020-10-14,-17,-5,-27,-14,-15,10
AE,United Arab Emirates,Fujairah,,,AE-FU,,ChIJX7kokD0y9D4RvDyz2xuxwaY,2020-10-15,-18,-8,-26,,-13,11
AE,United Arab Emirates,Fujairah,,,AE-FU,,ChIJX7kokD0y9D4RvDyz2xuxwaY,2020-10-16,-21,-13,-29,,-10,10
AE,United Arab Emirates,Fujairah,,,AE-FU,,ChIJX7kokD0y9D4RvDyz2xuxwaY,2020-10-17,-17,-9,-28,,-6,9
AE,United Arab Emirates,Fujairah,,,AE-FU,,ChIJX7kokD0y9D4RvDyz2xuxwaY,2020-10-18,-13,-5,-23,,-14,10
AE,United Arab Emirates,Fujairah,,,AE-FU,,ChIJX7kokD0y9D4RvDyz2xuxwaY,2020-10-19,-18,-7,-29,,-14,10
AE,United Arab Emirates,Fujairah,,,AE-FU,,ChIJX7kokD0y9D4RvDyz2xuxwaY,2020-10-20,-19,-7,-28,,-15,11
AE,United Arab Emirates,Fujairah,,,AE-FU,,ChIJX7kokD0y9D4RvDyz2xuxwaY,2020-10-21,-17,-6,-18,-7,-13,11
AE,United Arab Emirates,Fujairah,,,AE-FU,,ChIJX7kokD0y9D4RvDyz2xuxwaY,2020-10-22,-16,-8,-13,,-11,12
AE,United Arab Emirates,Fujairah,,,AE-FU,,ChIJX7kokD0y9D4RvDyz2xuxwaY,2020-10-23,-19,-13,-15,,-5,10
AE,United Arab Emirates,Fujairah,,,AE-FU,,ChIJX7kokD0y9D4RvDyz2xuxwaY,2020-10-24,-18,-7,-17,,-5,8
AE,United Arab Emirates,Fujairah,,,AE-FU,,ChIJX7kokD0y9D4RvDyz2xuxwaY,2020-10-25,-12,-4,-12,,-12,9
AE,United Arab Emirates,Fujairah,,,AE-FU,,ChIJX7kokD0y9D4RvDyz2xuxwaY,2020-10-26,-15,-2,-22,,-13,10
AE,United Arab Emirates,Fujairah,,,AE-FU,,ChIJX7kokD0y9D4RvDyz2xuxwaY,2020-10-27,-12,4,-22,,-14,9
AE,United Arab Emirates,Fujairah,,,AE-FU,,ChIJX7kokD0y9D4RvDyz2xuxwaY,2020-10-28,-7,8,-11,-7,-13,6
AE,United Arab Emirates,Fujairah,,,AE-FU,,ChIJX7kokD0y9D4RvDyz2xuxwaY,2020-10-29,-5,13,75,,-44,16
AE,United Arab Emirates,Fujairah,,,AE-FU,,ChIJX7kokD0y9D4RvDyz2xuxwaY,2020-10-30,-15,-6,15,,-9,7
AE,United Arab Emirates,Fujairah,,,AE-FU,,ChIJX7kokD0y9D4RvDyz2xuxwaY,2020-10-31,-17,-6,-16,,-6,6
AE,United Arab Emirates,Fujairah,,,AE-FU,,ChIJX7kokD0y9D4RvDyz2xuxwaY,2020-11-01,-14,-2,-19,,-15,8
AE,United Arab Emirates,Fujairah,,,AE-FU,,ChIJX7kokD0y9D4RvDyz2xuxwaY,2020-11-02,-15,-1,-30,,-14,8
AE,United Arab Emirates,Fujairah,,,AE-FU,,ChIJX7kokD0y9D4RvDyz2xuxwaY,2020-11-03,-16,0,-29,,-14,8
AE,United Arab Emirates,Fujairah,,,AE-FU,,ChIJX7kokD0y9D4RvDyz2xuxwaY,2020-11-04,-16,-1,-26,-8,-13,8
AE,United Arab Emirates,Fujairah,,,AE-FU,,ChIJX7kokD0y9D4RvDyz2xuxwaY,2020-11-05,-17,-5,-26,,-14,10
AE,United Arab Emirates,Fujairah,,,AE-FU,,ChIJX7kokD0y9D4RvDyz2xuxwaY,2020-11-06,-23,-13,-23,,-12,9
AE,United Arab Emirates,Fujairah,,,AE-FU,,ChIJX7kokD0y9D4RvDyz2xuxwaY,2020-11-07,-18,-9,-28,,-6,7
AE,United Arab Emirates,Fujairah,,,AE-FU,,ChIJX7kokD0y9D4RvDyz2xuxwaY,2020-11-08,-16,-7,-21,,-13,8
AE,United Arab Emirates,Fujairah,,,AE-FU,,ChIJX7kokD0y9D4RvDyz2xuxwaY,2020-11-09,-19,-2,-28,,-13,9
AE,United Arab Emirates,Fujairah,,,AE-FU,,ChIJX7kokD0y9D4RvDyz2xuxwaY,2020-11-10,-19,-1,-30,,-13,9
AE,United Arab Emirates,Fujairah,,,AE-FU,,ChIJX7kokD0y9D4RvDyz2xuxwaY,2020-11-11,-15,-2,-31,-14,-12,8
AE,United Arab Emirates,Fujairah,,,AE-FU,,ChIJX7kokD0y9D4RvDyz2xuxwaY,2020-11-12,-18,-4,-20,,-12,9
AE,United Arab Emirates,Fujairah,,,AE-FU,,ChIJX7kokD0y9D4RvDyz2xuxwaY,2020-11-13,-20,-10,-16,,-10,8
AE,United Arab Emirates,Fujairah,,,AE-FU,,ChIJX7kokD0y9D4RvDyz2xuxwaY,2020-11-14,-16,-6,-19,,-7,7
AE,United Arab Emirates,Fujairah,,,AE-FU,,ChIJX7kokD0y9D4RvDyz2xuxwaY,2020-11-15,-14,-3,-15,,-13,8
AE,United Arab Emirates,Fujairah,,,AE-FU,,ChIJX7kokD0y9D4RvDyz2xuxwaY,2020-11-16,-18,-3,-26,,-13,9
AE,United Arab Emirates,Fujairah,,,AE-FU,,ChIJX7kokD0y9D4RvDyz2xuxwaY,2020-11-17,-20,-4,-30,,-14,9
AE,United Arab Emirates,Fujairah,,,AE-FU,,ChIJX7kokD0y9D4RvDyz2xuxwaY,2020-11-18,-18,-5,-27,-7,-12,9
AE,United Arab Emirates,Fujairah,,,AE-FU,,ChIJX7kokD0y9D4RvDyz2xuxwaY,2020-11-19,-18,-6,-28,,-13,10
AE,United Arab Emirates,Fujairah,,,AE-FU,,ChIJX7kokD0y9D4RvDyz2xuxwaY,2020-11-20,-21,-15,-16,,-12,8
AE,United Arab Emirates,Fujairah,,,AE-FU,,ChIJX7kokD0y9D4RvDyz2xuxwaY,2020-11-21,-19,-13,-32,,-6,8
AE,United Arab Emirates,Fujairah,,,AE-FU,,ChIJX7kokD0y9D4RvDyz2xuxwaY,2020-11-22,-17,-9,-28,,-12,9
AE,United Arab Emirates,Fujairah,,,AE-FU,,ChIJX7kokD0y9D4RvDyz2xuxwaY,2020-11-23,-20,-8,-35,,-12,9
AE,United Arab Emirates,Fujairah,,,AE-FU,,ChIJX7kokD0y9D4RvDyz2xuxwaY,2020-11-24,-18,-4,-35,,-13,9
AE,United Arab Emirates,Fujairah,,,AE-FU,,ChIJX7kokD0y9D4RvDyz2xuxwaY,2020-11-25,-18,-5,-30,-16,-11,8
AE,United Arab Emirates,Fujairah,,,AE-FU,,ChIJX7kokD0y9D4RvDyz2xuxwaY,2020-11-26,-15,-5,-31,,-11,9
AE,United Arab Emirates,Fujairah,,,AE-FU,,ChIJX7kokD0y9D4RvDyz2xuxwaY,2020-11-27,-18,-10,-30,10,-5,7
AE,United Arab Emirates,Fujairah,,,AE-FU,,ChIJX7kokD0y9D4RvDyz2xuxwaY,2020-11-28,-13,-4,-21,,-4,7
AE,United Arab Emirates,Fujairah,,,AE-FU,,ChIJX7kokD0y9D4RvDyz2xuxwaY,2020-11-29,-6,2,-18,,-10,7
AE,United Arab Emirates,Fujairah,,,AE-FU,,ChIJX7kokD0y9D4RvDyz2xuxwaY,2020-11-30,-3,13,-18,,-10,6
AE,United Arab Emirates,Fujairah,,,AE-FU,,ChIJX7kokD0y9D4RvDyz2xuxwaY,2020-12-01,10,33,39,,-39,11
AE,United Arab Emirates,Fujairah,,,AE-FU,,ChIJX7kokD0y9D4RvDyz2xuxwaY,2020-12-02,15,37,107,,-49,13
AE,United Arab Emirates,Fujairah,,,AE-FU,,ChIJX7kokD0y9D4RvDyz2xuxwaY,2020-12-03,-2,11,48,,-43,16
AE,United Arab Emirates,Fujairah,,,AE-FU,,ChIJX7kokD0y9D4RvDyz2xuxwaY,2020-12-04,-18,-8,-14,,-7,7
AE,United Arab Emirates,Fujairah,,,AE-FU,,ChIJX7kokD0y9D4RvDyz2xuxwaY,2020-12-05,-16,-6,-26,,-2,6
AE,United Arab Emirates,Fujairah,,,AE-FU,,ChIJX7kokD0y9D4RvDyz2xuxwaY,2020-12-06,-11,0,-18,-8,-10,6
AE,United Arab Emirates,Fujairah,,,AE-FU,,ChIJX7kokD0y9D4RvDyz2xuxwaY,2020-12-07,-14,1,-33,,-12,7
AE,United Arab Emirates,Fujairah,,,AE-FU,,ChIJX7kokD0y9D4RvDyz2xuxwaY,2020-12-08,-13,2,-30,,-11,8
AE,United Arab Emirates,Fujairah,,,AE-FU,,ChIJX7kokD0y9D4RvDyz2xuxwaY,2020-12-09,-14,-4,-24,-10,-10,8
AE,United Arab Emirates,Fujairah,,,AE-FU,,ChIJX7kokD0y9D4RvDyz2xuxwaY,2020-12-10,-16,-6,-22,,-11,10
AE,United Arab Emirates,Fujairah,,,AE-FU,,ChIJX7kokD0y9D4RvDyz2xuxwaY,2020-12-11,-20,-10,-21,7,-3,8
AE,United Arab Emirates,Fujairah,,,AE-FU,,ChIJX7kokD0y9D4RvDyz2xuxwaY,2020-12-12,-15,-3,-12,,-2,8
AE,United Arab Emirates,Fujairah,,,AE-FU,,ChIJX7kokD0y9D4RvDyz2xuxwaY,2020-12-13,-10,1,-6,,-12,8
AE,United Arab Emirates,Fujairah,,,AE-FU,,ChIJX7kokD0y9D4RvDyz2xuxwaY,2020-12-14,-13,0,-13,,-12,8
AE,United Arab Emirates,Fujairah,,,AE-FU,,ChIJX7kokD0y9D4RvDyz2xuxwaY,2020-12-15,-12,4,-19,,-13,8
AE,United Arab Emirates,Fujairah,,,AE-FU,,ChIJX7kokD0y9D4RvDyz2xuxwaY,2020-12-16,-12,1,-17,,-12,8
AE,United Arab Emirates,Fujairah,,,AE-FU,,ChIJX7kokD0y9D4RvDyz2xuxwaY,2020-12-17,-16,-4,-15,,-10,10
AE,United Arab Emirates,Fujairah,,,AE-FU,,ChIJX7kokD0y9D4RvDyz2xuxwaY,2020-12-18,-20,-10,-17,,-5,8
AE,United Arab Emirates,Fujairah,,,AE-FU,,ChIJX7kokD0y9D4RvDyz2xuxwaY,2020-12-19,-16,-7,-19,,-1,7
AE,United Arab Emirates,Fujairah,,,AE-FU,,ChIJX7kokD0y9D4RvDyz2xuxwaY,2020-12-20,-11,-1,-3,,-13,7
AE,United Arab Emirates,Fujairah,,,AE-FU,,ChIJX7kokD0y9D4RvDyz2xuxwaY,2020-12-21,-13,0,-13,,-13,8
AE,United Arab Emirates,Fujairah,,,AE-FU,,ChIJX7kokD0y9D4RvDyz2xuxwaY,2020-12-22,-14,2,-15,,-14,8
AE,United Arab Emirates,Fujairah,,,AE-FU,,ChIJX7kokD0y9D4RvDyz2xuxwaY,2020-12-23,-15,2,-4,,-13,8
AE,United Arab Emirates,Fujairah,,,AE-FU,,ChIJX7kokD0y9D4RvDyz2xuxwaY,2020-12-24,-13,1,-13,,-14,10
AE,United Arab Emirates,Fujairah,,,AE-FU,,ChIJX7kokD0y9D4RvDyz2xuxwaY,2020-12-25,-20,-7,-13,,-3,8
AE,United Arab Emirates,Fujairah,,,AE-FU,,ChIJX7kokD0y9D4RvDyz2xuxwaY,2020-12-26,-14,-2,-11,,-1,6
AE,United Arab Emirates,Fujairah,,,AE-FU,,ChIJX7kokD0y9D4RvDyz2xuxwaY,2020-12-27,-6,3,-3,,-14,8
AE,United Arab Emirates,Fujairah,,,AE-FU,,ChIJX7kokD0y9D4RvDyz2xuxwaY,2020-12-28,-9,9,-13,,-13,8
AE,United Arab Emirates,Fujairah,,,AE-FU,,ChIJX7kokD0y9D4RvDyz2xuxwaY,2020-12-29,-9,7,-13,,-14,7
AE,United Arab Emirates,Fujairah,,,AE-FU,,ChIJX7kokD0y9D4RvDyz2xuxwaY,2020-12-30,-6,9,-10,,-15,8
AE,United Arab Emirates,Fujairah,,,AE-FU,,ChIJX7kokD0y9D4RvDyz2xuxwaY,2020-12-31,-10,4,-1,,-14,9
AE,United Arab Emirates,Fujairah,,,AE-FU,,ChIJX7kokD0y9D4RvDyz2xuxwaY,2021-01-01,-13,-3,-1,,-4,6
AE,United Arab Emirates,Fujairah,,,AE-FU,,ChIJX7kokD0y9D4RvDyz2xuxwaY,2021-01-02,-10,0,-11,,-2,7
AE,United Arab Emirates,Fujairah,,,AE-FU,,ChIJX7kokD0y9D4RvDyz2xuxwaY,2021-01-03,-8,4,-10,,-10,8
AE,United Arab Emirates,Fujairah,,,AE-FU,,ChIJX7kokD0y9D4RvDyz2xuxwaY,2021-01-04,-12,5,-26,,-11,9
AE,United Arab Emirates,Fujairah,,,AE-FU,,ChIJX7kokD0y9D4RvDyz2xuxwaY,2021-01-05,-14,3,-21,,-10,9
AE,United Arab Emirates,Fujairah,,,AE-FU,,ChIJX7kokD0y9D4RvDyz2xuxwaY,2021-01-06,-10,3,-15,-5,-10,9
AE,United Arab Emirates,Fujairah,,,AE-FU,,ChIJX7kokD0y9D4RvDyz2xuxwaY,2021-01-07,-10,0,-14,,-9,10
AE,United Arab Emirates,Fujairah,,,AE-FU,,ChIJX7kokD0y9D4RvDyz2xuxwaY,2021-01-08,-12,-4,-16,,-1,8
AE,United Arab Emirates,Fujairah,,,AE-FU,,ChIJX7kokD0y9D4RvDyz2xuxwaY,2021-01-09,-10,-1,-13,,0,6
AE,United Arab Emirates,Fujairah,,,AE-FU,,ChIJX7kokD0y9D4RvDyz2xuxwaY,2021-01-10,-9,3,-8,,-8,7
AE,United Arab Emirates,Fujairah,,,AE-FU,,ChIJX7kokD0y9D4RvDyz2xuxwaY,2021-01-11,-12,4,-19,,-10,8
AE,United Arab Emirates,Fujairah,,,AE-FU,,ChIJX7kokD0y9D4RvDyz2xuxwaY,2021-01-12,-13,2,-21,,-10,7
AE,United Arab Emirates,Fujairah,,,AE-FU,,ChIJX7kokD0y9D4RvDyz2xuxwaY,2021-01-13,-13,-1,-20,-4,-12,6
AE,United Arab Emirates,Fujairah,,,AE-FU,,ChIJX7kokD0y9D4RvDyz2xuxwaY,2021-01-14,-16,-8,-15,,-14,7
AE,United Arab Emirates,Fujairah,,,AE-FU,,ChIJX7kokD0y9D4RvDyz2xuxwaY,2021-01-15,-16,-12,-12,7,-13,5
AE,United Arab Emirates,Fujairah,,,AE-FU,,ChIJX7kokD0y9D4RvDyz2xuxwaY,2021-01-16,-18,-11,-20,,-10,4
AE,United Arab Emirates,Fujairah,,,AE-FU,,ChIJX7kokD0y9D4RvDyz2xuxwaY,2021-01-17,-17,-8,-9,,-16,6
AE,United Arab Emirates,Fujairah,,,AE-FU,,ChIJX7kokD0y9D4RvDyz2xuxwaY,2021-01-18,-20,-8,-20,,-16,7
AE,United Arab Emirates,Fujairah,,,AE-FU,,ChIJX7kokD0y9D4RvDyz2xuxwaY,2021-01-19,-21,-7,-24,,-17,7
AE,United Arab Emirates,Fujairah,,,AE-FU,,ChIJX7kokD0y9D4RvDyz2xuxwaY,2021-01-20,-20,-9,-20,-9,-15,7
AE,United Arab Emirates,Fujairah,,,AE-FU,,ChIJX7kokD0y9D4RvDyz2xuxwaY,2021-01-21,-21,-11,-25,,-14,9
AE,United Arab Emirates,Fujairah,,,AE-FU,,ChIJX7kokD0y9D4RvDyz2xuxwaY,2021-01-22,-20,-13,-18,4,-8,7
AE,United Arab Emirates,Fujairah,,,AE-FU,,ChIJX7kokD0y9D4RvDyz2xuxwaY,2021-01-23,-18,-11,-19,,-7,6
AE,United Arab Emirates,Fujairah,,,AE-FU,,ChIJX7kokD0y9D4RvDyz2xuxwaY,2021-01-24,-16,-9,-11,,-13,8
AE,United Arab Emirates,Fujairah,,,AE-FU,,ChIJX7kokD0y9D4RvDyz2xuxwaY,2021-01-25,-18,-6,-26,,-15,8
AE,United Arab Emirates,Fujairah,,,AE-FU,,ChIJX7kokD0y9D4RvDyz2xuxwaY,2021-01-26,-18,-5,-30,,-15,8
AE,United Arab Emirates,Fujairah,,,AE-FU,,ChIJX7kokD0y9D4RvDyz2xuxwaY,2021-01-27,-15,-4,-19,-9,-15,8
AE,United Arab Emirates,Fujairah,,,AE-FU,,ChIJX7kokD0y9D4RvDyz2xuxwaY,2021-01-28,-15,-4,-17,,-14,8
AE,United Arab Emirates,Fujairah,,,AE-FU,,ChIJX7kokD0y9D4RvDyz2xuxwaY,2021-01-29,-14,-7,-14,1,-7,5
AE,United Arab Emirates,Fujairah,,,AE-FU,,ChIJX7kokD0y9D4RvDyz2xuxwaY,2021-01-30,-8,-2,-11,,-7,4
AE,United Arab Emirates,Fujairah,,,AE-FU,,ChIJX7kokD0y9D4RvDyz2xuxwaY,2021-01-31,-8,0,-17,,-16,5
AE,United Arab Emirates,Fujairah,,,AE-FU,,ChIJX7kokD0y9D4RvDyz2xuxwaY,2021-02-01,-11,3,-27,,-16,5
AE,United Arab Emirates,Fujairah,,,AE-FU,,ChIJX7kokD0y9D4RvDyz2xuxwaY,2021-02-02,-11,4,-26,,-16,5
AE,United Arab Emirates,Fujairah,,,AE-FU,,ChIJX7kokD0y9D4RvDyz2xuxwaY,2021-02-03,-15,-3,-24,-6,-17,6
AE,United Arab Emirates,Fujairah,,,AE-FU,,ChIJX7kokD0y9D4RvDyz2xuxwaY,2021-02-04,-17,-7,-21,,-19,6
AE,United Arab Emirates,Fujairah,,,AE-FU,,ChIJX7kokD0y9D4RvDyz2xuxwaY,2021-02-05,-19,-11,-18,8,-12,4
AE,United Arab Emirates,Fujairah,,,AE-FU,,ChIJX7kokD0y9D4RvDyz2xuxwaY,2021-02-06,-16,-9,-17,,-9,3
AE,United Arab Emirates,Fujairah,,,AE-FU,,ChIJX7kokD0y9D4RvDyz2xuxwaY,2021-02-07,-15,-8,-14,,-19,5
AE,United Arab Emirates,Fujairah,,,AE-FU,,ChIJX7kokD0y9D4RvDyz2xuxwaY,2021-02-08,-16,-2,-26,,-17,5
AE,United Arab Emirates,Fujairah,,,AE-FU,,ChIJX7kokD0y9D4RvDyz2xuxwaY,2021-02-09,-14,1,-23,,-17,6
AE,United Arab Emirates,Fujairah,,,AE-FU,,ChIJX7kokD0y9D4RvDyz2xuxwaY,2021-02-10,-14,-4,-19,-5,-16,6
AE,United Arab Emirates,Fujairah,,,AE-FU,,ChIJX7kokD0y9D4RvDyz2xuxwaY,2021-02-11,-14,-5,-13,,-17,7
AE,United Arab Emirates,Fujairah,,,AE-FU,,ChIJX7kokD0y9D4RvDyz2xuxwaY,2021-02-12,-13,-8,-16,,-11,5
AE,United Arab Emirates,Fujairah,,,AE-FU,,ChIJX7kokD0y9D4RvDyz2xuxwaY,2021-02-13,-10,-4,-12,,-10,4
AE,United Arab Emirates,Fujairah,,,AE-FU,,ChIJX7kokD0y9D4RvDyz2xuxwaY,2021-02-14,-7,0,-4,,-15,5
AE,United Arab Emirates,Fujairah,,,AE-FU,,ChIJX7kokD0y9D4RvDyz2xuxwaY,2021-02-15,-12,1,-15,,-17,6
AE,United Arab Emirates,Fujairah,,,AE-FU,,ChIJX7kokD0y9D4RvDyz2xuxwaY,2021-02-16,-10,1,-17,,-16,6
AE,United Arab Emirates,Fujairah,,,AE-FU,,ChIJX7kokD0y9D4RvDyz2xuxwaY,2021-02-17,-10,3,-9,-5,-14,6
AE,United Arab Emirates,Fujairah,,,AE-FU,,ChIJX7kokD0y9D4RvDyz2xuxwaY,2021-02-18,-12,0,-8,,-14,8
AE,United Arab Emirates,Fujairah,,,AE-FU,,ChIJX7kokD0y9D4RvDyz2xuxwaY,2021-02-19,-12,-7,-13,,-9,6
AE,United Arab Emirates,Fujairah,,,AE-FU,,ChIJX7kokD0y9D4RvDyz2xuxwaY,2021-02-20,-11,-4,-9,,-6,4
AE,United Arab Emirates,Fujairah,,,AE-FU,,ChIJX7kokD0y9D4RvDyz2xuxwaY,2021-02-21,-9,-2,-7,,-15,5
AE,United Arab Emirates,Fujairah,,,AE-FU,,ChIJX7kokD0y9D4RvDyz2xuxwaY,2021-02-22,-15,-1,-18,,-14,6
AE,United Arab Emirates,Fujairah,,,AE-FU,,ChIJX7kokD0y9D4RvDyz2xuxwaY,2021-02-23,-13,2,-17,,-14,6
AE,United Arab Emirates,Fujairah,,,AE-FU,,ChIJX7kokD0y9D4RvDyz2xuxwaY,2021-02-24,-11,-4,-12,-5,-12,6
AE,United Arab Emirates,Fujairah,,,AE-FU,,ChIJX7kokD0y9D4RvDyz2xuxwaY,2021-02-25,-9,0,-8,,-13,7
AE,United Arab Emirates,Fujairah,,,AE-FU,,ChIJX7kokD0y9D4RvDyz2xuxwaY,2021-02-26,-8,-3,-6,4,-6,6
AE,United Arab Emirates,Fujairah,,,AE-FU,,ChIJX7kokD0y9D4RvDyz2xuxwaY,2021-02-27,-4,2,-8,,-5,3
AE,United Arab Emirates,Fujairah,,,AE-FU,,ChIJX7kokD0y9D4RvDyz2xuxwaY,2021-02-28,-2,7,-5,,-13,4
AE,United Arab Emirates,Fujairah,,,AE-FU,,ChIJX7kokD0y9D4RvDyz2xuxwaY,2021-03-01,-4,8,-16,,-13,4
AE,United Arab Emirates,Fujairah,,,AE-FU,,ChIJX7kokD0y9D4RvDyz2xuxwaY,2021-03-02,-3,13,-11,,-14,5
AE,United Arab Emirates,Fujairah,,,AE-FU,,ChIJX7kokD0y9D4RvDyz2xuxwaY,2021-03-03,-3,9,-15,,-13,5
AE,United Arab Emirates,Fujairah,,,AE-FU,,ChIJX7kokD0y9D4RvDyz2xuxwaY,2021-03-04,-6,7,-8,,-12,6
AE,United Arab Emirates,Fujairah,,,AE-FU,,ChIJX7kokD0y9D4RvDyz2xuxwaY,2021-03-05,-7,2,-4,5,-6,4
AE,United Arab Emirates,Fujairah,,,AE-FU,,ChIJX7kokD0y9D4RvDyz2xuxwaY,2021-03-06,-7,4,-12,,-6,4
AE,United Arab Emirates,Fujairah,,,AE-FU,,ChIJX7kokD0y9D4RvDyz2xuxwaY,2021-03-07,-3,8,-9,,-13,5
AE,United Arab Emirates,Fujairah,,,AE-FU,,ChIJX7kokD0y9D4RvDyz2xuxwaY,2021-03-08,-7,7,-18,,-13,6
AE,United Arab Emirates,Fujairah,,,AE-FU,,ChIJX7kokD0y9D4RvDyz2xuxwaY,2021-03-09,-7,10,-10,,-14,6
AE,United Arab Emirates,Fujairah,,,AE-FU,,ChIJX7kokD0y9D4RvDyz2xuxwaY,2021-03-10,-6,9,-14,-1,-11,5
AE,United Arab Emirates,Fujairah,,,AE-FU,,ChIJX7kokD0y9D4RvDyz2xuxwaY,2021-03-11,-6,8,-11,,-11,7
AE,United Arab Emirates,Fujairah,,,AE-FU,,ChIJX7kokD0y9D4RvDyz2xuxwaY,2021-03-12,-5,2,-5,,-6,6
AE,United Arab Emirates,Fujairah,,,AE-FU,,ChIJX7kokD0y9D4RvDyz2xuxwaY,2021-03-13,-4,7,-1,,-4,3
AE,United Arab Emirates,Fujairah,,,AE-FU,,ChIJX7kokD0y9D4RvDyz2xuxwaY,2021-03-14,-4,8,-1,,-11,5
AE,United Arab Emirates,Fujairah,,,AE-FU,,ChIJX7kokD0y9D4RvDyz2xuxwaY,2021-03-15,-5,9,-6,,-11,5
AE,United Arab Emirates,Fujairah,,,AE-FU,,ChIJX7kokD0y9D4RvDyz2xuxwaY,2021-03-16,-6,11,-13,,-11,5
AE,United Arab Emirates,Fujairah,,,AE-FU,,ChIJX7kokD0y9D4RvDyz2xuxwaY,2021-03-17,-6,9,-5,-1,-10,6
AE,United Arab Emirates,Fujairah,,,AE-FU,,ChIJX7kokD0y9D4RvDyz2xuxwaY,2021-03-18,-6,6,-2,,-9,7
AE,United Arab Emirates,Fujairah,,,AE-FU,,ChIJX7kokD0y9D4RvDyz2xuxwaY,2021-03-19,-6,1,3,,-3,6
AE,United Arab Emirates,Fujairah,,,AE-FU,,ChIJX7kokD0y9D4RvDyz2xuxwaY,2021-03-20,-5,2,2,,0,4
AE,United Arab Emirates,Fujairah,,,AE-FU,,ChIJX7kokD0y9D4RvDyz2xuxwaY,2021-03-21,-5,7,-8,,-9,6
AE,United Arab Emirates,Fujairah,,,AE-FU,,ChIJX7kokD0y9D4RvDyz2xuxwaY,2021-03-22,-6,10,-10,,-9,6
AE,United Arab Emirates,Fujairah,,,AE-FU,,ChIJX7kokD0y9D4RvDyz2xuxwaY,2021-03-23,-5,9,-9,,-9,6
AE,United Arab Emirates,Fujairah,,,AE-FU,,ChIJX7kokD0y9D4RvDyz2xuxwaY,2021-03-24,-4,9,-3,-4,-9,5
AE,United Arab Emirates,Fujairah,,,AE-FU,,ChIJX7kokD0y9D4RvDyz2xuxwaY,2021-03-25,-1,14,-3,,-8,6
AE,United Arab Emirates,Fujairah,,,AE-FU,,ChIJX7kokD0y9D4RvDyz2xuxwaY,2021-03-26,-3,9,3,5,-1,6
AE,United Arab Emirates,Fujairah,,,AE-FU,,ChIJX7kokD0y9D4RvDyz2xuxwaY,2021-03-27,0,10,4,,1,4
AE,United Arab Emirates,Fujairah,,,AE-FU,,ChIJX7kokD0y9D4RvDyz2xuxwaY,2021-03-28,4,17,6,,-9,4
AE,United Arab Emirates,Fujairah,,,AE-FU,,ChIJX7kokD0y9D4RvDyz2xuxwaY,2021-03-29,2,19,-4,,-11,5
AE,United Arab Emirates,Fujairah,,,AE-FU,,ChIJX7kokD0y9D4RvDyz2xuxwaY,2021-03-30,4,23,1,,-10,4
AE,United Arab Emirates,Fujairah,,,AE-FU,,ChIJX7kokD0y9D4RvDyz2xuxwaY,2021-03-31,3,22,5,,-11,4
AE,United Arab Emirates,Fujairah,,,AE-FU,,ChIJX7kokD0y9D4RvDyz2xuxwaY,2021-04-01,1,17,5,,-9,6
AE,United Arab Emirates,Fujairah,,,AE-FU,,ChIJX7kokD0y9D4RvDyz2xuxwaY,2021-04-02,0,9,-3,10,-1,5
AE,United Arab Emirates,Fujairah,,,AE-FU,,ChIJX7kokD0y9D4RvDyz2xuxwaY,2021-04-03,3,16,9,,0,3
AE,United Arab Emirates,Fujairah,,,AE-FU,,ChIJX7kokD0y9D4RvDyz2xuxwaY,2021-04-04,7,23,12,,-10,4
AE,United Arab Emirates,Fujairah,,,AE-FU,,ChIJX7kokD0y9D4RvDyz2xuxwaY,2021-04-05,3,23,0,,-9,4
AE,United Arab Emirates,Fujairah,,,AE-FU,,ChIJX7kokD0y9D4RvDyz2xuxwaY,2021-04-06,6,28,10,,-10,4
AE,United Arab Emirates,Fujairah,,,AE-FU,,ChIJX7kokD0y9D4RvDyz2xuxwaY,2021-04-07,4,19,6,,-11,4
AE,United Arab Emirates,Fujairah,,,AE-FU,,ChIJX7kokD0y9D4RvDyz2xuxwaY,2021-04-08,1,17,9,,-9,6
AE,United Arab Emirates,Fujairah,,,AE-FU,,ChIJX7kokD0y9D4RvDyz2xuxwaY,2021-04-09,-1,13,-4,,0,5
AE,United Arab Emirates,Fujairah,,,AE-FU,,ChIJX7kokD0y9D4RvDyz2xuxwaY,2021-04-10,2,15,3,,1,3
AE,United Arab Emirates,Fujairah,,,AE-FU,,ChIJX7kokD0y9D4RvDyz2xuxwaY,2021-04-11,10,28,11,,-6,3
AE,United Arab Emirates,Fujairah,,,AE-FU,,ChIJX7kokD0y9D4RvDyz2xuxwaY,2021-04-12,11,43,2,,-6,3
AE,United Arab Emirates,Fujairah,,,AE-FU,,ChIJX7kokD0y9D4RvDyz2xuxwaY,2021-04-13,-13,27,-19,,-9,11
AE,United Arab Emirates,Fujairah,,,AE-FU,,ChIJX7kokD0y9D4RvDyz2xuxwaY,2021-04-14,-13,15,-11,-13,-9,11
AE,United Arab Emirates,Fujairah,,,AE-FU,,ChIJX7kokD0y9D4RvDyz2xuxwaY,2021-04-15,-16,8,-20,-11,-7,13
AE,United Arab Emirates,Fujairah,,,AE-FU,,ChIJX7kokD0y9D4RvDyz2xuxwaY,2021-04-16,-21,-1,-39,-28,2,11
AE,United Arab Emirates,Fujairah,,,AE-FU,,ChIJX7kokD0y9D4RvDyz2xuxwaY,2021-04-17,-14,5,-19,,0,10
AE,United Arab Emirates,Fujairah,,,AE-FU,,ChIJX7kokD0y9D4RvDyz2xuxwaY,2021-04-18,-8,14,-3,,-7,10
AE,United Arab Emirates,Fujairah,,,AE-FU,,ChIJX7kokD0y9D4RvDyz2xuxwaY,2021-04-19,-11,16,-16,,-6,11
AE,United Arab Emirates,Fujairah,,,AE-FU,,ChIJX7kokD0y9D4RvDyz2xuxwaY,2021-04-20,-10,19,-12,,-8,11
AE,United Arab Emirates,Fujairah,,,AE-FU,,ChIJX7kokD0y9D4RvDyz2xuxwaY,2021-04-21,-13,12,-13,-9,-8,11
AE,United Arab Emirates,Fujairah,,,AE-FU,,ChIJX7kokD0y9D4RvDyz2xuxwaY,2021-04-22,-15,9,-20,,-7,13
AE,United Arab Emirates,Fujairah,,,AE-FU,,ChIJX7kokD0y9D4RvDyz2xuxwaY,2021-04-23,-19,1,-41,-25,3,12
AE,United Arab Emirates,Fujairah,,,AE-FU,,ChIJX7kokD0y9D4RvDyz2xuxwaY,2021-04-24,-12,8,-18,,2,10
AE,United Arab Emirates,Fujairah,,,AE-FU,,ChIJX7kokD0y9D4RvDyz2xuxwaY,2021-04-25,-8,16,3,,-6,11
AE,United Arab Emirates,Fujairah,,,AE-FU,,ChIJX7kokD0y9D4RvDyz2xuxwaY,2021-04-26,-9,19,-13,,-7,11
AE,United Arab Emirates,Fujairah,,,AE-FU,,ChIJX7kokD0y9D4RvDyz2xuxwaY,2021-04-27,-9,23,-17,,-7,11
AE,United Arab Emirates,Fujairah,,,AE-FU,,ChIJX7kokD0y9D4RvDyz2xuxwaY,2021-04-28,-7,21,-7,,-6,10
AE,United Arab Emirates,Fujairah,,,AE-FU,,ChIJX7kokD0y9D4RvDyz2xuxwaY,2021-04-29,-9,18,-19,,-6,12
AE,United Arab Emirates,Fujairah,,,AE-FU,,ChIJX7kokD0y9D4RvDyz2xuxwaY,2021-04-30,-8,14,-36,-17,6,10
AE,United Arab Emirates,Fujairah,,,AE-FU,,ChIJX7kokD0y9D4RvDyz2xuxwaY,2021-05-01,-4,22,-6,,3,9
AE,United Arab Emirates,Fujairah,,,AE-FU,,ChIJX7kokD0y9D4RvDyz2xuxwaY,2021-05-02,-2,24,0,,-7,10
AE,United Arab Emirates,Fujairah,,,AE-FU,,ChIJX7kokD0y9D4RvDyz2xuxwaY,2021-05-03,-3,30,-15,,-7,9
AE,United Arab Emirates,Fujairah,,,AE-FU,,ChIJX7kokD0y9D4RvDyz2xuxwaY,2021-05-04,-2,33,-5,,-8,9
AE,United Arab Emirates,Fujairah,,,AE-FU,,ChIJX7kokD0y9D4RvDyz2xuxwaY,2021-05-05,-1,31,-3,-1,-7,10
AE,United Arab Emirates,Fujairah,,,AE-FU,,ChIJX7kokD0y9D4RvDyz2xuxwaY,2021-05-06,-4,21,-15,,-6,13
AE,United Arab Emirates,Fujairah,,,AE-FU,,ChIJX7kokD0y9D4RvDyz2xuxwaY,2021-05-07,-8,15,-38,-18,6,10
AE,United Arab Emirates,Fujairah,,,AE-FU,,ChIJX7kokD0y9D4RvDyz2xuxwaY,2021-05-08,-2,20,-13,,4,9
AE,United Arab Emirates,Fujairah,,,AE-FU,,ChIJX7kokD0y9D4RvDyz2xuxwaY,2021-05-09,6,31,1,,-6,9
AE,United Arab Emirates,Fujairah,,,AE-FU,,ChIJX7kokD0y9D4RvDyz2xuxwaY,2021-05-10,9,41,-5,,-5,8
AE,United Arab Emirates,Fujairah,,,AE-FU,,ChIJX7kokD0y9D4RvDyz2xuxwaY,2021-05-11,23,65,3,,-32,13
AE,United Arab Emirates,Fujairah,,,AE-FU,,ChIJX7kokD0y9D4RvDyz2xuxwaY,2021-05-12,34,81,35,-3,-41,15
AE,United Arab Emirates,Fujairah,,,AE-FU,,ChIJX7kokD0y9D4RvDyz2xuxwaY,2021-05-13,22,50,117,,-52,16
AE,United Arab Emirates,Fujairah,,,AE-FU,,ChIJX7kokD0y9D4RvDyz2xuxwaY,2021-05-14,22,41,38,,-11,6
AE,United Arab Emirates,Fujairah,,,AE-FU,,ChIJX7kokD0y9D4RvDyz2xuxwaY,2021-05-15,8,27,4,,-14,9
AE,United Arab Emirates,Fujairah,,,AE-FU,,ChIJX7kokD0y9D4RvDyz2xuxwaY,2021-05-16,5,25,6,,-3,6
AE,United Arab Emirates,Fujairah,,,AE-FU,,ChIJX7kokD0y9D4RvDyz2xuxwaY,2021-05-17,2,29,0,,-2,7
AE,United Arab Emirates,Fujairah,,,AE-FU,,ChIJX7kokD0y9D4RvDyz2xuxwaY,2021-05-18,2,33,-3,,-2,7
AE,United Arab Emirates,Fujairah,,,AE-FU,,ChIJX7kokD0y9D4RvDyz2xuxwaY,2021-05-19,1,25,0,,-1,8
AE,United Arab Emirates,Fujairah,,,AE-FU,,ChIJX7kokD0y9D4RvDyz2xuxwaY,2021-05-20,2,22,-6,,-2,9
AE,United Arab Emirates,Fujairah,,,AE-FU,,ChIJX7kokD0y9D4RvDyz2xuxwaY,2021-05-21,-1,14,-28,,9,8
AE,United Arab Emirates,Fujairah,,,AE-FU,,ChIJX7kokD0y9D4RvDyz2xuxwaY,2021-05-22,2,17,-6,,9,6
AE,United Arab Emirates,Fujairah,,,AE-FU,,ChIJX7kokD0y9D4RvDyz2xuxwaY,2021-05-23,1,19,7,,-1,7
AE,United Arab Emirates,Fujairah,,,AE-FU,,ChIJX7kokD0y9D4RvDyz2xuxwaY,2021-05-24,-2,19,-8,,-2,7
AE,United Arab Emirates,Fujairah,,,AE-FU,,ChIJX7kokD0y9D4RvDyz2xuxwaY,2021-05-25,0,26,-14,,-3,7
AE,United Arab Emirates,Fujairah,,,AE-FU,,ChIJX7kokD0y9D4RvDyz2xuxwaY,2021-05-26,0,24,-11,,0,7
AE,United Arab Emirates,Fujairah,,,AE-FU,,ChIJX7kokD0y9D4RvDyz2xuxwaY,2021-05-27,5,26,-11,,2,8
AE,United Arab Emirates,Fujairah,,,AE-FU,,ChIJX7kokD0y9D4RvDyz2xuxwaY,2021-05-28,3,21,-25,10,10,7
AE,United Arab Emirates,Fujairah,,,AE-FU,,ChIJX7kokD0y9D4RvDyz2xuxwaY,2021-05-29,7,26,-2,,14,3
AE,United Arab Emirates,Fujairah,,,AE-FU,,ChIJX7kokD0y9D4RvDyz2xuxwaY,2021-05-30,10,31,10,,4,5
AE,United Arab Emirates,Fujairah,,,AE-FU,,ChIJX7kokD0y9D4RvDyz2xuxwaY,2021-05-31,6,35,-4,,3,5
AE,United Arab Emirates,Fujairah,,,AE-FU,,ChIJX7kokD0y9D4RvDyz2xuxwaY,2021-06-01,7,37,-6,,1,5
AE,United Arab Emirates,Fujairah,,,AE-FU,,ChIJX7kokD0y9D4RvDyz2xuxwaY,2021-06-02,6,33,-4,,3,6
AE,United Arab Emirates,Fujairah,,,AE-FU,,ChIJX7kokD0y9D4RvDyz2xuxwaY,2021-06-03,6,28,-11,,4,7
AE,United Arab Emirates,Fujairah,,,AE-FU,,ChIJX7kokD0y9D4RvDyz2xuxwaY,2021-06-04,2,21,-32,,8,8
AE,United Arab Emirates,Fujairah,,,AE-FU,,ChIJX7kokD0y9D4RvDyz2xuxwaY,2021-06-05,9,25,-12,,12,4
AE,United Arab Emirates,Fujairah,,,AE-FU,,ChIJX7kokD0y9D4RvDyz2xuxwaY,2021-06-06,9,28,9,,1,6
AE,United Arab Emirates,Fujairah,,,AE-FU,,ChIJX7kokD0y9D4RvDyz2xuxwaY,2021-06-07,6,32,-8,,2,6
AE,United Arab Emirates,Fujairah,,,AE-FU,,ChIJX7kokD0y9D4RvDyz2xuxwaY,2021-06-08,5,33,-7,,0,7
AE,United Arab Emirates,Fujairah,,,AE-FU,,ChIJX7kokD0y9D4RvDyz2xuxwaY,2021-06-09,5,27,-10,,2,7
AE,United Arab Emirates,Fujairah,,,AE-FU,,ChIJX7kokD0y9D4RvDyz2xuxwaY,2021-06-10,6,26,-11,,2,8
AE,United Arab Emirates,Fujairah,,,AE-FU,,ChIJX7kokD0y9D4RvDyz2xuxwaY,2021-06-11,-2,15,-34,9,8,9
AE,United Arab Emirates,Fujairah,,,AE-FU,,ChIJX7kokD0y9D4RvDyz2xuxwaY,2021-06-12,0,21,-8,,8,4
AE,United Arab Emirates,Fujairah,,,AE-FU,,ChIJX7kokD0y9D4RvDyz2xuxwaY,2021-06-13,2,23,2,,-1,6
AE,United Arab Emirates,Fujairah,,,AE-FU,,ChIJX7kokD0y9D4RvDyz2xuxwaY,2021-06-14,2,29,-17,,-1,5
AE,United Arab Emirates,Fujairah,,,AE-FU,,ChIJX7kokD0y9D4RvDyz2xuxwaY,2021-06-15,1,30,-9,,0,6
AE,United Arab Emirates,Fujairah,,,AE-FU,,ChIJX7kokD0y9D4RvDyz2xuxwaY,2021-06-16,3,23,-8,,1,6
AE,United Arab Emirates,Fujairah,,,AE-FU,,ChIJX7kokD0y9D4RvDyz2xuxwaY,2021-06-17,1,17,-15,,-1,6
AE,United Arab Emirates,Fujairah,,,AE-FU,,ChIJX7kokD0y9D4RvDyz2xuxwaY,2021-06-18,-7,8,-39,8,4,7
AE,United Arab Emirates,Fujairah,,,AE-FU,,ChIJX7kokD0y9D4RvDyz2xuxwaY,2021-06-19,-3,13,-14,,5,5
AE,United Arab Emirates,Fujairah,,,AE-FU,,ChIJX7kokD0y9D4RvDyz2xuxwaY,2021-06-20,1,17,-5,,-3,5
AE,United Arab Emirates,Fujairah,,,AE-FU,,ChIJX7kokD0y9D4RvDyz2xuxwaY,2021-06-21,-1,20,-19,,-4,6
AE,United Arab Emirates,Fujairah,,,AE-FU,,ChIJX7kokD0y9D4RvDyz2xuxwaY,2021-06-22,-1,22,-14,,-3,6
AE,United Arab Emirates,Fujairah,,,AE-FU,,ChIJX7kokD0y9D4RvDyz2xuxwaY,2021-06-23,0,18,-14,,0,6
AE,United Arab Emirates,Fujairah,,,AE-FU,,ChIJX7kokD0y9D4RvDyz2xuxwaY,2021-06-24,1,18,-18,,0,8
AE,United Arab Emirates,Fujairah,,,AE-FU,,ChIJX7kokD0y9D4RvDyz2xuxwaY,2021-06-25,-5,8,-40,,4,8
AE,United Arab Emirates,Fujairah,,,AE-FU,,ChIJX7kokD0y9D4RvDyz2xuxwaY,2021-06-26,0,13,-20,,9,5
AE,United Arab Emirates,Fujairah,,,AE-FU,,ChIJX7kokD0y9D4RvDyz2xuxwaY,2021-06-27,7,23,-1,,0,5
AE,United Arab Emirates,Fujairah,,,AE-FU,,ChIJX7kokD0y9D4RvDyz2xuxwaY,2021-06-28,6,30,-12,,-2,5
AE,United Arab Emirates,Fujairah,,,AE-FU,,ChIJX7kokD0y9D4RvDyz2xuxwaY,2021-06-29,3,30,-19,,-2,5
AE,United Arab Emirates,Fujairah,,,AE-FU,,ChIJX7kokD0y9D4RvDyz2xuxwaY,2021-06-30,6,28,-12,,0,4
AE,United Arab Emirates,Fujairah,,,AE-FU,,ChIJX7kokD0y9D4RvDyz2xuxwaY,2021-07-01,5,26,-18,,0,7
AE,United Arab Emirates,Fujairah,,,AE-FU,,ChIJX7kokD0y9D4RvDyz2xuxwaY,2021-07-02,2,14,-36,,5,7
AE,United Arab Emirates,Fujairah,,,AE-FU,,ChIJX7kokD0y9D4RvDyz2xuxwaY,2021-07-03,5,24,-10,,9,4
AE,United Arab Emirates,Fujairah,,,AE-FU,,ChIJX7kokD0y9D4RvDyz2xuxwaY,2021-07-04,11,28,8,,0,4
AE,United Arab Emirates,Fujairah,,,AE-FU,,ChIJX7kokD0y9D4RvDyz2xuxwaY,2021-07-05,10,35,-2,,1,3
AE,United Arab Emirates,Fujairah,,,AE-FU,,ChIJX7kokD0y9D4RvDyz2xuxwaY,2021-07-06,8,36,-5,,1,4
AE,United Arab Emirates,Fujairah,,,AE-FU,,ChIJX7kokD0y9D4RvDyz2xuxwaY,2021-07-07,11,34,-5,,2,4
AE,United Arab Emirates,Fujairah,,,AE-FU,,ChIJX7kokD0y9D4RvDyz2xuxwaY,2021-07-08,6,25,-15,,3,6
AE,United Arab Emirates,Fujairah,,,AE-FU,,ChIJX7kokD0y9D4RvDyz2xuxwaY,2021-07-09,0,17,-35,3,8,7
AE,United Arab Emirates,Fujairah,,,AE-FU,,ChIJX7kokD0y9D4RvDyz2xuxwaY,2021-07-10,5,21,-8,,12,4
AE,United Arab Emirates,Fujairah,,,AE-FU,,ChIJX7kokD0y9D4RvDyz2xuxwaY,2021-07-11,7,25,2,,-2,4
AE,United Arab Emirates,Fujairah,,,AE-FU,,ChIJX7kokD0y9D4RvDyz2xuxwaY,2021-07-12,6,32,-8,,-3,4
AE,United Arab Emirates,Fujairah,,,AE-FU,,ChIJX7kokD0y9D4RvDyz2xuxwaY,2021-07-13,6,31,-8,,-3,4
AE,United Arab Emirates,Fujairah,,,AE-FU,,ChIJX7kokD0y9D4RvDyz2xuxwaY,2021-07-14,8,29,-10,,1,4
AE,United Arab Emirates,Fujairah,,,AE-FU,,ChIJX7kokD0y9D4RvDyz2xuxwaY,2021-07-15,7,24,-18,,1,5
AE,United Arab Emirates,Fujairah,,,AE-FU,,ChIJX7kokD0y9D4RvDyz2xuxwaY,2021-07-16,4,22,-30,,10,6
AE,United Arab Emirates,Fujairah,,,AE-FU,,ChIJX7kokD0y9D4RvDyz2xuxwaY,2021-07-17,13,31,2,,10,3
AE,United Arab Emirates,Fujairah,,,AE-FU,,ChIJX7kokD0y9D4RvDyz2xuxwaY,2021-07-18,26,48,13,,-2,2
AE,United Arab Emirates,Fujairah,,,AE-FU,,ChIJX7kokD0y9D4RvDyz2xuxwaY,2021-07-19,26,65,0,,-36,11
AE,United Arab Emirates,Fujairah,,,AE-FU,,ChIJX7kokD0y9D4RvDyz2xuxwaY,2021-07-20,32,70,87,,-54,11
AE,United Arab Emirates,Fujairah,,,AE-FU,,ChIJX7kokD0y9D4RvDyz2xuxwaY,2021-07-21,44,74,100,,-48,13
AE,United Arab Emirates,Fujairah,,,AE-FU,,ChIJX7kokD0y9D4RvDyz2xuxwaY,2021-07-22,14,34,27,,-38,16
AE,United Arab Emirates,Fujairah,,,AE-FU,,ChIJX7kokD0y9D4RvDyz2xuxwaY,2021-07-23,-3,9,-18,,10,7
AE,United Arab Emirates,Fujairah,,,AE-FU,,ChIJX7kokD0y9D4RvDyz2xuxwaY,2021-07-24,-1,12,-13,,10,5
AE,United Arab Emirates,Fujairah,,,AE-FU,,ChIJX7kokD0y9D4RvDyz2xuxwaY,2021-07-25,3,19,0,,0,5
AE,United Arab Emirates,Fujairah,,,AE-FU,,ChIJX7kokD0y9D4RvDyz2xuxwaY,2021-07-26,2,24,-11,,0,5
AE,United Arab Emirates,Fujairah,,,AE-FU,,ChIJX7kokD0y9D4RvDyz2xuxwaY,2021-07-27,5,29,-14,,-2,5
AE,United Arab Emirates,Fujairah,,,AE-FU,,ChIJX7kokD0y9D4RvDyz2xuxwaY,2021-07-28,7,26,-9,,-1,5
AE,United Arab Emirates,Fujairah,,,AE-FU,,ChIJX7kokD0y9D4RvDyz2xuxwaY,2021-07-29,6,21,-17,,0,7
AE,United Arab Emirates,Fujairah,,,AE-FU,,ChIJX7kokD0y9D4RvDyz2xuxwaY,2021-07-30,1,14,-36,1,10,6
AE,United Arab Emirates,Fujairah,,,AE-FU,,ChIJX7kokD0y9D4RvDyz2xuxwaY,2021-07-31,5,23,-7,,11,3
AE,United Arab Emirates,Fujairah,,,AE-FU,,ChIJX7kokD0y9D4RvDyz2xuxwaY,2021-08-01,9,24,7,,-3,4
AE,United Arab Emirates,Fujairah,,,AE-FU,,ChIJX7kokD0y9D4RvDyz2xuxwaY,2021-08-02,5,29,-18,,-2,4
AE,United Arab Emirates,Fujairah,,,AE-FU,,ChIJX7kokD0y9D4RvDyz2xuxwaY,2021-08-03,6,31,-9,,-4,4
AE,United Arab Emirates,Fujairah,,,AE-FU,,ChIJX7kokD0y9D4RvDyz2xuxwaY,2021-08-04,6,24,-8,,-1,4
AE,United Arab Emirates,Fujairah,,,AE-FU,,ChIJX7kokD0y9D4RvDyz2xuxwaY,2021-08-05,3,22,-15,,-1,6
AE,United Arab Emirates,Fujairah,,,AE-FU,,ChIJX7kokD0y9D4RvDyz2xuxwaY,2021-08-06,-2,11,-34,,10,7
AE,United Arab Emirates,Fujairah,,,AE-FU,,ChIJX7kokD0y9D4RvDyz2xuxwaY,2021-08-07,3,17,-12,,9,4
AE,United Arab Emirates,Fujairah,,,AE-FU,,ChIJX7kokD0y9D4RvDyz2xuxwaY,2021-08-08,6,23,5,,-2,4
AE,United Arab Emirates,Fujairah,,,AE-FU,,ChIJX7kokD0y9D4RvDyz2xuxwaY,2021-08-09,5,25,-8,,-2,3
AE,United Arab Emirates,Fujairah,,,AE-FU,,ChIJX7kokD0y9D4RvDyz2xuxwaY,2021-08-10,7,29,-6,,-3,4
AE,United Arab Emirates,Fujairah,,,AE-FU,,ChIJX7kokD0y9D4RvDyz2xuxwaY,2021-08-11,14,31,9,,-1,3
AE,United Arab Emirates,Fujairah,,,AE-FU,,ChIJX7kokD0y9D4RvDyz2xuxwaY,2021-08-12,9,27,6,-24,-34,14
AE,United Arab Emirates,Fujairah,,,AE-FU,,ChIJX7kokD0y9D4RvDyz2xuxwaY,2021-08-13,0,10,-29,-47,8,7
AE,United Arab Emirates,Fujairah,,,AE-FU,,ChIJX7kokD0y9D4RvDyz2xuxwaY,2021-08-14,1,15,-3,,11,3
AE,United Arab Emirates,Fujairah,,,AE-FU,,ChIJX7kokD0y9D4RvDyz2xuxwaY,2021-08-15,8,19,6,-7,-2,4
AE,United Arab Emirates,Fujairah,,,AE-FU,,ChIJX7kokD0y9D4RvDyz2xuxwaY,2021-08-16,6,23,-4,,-1,4
AE,United Arab Emirates,Fujairah,,,AE-FU,,ChIJX7kokD0y9D4RvDyz2xuxwaY,2021-08-17,7,28,9,,-3,4
AE,United Arab Emirates,Fujairah,,,AE-FU,,ChIJX7kokD0y9D4RvDyz2xuxwaY,2021-08-18,5,20,4,-21,1,5
AE,United Arab Emirates,Fujairah,,,AE-FU,,ChIJX7kokD0y9D4RvDyz2xuxwaY,2021-08-19,3,18,-6,-10,0,7
AE,United Arab Emirates,Fujairah,,,AE-FU,,ChIJX7kokD0y9D4RvDyz2xuxwaY,2021-08-20,0,15,-30,-45,7,7
AE,United Arab Emirates,Fujairah,,,AE-FU,,ChIJX7kokD0y9D4RvDyz2xuxwaY,2021-08-21,2,17,-4,,6,4
AE,United Arab Emirates,Fujairah,,,AE-FU,,ChIJX7kokD0y9D4RvDyz2xuxwaY,2021-08-22,7,20,6,,-1,4
AE,United Arab Emirates,Fujairah,,,AE-FU,,ChIJX7kokD0y9D4RvDyz2xuxwaY,2021-08-23,5,23,-3,,1,4
AE,United Arab Emirates,Fujairah,,,AE-FU,,ChIJX7kokD0y9D4RvDyz2xuxwaY,2021-08-24,7,27,-7,,-1,4
AE,United Arab Emirates,Fujairah,,,AE-FU,,ChIJX7kokD0y9D4RvDyz2xuxwaY,2021-08-25,10,23,-6,-13,2,3
AE,United Arab Emirates,Fujairah,,,AE-FU,,ChIJX7kokD0y9D4RvDyz2xuxwaY,2021-08-26,12,25,-12,,0,5
AE,United Arab Emirates,Fujairah,,,AE-FU,,ChIJX7kokD0y9D4RvDyz2xuxwaY,2021-08-27,8,20,-37,-41,6,6
AE,United Arab Emirates,Fujairah,,,AE-FU,,ChIJX7kokD0y9D4RvDyz2xuxwaY,2021-08-28,15,27,-17,,7,2
AE,United Arab Emirates,Fujairah,,,AE-FU,,ChIJX7kokD0y9D4RvDyz2xuxwaY,2021-08-29,14,28,-3,,-2,3
AE,United Arab Emirates,Fujairah,,,AE-FU,,ChIJX7kokD0y9D4RvDyz2xuxwaY,2021-08-30,12,33,-13,,2,3
AE,United Arab Emirates,Fujairah,,,AE-FU,,ChIJX7kokD0y9D4RvDyz2xuxwaY,2021-08-31,13,35,-14,,1,3
AE,United Arab Emirates,Fujairah,,,AE-FU,,ChIJX7kokD0y9D4RvDyz2xuxwaY,2021-09-01,13,33,-7,-12,2,3
AE,United Arab Emirates,Fujairah,,,AE-FU,,ChIJX7kokD0y9D4RvDyz2xuxwaY,2021-09-02,12,28,-12,,3,5
AE,United Arab Emirates,Fujairah,,,AE-FU,,ChIJX7kokD0y9D4RvDyz2xuxwaY,2021-09-03,10,21,-28,-53,7,6
AE,United Arab Emirates,Fujairah,,,AE-FU,,ChIJX7kokD0y9D4RvDyz2xuxwaY,2021-09-04,15,28,-12,,8,3
AE,United Arab Emirates,Fujairah,,,AE-FU,,ChIJX7kokD0y9D4RvDyz2xuxwaY,2021-09-05,15,27,3,,0,3
AE,United Arab Emirates,Fujairah,,,AE-FU,,ChIJX7kokD0y9D4RvDyz2xuxwaY,2021-09-06,11,31,-14,,0,3
AE,United Arab Emirates,Fujairah,,,AE-FU,,ChIJX7kokD0y9D4RvDyz2xuxwaY,2021-09-07,11,33,-12,,1,4
AE,United Arab Emirates,Fujairah,,,AE-FU,,ChIJX7kokD0y9D4RvDyz2xuxwaY,2021-09-08,12,29,-7,-18,3,3
AE,United Arab Emirates,Fujairah,,,AE-FU,,ChIJX7kokD0y9D4RvDyz2xuxwaY,2021-09-09,12,26,-12,,5,4
AE,United Arab Emirates,Fujairah,,,AE-FU,,ChIJX7kokD0y9D4RvDyz2xuxwaY,2021-09-10,7,20,-26,-39,5,6
AE,United Arab Emirates,Fujairah,,,AE-FU,,ChIJX7kokD0y9D4RvDyz2xuxwaY,2021-09-11,11,29,-4,,9,3
AE,United Arab Emirates,Fujairah,,,AE-FU,,ChIJX7kokD0y9D4RvDyz2xuxwaY,2021-09-12,12,23,1,-7,2,3
AE,United Arab Emirates,Fujairah,,,AE-FU,,ChIJX7kokD0y9D4RvDyz2xuxwaY,2021-09-13,10,30,-7,,2,3
AE,United Arab Emirates,Fujairah,,,AE-FU,,ChIJX7kokD0y9D4RvDyz2xuxwaY,2021-09-14,8,33,-9,,0,4
AE,United Arab Emirates,Fujairah,,,AE-FU,,ChIJX7kokD0y9D4RvDyz2xuxwaY,2021-09-15,10,26,-7,-17,3,3
AE,United Arab Emirates,Fujairah,,,AE-FU,,ChIJX7kokD0y9D4RvDyz2xuxwaY,2021-09-16,11,26,-9,,3,4
AE,United Arab Emirates,Fujairah,,,AE-FU,,ChIJX7kokD0y9D4RvDyz2xuxwaY,2021-09-17,6,18,-27,-42,6,5
AE,United Arab Emirates,Fujairah,,,AE-FU,,ChIJX7kokD0y9D4RvDyz2xuxwaY,2021-09-18,10,22,-12,,7,4
AE,United Arab Emirates,Fujairah,,,AE-FU,,ChIJX7kokD0y9D4RvDyz2xuxwaY,2021-09-19,10,20,3,,3,3
AE,United Arab Emirates,Fujairah,,,AE-FU,,ChIJX7kokD0y9D4RvDyz2xuxwaY,2021-09-20,7,27,-4,,3,4
AE,United Arab Emirates,Fujairah,,,AE-FU,,ChIJX7kokD0y9D4RvDyz2xuxwaY,2021-09-21,7,27,-10,,3,4
AE,United Arab Emirates,Fujairah,,,AE-FU,,ChIJX7kokD0y9D4RvDyz2xuxwaY,2021-09-22,10,25,-5,-11,7,4
AE,United Arab Emirates,Fujairah,,,AE-FU,,ChIJX7kokD0y9D4RvDyz2xuxwaY,2021-09-23,10,24,-1,,8,4
AE,United Arab Emirates,Fujairah,,,AE-FU,,ChIJX7kokD0y9D4RvDyz2xuxwaY,2021-09-24,5,18,-25,-44,8,6
AE,United Arab Emirates,Fujairah,,,AE-FU,,ChIJX7kokD0y9D4RvDyz2xuxwaY,2021-09-25,11,24,-7,,11,3
AE,United Arab Emirates,Fujairah,,,AE-FU,,ChIJX7kokD0y9D4RvDyz2xuxwaY,2021-09-26,11,24,6,,8,3
AE,United Arab Emirates,Fujairah,,,AE-FU,,ChIJX7kokD0y9D4RvDyz2xuxwaY,2021-09-27,13,34,-6,,8,3
AE,United Arab Emirates,Fujairah,,,AE-FU,,ChIJX7kokD0y9D4RvDyz2xuxwaY,2021-09-28,15,41,-10,,6,3
AE,United Arab Emirates,Fujairah,,,AE-FU,,ChIJX7kokD0y9D4RvDyz2xuxwaY,2021-09-29,20,39,1,-12,8,2
AE,United Arab Emirates,Fujairah,,,AE-FU,,ChIJX7kokD0y9D4RvDyz2xuxwaY,2021-09-30,18,36,9,,10,3
AE,United Arab Emirates,Fujairah,,,AE-FU,,ChIJX7kokD0y9D4RvDyz2xuxwaY,2021-10-01,16,31,-14,-44,11,4
AE,United Arab Emirates,Fujairah,,,AE-FU,,ChIJX7kokD0y9D4RvDyz2xuxwaY,2021-10-02,21,39,-3,,13,2
AE,United Arab Emirates,Fujairah,,,AE-FU,,ChIJX7kokD0y9D4RvDyz2xuxwaY,2021-10-03,19,35,12,-7,0,5
AE,United Arab Emirates,Fujairah,,,AE-FU,,ChIJX7kokD0y9D4RvDyz2xuxwaY,2021-10-04,17,40,-3,,0,4
AE,United Arab Emirates,Fujairah,,,AE-FU,,ChIJX7kokD0y9D4RvDyz2xuxwaY,2021-10-05,16,41,-5,,7,3
AE,United Arab Emirates,Fujairah,,,AE-FU,,ChIJX7kokD0y9D4RvDyz2xuxwaY,2021-10-06,17,34,2,-7,12,3
AE,United Arab Emirates,Fujairah,,,AE-FU,,ChIJX7kokD0y9D4RvDyz2xuxwaY,2021-10-07,18,35,1,,11,4
AE,United Arab Emirates,Fujairah,,,AE-FU,,ChIJX7kokD0y9D4RvDyz2xuxwaY,2021-10-08,15,30,-18,-36,8,5
AE,United Arab Emirates,Fujairah,,,AE-FU,,ChIJX7kokD0y9D4RvDyz2xuxwaY,2021-10-09,19,34,5,,10,3
AE,United Arab Emirates,Fujairah,,,AE-FU,,ChIJX7kokD0y9D4RvDyz2xuxwaY,2021-10-10,18,33,13,,11,3
AE,United Arab Emirates,Fujairah,,,AE-FU,,ChIJX7kokD0y9D4RvDyz2xuxwaY,2021-10-11,15,38,0,,11,2
AE,United Arab Emirates,Fujairah,,,AE-FU,,ChIJX7kokD0y9D4RvDyz2xuxwaY,2021-10-12,16,40,3,,10,3
AE,United Arab Emirates,Fujairah,,,AE-FU,,ChIJX7kokD0y9D4RvDyz2xuxwaY,2021-10-13,15,34,5,-9,12,3
AE,United Arab Emirates,Fujairah,,,AE-FU,,ChIJX7kokD0y9D4RvDyz2xuxwaY,2021-10-14,17,36,6,,11,4
AE,United Arab Emirates,Fujairah,,,AE-FU,,ChIJX7kokD0y9D4RvDyz2xuxwaY,2021-10-15,13,29,-10,-33,8,5
AE,United Arab Emirates,Fujairah,,,AE-FU,,ChIJX7kokD0y9D4RvDyz2xuxwaY,2021-10-16,19,32,8,,13,3
AE,United Arab Emirates,Fujairah,,,AE-FU,,ChIJX7kokD0y9D4RvDyz2xuxwaY,2021-10-17,18,35,18,,10,3
AE,United Arab Emirates,Fujairah,,,AE-FU,,ChIJX7kokD0y9D4RvDyz2xuxwaY,2021-10-18,16,38,0,,10,3
AE,United Arab Emirates,Fujairah,,,AE-FU,,ChIJX7kokD0y9D4RvDyz2xuxwaY,2021-10-19,15,41,4,,9,4
AE,United Arab Emirates,Fujairah,,,AE-FU,,ChIJX7kokD0y9D4RvDyz2xuxwaY,2021-10-20,27,50,22,,9,1
AE,United Arab Emirates,Fujairah,,,AE-FU,,ChIJX7kokD0y9D4RvDyz2xuxwaY,2021-10-21,26,53,78,-21,-35,13
AE,United Arab Emirates,Fujairah,,,AE-FU,,ChIJX7kokD0y9D4RvDyz2xuxwaY,2021-10-22,16,36,24,-26,8,5
AE,United Arab Emirates,Fujairah,,,AE-FU,,ChIJX7kokD0y9D4RvDyz2xuxwaY,2021-10-23,14,32,11,,12,3
AE,United Arab Emirates,Fujairah,,,AE-FU,,ChIJX7kokD0y9D4RvDyz2xuxwaY,2021-10-24,14,29,17,,10,4
AE,United Arab Emirates,Fujairah,,,AE-FU,,ChIJX7kokD0y9D4RvDyz2xuxwaY,2021-10-25,14,40,4,,10,4
AE,United Arab Emirates,Fujairah,,,AE-FU,,ChIJX7kokD0y9D4RvDyz2xuxwaY,2021-10-26,15,44,3,,10,3
AE,United Arab Emirates,Fujairah,,,AE-FU,,ChIJX7kokD0y9D4RvDyz2xuxwaY,2021-10-27,22,45,21,,12,2
AE,United Arab Emirates,Fujairah,,,AE-FU,,ChIJX7kokD0y9D4RvDyz2xuxwaY,2021-10-28,22,45,21,,12,3
AE,United Arab Emirates,Fujairah,,,AE-FU,,ChIJX7kokD0y9D4RvDyz2xuxwaY,2021-10-29,20,42,20,-33,11,3
AE,United Arab Emirates,Fujairah,,,AE-FU,,ChIJX7kokD0y9D4RvDyz2xuxwaY,2021-10-30,26,46,14,,14,2
AE,United Arab Emirates,Fujairah,,,AE-FU,,ChIJX7kokD0y9D4RvDyz2xuxwaY,2021-10-31,25,46,21,,12,2
AE,United Arab Emirates,Fujairah,,,AE-FU,,ChIJX7kokD0y9D4RvDyz2xuxwaY,2021-11-01,26,54,10,,12,1
AE,United Arab Emirates,Fujairah,,,AE-FU,,ChIJX7kokD0y9D4RvDyz2xuxwaY,2021-11-02,28,58,10,,12,2
AE,United Arab Emirates,Fujairah,,,AE-FU,,ChIJX7kokD0y9D4RvDyz2xuxwaY,2021-11-03,24,50,14,,14,2
AE,United Arab Emirates,Fujairah,,,AE-FU,,ChIJX7kokD0y9D4RvDyz2xuxwaY,2021-11-04,25,48,15,,13,4
AE,United Arab Emirates,Fujairah,,,AE-FU,,ChIJX7kokD0y9D4RvDyz2xuxwaY,2021-11-05,19,41,17,-22,8,4
AE,United Arab Emirates,Fujairah,,,AE-FU,,ChIJX7kokD0y9D4RvDyz2xuxwaY,2021-11-06,25,46,14,,15,2
AE,United Arab Emirates,Fujairah,,,AE-FU,,ChIJX7kokD0y9D4RvDyz2xuxwaY,2021-11-07,24,43,26,,12,2
AE,United Arab Emirates,Fujairah,,,AE-FU,,ChIJX7kokD0y9D4RvDyz2xuxwaY,2021-11-08,19,48,7,,12,3
AE,United Arab Emirates,Fujairah,,,AE-FU,,ChIJX7kokD0y9D4RvDyz2xuxwaY,2021-11-09,22,53,15,,12,3
AE,United Arab Emirates,Fujairah,,,AE-FU,,ChIJX7kokD0y9D4RvDyz2xuxwaY,2021-11-10,23,48,19,-6,16,2
AE,United Arab Emirates,Fujairah,,,AE-FU,,ChIJX7kokD0y9D4RvDyz2xuxwaY,2021-11-11,22,42,19,,15,4
AE,United Arab Emirates,Fujairah,,,AE-FU,,ChIJX7kokD0y9D4RvDyz2xuxwaY,2021-11-12,22,42,22,-35,12,4
AE,United Arab Emirates,Fujairah,,,AE-FU,,ChIJX7kokD0y9D4RvDyz2xuxwaY,2021-11-13,22,42,20,,14,3
AE,United Arab Emirates,Fujairah,,,AE-FU,,ChIJX7kokD0y9D4RvDyz2xuxwaY,2021-11-14,23,44,22,,13,4
AE,United Arab Emirates,Fujairah,,,AE-FU,,ChIJX7kokD0y9D4RvDyz2xuxwaY,2021-11-15,21,47,16,,12,3
AE,United Arab Emirates,Fujairah,,,AE-FU,,ChIJX7kokD0y9D4RvDyz2xuxwaY,2021-11-16,20,49,4,,13,4
AE,United Arab Emirates,Fujairah,,,AE-FU,,ChIJX7kokD0y9D4RvDyz2xuxwaY,2021-11-17,22,47,15,-4,15,4
AE,United Arab Emirates,Fujairah,,,AE-FU,,ChIJX7kokD0y9D4RvDyz2xuxwaY,2021-11-18,21,43,32,,15,4
AE,United Arab Emirates,Fujairah,,,AE-FU,,ChIJX7kokD0y9D4RvDyz2xuxwaY,2021-11-19,17,42,32,-31,12,5
AE,United Arab Emirates,Fujairah,,,AE-FU,,ChIJX7kokD0y9D4RvDyz2xuxwaY,2021-11-20,18,39,16,,20,4
AE,United Arab Emirates,Fujairah,,,AE-FU,,ChIJX7kokD0y9D4RvDyz2xuxwaY,2021-11-21,22,43,28,,15,4
AE,United Arab Emirates,Fujairah,,,AE-FU,,ChIJX7kokD0y9D4RvDyz2xuxwaY,2021-11-22,18,46,14,,15,4
AE,United Arab Emirates,Fujairah,,,AE-FU,,ChIJX7kokD0y9D4RvDyz2xuxwaY,2021-11-23,20,50,12,,14,4
AE,United Arab Emirates,Fujairah,,,AE-FU,,ChIJX7kokD0y9D4RvDyz2xuxwaY,2021-11-24,21,46,27,,15,4
AE,United Arab Emirates,Fujairah,,,AE-FU,,ChIJX7kokD0y9D4RvDyz2xuxwaY,2021-11-25,23,47,40,,14,5
AE,United Arab Emirates,Fujairah,,,AE-FU,,ChIJX7kokD0y9D4RvDyz2xuxwaY,2021-11-26,22,44,55,-34,16,4
AE,United Arab Emirates,Fujairah,,,AE-FU,,ChIJX7kokD0y9D4RvDyz2xuxwaY,2021-11-27,26,44,36,,24,3
AE,United Arab Emirates,Fujairah,,,AE-FU,,ChIJX7kokD0y9D4RvDyz2xuxwaY,2021-11-28,32,55,36,,16,2
AE,United Arab Emirates,Fujairah,,,AE-FU,,ChIJX7kokD0y9D4RvDyz2xuxwaY,2021-11-29,30,60,33,,15,2
AE,United Arab Emirates,Fujairah,,,AE-FU,,ChIJX7kokD0y9D4RvDyz2xuxwaY,2021-11-30,44,80,65,,14,0
AE,United Arab Emirates,Fujairah,,,AE-FU,,ChIJX7kokD0y9D4RvDyz2xuxwaY,2021-12-01,67,109,,-16,-29,7
AE,United Arab Emirates,Fujairah,,,AE-FU,,ChIJX7kokD0y9D4RvDyz2xuxwaY,2021-12-02,57,98,,-16,-41,12
AE,United Arab Emirates,Fujairah,,,AE-FU,,ChIJX7kokD0y9D4RvDyz2xuxwaY,2021-12-03,33,61,125,-16,14,3
AE,United Arab Emirates,Fujairah,,,AE-FU,,ChIJX7kokD0y9D4RvDyz2xuxwaY,2021-12-04,27,51,49,,18,3
AE,United Arab Emirates,Fujairah,,,AE-FU,,ChIJX7kokD0y9D4RvDyz2xuxwaY,2021-12-05,29,52,45,,16,3
AE,United Arab Emirates,Fujairah,,,AE-FU,,ChIJX7kokD0y9D4RvDyz2xuxwaY,2021-12-06,30,61,29,,15,3
AE,United Arab Emirates,Fujairah,,,AE-FU,,ChIJX7kokD0y9D4RvDyz2xuxwaY,2021-12-07,30,61,26,,17,3
AE,United Arab Emirates,Fujairah,,,AE-FU,,ChIJX7kokD0y9D4RvDyz2xuxwaY,2021-12-08,28,51,38,0,18,3
AE,United Arab Emirates,Fujairah,,,AE-FU,,ChIJX7kokD0y9D4RvDyz2xuxwaY,2021-12-09,21,44,42,,19,5
AE,United Arab Emirates,Fujairah,,,AE-FU,,ChIJX7kokD0y9D4RvDyz2xuxwaY,2021-12-10,15,36,52,-32,25,4
AE,United Arab Emirates,Fujairah,,,AE-FU,,ChIJX7kokD0y9D4RvDyz2xuxwaY,2021-12-11,22,41,49,,25,3
AE,United Arab Emirates,Fujairah,,,AE-FU,,ChIJX7kokD0y9D4RvDyz2xuxwaY,2021-12-12,27,46,47,,16,4
AE,United Arab Emirates,Fujairah,,,AE-FU,,ChIJX7kokD0y9D4RvDyz2xuxwaY,2021-12-13,25,52,33,,15,4
AE,United Arab Emirates,Fujairah,,,AE-FU,,ChIJX7kokD0y9D4RvDyz2xuxwaY,2021-12-14,25,54,39,,15,4
AE,United Arab Emirates,Fujairah,,,AE-FU,,ChIJX7kokD0y9D4RvDyz2xuxwaY,2021-12-15,26,49,52,-2,15,4
AE,United Arab Emirates,Fujairah,,,AE-FU,,ChIJX7kokD0y9D4RvDyz2xuxwaY,2021-12-16,22,46,64,,16,5
AE,United Arab Emirates,Fujairah,,,AE-FU,,ChIJX7kokD0y9D4RvDyz2xuxwaY,2021-12-17,19,42,74,-37,23,4
AE,United Arab Emirates,Fujairah,,,AE-FU,,ChIJX7kokD0y9D4RvDyz2xuxwaY,2021-12-18,22,41,65,,22,3
AE,United Arab Emirates,Fujairah,,,AE-FU,,ChIJX7kokD0y9D4RvDyz2xuxwaY,2021-12-19,27,45,58,,8,4
AE,United Arab Emirates,Fujairah,,,AE-FU,,ChIJX7kokD0y9D4RvDyz2xuxwaY,2021-12-20,24,53,46,,10,4
AE,United Arab Emirates,Fujairah,,,AE-FU,,ChIJX7kokD0y9D4RvDyz2xuxwaY,2021-12-21,24,55,49,,10,5
AE,United Arab Emirates,Fujairah,,,AE-FU,,ChIJX7kokD0y9D4RvDyz2xuxwaY,2021-12-22,25,52,39,-7,11,4
AE,United Arab Emirates,Fujairah,,,AE-FU,,ChIJX7kokD0y9D4RvDyz2xuxwaY,2021-12-23,21,51,48,,11,6
AE,United Arab Emirates,Fujairah,,,AE-FU,,ChIJX7kokD0y9D4RvDyz2xuxwaY,2021-12-24,17,48,56,-33,25,4
AE,United Arab Emirates,Fujairah,,,AE-FU,,ChIJX7kokD0y9D4RvDyz2xuxwaY,2021-12-25,22,46,57,,18,3
AE,United Arab Emirates,Fujairah,,,AE-FU,,ChIJX7kokD0y9D4RvDyz2xuxwaY,2021-12-26,25,48,59,,9,4
AE,United Arab Emirates,Fujairah,,,AE-FU,,ChIJX7kokD0y9D4RvDyz2xuxwaY,2021-12-27,28,55,49,,8,4
AE,United Arab Emirates,Fujairah,,,AE-FU,,ChIJX7kokD0y9D4RvDyz2xuxwaY,2021-12-28,29,64,57,,7,4
AE,United Arab Emirates,Fujairah,,,AE-FU,,ChIJX7kokD0y9D4RvDyz2xuxwaY,2021-12-29,32,63,67,-5,10,4
AE,United Arab Emirates,Fujairah,,,AE-FU,,ChIJX7kokD0y9D4RvDyz2xuxwaY,2021-12-30,29,60,60,,10,5
AE,United Arab Emirates,Fujairah,,,AE-FU,,ChIJX7kokD0y9D4RvDyz2xuxwaY,2021-12-31,26,52,96,-39,24,3
AE,United Arab Emirates,Fujairah,,,AE-FU,,ChIJX7kokD0y9D4RvDyz2xuxwaY,2022-01-01,34,64,119,,-18,9
AE,United Arab Emirates,Fujairah,,,AE-FU,,ChIJX7kokD0y9D4RvDyz2xuxwaY,2022-01-02,35,71,87,-18,-13,8
AE,United Arab Emirates,Fujairah,,,AE-FU,,ChIJX7kokD0y9D4RvDyz2xuxwaY,2022-01-03,20,53,23,,16,5
AE,United Arab Emirates,Fujairah,,,AE-FU,,ChIJX7kokD0y9D4RvDyz2xuxwaY,2022-01-04,24,60,27,,14,6
AE,United Arab Emirates,Fujairah,,,AE-FU,,ChIJX7kokD0y9D4RvDyz2xuxwaY,2022-01-05,23,50,24,-9,16,6
AE,United Arab Emirates,Fujairah,,,AE-FU,,ChIJX7kokD0y9D4RvDyz2xuxwaY,2022-01-06,12,37,15,,18,10
AE,United Arab Emirates,Fujairah,,,AE-FU,,ChIJX7kokD0y9D4RvDyz2xuxwaY,2022-01-07,12,38,6,-17,102,2
AE,United Arab Emirates,Fujairah,,,AE-FU,,ChIJX7kokD0y9D4RvDyz2xuxwaY,2022-01-08,25,52,74,,16,6
AE,United Arab Emirates,Fujairah,,,AE-FU,,ChIJX7kokD0y9D4RvDyz2xuxwaY,2022-01-09,31,65,77,-26,-17,11
AE,United Arab Emirates,Fujairah,,,AE-FU,,ChIJX7kokD0y9D4RvDyz2xuxwaY,2022-01-10,16,48,16,,14,6
AE,United Arab Emirates,Fujairah,,,AE-FU,,ChIJX7kokD0y9D4RvDyz2xuxwaY,2022-01-11,17,49,16,,14,7
AE,United Arab Emirates,Fujairah,,,AE-FU,,ChIJX7kokD0y9D4RvDyz2xuxwaY,2022-01-12,18,46,15,-11,15,8
AE,United Arab Emirates,Fujairah,,,AE-FU,,ChIJX7kokD0y9D4RvDyz2xuxwaY,2022-01-13,7,33,10,,16,11
AE,United Arab Emirates,Fujairah,,,AE-FU,,ChIJX7kokD0y9D4RvDyz2xuxwaY,2022-01-14,10,31,5,-12,103,3
AE,United Arab Emirates,Fujairah,,,AE-FU,,ChIJX7kokD0y9D4RvDyz2xuxwaY,2022-01-15,24,52,92,,13,7
AE,United Arab Emirates,Fujairah,,,AE-FU,,ChIJX7kokD0y9D4RvDyz2xuxwaY,2022-01-16,30,62,94,-22,-21,12
AE,United Arab Emirates,Fujairah,,,AE-FU,,ChIJX7kokD0y9D4RvDyz2xuxwaY,2022-01-17,14,43,16,,12,8
AE,United Arab Emirates,Fujairah,,,AE-FU,,ChIJX7kokD0y9D4RvDyz2xuxwaY,2022-01-18,13,46,20,,12,8
AE,United Arab Emirates,Fujairah,,,AE-FU,,ChIJX7kokD0y9D4RvDyz2xuxwaY,2022-01-19,14,44,19,,15,9
AE,United Arab Emirates,Fujairah,,,AE-FU,,ChIJX7kokD0y9D4RvDyz2xuxwaY,2022-01-20,5,29,1,,17,13
AE,United Arab Emirates,Fujairah,,,AE-FU,,ChIJX7kokD0y9D4RvDyz2xuxwaY,2022-01-21,1,19,-28,-8,102,6
AE,United Arab Emirates,Fujairah,,,AE-FU,,ChIJX7kokD0y9D4RvDyz2xuxwaY,2022-01-22,26,52,59,,14,8
AE,United Arab Emirates,Fujairah,,,AE-FU,,ChIJX7kokD0y9D4RvDyz2xuxwaY,2022-01-23,29,60,74,-23,-18,13
AE,United Arab Emirates,Fujairah,,,AE-FU,,ChIJX7kokD0y9D4RvDyz2xuxwaY,2022-01-24,14,45,0,,19,7
AE,United Arab Emirates,Fujairah,,,AE-FU,,ChIJX7kokD0y9D4RvDyz2xuxwaY,2022-01-25,16,47,2,,18,8
AE,United Arab Emirates,Fujairah,,,AE-FU,,ChIJX7kokD0y9D4RvDyz2xuxwaY,2022-01-26,16,45,14,-1,20,7
AE,United Arab Emirates,Fujairah,,,AE-FU,,ChIJX7kokD0y9D4RvDyz2xuxwaY,2022-01-27,8,33,2,,22,10
AE,United Arab Emirates,Fujairah,,,AE-FU,,ChIJX7kokD0y9D4RvDyz2xuxwaY,2022-01-28,16,40,-1,-2,116,2
AE,United Arab Emirates,Fujairah,,,AE-FU,,ChIJX7kokD0y9D4RvDyz2xuxwaY,2022-01-29,32,59,75,,19,6
AE,United Arab Emirates,Fujairah,,,AE-FU,,ChIJX7kokD0y9D4RvDyz2xuxwaY,2022-01-30,37,69,70,-17,-18,12
AE,United Arab Emirates,Fujairah,,,AE-FU,,ChIJX7kokD0y9D4RvDyz2xuxwaY,2022-01-31,23,55,13,,23,5
AE,United Arab Emirates,Fujairah,,,AE-FU,,ChIJX7kokD0y9D4RvDyz2xuxwaY,2022-02-01,23,58,0,,21,6
AE,United Arab Emirates,Fujairah,,,AE-FU,,ChIJX7kokD0y9D4RvDyz2xuxwaY,2022-02-02,26,54,8,,23,6
AE,United Arab Emirates,Fujairah,,,AE-FU,,ChIJX7kokD0y9D4RvDyz2xuxwaY,2022-02-03,15,39,1,,25,10
AE,United Arab Emirates,Fujairah,,,AE-FU,,ChIJX7kokD0y9D4RvDyz2xuxwaY,2022-02-04,18,41,5,1,124,1
AE,United Arab Emirates,Fujairah,,,AE-FU,,ChIJX7kokD0y9D4RvDyz2xuxwaY,2022-02-05,33,61,90,,17,7
AE,United Arab Emirates,Fujairah,,,AE-FU,,ChIJX7kokD0y9D4RvDyz2xuxwaY,2022-02-06,35,65,79,,-17,12
AE,United Arab Emirates,Fujairah,,,AE-FU,,ChIJX7kokD0y9D4RvDyz2xuxwaY,2022-02-07,23,53,5,,24,6
AE,United Arab Emirates,Fujairah,,,AE-FU,,ChIJX7kokD0y9D4RvDyz2xuxwaY,2022-02-08,23,58,15,,22,7
AE,United Arab Emirates,Fujairah,,,AE-FU,,ChIJX7kokD0y9D4RvDyz2xuxwaY,2022-02-09,23,52,23,,24,6
AE,United Arab Emirates,Fujairah,,,AE-FU,,ChIJX7kokD0y9D4RvDyz2xuxwaY,2022-02-10,12,38,13,,25,10
AE,United Arab Emirates,Fujairah,,,AE-FU,,ChIJX7kokD0y9D4RvDyz2xuxwaY,2022-02-11,21,42,13,9,123,1
AE,United Arab Emirates,Fujairah,,,AE-FU,,ChIJX7kokD0y9D4RvDyz2xuxwaY,2022-02-12,34,60,95,,19,7
AE,United Arab Emirates,Fujairah,,,AE-FU,,ChIJX7kokD0y9D4RvDyz2xuxwaY,2022-02-13,37,72,95,,-15,11
AE,United Arab Emirates,Fujairah,,,AE-FU,,ChIJX7kokD0y9D4RvDyz2xuxwaY,2022-02-14,26,56,21,,27,5
AE,United Arab Emirates,Fujairah,,,AE-FU,,ChIJX7kokD0y9D4RvDyz2xuxwaY,2022-02-15,23,57,19,,25,6
AE,United Arab Emirates,Fujairah,,,AE-FU,,ChIJX7kokD0y9D4RvDyz2xuxwaY,2022-02-16,25,54,20,,27,6
AE,United Arab Emirates,Fujairah,,,AE-FU,,ChIJX7kokD0y9D4RvDyz2xuxwaY,2022-02-17,13,37,11,,28,9
AE,United Arab Emirates,Fujairah,,,AE-FU,,ChIJX7kokD0y9D4RvDyz2xuxwaY,2022-02-18,21,39,11,10,129,0
AE,United Arab Emirates,Fujairah,,,AE-FU,,ChIJX7kokD0y9D4RvDyz2xuxwaY,2022-02-19,33,59,84,,20,6
AE,United Arab Emirates,Fujairah,,,AE-FU,,ChIJX7kokD0y9D4RvDyz2xuxwaY,2022-02-20,35,63,85,,-15,12
AE,United Arab Emirates,Fujairah,,,AE-FU,,ChIJX7kokD0y9D4RvDyz2xuxwaY,2022-02-21,19,50,5,,27,6
AE,United Arab Emirates,Fujairah,,,AE-FU,,ChIJX7kokD0y9D4RvDyz2xuxwaY,2022-02-22,20,55,15,,27,6
AE,United Arab Emirates,Fujairah,,,AE-FU,,ChIJX7kokD0y9D4RvDyz2xuxwaY,2022-02-23,22,49,33,,30,7
AE,United Arab Emirates,Fujairah,,,AE-FU,,ChIJX7kokD0y9D4RvDyz2xuxwaY,2022-02-24,12,34,10,,32,10
AE,United Arab Emirates,Fujairah,,,AE-FU,,ChIJX7kokD0y9D4RvDyz2xuxwaY,2022-02-25,20,42,6,10,134,1
AE,United Arab Emirates,Fujairah,,,AE-FU,,ChIJX7kokD0y9D4RvDyz2xuxwaY,2022-02-26,34,64,85,,21,6
AE,United Arab Emirates,Fujairah,,,AE-FU,,ChIJX7kokD0y9D4RvDyz2xuxwaY,2022-02-27,38,72,82,,-13,11
AE,United Arab Emirates,Fujairah,,,AE-FU,,ChIJX7kokD0y9D4RvDyz2xuxwaY,2022-02-28,28,64,24,,31,5
AE,United Arab Emirates,Fujairah,,,AE-FU,,ChIJX7kokD0y9D4RvDyz2xuxwaY,2022-03-01,28,70,17,,29,6
AE,United Arab Emirates,Fujairah,,,AE-FU,,ChIJX7kokD0y9D4RvDyz2xuxwaY,2022-03-02,30,64,25,,31,6
AE,United Arab Emirates,Fujairah,,,AE-FU,,ChIJX7kokD0y9D4RvDyz2xuxwaY,2022-03-03,19,44,11,,32,9
AE,United Arab Emirates,Fujairah,,,AE-FU,,ChIJX7kokD0y9D4RvDyz2xuxwaY,2022-03-04,28,50,10,,133,2
AE,United Arab Emirates,Fujairah,,,AE-FU,,ChIJX7kokD0y9D4RvDyz2xuxwaY,2022-03-05,38,65,79,,23,7
AE,United Arab Emirates,Fujairah,,,AE-FU,,ChIJX7kokD0y9D4RvDyz2xuxwaY,2022-03-06,39,72,78,,-14,12
AE,United Arab Emirates,Fujairah,,,AE-FU,,ChIJX7kokD0y9D4RvDyz2xuxwaY,2022-03-07,28,60,22,,32,6
AE,United Arab Emirates,Fujairah,,,AE-FU,,ChIJX7kokD0y9D4RvDyz2xuxwaY,2022-03-08,30,63,20,,32,8
AE,United Arab Emirates,Fujairah,,,AE-FU,,ChIJX7kokD0y9D4RvDyz2xuxwaY,2022-03-09,30,59,27,,35,8
AE,United Arab Emirates,Fujairah,,,AE-FU,,ChIJX7kokD0y9D4RvDyz2xuxwaY,2022-03-10,15,42,16,,36,12
AE,United Arab Emirates,Fujairah,,,AE-FU,,ChIJX7kokD0y9D4RvDyz2xuxwaY,2022-03-11,22,46,8,,137,4
AE,United Arab Emirates,Fujairah,,,AE-FU,,ChIJX7kokD0y9D4RvDyz2xuxwaY,2022-03-12,34,59,77,,25,9
AE,United Arab Emirates,Fujairah,,,AE-FU,,ChIJX7kokD0y9D4RvDyz2xuxwaY,2022-03-13,37,72,77,,-12,14
AE,United Arab Emirates,Fujairah,,,AE-FU,,ChIJX7kokD0y9D4RvDyz2xuxwaY,2022-03-14,26,60,29,,35,8
AE,United Arab Emirates,Fujairah,,,AE-FU,,ChIJX7kokD0y9D4RvDyz2xuxwaY,2022-03-15,27,64,31,,33,10
AE,United Arab Emirates,Fujairah,,,AE-FU,,ChIJX7kokD0y9D4RvDyz2xuxwaY,2022-03-16,29,60,30,,36,9
AE,United Arab Emirates,Fujairah,,,AE-FU,,ChIJX7kokD0y9D4RvDyz2xuxwaY,2022-03-17,13,39,1,,35,13
AE,United Arab Emirates,Fujairah,,,AE-FU,,ChIJX7kokD0y9D4RvDyz2xuxwaY,2022-03-18,16,40,-3,,136,5
AE,United Arab Emirates,Fujairah,,,AE-FU,,ChIJX7kokD0y9D4RvDyz2xuxwaY,2022-03-19,32,59,67,,26,10
AE,United Arab Emirates,Fujairah,,,AE-FU,,ChIJX7kokD0y9D4RvDyz2xuxwaY,2022-03-20,34,69,76,,-12,15
AE,United Arab Emirates,Fujairah,,,AE-FU,,ChIJX7kokD0y9D4RvDyz2xuxwaY,2022-03-21,24,59,21,,37,9
AE,United Arab Emirates,Fujairah,,,AE-FU,,ChIJX7kokD0y9D4RvDyz2xuxwaY,2022-03-22,26,63,24,,34,10
AE,United Arab Emirates,Fujairah,,,AE-FU,,ChIJX7kokD0y9D4RvDyz2xuxwaY,2022-03-23,24,53,29,,36,9
AE,United Arab Emirates,Fujairah,,,AE-FU,,ChIJX7kokD0y9D4RvDyz2xuxwaY,2022-03-24,15,39,22,,36,12
AE,United Arab Emirates,Fujairah,,,AE-FU,,ChIJX7kokD0y9D4RvDyz2xuxwaY,2022-03-25,22,43,8,,141,3
AE,United Arab Emirates,Fujairah,,,AE-FU,,ChIJX7kokD0y9D4RvDyz2xuxwaY,2022-03-26,39,62,109,,28,8
AE,United Arab Emirates,Fujairah,,,AE-FU,,ChIJX7kokD0y9D4RvDyz2xuxwaY,2022-03-27,44,76,85,,-11,12
AE,United Arab Emirates,Fujairah,,,AE-FU,,ChIJX7kokD0y9D4RvDyz2xuxwaY,2022-03-28,32,67,24,,29,8
AE,United Arab Emirates,Fujairah,,,AE-FU,,ChIJX7kokD0y9D4RvDyz2xuxwaY,2022-03-29,34,71,26,,29,8
AE,United Arab Emirates,Fujairah,,,AE-FU,,ChIJX7kokD0y9D4RvDyz2xuxwaY,2022-03-30,37,67,34,,30,8
AE,United Arab Emirates,Fujairah,,,AE-FU,,ChIJX7kokD0y9D4RvDyz2xuxwaY,2022-03-31,25,52,22,,31,11
AE,United Arab Emirates,Fujairah,,,AE-FU,,ChIJX7kokD0y9D4RvDyz2xuxwaY,2022-04-01,32,63,-1,,135,3
AE,United Arab Emirates,Fujairah,,,AE-FU,,ChIJX7kokD0y9D4RvDyz2xuxwaY,2022-04-02,18,60,26,,21,16
AE,United Arab Emirates,Fujairah,,,AE-FU,,ChIJX7kokD0y9D4RvDyz2xuxwaY,2022-04-03,18,65,43,,-12,20
AE,United Arab Emirates,Fujairah,,,AE-FU,,ChIJX7kokD0y9D4RvDyz2xuxwaY,2022-04-04,15,58,20,,26,14
AE,United Arab Emirates,Fujairah,,,AE-FU,,ChIJX7kokD0y9D4RvDyz2xuxwaY,2022-04-05,17,62,26,,24,15
AE,United Arab Emirates,Fujairah,,,AE-FU,,ChIJX7kokD0y9D4RvDyz2xuxwaY,2022-04-06,16,56,32,,26,15
AE,United Arab Emirates,Fujairah,,,AE-FU,,ChIJX7kokD0y9D4RvDyz2xuxwaY,2022-04-07,5,37,8,,25,19
AE,United Arab Emirates,Fujairah,,,AE-FU,,ChIJX7kokD0y9D4RvDyz2xuxwaY,2022-04-08,10,40,-15,,125,9
AE,United Arab Emirates,Fujairah,,,AE-FU,,ChIJX7kokD0y9D4RvDyz2xuxwaY,2022-04-09,22,56,35,,26,14
AE,United Arab Emirates,Fujairah,,,AE-FU,,ChIJX7kokD0y9D4RvDyz2xuxwaY,2022-04-10,23,64,48,,-11,19
AE,United Arab Emirates,Fujairah,,,AE-FU,,ChIJX7kokD0y9D4RvDyz2xuxwaY,2022-04-11,17,60,23,,29,14
AE,United Arab Emirates,Fujairah,,,AE-FU,,ChIJX7kokD0y9D4RvDyz2xuxwaY,2022-04-12,16,65,21,,28,15
AE,United Arab Emirates,Fujairah,,,AE-FU,,ChIJX7kokD0y9D4RvDyz2xuxwaY,2022-04-13,20,56,18,,28,16
AE,United Arab Emirates,Fujairah,,,AE-FU,,ChIJX7kokD0y9D4RvDyz2xuxwaY,2022-04-14,9,41,4,,29,18
AE,United Arab Emirates,Fujairah,,,AE-FU,,ChIJX7kokD0y9D4RvDyz2xuxwaY,2022-04-15,13,39,-20,,123,9
AE,United Arab Emirates,Fujairah,,,AE-FU,,ChIJX7kokD0y9D4RvDyz2xuxwaY,2022-04-16,21,53,22,,28,14
AE,United Arab Emirates,Fujairah,,,AE-FU,,ChIJX7kokD0y9D4RvDyz2xuxwaY,2022-04-17,22,58,30,,-12,20
AE,United Arab Emirates,Fujairah,,,AE-FU,,ChIJX7kokD0y9D4RvDyz2xuxwaY,2022-04-18,14,54,12,,35,14
AE,United Arab Emirates,Fujairah,,,AE-FU,,ChIJX7kokD0y9D4RvDyz2xuxwaY,2022-04-19,15,57,3,,34,15
AE,United Arab Emirates,Fujairah,,,AE-FU,,ChIJX7kokD0y9D4RvDyz2xuxwaY,2022-04-20,15,54,13,,36,15
AE,United Arab Emirates,Fujairah,,,AE-FU,,ChIJX7kokD0y9D4RvDyz2xuxwaY,2022-04-21,4,35,3,,36,19
AE,United Arab Emirates,Fujairah,,,AE-FU,,ChIJX7kokD0y9D4RvDyz2xuxwaY,2022-04-22,11,39,-17,,134,9
AE,United Arab Emirates,Fujairah,,,AE-FU,,ChIJX7kokD0y9D4RvDyz2xuxwaY,2022-04-23,21,53,19,,29,15
AE,United Arab Emirates,Fujairah,,,AE-FU,,ChIJX7kokD0y9D4RvDyz2xuxwaY,2022-04-24,22,64,31,,-10,20
AE,United Arab Emirates,Fujairah,,,AE-FU,,ChIJX7kokD0y9D4RvDyz2xuxwaY,2022-04-25,20,62,12,,36,14
AE,United Arab Emirates,Fujairah,,,AE-FU,,ChIJX7kokD0y9D4RvDyz2xuxwaY,2022-04-26,24,70,8,,34,14
AE,United Arab Emirates,Fujairah,,,AE-FU,,ChIJX7kokD0y9D4RvDyz2xuxwaY,2022-04-27,28,65,20,,36,14
AE,United Arab Emirates,Fujairah,,,AE-FU,,ChIJX7kokD0y9D4RvDyz2xuxwaY,2022-04-28,20,56,10,,36,17
AE,United Arab Emirates,Fujairah,,,AE-FU,,ChIJX7kokD0y9D4RvDyz2xuxwaY,2022-04-29,30,58,-18,,134,7
AE,United Arab Emirates,Fujairah,,,AE-FU,,ChIJX7kokD0y9D4RvDyz2xuxwaY,2022-04-30,45,82,29,,18,14
AE,United Arab Emirates,Fujairah,,,AE-FU,,ChIJX7kokD0y9D4RvDyz2xuxwaY,2022-05-01,70,122,107,,-26,19
AE,United Arab Emirates,Fujairah,,,AE-FU,,ChIJX7kokD0y9D4RvDyz2xuxwaY,2022-05-02,80,140,,,-43,13
AE,United Arab Emirates,Fujairah,,,AE-FU,,ChIJX7kokD0y9D4RvDyz2xuxwaY,2022-05-03,80,140,,,-39,15
AE,United Arab Emirates,Fujairah,,,AE-FU,,ChIJX7kokD0y9D4RvDyz2xuxwaY,2022-05-04,49,90,119,,-20,15
AE,United Arab Emirates,Fujairah,,,AE-FU,,ChIJX7kokD0y9D4RvDyz2xuxwaY,2022-05-05,23,53,37,,8,16
AE,United Arab Emirates,Fujairah,,,AE-FU,,ChIJX7kokD0y9D4RvDyz2xuxwaY,2022-05-06,21,47,6,,99,7
AE,United Arab Emirates,Fujairah,,,AE-FU,,ChIJX7kokD0y9D4RvDyz2xuxwaY,2022-05-07,33,60,42,,28,11
AE,United Arab Emirates,Fujairah,,,AE-FU,,ChIJX7kokD0y9D4RvDyz2xuxwaY,2022-05-08,32,73,63,,-10,16
AE,United Arab Emirates,Fujairah,,,AE-FU,,ChIJX7kokD0y9D4RvDyz2xuxwaY,2022-05-09,21,58,4,,35,10
AE,United Arab Emirates,Fujairah,,,AE-FU,,ChIJX7kokD0y9D4RvDyz2xuxwaY,2022-05-10,23,64,2,,33,10
AE,United Arab Emirates,Fujairah,,,AE-FU,,ChIJX7kokD0y9D4RvDyz2xuxwaY,2022-05-11,23,57,15,,35,10
AE,United Arab Emirates,Fujairah,,,AE-FU,,ChIJX7kokD0y9D4RvDyz2xuxwaY,2022-05-12,9,40,-1,,37,14
AE,United Arab Emirates,Fujairah,,,AE-FU,,ChIJX7kokD0y9D4RvDyz2xuxwaY,2022-05-13,15,44,-18,,144,5
AE,United Arab Emirates,Fujairah,,,AE-FU,,ChIJX7kokD0y9D4RvDyz2xuxwaY,2022-05-14,21,56,27,,-3,18
AE,United Arab Emirates,Fujairah,,,AE-FU,,ChIJX7kokD0y9D4RvDyz2xuxwaY,2022-05-15,36,78,86,-10,-29,21
AE,United Arab Emirates,Fujairah,,,AE-FU,,ChIJX7kokD0y9D4RvDyz2xuxwaY,2022-05-16,23,67,22,,-16,20
AE,United Arab Emirates,Fujairah,,,AE-FU,,ChIJX7kokD0y9D4RvDyz2xuxwaY,2022-05-17,18,57,7,,35,10
AE,United Arab Emirates,Fujairah,,,AE-FU,,ChIJX7kokD0y9D4RvDyz2xuxwaY,2022-05-18,20,53,10,,36,11
AE,United Arab Emirates,Fujairah,,,AE-FU,,ChIJX7kokD0y9D4RvDyz2xuxwaY,2022-05-19,7,35,-1,,37,14
AE,United Arab Emirates,Fujairah,,,AE-FU,,ChIJX7kokD0y9D4RvDyz2xuxwaY,2022-05-20,12,37,-18,,144,6
AE,United Arab Emirates,Fujairah,,,AE-FU,,ChIJX7kokD0y9D4RvDyz2xuxwaY,2022-05-21,28,54,30,,30,11
AE,United Arab Emirates,Fujairah,,,AE-FU,,ChIJX7kokD0y9D4RvDyz2xuxwaY,2022-05-22,28,63,42,,-10,17
AE,United Arab Emirates,Fujairah,,,AE-FU,,ChIJX7kokD0y9D4RvDyz2xuxwaY,2022-05-23,19,54,8,,35,10
AE,United Arab Emirates,Fujairah,,,AE-FU,,ChIJX7kokD0y9D4RvDyz2xuxwaY,2022-05-24,20,60,9,,33,11
AE,United Arab Emirates,Fujairah,,,AE-FU,,ChIJX7kokD0y9D4RvDyz2xuxwaY,2022-05-25,19,50,3,,35,11
AE,United Arab Emirates,Fujairah,,,AE-FU,,ChIJX7kokD0y9D4RvDyz2xuxwaY,2022-05-26,9,39,-8,,36,14
AE,United Arab Emirates,Fujairah,,,AE-FU,,ChIJX7kokD0y9D4RvDyz2xuxwaY,2022-05-27,20,45,-23,,143,5
AE,United Arab Emirates,Fujairah,,,AE-FU,,ChIJX7kokD0y9D4RvDyz2xuxwaY,2022-05-28,35,66,28,,29,10
AE,United Arab Emirates,Fujairah,,,AE-FU,,ChIJX7kokD0y9D4RvDyz2xuxwaY,2022-05-29,36,77,41,,-9,16
AE,United Arab Emirates,Fujairah,,,AE-FU,,ChIJX7kokD0y9D4RvDyz2xuxwaY,2022-05-30,24,66,10,,39,9
AE,United Arab Emirates,Fujairah,,,AE-FU,,ChIJX7kokD0y9D4RvDyz2xuxwaY,2022-05-31,26,69,15,,38,10
AE,United Arab Emirates,Fujairah,,,AE-FU,,ChIJX7kokD0y9D4RvDyz2xuxwaY,2022-06-01,28,65,14,,38,9
AE,United Arab Emirates,Fujairah,,,AE-FU,,ChIJX7kokD0y9D4RvDyz2xuxwaY,2022-06-02,15,45,2,,39,13
AE,United Arab Emirates,Fujairah,,,AE-FU,,ChIJX7kokD0y9D4RvDyz2xuxwaY,2022-06-03,25,47,-12,,148,4
AE,United Arab Emirates,Fujairah,,,AE-FU,,ChIJX7kokD0y9D4RvDyz2xuxwaY,2022-06-04,36,67,30,,30,10
AE,United Arab Emirates,Fujairah,,,AE-FU,,ChIJX7kokD0y9D4RvDyz2xuxwaY,2022-06-05,37,73,36,,-9,15
AE,United Arab Emirates,Fujairah,,,AE-FU,,ChIJX7kokD0y9D4RvDyz2xuxwaY,2022-06-06,24,60,9,,39,9
AE,United Arab Emirates,Fujairah,,,AE-FU,,ChIJX7kokD0y9D4RvDyz2xuxwaY,2022-06-07,23,64,11,,38,11
AE,United Arab Emirates,Fujairah,,,AE-FU,,ChIJX7kokD0y9D4RvDyz2xuxwaY,2022-06-08,24,58,16,,40,11
AE,United Arab Emirates,Fujairah,,,AE-FU,,ChIJX7kokD0y9D4RvDyz2xuxwaY,2022-06-09,12,42,-1,,39,14
AE,United Arab Emirates,Fujairah,,,AE-FU,,ChIJX7kokD0y9D4RvDyz2xuxwaY,2022-06-10,18,41,-18,,147,6
AE,United Arab Emirates,Fujairah,,,AE-FU,,ChIJX7kokD0y9D4RvDyz2xuxwaY,2022-06-11,30,58,23,,31,11
AE,United Arab Emirates,Fujairah,,,AE-FU,,ChIJX7kokD0y9D4RvDyz2xuxwaY,2022-06-12,31,67,40,,-9,17
AE,United Arab Emirates,Fujairah,,,AE-FU,,ChIJX7kokD0y9D4RvDyz2xuxwaY,2022-06-13,25,63,19,,38,10
AE,United Arab Emirates,Fujairah,,,AE-FU,,ChIJX7kokD0y9D4RvDyz2xuxwaY,2022-06-14,25,62,13,,35,11
AE,United Arab Emirates,Fujairah,,,AE-FU,,ChIJX7kokD0y9D4RvDyz2xuxwaY,2022-06-15,23,60,15,,37,12
AE,United Arab Emirates,Fujairah,,,AE-FU,,ChIJX7kokD0y9D4RvDyz2xuxwaY,2022-06-16,12,43,1,,38,14
AE,United Arab Emirates,Fujairah,,,AE-FU,,ChIJX7kokD0y9D4RvDyz2xuxwaY,2022-06-17,16,42,-16,,145,6
AE,United Arab Emirates,Fujairah,,,AE-FU,,ChIJX7kokD0y9D4RvDyz2xuxwaY,2022-06-18,28,57,21,,30,12
AE,United Arab Emirates,Fujairah,,,AE-FU,,ChIJX7kokD0y9D4RvDyz2xuxwaY,2022-06-19,28,65,26,,-10,17
AE,United Arab Emirates,Fujairah,,,AE-FU,,ChIJX7kokD0y9D4RvDyz2xuxwaY,2022-06-20,20,55,10,,37,11
AE,United Arab Emirates,Fujairah,,,AE-FU,,ChIJX7kokD0y9D4RvDyz2xuxwaY,2022-06-21,19,62,12,,35,12
AE,United Arab Emirates,Fujairah,,,AE-FU,,ChIJX7kokD0y9D4RvDyz2xuxwaY,2022-06-22,20,53,11,,35,12
AE,United Arab Emirates,Fujairah,,,AE-FU,,ChIJX7kokD0y9D4RvDyz2xuxwaY,2022-06-23,9,38,1,,36,15
AE,United Arab Emirates,Fujairah,,,AE-FU,,ChIJX7kokD0y9D4RvDyz2xuxwaY,2022-06-24,14,39,-20,,141,6
AE,United Arab Emirates,Fujairah,,,AE-FU,,ChIJX7kokD0y9D4RvDyz2xuxwaY,2022-06-25,24,55,10,,30,12
AE,United Arab Emirates,Fujairah,,,AE-FU,,ChIJX7kokD0y9D4RvDyz2xuxwaY,2022-06-26,28,63,32,,-8,17
AE,United Arab Emirates,Fujairah,,,AE-FU,,ChIJX7kokD0y9D4RvDyz2xuxwaY,2022-06-27,22,60,2,,37,10
AE,United Arab Emirates,Fujairah,,,AE-FU,,ChIJX7kokD0y9D4RvDyz2xuxwaY,2022-06-28,26,67,10,,36,11
AE,United Arab Emirates,Fujairah,,,AE-FU,,ChIJX7kokD0y9D4RvDyz2xuxwaY,2022-06-29,28,61,8,,37,11
AE,United Arab Emirates,Fujairah,,,AE-FU,,ChIJX7kokD0y9D4RvDyz2xuxwaY,2022-06-30,16,45,0,,36,14
AE,United Arab Emirates,Fujairah,,,AE-FU,,ChIJX7kokD0y9D4RvDyz2xuxwaY,2022-07-01,20,46,-21,,144,6
AE,United Arab Emirates,Fujairah,,,AE-FU,,ChIJX7kokD0y9D4RvDyz2xuxwaY,2022-07-02,32,64,15,,32,11
AE,United Arab Emirates,Fujairah,,,AE-FU,,ChIJX7kokD0y9D4RvDyz2xuxwaY,2022-07-03,35,72,31,,-9,16
AE,United Arab Emirates,Fujairah,,,AE-FU,,ChIJX7kokD0y9D4RvDyz2xuxwaY,2022-07-04,26,63,9,,33,9
AE,United Arab Emirates,Fujairah,,,AE-FU,,ChIJX7kokD0y9D4RvDyz2xuxwaY,2022-07-05,30,73,12,,30,10
AE,United Arab Emirates,Fujairah,,,AE-FU,,ChIJX7kokD0y9D4RvDyz2xuxwaY,2022-07-06,30,70,16,,34,10
AE,United Arab Emirates,Fujairah,,,AE-FU,,ChIJX7kokD0y9D4RvDyz2xuxwaY,2022-07-07,27,58,6,,30,11
AE,United Arab Emirates,Fujairah,,,AE-FU,,ChIJX7kokD0y9D4RvDyz2xuxwaY,2022-07-08,31,63,-11,-1,56,10
AE,United Arab Emirates,Fujairah,,,AE-FU,,ChIJX7kokD0y9D4RvDyz2xuxwaY,2022-07-09,40,73,126,,-22,14
AE,United Arab Emirates,Fujairah,,,AE-FU,,ChIJX7kokD0y9D4RvDyz2xuxwaY,2022-07-10,51,93,148,,-38,17
AE,United Arab Emirates,Fujairah,,,AE-FU,,ChIJX7kokD0y9D4RvDyz2xuxwaY,2022-07-11,33,77,59,,-18,15
AE,United Arab Emirates,Fujairah,,,AE-FU,,ChIJX7kokD0y9D4RvDyz2xuxwaY,2022-07-12,20,61,14,,23,11
AE,United Arab Emirates,Fujairah,,,AE-FU,,ChIJX7kokD0y9D4RvDyz2xuxwaY,2022-07-13,20,52,8,,25,12
AE,United Arab Emirates,Fujairah,,,AE-FU,,ChIJX7kokD0y9D4RvDyz2xuxwaY,2022-07-14,8,34,-5,,25,15
AE,United Arab Emirates,Fujairah,,,AE-FU,,ChIJX7kokD0y9D4RvDyz2xuxwaY,2022-07-15,3,31,-25,0,124,8
AE,United Arab Emirates,Fujairah,,,AE-FU,,ChIJX7kokD0y9D4RvDyz2xuxwaY,2022-07-16,17,46,13,,29,12
AE,United Arab Emirates,Fujairah,,,AE-FU,,ChIJX7kokD0y9D4RvDyz2xuxwaY,2022-07-17,20,55,23,,-11,17
AE,United Arab Emirates,Fujairah,,,AE-FU,,ChIJX7kokD0y9D4RvDyz2xuxwaY,2022-07-18,14,49,6,,22,11
AE,United Arab Emirates,Fujairah,,,AE-FU,,ChIJX7kokD0y9D4RvDyz2xuxwaY,2022-07-19,14,56,11,,24,18
AE,United Arab Emirates,Fujairah,,,AE-FU,,ChIJX7kokD0y9D4RvDyz2xuxwaY,2022-07-20,15,46,12,,23,13
AE,United Arab Emirates,Fujairah,,,AE-FU,,ChIJX7kokD0y9D4RvDyz2xuxwaY,2022-07-21,2,30,-1,,26,16
AE,United Arab Emirates,Fujairah,,,AE-FU,,ChIJX7kokD0y9D4RvDyz2xuxwaY,2022-07-22,4,27,-14,,123,7
AE,United Arab Emirates,Fujairah,,,AE-FU,,ChIJX7kokD0y9D4RvDyz2xuxwaY,2022-07-23,15,45,19,,30,12
AE,United Arab Emirates,Fujairah,,,AE-FU,,ChIJX7kokD0y9D4RvDyz2xuxwaY,2022-07-24,10,43,32,,-13,18
AE,United Arab Emirates,Fujairah,,,AE-FU,,ChIJX7kokD0y9D4RvDyz2xuxwaY,2022-07-25,10,47,9,,24,13
AE,United Arab Emirates,Fujairah,,,AE-FU,,ChIJX7kokD0y9D4RvDyz2xuxwaY,2022-07-26,19,65,32,,24,12
AE,United Arab Emirates,Fujairah,,,AE-FU,,ChIJX7kokD0y9D4RvDyz2xuxwaY,2022-07-27,8,45,30,,18,12
AE,United Arab Emirates,Fujairah,,,AE-FU,,ChIJX7kokD0y9D4RvDyz2xuxwaY,2022-07-28,-10,31,34,,-27,22
AE,United Arab Emirates,Fujairah,,,AE-FU,,ChIJX7kokD0y9D4RvDyz2xuxwaY,2022-07-29,-1,35,-5,,72,9
AE,United Arab Emirates,Fujairah,,,AE-FU,,ChIJX7kokD0y9D4RvDyz2xuxwaY,2022-07-30,15,57,35,,2,14
AE,United Arab Emirates,Fujairah,,,AE-FU,,ChIJX7kokD0y9D4RvDyz2xuxwaY,2022-07-31,20,62,41,,-15,16
AE,United Arab Emirates,Fujairah,,,AE-FU,,ChIJX7kokD0y9D4RvDyz2xuxwaY,2022-08-01,18,57,12,,19,10
AE,United Arab Emirates,Fujairah,,,AE-FU,,ChIJX7kokD0y9D4RvDyz2xuxwaY,2022-08-02,20,65,9,,18,11
AE,United Arab Emirates,Fujairah,,,AE-FU,,ChIJX7kokD0y9D4RvDyz2xuxwaY,2022-08-03,20,56,17,,21,12
AE,United Arab Emirates,Fujairah,,,AE-FU,,ChIJX7kokD0y9D4RvDyz2xuxwaY,2022-08-04,8,42,1,,22,14
AE,United Arab Emirates,Fujairah,,,AE-FU,,ChIJX7kokD0y9D4RvDyz2xuxwaY,2022-08-05,10,37,-25,,122,6
AE,United Arab Emirates,Fujairah,,,AE-FU,,ChIJX7kokD0y9D4RvDyz2xuxwaY,2022-08-06,22,56,14,,28,11
AE,United Arab Emirates,Fujairah,,,AE-FU,,ChIJX7kokD0y9D4RvDyz2xuxwaY,2022-08-07,22,63,27,,-13,17
AE,United Arab Emirates,Fujairah,,,AE-FU,,ChIJX7kokD0y9D4RvDyz2xuxwaY,2022-08-08,16,55,8,,22,10
AE,United Arab Emirates,Fujairah,,,AE-FU,,ChIJX7kokD0y9D4RvDyz2xuxwaY,2022-08-09,19,60,14,,21,11
AE,United Arab Emirates,Fujairah,,,AE-FU,,ChIJX7kokD0y9D4RvDyz2xuxwaY,2022-08-10,17,55,15,,25,11
AE,United Arab Emirates,Fujairah,,,AE-FU,,ChIJX7kokD0y9D4RvDyz2xuxwaY,2022-08-11,8,38,-3,,25,15
AE,United Arab Emirates,Fujairah,,,AE-FU,,ChIJX7kokD0y9D4RvDyz2xuxwaY,2022-08-12,9,38,-22,,121,6
AE,United Arab Emirates,Fujairah,,,AE-FU,,ChIJX7kokD0y9D4RvDyz2xuxwaY,2022-08-13,22,51,14,,27,11
AE,United Arab Emirates,Fujairah,,,AE-FU,,ChIJX7kokD0y9D4RvDyz2xuxwaY,2022-08-14,25,64,31,,-10,16
AE,United Arab Emirates,Fujairah,,,AE-FU,,ChIJX7kokD0y9D4RvDyz2xuxwaY,2022-08-15,17,60,14,,27,13
AE,United Arab Emirates,Fujairah,,,AE-FU,,ChIJX7kokD0y9D4RvDyz2xuxwaY,2022-08-16,18,63,7,,23,12
AE,United Arab Emirates,Fujairah,,,AE-FU,,ChIJX7kokD0y9D4RvDyz2xuxwaY,2022-08-17,18,57,16,,25,14
AE,United Arab Emirates,Fujairah,,,AE-FU,,ChIJX7kokD0y9D4RvDyz2xuxwaY,2022-08-18,7,41,-5,,26,18
AE,United Arab Emirates,Fujairah,,,AE-FU,,ChIJX7kokD0y9D4RvDyz2xuxwaY,2022-08-19,11,40,-19,,126,8
AE,United Arab Emirates,Fujairah,,,AE-FU,,ChIJX7kokD0y9D4RvDyz2xuxwaY,2022-08-20,25,56,20,,30,13
AE,United Arab Emirates,Fujairah,,,AE-FU,,ChIJX7kokD0y9D4RvDyz2xuxwaY,2022-08-21,27,67,40,,-11,19
AE,United Arab Emirates,Fujairah,,,AE-FU,,ChIJX7kokD0y9D4RvDyz2xuxwaY,2022-08-22,18,57,10,,30,13
AE,United Arab Emirates,Fujairah,,,AE-FU,,ChIJX7kokD0y9D4RvDyz2xuxwaY,2022-08-23,20,66,14,,28,14
AE,United Arab Emirates,Fujairah,,,AE-FU,,ChIJX7kokD0y9D4RvDyz2xuxwaY,2022-08-24,18,57,21,,31,14
AE,United Arab Emirates,Fujairah,,,AE-FU,,ChIJX7kokD0y9D4RvDyz2xuxwaY,2022-08-25,10,42,1,,32,17
AE,United Arab Emirates,Fujairah,,,AE-FU,,ChIJX7kokD0y9D4RvDyz2xuxwaY,2022-08-26,18,47,-14,,138,8
AE,United Arab Emirates,Fujairah,,,AE-FU,,ChIJX7kokD0y9D4RvDyz2xuxwaY,2022-08-27,31,66,25,,33,12
AE,United Arab Emirates,Fujairah,,,AE-FU,,ChIJX7kokD0y9D4RvDyz2xuxwaY,2022-08-28,32,75,32,,-8,18
AE,United Arab Emirates,Fujairah,,,AE-FU,,ChIJX7kokD0y9D4RvDyz2xuxwaY,2022-08-29,22,66,13,,32,11
AE,United Arab Emirates,Fujairah,,,AE-FU,,ChIJX7kokD0y9D4RvDyz2xuxwaY,2022-08-30,22,71,16,,31,11
AE,United Arab Emirates,Fujairah,,,AE-FU,,ChIJX7kokD0y9D4RvDyz2xuxwaY,2022-08-31,22,62,14,,33,11
AE,United Arab Emirates,Fujairah,,,AE-FU,,ChIJX7kokD0y9D4RvDyz2xuxwaY,2022-09-01,11,48,-4,,32,13
AE,United Arab Emirates,Fujairah,,,AE-FU,,ChIJX7kokD0y9D4RvDyz2xuxwaY,2022-09-02,17,51,-13,,137,5
AE,United Arab Emirates,Fujairah,,,AE-FU,,ChIJX7kokD0y9D4RvDyz2xuxwaY,2022-09-03,31,67,26,,31,10
AE,United Arab Emirates,Fujairah,,,AE-FU,,ChIJX7kokD0y9D4RvDyz2xuxwaY,2022-09-04,31,76,27,,-10,16
AE,United Arab Emirates,Fujairah,,,AE-FU,,ChIJX7kokD0y9D4RvDyz2xuxwaY,2022-09-05,20,66,6,,33,9
AE,United Arab Emirates,Fujairah,,,AE-FU,,ChIJX7kokD0y9D4RvDyz2xuxwaY,2022-09-06,21,67,6,,32,10
AE,United Arab Emirates,Fujairah,,,AE-FU,,ChIJX7kokD0y9D4RvDyz2xuxwaY,2022-09-07,24,65,17,,33,10
AE,United Arab Emirates,Fujairah,,,AE-FU,,ChIJX7kokD0y9D4RvDyz2xuxwaY,2022-09-08,9,42,1,,31,15
AE,United Arab Emirates,Fujairah,,,AE-FU,,ChIJX7kokD0y9D4RvDyz2xuxwaY,2022-09-09,16,47,-8,,137,5
AE,United Arab Emirates,Fujairah,,,AE-FU,,ChIJX7kokD0y9D4RvDyz2xuxwaY,2022-09-10,31,67,40,,27,11
AE,United Arab Emirates,Fujairah,,,AE-FU,,ChIJX7kokD0y9D4RvDyz2xuxwaY,2022-09-11,29,70,42,,-11,16
AE,United Arab Emirates,Fujairah,,,AE-FU,,ChIJX7kokD0y9D4RvDyz2xuxwaY,2022-09-12,16,56,4,,34,10
AE,United Arab Emirates,Fujairah,,,AE-FU,,ChIJX7kokD0y9D4RvDyz2xuxwaY,2022-09-13,20,64,5,,32,10
AE,United Arab Emirates,Fujairah,,,AE-FU,,ChIJX7kokD0y9D4RvDyz2xuxwaY,2022-09-14,17,56,12,,35,10
AE,United Arab Emirates,Fujairah,,,AE-FU,,ChIJX7kokD0y9D4RvDyz2xuxwaY,2022-09-15,8,38,-9,,35,14
AE,United Arab Emirates,Fujairah,,,AE-FU,,ChIJX7kokD0y9D4RvDyz2xuxwaY,2022-09-16,14,44,-15,,141,5
AE,United Arab Emirates,Fujairah,,,AE-FU,,ChIJX7kokD0y9D4RvDyz2xuxwaY,2022-09-17,27,61,28,,29,11
AE,United Arab Emirates,Fujairah,,,AE-FU,,ChIJX7kokD0y9D4RvDyz2xuxwaY,2022-09-18,28,71,33,,-12,16
AE,United Arab Emirates,Fujairah,,,AE-FU,,ChIJX7kokD0y9D4RvDyz2xuxwaY,2022-09-19,17,57,7,,36,10
AE,United Arab Emirates,Fujairah,,,AE-FU,,ChIJX7kokD0y9D4RvDyz2xuxwaY,2022-09-20,16,58,3,,34,11
AE,United Arab Emirates,Fujairah,,,AE-FU,,ChIJX7kokD0y9D4RvDyz2xuxwaY,2022-09-21,18,57,9,,34,11
AE,United Arab Emirates,Fujairah,,,AE-FU,,ChIJX7kokD0y9D4RvDyz2xuxwaY,2022-09-22,9,39,-5,,35,14
AE,United Arab Emirates,Fujairah,,,AE-FU,,ChIJX7kokD0y9D4RvDyz2xuxwaY,2022-09-23,12,40,-13,,139,6
AE,United Arab Emirates,Fujairah,,,AE-FU,,ChIJX7kokD0y9D4RvDyz2xuxwaY,2022-09-24,23,58,34,,28,11
AE,United Arab Emirates,Fujairah,,,AE-FU,,ChIJX7kokD0y9D4RvDyz2xuxwaY,2022-09-25,24,66,37,,-11,17
AE,United Arab Emirates,Fujairah,,,AE-FU,,ChIJX7kokD0y9D4RvDyz2xuxwaY,2022-09-26,14,54,3,,38,10
AE,United Arab Emirates,Fujairah,,,AE-FU,,ChIJX7kokD0y9D4RvDyz2xuxwaY,2022-09-27,21,66,5,,34,10
AE,United Arab Emirates,Fujairah,,,AE-FU,,ChIJX7kokD0y9D4RvDyz2xuxwaY,2022-09-28,23,60,8,,38,10
AE,United Arab Emirates,Fujairah,,,AE-FU,,ChIJX7kokD0y9D4RvDyz2xuxwaY,2022-09-29,14,49,-5,,38,13
AE,United Arab Emirates,Fujairah,,,AE-FU,,ChIJX7kokD0y9D4RvDyz2xuxwaY,2022-09-30,26,57,-6,,145,4
AE,United Arab Emirates,Fujairah,,,AE-FU,,ChIJX7kokD0y9D4RvDyz2xuxwaY,2022-10-01,37,72,31,,32,9
AE,United Arab Emirates,Fujairah,,,AE-FU,,ChIJX7kokD0y9D4RvDyz2xuxwaY,2022-10-02,39,85,42,,-11,16
AE,United Arab Emirates,Fujairah,,,AE-FU,,ChIJX7kokD0y9D4RvDyz2xuxwaY,2022-10-03,24,69,9,,39,8
AE,United Arab Emirates,Fujairah,,,AE-FU,,ChIJX7kokD0y9D4RvDyz2xuxwaY,2022-10-04,28,72,13,,38,9
AE,United Arab Emirates,Fujairah,,,AE-FU,,ChIJX7kokD0y9D4RvDyz2xuxwaY,2022-10-05,24,67,15,,40,9
AE,United Arab Emirates,Fujairah,,,AE-FU,,ChIJX7kokD0y9D4RvDyz2xuxwaY,2022-10-06,14,46,2,,41,13
AE,United Arab Emirates,Fujairah,,,AE-FU,,ChIJX7kokD0y9D4RvDyz2xuxwaY,2022-10-07,21,53,-3,,147,4
AE,United Arab Emirates,Fujairah,,,AE-FU,,ChIJX7kokD0y9D4RvDyz2xuxwaY,2022-10-08,39,79,77,,7,13
AE,United Arab Emirates,Fujairah,,,AE-FU,,ChIJX7kokD0y9D4RvDyz2xuxwaY,2022-10-09,36,78,51,,-12,16
AE,United Arab Emirates,Fujairah,,,AE-FU,,ChIJX7kokD0y9D4RvDyz2xuxwaY,2022-10-10,20,62,9,,38,9
AE,United Arab Emirates,Fujairah,,,AE-FU,,ChIJX7kokD0y9D4RvDyz2xuxwaY,2022-10-11,20,65,10,,36,10
AE,United Arab Emirates,Fujairah,,,AE-FU,,ChIJX7kokD0y9D4RvDyz2xuxwaY,2022-10-12,19,58,20,,39,10
AE,United Arab Emirates,Fujairah,,,AE-FU,,ChIJX7kokD0y9D4RvDyz2xuxwaY,2022-10-13,10,45,1,,39,13
AE,United Arab Emirates,Fujairah,,,AE-FU,,ChIJX7kokD0y9D4RvDyz2xuxwaY,2022-10-14,18,50,1,,151,4
AE,United Arab Emirates,Fujairah,,,AE-FU,,ChIJX7kokD0y9D4RvDyz2xuxwaY,2022-10-15,31,69,55,,31,10
AE,United Arab Emirates,Ras al Khaimah,,,AE-RK,,ChIJpwnSTA5x9j4RD-KEpgxnnrk,2020-02-15,2,2,15,-6,2,0
AE,United Arab Emirates,Ras al Khaimah,,,AE-RK,,ChIJpwnSTA5x9j4RD-KEpgxnnrk,2020-02-16,0,2,0,-2,1,1
AE,United Arab Emirates,Ras al Khaimah,,,AE-RK,,ChIJpwnSTA5x9j4RD-KEpgxnnrk,2020-02-17,-3,-2,-1,2,2,1
AE,United Arab Emirates,Ras al Khaimah,,,AE-RK,,ChIJpwnSTA5x9j4RD-KEpgxnnrk,2020-02-18,-3,-2,5,-2,2,1
AE,United Arab Emirates,Ras al Khaimah,,,AE-RK,,ChIJpwnSTA5x9j4RD-KEpgxnnrk,2020-02-19,0,-3,0,-8,2,1
AE,United Arab Emirates,Ras al Khaimah,,,AE-RK,,ChIJpwnSTA5x9j4RD-KEpgxnnrk,2020-02-20,-2,-3,3,-7,1,1
AE,United Arab Emirates,Ras al Khaimah,,,AE-RK,,ChIJpwnSTA5x9j4RD-KEpgxnnrk,2020-02-21,-2,-1,18,-4,1,2
AE,United Arab Emirates,Ras al Khaimah,,,AE-RK,,ChIJpwnSTA5x9j4RD-KEpgxnnrk,2020-02-22,-1,0,11,-8,2,1
AE,United Arab Emirates,Ras al Khaimah,,,AE-RK,,ChIJpwnSTA5x9j4RD-KEpgxnnrk,2020-02-23,-2,-2,3,-10,3,1
AE,United Arab Emirates,Ras al Khaimah,,,AE-RK,,ChIJpwnSTA5x9j4RD-KEpgxnnrk,2020-02-24,-3,-4,-2,0,3,1
AE,United Arab Emirates,Ras al Khaimah,,,AE-RK,,ChIJpwnSTA5x9j4RD-KEpgxnnrk,2020-02-25,-4,-1,4,-8,2,1
AE,United Arab Emirates,Ras al Khaimah,,,AE-RK,,ChIJpwnSTA5x9j4RD-KEpgxnnrk,2020-02-26,-1,0,-1,-8,2,1
AE,United Arab Emirates,Ras al Khaimah,,,AE-RK,,ChIJpwnSTA5x9j4RD-KEpgxnnrk,2020-02-27,2,1,8,-7,1,1
AE,United Arab Emirates,Ras al Khaimah,,,AE-RK,,ChIJpwnSTA5x9j4RD-KEpgxnnrk,2020-02-28,2,4,26,-8,1,1
AE,United Arab Emirates,Ras al Khaimah,,,AE-RK,,ChIJpwnSTA5x9j4RD-KEpgxnnrk,2020-02-29,3,9,8,-8,3,0
AE,United Arab Emirates,Ras al Khaimah,,,AE-RK,,ChIJpwnSTA5x9j4RD-KEpgxnnrk,2020-03-01,5,6,-1,2,4,0
AE,United Arab Emirates,Ras al Khaimah,,,AE-RK,,ChIJpwnSTA5x9j4RD-KEpgxnnrk,2020-03-02,2,3,1,-4,3,1
AE,United Arab Emirates,Ras al Khaimah,,,AE-RK,,ChIJpwnSTA5x9j4RD-KEpgxnnrk,2020-03-03,1,3,2,-2,3,1
AE,United Arab Emirates,Ras al Khaimah,,,AE-RK,,ChIJpwnSTA5x9j4RD-KEpgxnnrk,2020-03-04,2,5,-1,2,2,2
AE,United Arab Emirates,Ras al Khaimah,,,AE-RK,,ChIJpwnSTA5x9j4RD-KEpgxnnrk,2020-03-05,1,5,-1,3,3,3
AE,United Arab Emirates,Ras al Khaimah,,,AE-RK,,ChIJpwnSTA5x9j4RD-KEpgxnnrk,2020-03-06,-3,5,10,2,2,3
AE,United Arab Emirates,Ras al Khaimah,,,AE-RK,,ChIJpwnSTA5x9j4RD-KEpgxnnrk,2020-03-07,2,4,7,-4,4,1
AE,United Arab Emirates,Ras al Khaimah,,,AE-RK,,ChIJpwnSTA5x9j4RD-KEpgxnnrk,2020-03-08,4,5,6,-7,-4,3
AE,United Arab Emirates,Ras al Khaimah,,,AE-RK,,ChIJpwnSTA5x9j4RD-KEpgxnnrk,2020-03-09,2,3,8,0,-5,3
AE,United Arab Emirates,Ras al Khaimah,,,AE-RK,,ChIJpwnSTA5x9j4RD-KEpgxnnrk,2020-03-10,2,3,8,-2,-6,4
AE,United Arab Emirates,Ras al Khaimah,,,AE-RK,,ChIJpwnSTA5x9j4RD-KEpgxnnrk,2020-03-11,3,6,5,-2,-6,4
AE,United Arab Emirates,Ras al Khaimah,,,AE-RK,,ChIJpwnSTA5x9j4RD-KEpgxnnrk,2020-03-12,-2,3,7,-7,-6,5
AE,United Arab Emirates,Ras al Khaimah,,,AE-RK,,ChIJpwnSTA5x9j4RD-KEpgxnnrk,2020-03-13,-7,4,13,-4,0,5
AE,United Arab Emirates,Ras al Khaimah,,,AE-RK,,ChIJpwnSTA5x9j4RD-KEpgxnnrk,2020-03-14,-4,7,12,-10,2,3
AE,United Arab Emirates,Ras al Khaimah,,,AE-RK,,ChIJpwnSTA5x9j4RD-KEpgxnnrk,2020-03-15,0,6,9,-13,-6,4
AE,United Arab Emirates,Ras al Khaimah,,,AE-RK,,ChIJpwnSTA5x9j4RD-KEpgxnnrk,2020-03-16,-6,3,6,-4,-7,5
AE,United Arab Emirates,Ras al Khaimah,,,AE-RK,,ChIJpwnSTA5x9j4RD-KEpgxnnrk,2020-03-17,-11,0,10,-12,-8,6
AE,United Arab Emirates,Ras al Khaimah,,,AE-RK,,ChIJpwnSTA5x9j4RD-KEpgxnnrk,2020-03-18,-11,-2,0,-14,-8,7
AE,United Arab Emirates,Ras al Khaimah,,,AE-RK,,ChIJpwnSTA5x9j4RD-KEpgxnnrk,2020-03-19,-17,-6,-5,-22,-10,9
AE,United Arab Emirates,Ras al Khaimah,,,AE-RK,,ChIJpwnSTA5x9j4RD-KEpgxnnrk,2020-03-20,-27,-10,-20,-32,-7,10
AE,United Arab Emirates,Ras al Khaimah,,,AE-RK,,ChIJpwnSTA5x9j4RD-KEpgxnnrk,2020-03-21,-19,-7,-13,-32,-4,8
AE,United Arab Emirates,Ras al Khaimah,,,AE-RK,,ChIJpwnSTA5x9j4RD-KEpgxnnrk,2020-03-22,-30,-22,-15,-45,-15,10
AE,United Arab Emirates,Ras al Khaimah,,,AE-RK,,ChIJpwnSTA5x9j4RD-KEpgxnnrk,2020-03-23,-17,7,-17,-28,-17,10
AE,United Arab Emirates,Ras al Khaimah,,,AE-RK,,ChIJpwnSTA5x9j4RD-KEpgxnnrk,2020-03-24,-27,-6,-21,-38,-20,12
AE,United Arab Emirates,Ras al Khaimah,,,AE-RK,,ChIJpwnSTA5x9j4RD-KEpgxnnrk,2020-03-25,-35,-14,-24,-50,-23,15
AE,United Arab Emirates,Ras al Khaimah,,,AE-RK,,ChIJpwnSTA5x9j4RD-KEpgxnnrk,2020-03-26,-44,-20,-34,-55,-28,19
AE,United Arab Emirates,Ras al Khaimah,,,AE-RK,,ChIJpwnSTA5x9j4RD-KEpgxnnrk,2020-03-27,-73,-56,-67,-86,-40,22
AE,United Arab Emirates,Ras al Khaimah,,,AE-RK,,ChIJpwnSTA5x9j4RD-KEpgxnnrk,2020-03-28,-60,-40,-44,-64,-42,21
AE,United Arab Emirates,Ras al Khaimah,,,AE-RK,,ChIJpwnSTA5x9j4RD-KEpgxnnrk,2020-03-29,-45,-26,-28,-67,-31,18
AE,United Arab Emirates,Ras al Khaimah,,,AE-RK,,ChIJpwnSTA5x9j4RD-KEpgxnnrk,2020-03-30,-46,-26,-29,-66,-33,17
AE,United Arab Emirates,Ras al Khaimah,,,AE-RK,,ChIJpwnSTA5x9j4RD-KEpgxnnrk,2020-03-31,-44,-23,-25,-62,-32,17
AE,United Arab Emirates,Ras al Khaimah,,,AE-RK,,ChIJpwnSTA5x9j4RD-KEpgxnnrk,2020-04-01,-42,-21,-31,-56,-33,18
AE,United Arab Emirates,Ras al Khaimah,,,AE-RK,,ChIJpwnSTA5x9j4RD-KEpgxnnrk,2020-04-02,-46,-24,-34,-71,-33,21
AE,United Arab Emirates,Ras al Khaimah,,,AE-RK,,ChIJpwnSTA5x9j4RD-KEpgxnnrk,2020-04-03,-56,-34,-58,-76,-32,18
AE,United Arab Emirates,Ras al Khaimah,,,AE-RK,,ChIJpwnSTA5x9j4RD-KEpgxnnrk,2020-04-04,-43,-22,-32,-62,-23,15
AE,United Arab Emirates,Ras al Khaimah,,,AE-RK,,ChIJpwnSTA5x9j4RD-KEpgxnnrk,2020-04-05,-38,-18,-23,-67,-33,18
AE,United Arab Emirates,Ras al Khaimah,,,AE-RK,,ChIJpwnSTA5x9j4RD-KEpgxnnrk,2020-04-06,-42,-19,-22,-57,-35,18
AE,United Arab Emirates,Ras al Khaimah,,,AE-RK,,ChIJpwnSTA5x9j4RD-KEpgxnnrk,2020-04-07,-45,-19,-40,-62,-34,18
AE,United Arab Emirates,Ras al Khaimah,,,AE-RK,,ChIJpwnSTA5x9j4RD-KEpgxnnrk,2020-04-08,-44,-18,-46,-60,-34,19
AE,United Arab Emirates,Ras al Khaimah,,,AE-RK,,ChIJpwnSTA5x9j4RD-KEpgxnnrk,2020-04-09,-48,-24,-46,-60,-36,22
AE,United Arab Emirates,Ras al Khaimah,,,AE-RK,,ChIJpwnSTA5x9j4RD-KEpgxnnrk,2020-04-10,-59,-33,-67,-74,-33,19
AE,United Arab Emirates,Ras al Khaimah,,,AE-RK,,ChIJpwnSTA5x9j4RD-KEpgxnnrk,2020-04-11,-45,-20,-47,-60,-26,16
AE,United Arab Emirates,Ras al Khaimah,,,AE-RK,,ChIJpwnSTA5x9j4RD-KEpgxnnrk,2020-04-12,-41,-17,-41,-60,-35,18
AE,United Arab Emirates,Ras al Khaimah,,,AE-RK,,ChIJpwnSTA5x9j4RD-KEpgxnnrk,2020-04-13,-43,-20,-37,-47,-34,19
AE,United Arab Emirates,Ras al Khaimah,,,AE-RK,,ChIJpwnSTA5x9j4RD-KEpgxnnrk,2020-04-14,-44,-20,-34,-56,-34,18
AE,United Arab Emirates,Ras al Khaimah,,,AE-RK,,ChIJpwnSTA5x9j4RD-KEpgxnnrk,2020-04-15,-44,-22,-42,-50,-34,19
AE,United Arab Emirates,Ras al Khaimah,,,AE-RK,,ChIJpwnSTA5x9j4RD-KEpgxnnrk,2020-04-16,-47,-24,-49,-59,-34,22
AE,United Arab Emirates,Ras al Khaimah,,,AE-RK,,ChIJpwnSTA5x9j4RD-KEpgxnnrk,2020-04-17,-57,-31,-68,-74,-30,18
AE,United Arab Emirates,Ras al Khaimah,,,AE-RK,,ChIJpwnSTA5x9j4RD-KEpgxnnrk,2020-04-18,-46,-25,-52,-58,-24,16
AE,United Arab Emirates,Ras al Khaimah,,,AE-RK,,ChIJpwnSTA5x9j4RD-KEpgxnnrk,2020-04-19,-42,-22,-43,-58,-32,18
AE,United Arab Emirates,Ras al Khaimah,,,AE-RK,,ChIJpwnSTA5x9j4RD-KEpgxnnrk,2020-04-20,-44,-24,-41,-52,-33,18
AE,United Arab Emirates,Ras al Khaimah,,,AE-RK,,ChIJpwnSTA5x9j4RD-KEpgxnnrk,2020-04-21,-43,-22,-42,-58,-33,18
AE,United Arab Emirates,Ras al Khaimah,,,AE-RK,,ChIJpwnSTA5x9j4RD-KEpgxnnrk,2020-04-22,-41,-20,-43,-56,-34,18
AE,United Arab Emirates,Ras al Khaimah,,,AE-RK,,ChIJpwnSTA5x9j4RD-KEpgxnnrk,2020-04-23,-43,-21,-48,-58,-34,21
AE,United Arab Emirates,Ras al Khaimah,,,AE-RK,,ChIJpwnSTA5x9j4RD-KEpgxnnrk,2020-04-24,-60,-34,-70,-74,-33,21
AE,United Arab Emirates,Ras al Khaimah,,,AE-RK,,ChIJpwnSTA5x9j4RD-KEpgxnnrk,2020-04-25,-49,-28,-54,-60,-26,19
AE,United Arab Emirates,Ras al Khaimah,,,AE-RK,,ChIJpwnSTA5x9j4RD-KEpgxnnrk,2020-04-26,-45,-24,-47,-65,-34,21
AE,United Arab Emirates,Ras al Khaimah,,,AE-RK,,ChIJpwnSTA5x9j4RD-KEpgxnnrk,2020-04-27,-44,-23,-46,-60,-34,21
AE,United Arab Emirates,Ras al Khaimah,,,AE-RK,,ChIJpwnSTA5x9j4RD-KEpgxnnrk,2020-04-28,-44,-22,-43,-60,-33,19
AE,United Arab Emirates,Ras al Khaimah,,,AE-RK,,ChIJpwnSTA5x9j4RD-KEpgxnnrk,2020-04-29,-42,-19,-47,-57,-34,21
AE,United Arab Emirates,Ras al Khaimah,,,AE-RK,,ChIJpwnSTA5x9j4RD-KEpgxnnrk,2020-04-30,-46,-26,-50,-59,-34,24
AE,United Arab Emirates,Ras al Khaimah,,,AE-RK,,ChIJpwnSTA5x9j4RD-KEpgxnnrk,2020-05-01,-55,-33,-70,-73,-30,20
AE,United Arab Emirates,Ras al Khaimah,,,AE-RK,,ChIJpwnSTA5x9j4RD-KEpgxnnrk,2020-05-02,-44,-22,-51,-55,-25,18
AE,United Arab Emirates,Ras al Khaimah,,,AE-RK,,ChIJpwnSTA5x9j4RD-KEpgxnnrk,2020-05-03,-40,-20,-47,-62,-32,20
AE,United Arab Emirates,Ras al Khaimah,,,AE-RK,,ChIJpwnSTA5x9j4RD-KEpgxnnrk,2020-05-04,-43,-22,-43,-51,-33,20
AE,United Arab Emirates,Ras al Khaimah,,,AE-RK,,ChIJpwnSTA5x9j4RD-KEpgxnnrk,2020-05-05,-43,-21,-49,-56,-32,20
AE,United Arab Emirates,Ras al Khaimah,,,AE-RK,,ChIJpwnSTA5x9j4RD-KEpgxnnrk,2020-05-06,-38,-15,-47,-56,-33,21
AE,United Arab Emirates,Ras al Khaimah,,,AE-RK,,ChIJpwnSTA5x9j4RD-KEpgxnnrk,2020-05-07,-43,-22,-52,-62,-32,24
AE,United Arab Emirates,Ras al Khaimah,,,AE-RK,,ChIJpwnSTA5x9j4RD-KEpgxnnrk,2020-05-08,-53,-31,-67,-71,-29,19
AE,United Arab Emirates,Ras al Khaimah,,,AE-RK,,ChIJpwnSTA5x9j4RD-KEpgxnnrk,2020-05-09,-43,-20,-47,-61,-21,17
AE,United Arab Emirates,Ras al Khaimah,,,AE-RK,,ChIJpwnSTA5x9j4RD-KEpgxnnrk,2020-05-10,-39,-15,-46,-61,-30,20
AE,United Arab Emirates,Ras al Khaimah,,,AE-RK,,ChIJpwnSTA5x9j4RD-KEpgxnnrk,2020-05-11,-42,-17,-45,-55,-31,21
AE,United Arab Emirates,Ras al Khaimah,,,AE-RK,,ChIJpwnSTA5x9j4RD-KEpgxnnrk,2020-05-12,-42,-17,-43,-58,-31,21
AE,United Arab Emirates,Ras al Khaimah,,,AE-RK,,ChIJpwnSTA5x9j4RD-KEpgxnnrk,2020-05-13,-43,-18,-45,-58,-32,21
AE,United Arab Emirates,Ras al Khaimah,,,AE-RK,,ChIJpwnSTA5x9j4RD-KEpgxnnrk,2020-05-14,-45,-20,-45,-66,-31,23
AE,United Arab Emirates,Ras al Khaimah,,,AE-RK,,ChIJpwnSTA5x9j4RD-KEpgxnnrk,2020-05-15,-53,-29,-62,-69,-25,19
AE,United Arab Emirates,Ras al Khaimah,,,AE-RK,,ChIJpwnSTA5x9j4RD-KEpgxnnrk,2020-05-16,-42,-17,-44,-60,-20,18
AE,United Arab Emirates,Ras al Khaimah,,,AE-RK,,ChIJpwnSTA5x9j4RD-KEpgxnnrk,2020-05-17,-40,-13,-42,-59,-30,20
AE,United Arab Emirates,Ras al Khaimah,,,AE-RK,,ChIJpwnSTA5x9j4RD-KEpgxnnrk,2020-05-18,-40,-15,-38,-53,-31,20
AE,United Arab Emirates,Ras al Khaimah,,,AE-RK,,ChIJpwnSTA5x9j4RD-KEpgxnnrk,2020-05-19,-40,-15,-38,-57,-31,21
AE,United Arab Emirates,Ras al Khaimah,,,AE-RK,,ChIJpwnSTA5x9j4RD-KEpgxnnrk,2020-05-20,-45,-19,-44,-60,-34,23
AE,United Arab Emirates,Ras al Khaimah,,,AE-RK,,ChIJpwnSTA5x9j4RD-KEpgxnnrk,2020-05-21,-44,-20,-48,-62,-33,25
AE,United Arab Emirates,Ras al Khaimah,,,AE-RK,,ChIJpwnSTA5x9j4RD-KEpgxnnrk,2020-05-22,-50,-22,-65,-64,-25,19
AE,United Arab Emirates,Ras al Khaimah,,,AE-RK,,ChIJpwnSTA5x9j4RD-KEpgxnnrk,2020-05-23,-40,-9,-48,-63,-39,21
AE,United Arab Emirates,Ras al Khaimah,,,AE-RK,,ChIJpwnSTA5x9j4RD-KEpgxnnrk,2020-05-24,-45,-25,-32,-77,-67,28
AE,United Arab Emirates,Ras al Khaimah,,,AE-RK,,ChIJpwnSTA5x9j4RD-KEpgxnnrk,2020-05-25,-39,-16,-32,-67,-64,26
AE,United Arab Emirates,Ras al Khaimah,,,AE-RK,,ChIJpwnSTA5x9j4RD-KEpgxnnrk,2020-05-26,-40,-17,-35,-65,-53,23
AE,United Arab Emirates,Ras al Khaimah,,,AE-RK,,ChIJpwnSTA5x9j4RD-KEpgxnnrk,2020-05-27,-39,-16,-38,-52,-29,19
AE,United Arab Emirates,Ras al Khaimah,,,AE-RK,,ChIJpwnSTA5x9j4RD-KEpgxnnrk,2020-05-28,-41,-20,-41,-59,-29,21
AE,United Arab Emirates,Ras al Khaimah,,,AE-RK,,ChIJpwnSTA5x9j4RD-KEpgxnnrk,2020-05-29,-49,-26,-59,-70,-21,18
AE,United Arab Emirates,Ras al Khaimah,,,AE-RK,,ChIJpwnSTA5x9j4RD-KEpgxnnrk,2020-05-30,-32,-9,-37,-50,-13,13
AE,United Arab Emirates,Ras al Khaimah,,,AE-RK,,ChIJpwnSTA5x9j4RD-KEpgxnnrk,2020-05-31,-26,-4,-33,-48,-23,15
AE,United Arab Emirates,Ras al Khaimah,,,AE-RK,,ChIJpwnSTA5x9j4RD-KEpgxnnrk,2020-06-01,-27,-4,-34,-34,-23,15
AE,United Arab Emirates,Ras al Khaimah,,,AE-RK,,ChIJpwnSTA5x9j4RD-KEpgxnnrk,2020-06-02,-29,-7,-31,-39,-23,16
AE,United Arab Emirates,Ras al Khaimah,,,AE-RK,,ChIJpwnSTA5x9j4RD-KEpgxnnrk,2020-06-03,-27,-6,-31,-33,-24,17
AE,United Arab Emirates,Ras al Khaimah,,,AE-RK,,ChIJpwnSTA5x9j4RD-KEpgxnnrk,2020-06-04,-32,-12,-40,-52,-22,19
AE,United Arab Emirates,Ras al Khaimah,,,AE-RK,,ChIJpwnSTA5x9j4RD-KEpgxnnrk,2020-06-05,-41,-19,-53,-52,-17,16
AE,United Arab Emirates,Ras al Khaimah,,,AE-RK,,ChIJpwnSTA5x9j4RD-KEpgxnnrk,2020-06-06,-29,-8,-36,-38,-10,13
AE,United Arab Emirates,Ras al Khaimah,,,AE-RK,,ChIJpwnSTA5x9j4RD-KEpgxnnrk,2020-06-07,-25,-3,-31,-51,-22,15
AE,United Arab Emirates,Ras al Khaimah,,,AE-RK,,ChIJpwnSTA5x9j4RD-KEpgxnnrk,2020-06-08,-26,-6,-31,-40,-21,15
AE,United Arab Emirates,Ras al Khaimah,,,AE-RK,,ChIJpwnSTA5x9j4RD-KEpgxnnrk,2020-06-09,-28,-7,-30,-41,-22,16
AE,United Arab Emirates,Ras al Khaimah,,,AE-RK,,ChIJpwnSTA5x9j4RD-KEpgxnnrk,2020-06-10,-26,-6,-30,-44,-22,16
AE,United Arab Emirates,Ras al Khaimah,,,AE-RK,,ChIJpwnSTA5x9j4RD-KEpgxnnrk,2020-06-11,-31,-11,-33,-49,-21,18
AE,United Arab Emirates,Ras al Khaimah,,,AE-RK,,ChIJpwnSTA5x9j4RD-KEpgxnnrk,2020-06-12,-40,-21,-51,-61,-13,15
AE,United Arab Emirates,Ras al Khaimah,,,AE-RK,,ChIJpwnSTA5x9j4RD-KEpgxnnrk,2020-06-13,-27,-7,-35,-42,-9,13
AE,United Arab Emirates,Ras al Khaimah,,,AE-RK,,ChIJpwnSTA5x9j4RD-KEpgxnnrk,2020-06-14,-24,-3,-29,-49,-20,15
AE,United Arab Emirates,Ras al Khaimah,,,AE-RK,,ChIJpwnSTA5x9j4RD-KEpgxnnrk,2020-06-15,-26,-6,-32,-24,-19,15
AE,United Arab Emirates,Ras al Khaimah,,,AE-RK,,ChIJpwnSTA5x9j4RD-KEpgxnnrk,2020-06-16,-25,-5,-29,-36,-20,14
AE,United Arab Emirates,Ras al Khaimah,,,AE-RK,,ChIJpwnSTA5x9j4RD-KEpgxnnrk,2020-06-17,-24,-4,-33,21,-20,15
AE,United Arab Emirates,Ras al Khaimah,,,AE-RK,,ChIJpwnSTA5x9j4RD-KEpgxnnrk,2020-06-18,-31,-11,-36,-22,-20,17
AE,United Arab Emirates,Ras al Khaimah,,,AE-RK,,ChIJpwnSTA5x9j4RD-KEpgxnnrk,2020-06-19,-39,-19,-50,18,-13,15
AE,United Arab Emirates,Ras al Khaimah,,,AE-RK,,ChIJpwnSTA5x9j4RD-KEpgxnnrk,2020-06-20,-28,-9,-35,5,-9,12
AE,United Arab Emirates,Ras al Khaimah,,,AE-RK,,ChIJpwnSTA5x9j4RD-KEpgxnnrk,2020-06-21,-23,-5,-30,-25,-21,14
AE,United Arab Emirates,Ras al Khaimah,,,AE-RK,,ChIJpwnSTA5x9j4RD-KEpgxnnrk,2020-06-22,-24,-6,-27,8,-20,14
AE,United Arab Emirates,Ras al Khaimah,,,AE-RK,,ChIJpwnSTA5x9j4RD-KEpgxnnrk,2020-06-23,-23,-5,-29,8,-20,14
AE,United Arab Emirates,Ras al Khaimah,,,AE-RK,,ChIJpwnSTA5x9j4RD-KEpgxnnrk,2020-06-24,-22,-4,-30,5,-19,15
AE,United Arab Emirates,Ras al Khaimah,,,AE-RK,,ChIJpwnSTA5x9j4RD-KEpgxnnrk,2020-06-25,-22,-7,-34,-7,-18,16
AE,United Arab Emirates,Ras al Khaimah,,,AE-RK,,ChIJpwnSTA5x9j4RD-KEpgxnnrk,2020-06-26,-31,-14,-44,21,-11,14
AE,United Arab Emirates,Ras al Khaimah,,,AE-RK,,ChIJpwnSTA5x9j4RD-KEpgxnnrk,2020-06-27,-21,-4,-35,18,-8,11
AE,United Arab Emirates,Ras al Khaimah,,,AE-RK,,ChIJpwnSTA5x9j4RD-KEpgxnnrk,2020-06-28,-17,-2,-29,-4,-18,12
AE,United Arab Emirates,Ras al Khaimah,,,AE-RK,,ChIJpwnSTA5x9j4RD-KEpgxnnrk,2020-06-29,-16,-1,-34,28,-18,12
AE,United Arab Emirates,Ras al Khaimah,,,AE-RK,,ChIJpwnSTA5x9j4RD-KEpgxnnrk,2020-06-30,-15,2,-33,8,-16,12
AE,United Arab Emirates,Ras al Khaimah,,,AE-RK,,ChIJpwnSTA5x9j4RD-KEpgxnnrk,2020-07-01,-14,1,-36,0,-16,12
AE,United Arab Emirates,Ras al Khaimah,,,AE-RK,,ChIJpwnSTA5x9j4RD-KEpgxnnrk,2020-07-02,-17,0,-36,-19,-17,14
AE,United Arab Emirates,Ras al Khaimah,,,AE-RK,,ChIJpwnSTA5x9j4RD-KEpgxnnrk,2020-07-03,-25,-7,-45,-17,-9,12
AE,United Arab Emirates,Ras al Khaimah,,,AE-RK,,ChIJpwnSTA5x9j4RD-KEpgxnnrk,2020-07-04,-19,-1,-39,-7,-5,10
AE,United Arab Emirates,Ras al Khaimah,,,AE-RK,,ChIJpwnSTA5x9j4RD-KEpgxnnrk,2020-07-05,-13,3,-35,-40,-15,11
AE,United Arab Emirates,Ras al Khaimah,,,AE-RK,,ChIJpwnSTA5x9j4RD-KEpgxnnrk,2020-07-06,-14,2,-33,-7,-16,11
AE,United Arab Emirates,Ras al Khaimah,,,AE-RK,,ChIJpwnSTA5x9j4RD-KEpgxnnrk,2020-07-07,-14,3,-33,-12,-16,11
AE,United Arab Emirates,Ras al Khaimah,,,AE-RK,,ChIJpwnSTA5x9j4RD-KEpgxnnrk,2020-07-08,-16,-3,-35,3,-15,11
AE,United Arab Emirates,Ras al Khaimah,,,AE-RK,,ChIJpwnSTA5x9j4RD-KEpgxnnrk,2020-07-09,-19,-4,-37,-5,-16,13
AE,United Arab Emirates,Ras al Khaimah,,,AE-RK,,ChIJpwnSTA5x9j4RD-KEpgxnnrk,2020-07-10,-24,-8,-44,0,-8,12
AE,United Arab Emirates,Ras al Khaimah,,,AE-RK,,ChIJpwnSTA5x9j4RD-KEpgxnnrk,2020-07-11,-17,-1,-37,1,-5,9
AE,United Arab Emirates,Ras al Khaimah,,,AE-RK,,ChIJpwnSTA5x9j4RD-KEpgxnnrk,2020-07-12,-13,2,-30,-17,-14,10
AE,United Arab Emirates,Ras al Khaimah,,,AE-RK,,ChIJpwnSTA5x9j4RD-KEpgxnnrk,2020-07-13,-15,0,-33,6,-15,10
AE,United Arab Emirates,Ras al Khaimah,,,AE-RK,,ChIJpwnSTA5x9j4RD-KEpgxnnrk,2020-07-14,-16,-1,-35,-22,-16,10
AE,United Arab Emirates,Ras al Khaimah,,,AE-RK,,ChIJpwnSTA5x9j4RD-KEpgxnnrk,2020-07-15,-14,-2,-31,-29,-15,11
AE,United Arab Emirates,Ras al Khaimah,,,AE-RK,,ChIJpwnSTA5x9j4RD-KEpgxnnrk,2020-07-16,-17,-5,-36,-31,-15,13
AE,United Arab Emirates,Ras al Khaimah,,,AE-RK,,ChIJpwnSTA5x9j4RD-KEpgxnnrk,2020-07-17,-25,-13,-41,-44,-7,12
AE,United Arab Emirates,Ras al Khaimah,,,AE-RK,,ChIJpwnSTA5x9j4RD-KEpgxnnrk,2020-07-18,-18,-5,-33,-28,-4,9
AE,United Arab Emirates,Ras al Khaimah,,,AE-RK,,ChIJpwnSTA5x9j4RD-KEpgxnnrk,2020-07-19,-13,0,-32,-30,-14,10
AE,United Arab Emirates,Ras al Khaimah,,,AE-RK,,ChIJpwnSTA5x9j4RD-KEpgxnnrk,2020-07-20,-14,-2,-30,-23,-15,10
AE,United Arab Emirates,Ras al Khaimah,,,AE-RK,,ChIJpwnSTA5x9j4RD-KEpgxnnrk,2020-07-21,-16,-4,-26,-29,-16,10
AE,United Arab Emirates,Ras al Khaimah,,,AE-RK,,ChIJpwnSTA5x9j4RD-KEpgxnnrk,2020-07-22,-16,-5,-30,-25,-14,11
AE,United Arab Emirates,Ras al Khaimah,,,AE-RK,,ChIJpwnSTA5x9j4RD-KEpgxnnrk,2020-07-23,-18,-7,-36,-31,-14,12
AE,United Arab Emirates,Ras al Khaimah,,,AE-RK,,ChIJpwnSTA5x9j4RD-KEpgxnnrk,2020-07-24,-25,-14,-43,-26,-7,12
AE,United Arab Emirates,Ras al Khaimah,,,AE-RK,,ChIJpwnSTA5x9j4RD-KEpgxnnrk,2020-07-25,-16,-4,-34,-31,-5,9
AE,United Arab Emirates,Ras al Khaimah,,,AE-RK,,ChIJpwnSTA5x9j4RD-KEpgxnnrk,2020-07-26,-10,1,-27,-35,-14,9
AE,United Arab Emirates,Ras al Khaimah,,,AE-RK,,ChIJpwnSTA5x9j4RD-KEpgxnnrk,2020-07-27,-7,3,-28,-18,-15,9
AE,United Arab Emirates,Ras al Khaimah,,,AE-RK,,ChIJpwnSTA5x9j4RD-KEpgxnnrk,2020-07-28,-3,9,-30,-25,-14,9
AE,United Arab Emirates,Ras al Khaimah,,,AE-RK,,ChIJpwnSTA5x9j4RD-KEpgxnnrk,2020-07-29,9,21,-24,-10,-15,7
AE,United Arab Emirates,Ras al Khaimah,,,AE-RK,,ChIJpwnSTA5x9j4RD-KEpgxnnrk,2020-07-30,-1,18,-16,-28,-47,20
AE,United Arab Emirates,Ras al Khaimah,,,AE-RK,,ChIJpwnSTA5x9j4RD-KEpgxnnrk,2020-07-31,-16,-4,-4,-48,-16,9
AE,United Arab Emirates,Ras al Khaimah,,,AE-RK,,ChIJpwnSTA5x9j4RD-KEpgxnnrk,2020-08-01,3,13,55,-40,-41,13
AE,United Arab Emirates,Ras al Khaimah,,,AE-RK,,ChIJpwnSTA5x9j4RD-KEpgxnnrk,2020-08-02,5,15,6,-58,-49,15
AE,United Arab Emirates,Ras al Khaimah,,,AE-RK,,ChIJpwnSTA5x9j4RD-KEpgxnnrk,2020-08-03,-8,3,-22,-31,-15,9
AE,United Arab Emirates,Ras al Khaimah,,,AE-RK,,ChIJpwnSTA5x9j4RD-KEpgxnnrk,2020-08-04,-7,3,-21,-35,-16,9
AE,United Arab Emirates,Ras al Khaimah,,,AE-RK,,ChIJpwnSTA5x9j4RD-KEpgxnnrk,2020-08-05,-6,0,-26,-17,-15,10
AE,United Arab Emirates,Ras al Khaimah,,,AE-RK,,ChIJpwnSTA5x9j4RD-KEpgxnnrk,2020-08-06,-11,-3,-29,-2,-16,11
AE,United Arab Emirates,Ras al Khaimah,,,AE-RK,,ChIJpwnSTA5x9j4RD-KEpgxnnrk,2020-08-07,-20,-11,-33,-21,-7,10
AE,United Arab Emirates,Ras al Khaimah,,,AE-RK,,ChIJpwnSTA5x9j4RD-KEpgxnnrk,2020-08-08,-11,-2,-25,-33,-5,7
AE,United Arab Emirates,Ras al Khaimah,,,AE-RK,,ChIJpwnSTA5x9j4RD-KEpgxnnrk,2020-08-09,-6,1,-23,-17,-14,8
AE,United Arab Emirates,Ras al Khaimah,,,AE-RK,,ChIJpwnSTA5x9j4RD-KEpgxnnrk,2020-08-10,-7,-1,-25,-10,-15,8
AE,United Arab Emirates,Ras al Khaimah,,,AE-RK,,ChIJpwnSTA5x9j4RD-KEpgxnnrk,2020-08-11,-9,-2,-24,-36,-15,9
AE,United Arab Emirates,Ras al Khaimah,,,AE-RK,,ChIJpwnSTA5x9j4RD-KEpgxnnrk,2020-08-12,-8,-3,-28,-40,-15,9
AE,United Arab Emirates,Ras al Khaimah,,,AE-RK,,ChIJpwnSTA5x9j4RD-KEpgxnnrk,2020-08-13,-12,-6,-24,-37,-16,11
AE,United Arab Emirates,Ras al Khaimah,,,AE-RK,,ChIJpwnSTA5x9j4RD-KEpgxnnrk,2020-08-14,-19,-10,-31,-42,-8,10
AE,United Arab Emirates,Ras al Khaimah,,,AE-RK,,ChIJpwnSTA5x9j4RD-KEpgxnnrk,2020-08-15,-12,-3,-30,-23,-4,7
AE,United Arab Emirates,Ras al Khaimah,,,AE-RK,,ChIJpwnSTA5x9j4RD-KEpgxnnrk,2020-08-16,-6,-1,-25,-41,-15,8
AE,United Arab Emirates,Ras al Khaimah,,,AE-RK,,ChIJpwnSTA5x9j4RD-KEpgxnnrk,2020-08-17,-8,-4,,,-15,8
AE,United Arab Emirates,Ras al Khaimah,,,AE-RK,,ChIJpwnSTA5x9j4RD-KEpgxnnrk,2020-08-18,-10,-3,,,-13,8
AE,United Arab Emirates,Ras al Khaimah,,,AE-RK,,ChIJpwnSTA5x9j4RD-KEpgxnnrk,2020-08-19,-11,-6,,,-14,9
AE,United Arab Emirates,Ras al Khaimah,,,AE-RK,,ChIJpwnSTA5x9j4RD-KEpgxnnrk,2020-08-20,-15,-9,,,-14,10
AE,United Arab Emirates,Ras al Khaimah,,,AE-RK,,ChIJpwnSTA5x9j4RD-KEpgxnnrk,2020-08-21,-20,-14,,,-7,10
AE,United Arab Emirates,Ras al Khaimah,,,AE-RK,,ChIJpwnSTA5x9j4RD-KEpgxnnrk,2020-08-22,-8,-5,,,-10,8
AE,United Arab Emirates,Ras al Khaimah,,,AE-RK,,ChIJpwnSTA5x9j4RD-KEpgxnnrk,2020-08-23,-3,,,,-44,15
AE,United Arab Emirates,Ras al Khaimah,,,AE-RK,,ChIJpwnSTA5x9j4RD-KEpgxnnrk,2020-08-24,-13,-9,,,-13,8
AE,United Arab Emirates,Ras al Khaimah,,,AE-RK,,ChIJpwnSTA5x9j4RD-KEpgxnnrk,2020-08-25,-12,-7,,,-14,8
AE,United Arab Emirates,Ras al Khaimah,,,AE-RK,,ChIJpwnSTA5x9j4RD-KEpgxnnrk,2020-08-26,-11,-7,,,-12,9
AE,United Arab Emirates,Ras al Khaimah,,,AE-RK,,ChIJpwnSTA5x9j4RD-KEpgxnnrk,2020-08-27,-12,-6,,,-13,9
AE,United Arab Emirates,Ras al Khaimah,,,AE-RK,,ChIJpwnSTA5x9j4RD-KEpgxnnrk,2020-08-28,-20,-13,,,-7,10
AE,United Arab Emirates,Ras al Khaimah,,,AE-RK,,ChIJpwnSTA5x9j4RD-KEpgxnnrk,2020-08-29,-12,-4,,,-5,7
AE,United Arab Emirates,Ras al Khaimah,,,AE-RK,,ChIJpwnSTA5x9j4RD-KEpgxnnrk,2020-08-30,-6,,,,-13,7
AE,United Arab Emirates,Ras al Khaimah,,,AE-RK,,ChIJpwnSTA5x9j4RD-KEpgxnnrk,2020-08-31,-8,-4,,,-14,8
AE,United Arab Emirates,Ras al Khaimah,,,AE-RK,,ChIJpwnSTA5x9j4RD-KEpgxnnrk,2020-09-01,-9,-2,,,-12,8
AE,United Arab Emirates,Ras al Khaimah,,,AE-RK,,ChIJpwnSTA5x9j4RD-KEpgxnnrk,2020-09-02,-9,-3,,,-12,8
AE,United Arab Emirates,Ras al Khaimah,,,AE-RK,,ChIJpwnSTA5x9j4RD-KEpgxnnrk,2020-09-03,-13,-8,,,-13,9
AE,United Arab Emirates,Ras al Khaimah,,,AE-RK,,ChIJpwnSTA5x9j4RD-KEpgxnnrk,2020-09-04,-17,-9,,,-10,9
AE,United Arab Emirates,Ras al Khaimah,,,AE-RK,,ChIJpwnSTA5x9j4RD-KEpgxnnrk,2020-09-05,-10,-3,,,-5,7
AE,United Arab Emirates,Ras al Khaimah,,,AE-RK,,ChIJpwnSTA5x9j4RD-KEpgxnnrk,2020-09-06,-8,-3,,,-13,8
AE,United Arab Emirates,Ras al Khaimah,,,AE-RK,,ChIJpwnSTA5x9j4RD-KEpgxnnrk,2020-09-07,-8,-5,,,-14,8
AE,United Arab Emirates,Ras al Khaimah,,,AE-RK,,ChIJpwnSTA5x9j4RD-KEpgxnnrk,2020-09-08,-9,-2,,,-14,8
AE,United Arab Emirates,Ras al Khaimah,,,AE-RK,,ChIJpwnSTA5x9j4RD-KEpgxnnrk,2020-09-09,-11,-6,,,-11,8
AE,United Arab Emirates,Ras al Khaimah,,,AE-RK,,ChIJpwnSTA5x9j4RD-KEpgxnnrk,2020-09-10,-12,-8,,,-13,9
AE,United Arab Emirates,Ras al Khaimah,,,AE-RK,,ChIJpwnSTA5x9j4RD-KEpgxnnrk,2020-09-11,-18,-9,-27,-62,-10,8
AE,United Arab Emirates,Ras al Khaimah,,,AE-RK,,ChIJpwnSTA5x9j4RD-KEpgxnnrk,2020-09-12,-11,-3,-23,-49,-6,5
AE,United Arab Emirates,Ras al Khaimah,,,AE-RK,,ChIJpwnSTA5x9j4RD-KEpgxnnrk,2020-09-13,-9,-5,-18,-53,-12,7
AE,United Arab Emirates,Ras al Khaimah,,,AE-RK,,ChIJpwnSTA5x9j4RD-KEpgxnnrk,2020-09-14,-10,-7,-22,-46,-11,7
AE,United Arab Emirates,Ras al Khaimah,,,AE-RK,,ChIJpwnSTA5x9j4RD-KEpgxnnrk,2020-09-15,-12,-7,-18,-40,-11,8
AE,United Arab Emirates,Ras al Khaimah,,,AE-RK,,ChIJpwnSTA5x9j4RD-KEpgxnnrk,2020-09-16,-13,-8,-21,-42,-11,9
AE,United Arab Emirates,Ras al Khaimah,,,AE-RK,,ChIJpwnSTA5x9j4RD-KEpgxnnrk,2020-09-17,-16,-12,-20,-46,-11,10
AE,United Arab Emirates,Ras al Khaimah,,,AE-RK,,ChIJpwnSTA5x9j4RD-KEpgxnnrk,2020-09-18,-20,-16,-28,-58,-8,10
AE,United Arab Emirates,Ras al Khaimah,,,AE-RK,,ChIJpwnSTA5x9j4RD-KEpgxnnrk,2020-09-19,-14,-11,-23,-49,-5,7
AE,United Arab Emirates,Ras al Khaimah,,,AE-RK,,ChIJpwnSTA5x9j4RD-KEpgxnnrk,2020-09-20,-13,-10,-19,-53,-12,9
AE,United Arab Emirates,Ras al Khaimah,,,AE-RK,,ChIJpwnSTA5x9j4RD-KEpgxnnrk,2020-09-21,-13,-12,-23,-47,-13,9
AE,United Arab Emirates,Ras al Khaimah,,,AE-RK,,ChIJpwnSTA5x9j4RD-KEpgxnnrk,2020-09-22,-15,-12,-22,-43,-13,9
AE,United Arab Emirates,Ras al Khaimah,,,AE-RK,,ChIJpwnSTA5x9j4RD-KEpgxnnrk,2020-09-23,-16,-13,-32,-48,-12,10
AE,United Arab Emirates,Ras al Khaimah,,,AE-RK,,ChIJpwnSTA5x9j4RD-KEpgxnnrk,2020-09-24,-17,-14,-30,-49,-12,11
AE,United Arab Emirates,Ras al Khaimah,,,AE-RK,,ChIJpwnSTA5x9j4RD-KEpgxnnrk,2020-09-25,-22,-16,-27,-61,-8,11
AE,United Arab Emirates,Ras al Khaimah,,,AE-RK,,ChIJpwnSTA5x9j4RD-KEpgxnnrk,2020-09-26,-15,-10,-29,-49,-6,8
AE,United Arab Emirates,Ras al Khaimah,,,AE-RK,,ChIJpwnSTA5x9j4RD-KEpgxnnrk,2020-09-27,-12,-9,-25,-47,-13,10
AE,United Arab Emirates,Ras al Khaimah,,,AE-RK,,ChIJpwnSTA5x9j4RD-KEpgxnnrk,2020-09-28,-14,-12,-31,-44,-12,10
AE,United Arab Emirates,Ras al Khaimah,,,AE-RK,,ChIJpwnSTA5x9j4RD-KEpgxnnrk,2020-09-29,-14,-8,-27,-46,-13,9
AE,United Arab Emirates,Ras al Khaimah,,,AE-RK,,ChIJpwnSTA5x9j4RD-KEpgxnnrk,2020-09-30,-10,-6,-27,-44,-15,8
AE,United Arab Emirates,Ras al Khaimah,,,AE-RK,,ChIJpwnSTA5x9j4RD-KEpgxnnrk,2020-10-01,-11,-4,-23,-43,-15,7
AE,United Arab Emirates,Ras al Khaimah,,,AE-RK,,ChIJpwnSTA5x9j4RD-KEpgxnnrk,2020-10-02,-16,-10,-21,-52,-11,6
AE,United Arab Emirates,Ras al Khaimah,,,AE-RK,,ChIJpwnSTA5x9j4RD-KEpgxnnrk,2020-10-03,-12,-5,-21,-48,-10,4
AE,United Arab Emirates,Ras al Khaimah,,,AE-RK,,ChIJpwnSTA5x9j4RD-KEpgxnnrk,2020-10-04,-10,-5,-20,-43,-16,6
AE,United Arab Emirates,Ras al Khaimah,,,AE-RK,,ChIJpwnSTA5x9j4RD-KEpgxnnrk,2020-10-05,-11,-8,-21,-42,-16,6
AE,United Arab Emirates,Ras al Khaimah,,,AE-RK,,ChIJpwnSTA5x9j4RD-KEpgxnnrk,2020-10-06,-11,-5,-20,-44,-16,6
AE,United Arab Emirates,Ras al Khaimah,,,AE-RK,,ChIJpwnSTA5x9j4RD-KEpgxnnrk,2020-10-07,-11,-5,-22,-47,-14,6
AE,United Arab Emirates,Ras al Khaimah,,,AE-RK,,ChIJpwnSTA5x9j4RD-KEpgxnnrk,2020-10-08,-11,-6,-16,-50,-13,9
AE,United Arab Emirates,Ras al Khaimah,,,AE-RK,,ChIJpwnSTA5x9j4RD-KEpgxnnrk,2020-10-09,-18,-13,-14,-54,-8,8
AE,United Arab Emirates,Ras al Khaimah,,,AE-RK,,ChIJpwnSTA5x9j4RD-KEpgxnnrk,2020-10-10,-14,-9,-17,-50,-6,7
AE,United Arab Emirates,Ras al Khaimah,,,AE-RK,,ChIJpwnSTA5x9j4RD-KEpgxnnrk,2020-10-11,-11,-7,-14,-51,-13,8
AE,United Arab Emirates,Ras al Khaimah,,,AE-RK,,ChIJpwnSTA5x9j4RD-KEpgxnnrk,2020-10-12,-13,-10,-17,-45,-13,9
AE,United Arab Emirates,Ras al Khaimah,,,AE-RK,,ChIJpwnSTA5x9j4RD-KEpgxnnrk,2020-10-13,-13,-9,-17,-49,-14,9
AE,United Arab Emirates,Ras al Khaimah,,,AE-RK,,ChIJpwnSTA5x9j4RD-KEpgxnnrk,2020-10-14,-11,-8,-26,-43,-13,9
AE,United Arab Emirates,Ras al Khaimah,,,AE-RK,,ChIJpwnSTA5x9j4RD-KEpgxnnrk,2020-10-15,-11,-7,-22,-39,-13,10
AE,United Arab Emirates,Ras al Khaimah,,,AE-RK,,ChIJpwnSTA5x9j4RD-KEpgxnnrk,2020-10-16,-17,-10,-14,-54,-10,9
AE,United Arab Emirates,Ras al Khaimah,,,AE-RK,,ChIJpwnSTA5x9j4RD-KEpgxnnrk,2020-10-17,-12,-8,-18,-43,-6,7
AE,United Arab Emirates,Ras al Khaimah,,,AE-RK,,ChIJpwnSTA5x9j4RD-KEpgxnnrk,2020-10-18,-10,-9,-22,-45,-14,9
AE,United Arab Emirates,Ras al Khaimah,,,AE-RK,,ChIJpwnSTA5x9j4RD-KEpgxnnrk,2020-10-19,-12,-11,-25,-45,-14,9
AE,United Arab Emirates,Ras al Khaimah,,,AE-RK,,ChIJpwnSTA5x9j4RD-KEpgxnnrk,2020-10-20,-13,-10,-21,-49,-15,9
AE,United Arab Emirates,Ras al Khaimah,,,AE-RK,,ChIJpwnSTA5x9j4RD-KEpgxnnrk,2020-10-21,-11,-7,-18,-42,-13,9
AE,United Arab Emirates,Ras al Khaimah,,,AE-RK,,ChIJpwnSTA5x9j4RD-KEpgxnnrk,2020-10-22,-12,-7,-10,-43,-13,10
AE,United Arab Emirates,Ras al Khaimah,,,AE-RK,,ChIJpwnSTA5x9j4RD-KEpgxnnrk,2020-10-23,-16,-9,1,-52,-6,8
AE,United Arab Emirates,Ras al Khaimah,,,AE-RK,,ChIJpwnSTA5x9j4RD-KEpgxnnrk,2020-10-24,-12,-7,-12,-44,-5,7
AE,United Arab Emirates,Ras al Khaimah,,,AE-RK,,ChIJpwnSTA5x9j4RD-KEpgxnnrk,2020-10-25,-9,-4,-15,-45,-12,8
AE,United Arab Emirates,Ras al Khaimah,,,AE-RK,,ChIJpwnSTA5x9j4RD-KEpgxnnrk,2020-10-26,-10,-6,-16,-39,-13,8
AE,United Arab Emirates,Ras al Khaimah,,,AE-RK,,ChIJpwnSTA5x9j4RD-KEpgxnnrk,2020-10-27,-7,-2,-14,-43,-13,8
AE,United Arab Emirates,Ras al Khaimah,,,AE-RK,,ChIJpwnSTA5x9j4RD-KEpgxnnrk,2020-10-28,3,3,-13,-31,-13,5
AE,United Arab Emirates,Ras al Khaimah,,,AE-RK,,ChIJpwnSTA5x9j4RD-KEpgxnnrk,2020-10-29,3,4,66,-45,-47,14
AE,United Arab Emirates,Ras al Khaimah,,,AE-RK,,ChIJpwnSTA5x9j4RD-KEpgxnnrk,2020-10-30,-12,-9,24,-41,-10,6
AE,United Arab Emirates,Ras al Khaimah,,,AE-RK,,ChIJpwnSTA5x9j4RD-KEpgxnnrk,2020-10-31,-11,-8,-13,-39,-6,5
AE,United Arab Emirates,Ras al Khaimah,,,AE-RK,,ChIJpwnSTA5x9j4RD-KEpgxnnrk,2020-11-01,-9,-5,-14,-42,-14,7
AE,United Arab Emirates,Ras al Khaimah,,,AE-RK,,ChIJpwnSTA5x9j4RD-KEpgxnnrk,2020-11-02,-9,-6,-21,-38,-14,7
AE,United Arab Emirates,Ras al Khaimah,,,AE-RK,,ChIJpwnSTA5x9j4RD-KEpgxnnrk,2020-11-03,-9,-5,-15,-41,-14,7
AE,United Arab Emirates,Ras al Khaimah,,,AE-RK,,ChIJpwnSTA5x9j4RD-KEpgxnnrk,2020-11-04,-8,-5,-23,-31,-13,7
AE,United Arab Emirates,Ras al Khaimah,,,AE-RK,,ChIJpwnSTA5x9j4RD-KEpgxnnrk,2020-11-05,-10,-6,-16,-37,-13,8
AE,United Arab Emirates,Ras al Khaimah,,,AE-RK,,ChIJpwnSTA5x9j4RD-KEpgxnnrk,2020-11-06,-17,-9,-1,-48,-7,7
AE,United Arab Emirates,Ras al Khaimah,,,AE-RK,,ChIJpwnSTA5x9j4RD-KEpgxnnrk,2020-11-07,-11,-7,-15,-40,-6,5
AE,United Arab Emirates,Ras al Khaimah,,,AE-RK,,ChIJpwnSTA5x9j4RD-KEpgxnnrk,2020-11-08,-9,-8,-21,-42,-13,7
AE,United Arab Emirates,Ras al Khaimah,,,AE-RK,,ChIJpwnSTA5x9j4RD-KEpgxnnrk,2020-11-09,-11,-7,-25,-40,-12,7
AE,United Arab Emirates,Ras al Khaimah,,,AE-RK,,ChIJpwnSTA5x9j4RD-KEpgxnnrk,2020-11-10,-9,-7,-23,-40,-13,7
AE,United Arab Emirates,Ras al Khaimah,,,AE-RK,,ChIJpwnSTA5x9j4RD-KEpgxnnrk,2020-11-11,-8,-6,-27,-33,-13,8
AE,United Arab Emirates,Ras al Khaimah,,,AE-RK,,ChIJpwnSTA5x9j4RD-KEpgxnnrk,2020-11-12,-10,-7,-18,-41,-14,8
AE,United Arab Emirates,Ras al Khaimah,,,AE-RK,,ChIJpwnSTA5x9j4RD-KEpgxnnrk,2020-11-13,-14,-8,-2,-40,-8,6
AE,United Arab Emirates,Ras al Khaimah,,,AE-RK,,ChIJpwnSTA5x9j4RD-KEpgxnnrk,2020-11-14,-7,-3,-10,-39,-8,5
AE,United Arab Emirates,Ras al Khaimah,,,AE-RK,,ChIJpwnSTA5x9j4RD-KEpgxnnrk,2020-11-15,-7,-6,-13,-43,-14,7
AE,United Arab Emirates,Ras al Khaimah,,,AE-RK,,ChIJpwnSTA5x9j4RD-KEpgxnnrk,2020-11-16,-10,-10,-20,-40,-13,7
AE,United Arab Emirates,Ras al Khaimah,,,AE-RK,,ChIJpwnSTA5x9j4RD-KEpgxnnrk,2020-11-17,-10,-7,-23,-45,-13,7
AE,United Arab Emirates,Ras al Khaimah,,,AE-RK,,ChIJpwnSTA5x9j4RD-KEpgxnnrk,2020-11-18,-9,-8,-21,-40,-13,7
AE,United Arab Emirates,Ras al Khaimah,,,AE-RK,,ChIJpwnSTA5x9j4RD-KEpgxnnrk,2020-11-19,-10,-8,-22,-39,-13,8
AE,United Arab Emirates,Ras al Khaimah,,,AE-RK,,ChIJpwnSTA5x9j4RD-KEpgxnnrk,2020-11-20,-17,-13,-6,-46,-10,7
AE,United Arab Emirates,Ras al Khaimah,,,AE-RK,,ChIJpwnSTA5x9j4RD-KEpgxnnrk,2020-11-21,-11,-10,-18,-41,-5,5
AE,United Arab Emirates,Ras al Khaimah,,,AE-RK,,ChIJpwnSTA5x9j4RD-KEpgxnnrk,2020-11-22,-8,-8,-19,-43,-12,7
AE,United Arab Emirates,Ras al Khaimah,,,AE-RK,,ChIJpwnSTA5x9j4RD-KEpgxnnrk,2020-11-23,-10,-11,-19,-38,-12,7
AE,United Arab Emirates,Ras al Khaimah,,,AE-RK,,ChIJpwnSTA5x9j4RD-KEpgxnnrk,2020-11-24,-10,-9,-24,-40,-13,7
AE,United Arab Emirates,Ras al Khaimah,,,AE-RK,,ChIJpwnSTA5x9j4RD-KEpgxnnrk,2020-11-25,-7,-8,-25,-39,-11,7
AE,United Arab Emirates,Ras al Khaimah,,,AE-RK,,ChIJpwnSTA5x9j4RD-KEpgxnnrk,2020-11-26,-8,-7,-19,-33,-11,7
AE,United Arab Emirates,Ras al Khaimah,,,AE-RK,,ChIJpwnSTA5x9j4RD-KEpgxnnrk,2020-11-27,-12,-10,-4,-42,-5,6
AE,United Arab Emirates,Ras al Khaimah,,,AE-RK,,ChIJpwnSTA5x9j4RD-KEpgxnnrk,2020-11-28,-5,-5,-11,-36,-3,5
AE,United Arab Emirates,Ras al Khaimah,,,AE-RK,,ChIJpwnSTA5x9j4RD-KEpgxnnrk,2020-11-29,2,-1,-13,-37,-11,6
AE,United Arab Emirates,Ras al Khaimah,,,AE-RK,,ChIJpwnSTA5x9j4RD-KEpgxnnrk,2020-11-30,8,8,-7,-21,-11,4
AE,United Arab Emirates,Ras al Khaimah,,,AE-RK,,ChIJpwnSTA5x9j4RD-KEpgxnnrk,2020-12-01,23,23,82,-32,-43,10
AE,United Arab Emirates,Ras al Khaimah,,,AE-RK,,ChIJpwnSTA5x9j4RD-KEpgxnnrk,2020-12-02,28,28,142,-33,-51,12
AE,United Arab Emirates,Ras al Khaimah,,,AE-RK,,ChIJpwnSTA5x9j4RD-KEpgxnnrk,2020-12-03,7,7,92,-43,-46,14
AE,United Arab Emirates,Ras al Khaimah,,,AE-RK,,ChIJpwnSTA5x9j4RD-KEpgxnnrk,2020-12-04,-11,-9,23,-39,-7,6
AE,United Arab Emirates,Ras al Khaimah,,,AE-RK,,ChIJpwnSTA5x9j4RD-KEpgxnnrk,2020-12-05,-8,-6,-12,-38,-1,5
AE,United Arab Emirates,Ras al Khaimah,,,AE-RK,,ChIJpwnSTA5x9j4RD-KEpgxnnrk,2020-12-06,-4,-2,-14,-41,-11,6
AE,United Arab Emirates,Ras al Khaimah,,,AE-RK,,ChIJpwnSTA5x9j4RD-KEpgxnnrk,2020-12-07,-6,-3,-14,-35,-12,6
AE,United Arab Emirates,Ras al Khaimah,,,AE-RK,,ChIJpwnSTA5x9j4RD-KEpgxnnrk,2020-12-08,-5,-4,-12,-36,-11,6
AE,United Arab Emirates,Ras al Khaimah,,,AE-RK,,ChIJpwnSTA5x9j4RD-KEpgxnnrk,2020-12-09,-4,-5,-14,-34,-11,6
AE,United Arab Emirates,Ras al Khaimah,,,AE-RK,,ChIJpwnSTA5x9j4RD-KEpgxnnrk,2020-12-10,-7,-5,-4,-31,-11,8
AE,United Arab Emirates,Ras al Khaimah,,,AE-RK,,ChIJpwnSTA5x9j4RD-KEpgxnnrk,2020-12-11,-14,-7,12,-39,-4,7
AE,United Arab Emirates,Ras al Khaimah,,,AE-RK,,ChIJpwnSTA5x9j4RD-KEpgxnnrk,2020-12-12,-8,-5,1,-32,-3,6
AE,United Arab Emirates,Ras al Khaimah,,,AE-RK,,ChIJpwnSTA5x9j4RD-KEpgxnnrk,2020-12-13,-2,-1,9,-43,-12,7
AE,United Arab Emirates,Ras al Khaimah,,,AE-RK,,ChIJpwnSTA5x9j4RD-KEpgxnnrk,2020-12-14,-3,-4,-2,-33,-12,7
AE,United Arab Emirates,Ras al Khaimah,,,AE-RK,,ChIJpwnSTA5x9j4RD-KEpgxnnrk,2020-12-15,-4,-2,-4,-33,-12,7
AE,United Arab Emirates,Ras al Khaimah,,,AE-RK,,ChIJpwnSTA5x9j4RD-KEpgxnnrk,2020-12-16,-3,-3,-5,-29,-12,8
AE,United Arab Emirates,Ras al Khaimah,,,AE-RK,,ChIJpwnSTA5x9j4RD-KEpgxnnrk,2020-12-17,-7,-2,-6,-35,-12,9
AE,United Arab Emirates,Ras al Khaimah,,,AE-RK,,ChIJpwnSTA5x9j4RD-KEpgxnnrk,2020-12-18,-12,-5,22,-45,-5,7
AE,United Arab Emirates,Ras al Khaimah,,,AE-RK,,ChIJpwnSTA5x9j4RD-KEpgxnnrk,2020-12-19,-6,-2,11,-34,-2,5
AE,United Arab Emirates,Ras al Khaimah,,,AE-RK,,ChIJpwnSTA5x9j4RD-KEpgxnnrk,2020-12-20,-1,-1,11,-36,-14,7
AE,United Arab Emirates,Ras al Khaimah,,,AE-RK,,ChIJpwnSTA5x9j4RD-KEpgxnnrk,2020-12-21,0,-1,4,-29,-14,7
AE,United Arab Emirates,Ras al Khaimah,,,AE-RK,,ChIJpwnSTA5x9j4RD-KEpgxnnrk,2020-12-22,-2,-2,5,-34,-15,7
AE,United Arab Emirates,Ras al Khaimah,,,AE-RK,,ChIJpwnSTA5x9j4RD-KEpgxnnrk,2020-12-23,0,0,1,-31,-13,7
AE,United Arab Emirates,Ras al Khaimah,,,AE-RK,,ChIJpwnSTA5x9j4RD-KEpgxnnrk,2020-12-24,-4,1,4,5,-14,8
AE,United Arab Emirates,Ras al Khaimah,,,AE-RK,,ChIJpwnSTA5x9j4RD-KEpgxnnrk,2020-12-25,-12,-5,29,-13,-6,6
AE,United Arab Emirates,Ras al Khaimah,,,AE-RK,,ChIJpwnSTA5x9j4RD-KEpgxnnrk,2020-12-26,-5,-1,18,-30,-4,5
AE,United Arab Emirates,Ras al Khaimah,,,AE-RK,,ChIJpwnSTA5x9j4RD-KEpgxnnrk,2020-12-27,2,1,13,-26,-15,7
AE,United Arab Emirates,Ras al Khaimah,,,AE-RK,,ChIJpwnSTA5x9j4RD-KEpgxnnrk,2020-12-28,3,4,5,-15,-14,7
AE,United Arab Emirates,Ras al Khaimah,,,AE-RK,,ChIJpwnSTA5x9j4RD-KEpgxnnrk,2020-12-29,3,6,14,-18,-15,6
AE,United Arab Emirates,Ras al Khaimah,,,AE-RK,,ChIJpwnSTA5x9j4RD-KEpgxnnrk,2020-12-30,8,9,9,-10,-14,7
AE,United Arab Emirates,Ras al Khaimah,,,AE-RK,,ChIJpwnSTA5x9j4RD-KEpgxnnrk,2020-12-31,4,8,44,-12,-16,8
AE,United Arab Emirates,Ras al Khaimah,,,AE-RK,,ChIJpwnSTA5x9j4RD-KEpgxnnrk,2021-01-01,-8,-1,38,-25,-6,5
AE,United Arab Emirates,Ras al Khaimah,,,AE-RK,,ChIJpwnSTA5x9j4RD-KEpgxnnrk,2021-01-02,-4,2,5,-7,-3,6
AE,United Arab Emirates,Ras al Khaimah,,,AE-RK,,ChIJpwnSTA5x9j4RD-KEpgxnnrk,2021-01-03,-2,1,0,-15,-10,7
AE,United Arab Emirates,Ras al Khaimah,,,AE-RK,,ChIJpwnSTA5x9j4RD-KEpgxnnrk,2021-01-04,-5,0,-9,-15,-10,8
AE,United Arab Emirates,Ras al Khaimah,,,AE-RK,,ChIJpwnSTA5x9j4RD-KEpgxnnrk,2021-01-05,-6,-1,-8,-19,-10,7
AE,United Arab Emirates,Ras al Khaimah,,,AE-RK,,ChIJpwnSTA5x9j4RD-KEpgxnnrk,2021-01-06,-5,-1,-3,-17,-10,8
AE,United Arab Emirates,Ras al Khaimah,,,AE-RK,,ChIJpwnSTA5x9j4RD-KEpgxnnrk,2021-01-07,-6,-2,2,-23,-9,9
AE,United Arab Emirates,Ras al Khaimah,,,AE-RK,,ChIJpwnSTA5x9j4RD-KEpgxnnrk,2021-01-08,-11,-2,30,-18,-4,7
AE,United Arab Emirates,Ras al Khaimah,,,AE-RK,,ChIJpwnSTA5x9j4RD-KEpgxnnrk,2021-01-09,-6,0,12,-17,-2,4
AE,United Arab Emirates,Ras al Khaimah,,,AE-RK,,ChIJpwnSTA5x9j4RD-KEpgxnnrk,2021-01-10,-5,-1,3,-18,-9,6
AE,United Arab Emirates,Ras al Khaimah,,,AE-RK,,ChIJpwnSTA5x9j4RD-KEpgxnnrk,2021-01-11,-7,-4,-2,-11,-10,6
AE,United Arab Emirates,Ras al Khaimah,,,AE-RK,,ChIJpwnSTA5x9j4RD-KEpgxnnrk,2021-01-12,-9,-7,-5,-14,-11,5
AE,United Arab Emirates,Ras al Khaimah,,,AE-RK,,ChIJpwnSTA5x9j4RD-KEpgxnnrk,2021-01-13,-6,-5,-7,-10,-11,5
AE,United Arab Emirates,Ras al Khaimah,,,AE-RK,,ChIJpwnSTA5x9j4RD-KEpgxnnrk,2021-01-14,-10,-10,-1,-29,-15,5
AE,United Arab Emirates,Ras al Khaimah,,,AE-RK,,ChIJpwnSTA5x9j4RD-KEpgxnnrk,2021-01-15,-15,-12,40,-31,-14,4
AE,United Arab Emirates,Ras al Khaimah,,,AE-RK,,ChIJpwnSTA5x9j4RD-KEpgxnnrk,2021-01-16,-13,-10,4,-32,-10,3
AE,United Arab Emirates,Ras al Khaimah,,,AE-RK,,ChIJpwnSTA5x9j4RD-KEpgxnnrk,2021-01-17,-11,-11,-11,-29,-17,4
AE,United Arab Emirates,Ras al Khaimah,,,AE-RK,,ChIJpwnSTA5x9j4RD-KEpgxnnrk,2021-01-18,-13,-13,-9,-33,-15,5
AE,United Arab Emirates,Ras al Khaimah,,,AE-RK,,ChIJpwnSTA5x9j4RD-KEpgxnnrk,2021-01-19,-15,-13,-10,-33,-16,5
AE,United Arab Emirates,Ras al Khaimah,,,AE-RK,,ChIJpwnSTA5x9j4RD-KEpgxnnrk,2021-01-20,-14,-14,-15,-23,-15,6
AE,United Arab Emirates,Ras al Khaimah,,,AE-RK,,ChIJpwnSTA5x9j4RD-KEpgxnnrk,2021-01-21,-16,-14,-3,-20,-15,7
AE,United Arab Emirates,Ras al Khaimah,,,AE-RK,,ChIJpwnSTA5x9j4RD-KEpgxnnrk,2021-01-22,-18,-13,33,-28,-12,5
AE,United Arab Emirates,Ras al Khaimah,,,AE-RK,,ChIJpwnSTA5x9j4RD-KEpgxnnrk,2021-01-23,-14,-12,1,-25,-10,4
AE,United Arab Emirates,Ras al Khaimah,,,AE-RK,,ChIJpwnSTA5x9j4RD-KEpgxnnrk,2021-01-24,-13,-12,-10,-40,-15,6
AE,United Arab Emirates,Ras al Khaimah,,,AE-RK,,ChIJpwnSTA5x9j4RD-KEpgxnnrk,2021-01-25,-14,-14,-13,-29,-15,6
AE,United Arab Emirates,Ras al Khaimah,,,AE-RK,,ChIJpwnSTA5x9j4RD-KEpgxnnrk,2021-01-26,-13,-12,-14,-32,-15,6
AE,United Arab Emirates,Ras al Khaimah,,,AE-RK,,ChIJpwnSTA5x9j4RD-KEpgxnnrk,2021-01-27,-11,-10,-17,-23,-15,6
AE,United Arab Emirates,Ras al Khaimah,,,AE-RK,,ChIJpwnSTA5x9j4RD-KEpgxnnrk,2021-01-28,-11,-9,-10,-24,-16,6
AE,United Arab Emirates,Ras al Khaimah,,,AE-RK,,ChIJpwnSTA5x9j4RD-KEpgxnnrk,2021-01-29,-13,-7,28,-26,-12,4
AE,United Arab Emirates,Ras al Khaimah,,,AE-RK,,ChIJpwnSTA5x9j4RD-KEpgxnnrk,2021-01-30,-7,-3,6,-28,-8,2
AE,United Arab Emirates,Ras al Khaimah,,,AE-RK,,ChIJpwnSTA5x9j4RD-KEpgxnnrk,2021-01-31,-6,-3,-11,-31,-15,4
AE,United Arab Emirates,Ras al Khaimah,,,AE-RK,,ChIJpwnSTA5x9j4RD-KEpgxnnrk,2021-02-01,-7,-4,-10,-28,-15,4
AE,United Arab Emirates,Ras al Khaimah,,,AE-RK,,ChIJpwnSTA5x9j4RD-KEpgxnnrk,2021-02-02,-7,-3,-12,-21,-16,4
AE,United Arab Emirates,Ras al Khaimah,,,AE-RK,,ChIJpwnSTA5x9j4RD-KEpgxnnrk,2021-02-03,-11,-11,-16,-9,-17,5
AE,United Arab Emirates,Ras al Khaimah,,,AE-RK,,ChIJpwnSTA5x9j4RD-KEpgxnnrk,2021-02-04,-12,-12,-8,-26,-19,5
AE,United Arab Emirates,Ras al Khaimah,,,AE-RK,,ChIJpwnSTA5x9j4RD-KEpgxnnrk,2021-02-05,-15,-11,31,-16,-16,3
AE,United Arab Emirates,Ras al Khaimah,,,AE-RK,,ChIJpwnSTA5x9j4RD-KEpgxnnrk,2021-02-06,-12,-11,7,-20,-12,2
AE,United Arab Emirates,Ras al Khaimah,,,AE-RK,,ChIJpwnSTA5x9j4RD-KEpgxnnrk,2021-02-07,-11,-12,-6,-26,-19,4
AE,United Arab Emirates,Ras al Khaimah,,,AE-RK,,ChIJpwnSTA5x9j4RD-KEpgxnnrk,2021-02-08,-10,-10,-7,-28,-19,4
AE,United Arab Emirates,Ras al Khaimah,,,AE-RK,,ChIJpwnSTA5x9j4RD-KEpgxnnrk,2021-02-09,-10,-7,-7,-28,-18,4
AE,United Arab Emirates,Ras al Khaimah,,,AE-RK,,ChIJpwnSTA5x9j4RD-KEpgxnnrk,2021-02-10,-9,-9,-11,-4,-18,4
AE,United Arab Emirates,Ras al Khaimah,,,AE-RK,,ChIJpwnSTA5x9j4RD-KEpgxnnrk,2021-02-11,-10,-10,-3,-27,-18,5
AE,United Arab Emirates,Ras al Khaimah,,,AE-RK,,ChIJpwnSTA5x9j4RD-KEpgxnnrk,2021-02-12,-13,-10,38,-21,-16,3
AE,United Arab Emirates,Ras al Khaimah,,,AE-RK,,ChIJpwnSTA5x9j4RD-KEpgxnnrk,2021-02-13,-7,-5,6,-25,-11,2
AE,United Arab Emirates,Ras al Khaimah,,,AE-RK,,ChIJpwnSTA5x9j4RD-KEpgxnnrk,2021-02-14,-4,-3,0,-15,-16,4
AE,United Arab Emirates,Ras al Khaimah,,,AE-RK,,ChIJpwnSTA5x9j4RD-KEpgxnnrk,2021-02-15,-8,-6,-11,-30,-19,4
AE,United Arab Emirates,Ras al Khaimah,,,AE-RK,,ChIJpwnSTA5x9j4RD-KEpgxnnrk,2021-02-16,-9,-6,-9,-26,-19,4
AE,United Arab Emirates,Ras al Khaimah,,,AE-RK,,ChIJpwnSTA5x9j4RD-KEpgxnnrk,2021-02-17,-6,-5,-2,-21,-18,5
AE,United Arab Emirates,Ras al Khaimah,,,AE-RK,,ChIJpwnSTA5x9j4RD-KEpgxnnrk,2021-02-18,-9,-6,1,-26,-19,6
AE,United Arab Emirates,Ras al Khaimah,,,AE-RK,,ChIJpwnSTA5x9j4RD-KEpgxnnrk,2021-02-19,-14,-8,42,-26,-15,3
AE,United Arab Emirates,Ras al Khaimah,,,AE-RK,,ChIJpwnSTA5x9j4RD-KEpgxnnrk,2021-02-20,-7,-4,8,-14,-11,2
AE,United Arab Emirates,Ras al Khaimah,,,AE-RK,,ChIJpwnSTA5x9j4RD-KEpgxnnrk,2021-02-21,-7,-4,1,-29,-19,4
AE,United Arab Emirates,Ras al Khaimah,,,AE-RK,,ChIJpwnSTA5x9j4RD-KEpgxnnrk,2021-02-22,-9,-7,-14,-31,-19,5
AE,United Arab Emirates,Ras al Khaimah,,,AE-RK,,ChIJpwnSTA5x9j4RD-KEpgxnnrk,2021-02-23,-7,-6,-9,-38,-18,4
AE,United Arab Emirates,Ras al Khaimah,,,AE-RK,,ChIJpwnSTA5x9j4RD-KEpgxnnrk,2021-02-24,-8,-7,-2,-30,-18,4
AE,United Arab Emirates,Ras al Khaimah,,,AE-RK,,ChIJpwnSTA5x9j4RD-KEpgxnnrk,2021-02-25,-5,-5,9,-15,-18,5
AE,United Arab Emirates,Ras al Khaimah,,,AE-RK,,ChIJpwnSTA5x9j4RD-KEpgxnnrk,2021-02-26,-11,-3,41,-23,-13,3
AE,United Arab Emirates,Ras al Khaimah,,,AE-RK,,ChIJpwnSTA5x9j4RD-KEpgxnnrk,2021-02-27,-3,3,6,-27,-10,1
AE,United Arab Emirates,Ras al Khaimah,,,AE-RK,,ChIJpwnSTA5x9j4RD-KEpgxnnrk,2021-02-28,0,5,-1,-24,-16,3
AE,United Arab Emirates,Ras al Khaimah,,,AE-RK,,ChIJpwnSTA5x9j4RD-KEpgxnnrk,2021-03-01,0,3,-4,-33,-17,3
AE,United Arab Emirates,Ras al Khaimah,,,AE-RK,,ChIJpwnSTA5x9j4RD-KEpgxnnrk,2021-03-02,-1,5,1,-22,-17,3
AE,United Arab Emirates,Ras al Khaimah,,,AE-RK,,ChIJpwnSTA5x9j4RD-KEpgxnnrk,2021-03-03,0,3,-5,-15,-16,3
AE,United Arab Emirates,Ras al Khaimah,,,AE-RK,,ChIJpwnSTA5x9j4RD-KEpgxnnrk,2021-03-04,-2,0,9,-11,-17,4
AE,United Arab Emirates,Ras al Khaimah,,,AE-RK,,ChIJpwnSTA5x9j4RD-KEpgxnnrk,2021-03-05,-6,1,37,-9,-12,3
AE,United Arab Emirates,Ras al Khaimah,,,AE-RK,,ChIJpwnSTA5x9j4RD-KEpgxnnrk,2021-03-06,-2,3,9,-22,-11,1
AE,United Arab Emirates,Ras al Khaimah,,,AE-RK,,ChIJpwnSTA5x9j4RD-KEpgxnnrk,2021-03-07,-1,2,5,-21,-16,4
AE,United Arab Emirates,Ras al Khaimah,,,AE-RK,,ChIJpwnSTA5x9j4RD-KEpgxnnrk,2021-03-08,-2,0,-2,-24,-17,4
AE,United Arab Emirates,Ras al Khaimah,,,AE-RK,,ChIJpwnSTA5x9j4RD-KEpgxnnrk,2021-03-09,-2,0,3,-22,-17,4
AE,United Arab Emirates,Ras al Khaimah,,,AE-RK,,ChIJpwnSTA5x9j4RD-KEpgxnnrk,2021-03-10,-1,0,-3,-14,-16,4
AE,United Arab Emirates,Ras al Khaimah,,,AE-RK,,ChIJpwnSTA5x9j4RD-KEpgxnnrk,2021-03-11,-3,-2,8,-14,-16,5
AE,United Arab Emirates,Ras al Khaimah,,,AE-RK,,ChIJpwnSTA5x9j4RD-KEpgxnnrk,2021-03-12,-5,0,38,-14,-12,3
AE,United Arab Emirates,Ras al Khaimah,,,AE-RK,,ChIJpwnSTA5x9j4RD-KEpgxnnrk,2021-03-13,-1,2,12,-25,-7,2
AE,United Arab Emirates,Ras al Khaimah,,,AE-RK,,ChIJpwnSTA5x9j4RD-KEpgxnnrk,2021-03-14,0,3,6,-26,-15,4
AE,United Arab Emirates,Ras al Khaimah,,,AE-RK,,ChIJpwnSTA5x9j4RD-KEpgxnnrk,2021-03-15,-2,-1,0,-20,-15,4
AE,United Arab Emirates,Ras al Khaimah,,,AE-RK,,ChIJpwnSTA5x9j4RD-KEpgxnnrk,2021-03-16,-2,0,1,-18,-16,4
AE,United Arab Emirates,Ras al Khaimah,,,AE-RK,,ChIJpwnSTA5x9j4RD-KEpgxnnrk,2021-03-17,-3,0,1,-29,-13,4
AE,United Arab Emirates,Ras al Khaimah,,,AE-RK,,ChIJpwnSTA5x9j4RD-KEpgxnnrk,2021-03-18,-3,0,10,-15,-14,5
AE,United Arab Emirates,Ras al Khaimah,,,AE-RK,,ChIJpwnSTA5x9j4RD-KEpgxnnrk,2021-03-19,-6,0,33,-17,-8,4
AE,United Arab Emirates,Ras al Khaimah,,,AE-RK,,ChIJpwnSTA5x9j4RD-KEpgxnnrk,2021-03-20,-2,2,13,-32,-6,2
AE,United Arab Emirates,Ras al Khaimah,,,AE-RK,,ChIJpwnSTA5x9j4RD-KEpgxnnrk,2021-03-21,2,4,6,-30,-13,3
AE,United Arab Emirates,Ras al Khaimah,,,AE-RK,,ChIJpwnSTA5x9j4RD-KEpgxnnrk,2021-03-22,0,0,2,-25,-13,4
AE,United Arab Emirates,Ras al Khaimah,,,AE-RK,,ChIJpwnSTA5x9j4RD-KEpgxnnrk,2021-03-23,-1,1,3,-18,-13,4
AE,United Arab Emirates,Ras al Khaimah,,,AE-RK,,ChIJpwnSTA5x9j4RD-KEpgxnnrk,2021-03-24,0,2,2,-19,-12,4
AE,United Arab Emirates,Ras al Khaimah,,,AE-RK,,ChIJpwnSTA5x9j4RD-KEpgxnnrk,2021-03-25,0,4,7,-17,-13,5
AE,United Arab Emirates,Ras al Khaimah,,,AE-RK,,ChIJpwnSTA5x9j4RD-KEpgxnnrk,2021-03-26,-5,1,27,-9,-10,4
AE,United Arab Emirates,Ras al Khaimah,,,AE-RK,,ChIJpwnSTA5x9j4RD-KEpgxnnrk,2021-03-27,3,8,13,-10,-4,1
AE,United Arab Emirates,Ras al Khaimah,,,AE-RK,,ChIJpwnSTA5x9j4RD-KEpgxnnrk,2021-03-28,7,10,14,-26,-14,2
AE,United Arab Emirates,Ras al Khaimah,,,AE-RK,,ChIJpwnSTA5x9j4RD-KEpgxnnrk,2021-03-29,7,8,10,-19,-14,3
AE,United Arab Emirates,Ras al Khaimah,,,AE-RK,,ChIJpwnSTA5x9j4RD-KEpgxnnrk,2021-03-30,7,8,15,-14,-14,2
AE,United Arab Emirates,Ras al Khaimah,,,AE-RK,,ChIJpwnSTA5x9j4RD-KEpgxnnrk,2021-03-31,9,9,10,-8,-14,2
AE,United Arab Emirates,Ras al Khaimah,,,AE-RK,,ChIJpwnSTA5x9j4RD-KEpgxnnrk,2021-04-01,5,8,17,-13,-13,4
AE,United Arab Emirates,Ras al Khaimah,,,AE-RK,,ChIJpwnSTA5x9j4RD-KEpgxnnrk,2021-04-02,0,8,27,-8,-10,3
AE,United Arab Emirates,Ras al Khaimah,,,AE-RK,,ChIJpwnSTA5x9j4RD-KEpgxnnrk,2021-04-03,6,12,17,-14,-5,0
AE,United Arab Emirates,Ras al Khaimah,,,AE-RK,,ChIJpwnSTA5x9j4RD-KEpgxnnrk,2021-04-04,10,16,22,-32,-14,2
AE,United Arab Emirates,Ras al Khaimah,,,AE-RK,,ChIJpwnSTA5x9j4RD-KEpgxnnrk,2021-04-05,10,13,14,-23,-13,2
AE,United Arab Emirates,Ras al Khaimah,,,AE-RK,,ChIJpwnSTA5x9j4RD-KEpgxnnrk,2021-04-06,9,13,17,-13,-14,2
AE,United Arab Emirates,Ras al Khaimah,,,AE-RK,,ChIJpwnSTA5x9j4RD-KEpgxnnrk,2021-04-07,9,12,15,-6,-14,2
AE,United Arab Emirates,Ras al Khaimah,,,AE-RK,,ChIJpwnSTA5x9j4RD-KEpgxnnrk,2021-04-08,6,7,16,-14,-14,4
AE,United Arab Emirates,Ras al Khaimah,,,AE-RK,,ChIJpwnSTA5x9j4RD-KEpgxnnrk,2021-04-09,0,6,25,-10,-8,3
AE,United Arab Emirates,Ras al Khaimah,,,AE-RK,,ChIJpwnSTA5x9j4RD-KEpgxnnrk,2021-04-10,7,12,12,3,-3,1
AE,United Arab Emirates,Ras al Khaimah,,,AE-RK,,ChIJpwnSTA5x9j4RD-KEpgxnnrk,2021-04-11,13,17,11,-23,-11,2
AE,United Arab Emirates,Ras al Khaimah,,,AE-RK,,ChIJpwnSTA5x9j4RD-KEpgxnnrk,2021-04-12,15,26,7,-19,-11,1
AE,United Arab Emirates,Ras al Khaimah,,,AE-RK,,ChIJpwnSTA5x9j4RD-KEpgxnnrk,2021-04-13,-14,10,-12,-25,-14,9
AE,United Arab Emirates,Ras al Khaimah,,,AE-RK,,ChIJpwnSTA5x9j4RD-KEpgxnnrk,2021-04-14,-12,6,-12,-18,-14,9
AE,United Arab Emirates,Ras al Khaimah,,,AE-RK,,ChIJpwnSTA5x9j4RD-KEpgxnnrk,2021-04-15,-14,-1,-11,-23,-12,11
AE,United Arab Emirates,Ras al Khaimah,,,AE-RK,,ChIJpwnSTA5x9j4RD-KEpgxnnrk,2021-04-16,-20,-7,-21,-18,-11,9
AE,United Arab Emirates,Ras al Khaimah,,,AE-RK,,ChIJpwnSTA5x9j4RD-KEpgxnnrk,2021-04-17,-12,1,-9,-17,-5,7
AE,United Arab Emirates,Ras al Khaimah,,,AE-RK,,ChIJpwnSTA5x9j4RD-KEpgxnnrk,2021-04-18,-9,5,-2,-34,-12,8
AE,United Arab Emirates,Ras al Khaimah,,,AE-RK,,ChIJpwnSTA5x9j4RD-KEpgxnnrk,2021-04-19,-10,2,-9,-33,-12,9
AE,United Arab Emirates,Ras al Khaimah,,,AE-RK,,ChIJpwnSTA5x9j4RD-KEpgxnnrk,2021-04-20,-11,4,-9,-18,-13,9
AE,United Arab Emirates,Ras al Khaimah,,,AE-RK,,ChIJpwnSTA5x9j4RD-KEpgxnnrk,2021-04-21,-9,2,-15,-9,-12,9
AE,United Arab Emirates,Ras al Khaimah,,,AE-RK,,ChIJpwnSTA5x9j4RD-KEpgxnnrk,2021-04-22,-12,-1,-8,-25,-12,11
AE,United Arab Emirates,Ras al Khaimah,,,AE-RK,,ChIJpwnSTA5x9j4RD-KEpgxnnrk,2021-04-23,-17,-4,-22,-32,-8,9
AE,United Arab Emirates,Ras al Khaimah,,,AE-RK,,ChIJpwnSTA5x9j4RD-KEpgxnnrk,2021-04-24,-10,2,-8,39,-4,7
AE,United Arab Emirates,Ras al Khaimah,,,AE-RK,,ChIJpwnSTA5x9j4RD-KEpgxnnrk,2021-04-25,-5,6,-5,-39,-12,8
AE,United Arab Emirates,Ras al Khaimah,,,AE-RK,,ChIJpwnSTA5x9j4RD-KEpgxnnrk,2021-04-26,-6,6,-7,-32,-11,9
AE,United Arab Emirates,Ras al Khaimah,,,AE-RK,,ChIJpwnSTA5x9j4RD-KEpgxnnrk,2021-04-27,-4,9,-10,-23,-12,8
AE,United Arab Emirates,Ras al Khaimah,,,AE-RK,,ChIJpwnSTA5x9j4RD-KEpgxnnrk,2021-04-28,-2,9,-11,-21,-12,8
AE,United Arab Emirates,Ras al Khaimah,,,AE-RK,,ChIJpwnSTA5x9j4RD-KEpgxnnrk,2021-04-29,-5,6,-11,-25,-12,10
AE,United Arab Emirates,Ras al Khaimah,,,AE-RK,,ChIJpwnSTA5x9j4RD-KEpgxnnrk,2021-04-30,-9,3,-20,-33,-6,7
AE,United Arab Emirates,Ras al Khaimah,,,AE-RK,,ChIJpwnSTA5x9j4RD-KEpgxnnrk,2021-05-01,-2,10,-7,-24,-5,6
AE,United Arab Emirates,Ras al Khaimah,,,AE-RK,,ChIJpwnSTA5x9j4RD-KEpgxnnrk,2021-05-02,2,14,-1,-47,-11,8
AE,United Arab Emirates,Ras al Khaimah,,,AE-RK,,ChIJpwnSTA5x9j4RD-KEpgxnnrk,2021-05-03,0,14,-7,-26,-12,8
AE,United Arab Emirates,Ras al Khaimah,,,AE-RK,,ChIJpwnSTA5x9j4RD-KEpgxnnrk,2021-05-04,-1,12,-8,-17,-13,8
AE,United Arab Emirates,Ras al Khaimah,,,AE-RK,,ChIJpwnSTA5x9j4RD-KEpgxnnrk,2021-05-05,3,14,-14,-26,-12,8
AE,United Arab Emirates,Ras al Khaimah,,,AE-RK,,ChIJpwnSTA5x9j4RD-KEpgxnnrk,2021-05-06,-2,8,-12,-25,-12,10
AE,United Arab Emirates,Ras al Khaimah,,,AE-RK,,ChIJpwnSTA5x9j4RD-KEpgxnnrk,2021-05-07,-9,2,-26,-42,-6,8
AE,United Arab Emirates,Ras al Khaimah,,,AE-RK,,ChIJpwnSTA5x9j4RD-KEpgxnnrk,2021-05-08,0,10,-10,-37,-4,6
AE,United Arab Emirates,Ras al Khaimah,,,AE-RK,,ChIJpwnSTA5x9j4RD-KEpgxnnrk,2021-05-09,8,15,-4,-50,-12,7
AE,United Arab Emirates,Ras al Khaimah,,,AE-RK,,ChIJpwnSTA5x9j4RD-KEpgxnnrk,2021-05-10,16,23,-2,-11,-12,5
AE,United Arab Emirates,Ras al Khaimah,,,AE-RK,,ChIJpwnSTA5x9j4RD-KEpgxnnrk,2021-05-11,31,40,31,-28,-39,10
AE,United Arab Emirates,Ras al Khaimah,,,AE-RK,,ChIJpwnSTA5x9j4RD-KEpgxnnrk,2021-05-12,38,56,59,-19,-49,13
AE,United Arab Emirates,Ras al Khaimah,,,AE-RK,,ChIJpwnSTA5x9j4RD-KEpgxnnrk,2021-05-13,24,22,175,-40,-61,13
AE,United Arab Emirates,Ras al Khaimah,,,AE-RK,,ChIJpwnSTA5x9j4RD-KEpgxnnrk,2021-05-14,15,13,108,-21,-21,4
AE,United Arab Emirates,Ras al Khaimah,,,AE-RK,,ChIJpwnSTA5x9j4RD-KEpgxnnrk,2021-05-15,8,14,38,-35,-24,6
AE,United Arab Emirates,Ras al Khaimah,,,AE-RK,,ChIJpwnSTA5x9j4RD-KEpgxnnrk,2021-05-16,8,14,7,-37,-10,4
AE,United Arab Emirates,Ras al Khaimah,,,AE-RK,,ChIJpwnSTA5x9j4RD-KEpgxnnrk,2021-05-17,6,12,-3,-21,-10,5
AE,United Arab Emirates,Ras al Khaimah,,,AE-RK,,ChIJpwnSTA5x9j4RD-KEpgxnnrk,2021-05-18,5,13,3,-29,-10,5
AE,United Arab Emirates,Ras al Khaimah,,,AE-RK,,ChIJpwnSTA5x9j4RD-KEpgxnnrk,2021-05-19,4,9,-3,-22,-9,5
AE,United Arab Emirates,Ras al Khaimah,,,AE-RK,,ChIJpwnSTA5x9j4RD-KEpgxnnrk,2021-05-20,3,8,-3,-30,-8,6
AE,United Arab Emirates,Ras al Khaimah,,,AE-RK,,ChIJpwnSTA5x9j4RD-KEpgxnnrk,2021-05-21,-3,4,-3,-36,-4,6
AE,United Arab Emirates,Ras al Khaimah,,,AE-RK,,ChIJpwnSTA5x9j4RD-KEpgxnnrk,2021-05-22,3,9,0,-35,1,3
AE,United Arab Emirates,Ras al Khaimah,,,AE-RK,,ChIJpwnSTA5x9j4RD-KEpgxnnrk,2021-05-23,5,7,4,-40,-7,4
AE,United Arab Emirates,Ras al Khaimah,,,AE-RK,,ChIJpwnSTA5x9j4RD-KEpgxnnrk,2021-05-24,6,10,-3,-18,-8,4
AE,United Arab Emirates,Ras al Khaimah,,,AE-RK,,ChIJpwnSTA5x9j4RD-KEpgxnnrk,2021-05-25,3,9,-3,-31,-8,5
AE,United Arab Emirates,Ras al Khaimah,,,AE-RK,,ChIJpwnSTA5x9j4RD-KEpgxnnrk,2021-05-26,7,9,-9,-24,-8,5
AE,United Arab Emirates,Ras al Khaimah,,,AE-RK,,ChIJpwnSTA5x9j4RD-KEpgxnnrk,2021-05-27,8,11,-4,-28,-7,5
AE,United Arab Emirates,Ras al Khaimah,,,AE-RK,,ChIJpwnSTA5x9j4RD-KEpgxnnrk,2021-05-28,3,7,-4,-36,-1,5
AE,United Arab Emirates,Ras al Khaimah,,,AE-RK,,ChIJpwnSTA5x9j4RD-KEpgxnnrk,2021-05-29,10,15,-4,-33,4,1
AE,United Arab Emirates,Ras al Khaimah,,,AE-RK,,ChIJpwnSTA5x9j4RD-KEpgxnnrk,2021-05-30,12,18,-3,-35,-6,3
AE,United Arab Emirates,Ras al Khaimah,,,AE-RK,,ChIJpwnSTA5x9j4RD-KEpgxnnrk,2021-05-31,12,16,-6,-24,-6,3
AE,United Arab Emirates,Ras al Khaimah,,,AE-RK,,ChIJpwnSTA5x9j4RD-KEpgxnnrk,2021-06-01,11,17,-4,-27,-5,3
AE,United Arab Emirates,Ras al Khaimah,,,AE-RK,,ChIJpwnSTA5x9j4RD-KEpgxnnrk,2021-06-02,13,16,-10,-19,-6,4
AE,United Arab Emirates,Ras al Khaimah,,,AE-RK,,ChIJpwnSTA5x9j4RD-KEpgxnnrk,2021-06-03,10,12,-4,-23,-5,5
AE,United Arab Emirates,Ras al Khaimah,,,AE-RK,,ChIJpwnSTA5x9j4RD-KEpgxnnrk,2021-06-04,2,10,-15,-39,-3,6
AE,United Arab Emirates,Ras al Khaimah,,,AE-RK,,ChIJpwnSTA5x9j4RD-KEpgxnnrk,2021-06-05,10,17,-5,-34,4,2
AE,United Arab Emirates,Ras al Khaimah,,,AE-RK,,ChIJpwnSTA5x9j4RD-KEpgxnnrk,2021-06-06,12,15,-3,-37,-5,3
AE,United Arab Emirates,Ras al Khaimah,,,AE-RK,,ChIJpwnSTA5x9j4RD-KEpgxnnrk,2021-06-07,10,12,-8,-21,-7,3
AE,United Arab Emirates,Ras al Khaimah,,,AE-RK,,ChIJpwnSTA5x9j4RD-KEpgxnnrk,2021-06-08,8,14,-5,-32,-5,4
AE,United Arab Emirates,Ras al Khaimah,,,AE-RK,,ChIJpwnSTA5x9j4RD-KEpgxnnrk,2021-06-09,9,15,-10,-22,-6,4
AE,United Arab Emirates,Ras al Khaimah,,,AE-RK,,ChIJpwnSTA5x9j4RD-KEpgxnnrk,2021-06-10,6,11,-8,-21,-5,5
AE,United Arab Emirates,Ras al Khaimah,,,AE-RK,,ChIJpwnSTA5x9j4RD-KEpgxnnrk,2021-06-11,-1,7,-18,-38,-4,5
AE,United Arab Emirates,Ras al Khaimah,,,AE-RK,,ChIJpwnSTA5x9j4RD-KEpgxnnrk,2021-06-12,3,10,-11,-34,1,2
AE,United Arab Emirates,Ras al Khaimah,,,AE-RK,,ChIJpwnSTA5x9j4RD-KEpgxnnrk,2021-06-13,6,9,-7,-32,-8,3
AE,United Arab Emirates,Ras al Khaimah,,,AE-RK,,ChIJpwnSTA5x9j4RD-KEpgxnnrk,2021-06-14,5,10,-12,-27,-9,3
AE,United Arab Emirates,Ras al Khaimah,,,AE-RK,,ChIJpwnSTA5x9j4RD-KEpgxnnrk,2021-06-15,5,11,-8,-21,-8,3
AE,United Arab Emirates,Ras al Khaimah,,,AE-RK,,ChIJpwnSTA5x9j4RD-KEpgxnnrk,2021-06-16,6,8,-12,-16,-9,3
AE,United Arab Emirates,Ras al Khaimah,,,AE-RK,,ChIJpwnSTA5x9j4RD-KEpgxnnrk,2021-06-17,0,4,-13,-24,-10,4
AE,United Arab Emirates,Ras al Khaimah,,,AE-RK,,ChIJpwnSTA5x9j4RD-KEpgxnnrk,2021-06-18,-7,-2,-22,-48,-9,5
AE,United Arab Emirates,Ras al Khaimah,,,AE-RK,,ChIJpwnSTA5x9j4RD-KEpgxnnrk,2021-06-19,-1,3,-14,-40,-3,2
AE,United Arab Emirates,Ras al Khaimah,,,AE-RK,,ChIJpwnSTA5x9j4RD-KEpgxnnrk,2021-06-20,3,6,-13,-40,-11,3
AE,United Arab Emirates,Ras al Khaimah,,,AE-RK,,ChIJpwnSTA5x9j4RD-KEpgxnnrk,2021-06-21,3,5,-11,-32,-12,3
AE,United Arab Emirates,Ras al Khaimah,,,AE-RK,,ChIJpwnSTA5x9j4RD-KEpgxnnrk,2021-06-22,1,5,-14,-26,-10,3
AE,United Arab Emirates,Ras al Khaimah,,,AE-RK,,ChIJpwnSTA5x9j4RD-KEpgxnnrk,2021-06-23,2,3,-14,-19,-9,3
AE,United Arab Emirates,Ras al Khaimah,,,AE-RK,,ChIJpwnSTA5x9j4RD-KEpgxnnrk,2021-06-24,2,6,-13,-25,-9,5
AE,United Arab Emirates,Ras al Khaimah,,,AE-RK,,ChIJpwnSTA5x9j4RD-KEpgxnnrk,2021-06-25,-6,-1,-22,-48,-6,5
AE,United Arab Emirates,Ras al Khaimah,,,AE-RK,,ChIJpwnSTA5x9j4RD-KEpgxnnrk,2021-06-26,0,5,-16,-42,-1,2
AE,United Arab Emirates,Ras al Khaimah,,,AE-RK,,ChIJpwnSTA5x9j4RD-KEpgxnnrk,2021-06-27,7,10,-4,-41,-8,3
AE,United Arab Emirates,Ras al Khaimah,,,AE-RK,,ChIJpwnSTA5x9j4RD-KEpgxnnrk,2021-06-28,7,10,-14,-25,-10,2
AE,United Arab Emirates,Ras al Khaimah,,,AE-RK,,ChIJpwnSTA5x9j4RD-KEpgxnnrk,2021-06-29,5,7,-13,-26,-8,2
AE,United Arab Emirates,Ras al Khaimah,,,AE-RK,,ChIJpwnSTA5x9j4RD-KEpgxnnrk,2021-06-30,8,11,-16,-26,-10,2
AE,United Arab Emirates,Ras al Khaimah,,,AE-RK,,ChIJpwnSTA5x9j4RD-KEpgxnnrk,2021-07-01,8,11,-12,-22,-9,4
AE,United Arab Emirates,Ras al Khaimah,,,AE-RK,,ChIJpwnSTA5x9j4RD-KEpgxnnrk,2021-07-02,1,6,-21,-29,-7,5
AE,United Arab Emirates,Ras al Khaimah,,,AE-RK,,ChIJpwnSTA5x9j4RD-KEpgxnnrk,2021-07-03,7,13,-11,-34,0,2
AE,United Arab Emirates,Ras al Khaimah,,,AE-RK,,ChIJpwnSTA5x9j4RD-KEpgxnnrk,2021-07-04,12,16,-3,-42,-10,2
AE,United Arab Emirates,Ras al Khaimah,,,AE-RK,,ChIJpwnSTA5x9j4RD-KEpgxnnrk,2021-07-05,13,16,-11,-26,-10,2
AE,United Arab Emirates,Ras al Khaimah,,,AE-RK,,ChIJpwnSTA5x9j4RD-KEpgxnnrk,2021-07-06,11,16,-6,-25,-8,3
AE,United Arab Emirates,Ras al Khaimah,,,AE-RK,,ChIJpwnSTA5x9j4RD-KEpgxnnrk,2021-07-07,12,14,-11,-27,-9,3
AE,United Arab Emirates,Ras al Khaimah,,,AE-RK,,ChIJpwnSTA5x9j4RD-KEpgxnnrk,2021-07-08,8,10,-12,-29,-9,4
AE,United Arab Emirates,Ras al Khaimah,,,AE-RK,,ChIJpwnSTA5x9j4RD-KEpgxnnrk,2021-07-09,-1,5,-25,-29,-4,5
AE,United Arab Emirates,Ras al Khaimah,,,AE-RK,,ChIJpwnSTA5x9j4RD-KEpgxnnrk,2021-07-10,6,11,-15,-31,-1,1
AE,United Arab Emirates,Ras al Khaimah,,,AE-RK,,ChIJpwnSTA5x9j4RD-KEpgxnnrk,2021-07-11,10,11,-8,-33,-12,3
AE,United Arab Emirates,Ras al Khaimah,,,AE-RK,,ChIJpwnSTA5x9j4RD-KEpgxnnrk,2021-07-12,10,11,-12,-16,-13,3
AE,United Arab Emirates,Ras al Khaimah,,,AE-RK,,ChIJpwnSTA5x9j4RD-KEpgxnnrk,2021-07-13,9,13,-10,-28,-12,3
AE,United Arab Emirates,Ras al Khaimah,,,AE-RK,,ChIJpwnSTA5x9j4RD-KEpgxnnrk,2021-07-14,8,8,-24,-27,-10,3
AE,United Arab Emirates,Ras al Khaimah,,,AE-RK,,ChIJpwnSTA5x9j4RD-KEpgxnnrk,2021-07-15,2,3,-23,-23,-10,5
AE,United Arab Emirates,Ras al Khaimah,,,AE-RK,,ChIJpwnSTA5x9j4RD-KEpgxnnrk,2021-07-16,-3,0,-25,-39,-1,6
AE,United Arab Emirates,Ras al Khaimah,,,AE-RK,,ChIJpwnSTA5x9j4RD-KEpgxnnrk,2021-07-17,9,9,-8,-40,2,2
AE,United Arab Emirates,Ras al Khaimah,,,AE-RK,,ChIJpwnSTA5x9j4RD-KEpgxnnrk,2021-07-18,25,22,2,-30,-12,2
AE,United Arab Emirates,Ras al Khaimah,,,AE-RK,,ChIJpwnSTA5x9j4RD-KEpgxnnrk,2021-07-19,30,36,14,-21,-46,10
AE,United Arab Emirates,Ras al Khaimah,,,AE-RK,,ChIJpwnSTA5x9j4RD-KEpgxnnrk,2021-07-20,28,23,143,-43,-63,11
AE,United Arab Emirates,Ras al Khaimah,,,AE-RK,,ChIJpwnSTA5x9j4RD-KEpgxnnrk,2021-07-21,36,27,169,-36,-59,13
AE,United Arab Emirates,Ras al Khaimah,,,AE-RK,,ChIJpwnSTA5x9j4RD-KEpgxnnrk,2021-07-22,11,5,86,-45,-49,15
AE,United Arab Emirates,Ras al Khaimah,,,AE-RK,,ChIJpwnSTA5x9j4RD-KEpgxnnrk,2021-07-23,-9,-11,10,-37,-2,6
AE,United Arab Emirates,Ras al Khaimah,,,AE-RK,,ChIJpwnSTA5x9j4RD-KEpgxnnrk,2021-07-24,-6,-2,-20,-40,1,4
AE,United Arab Emirates,Ras al Khaimah,,,AE-RK,,ChIJpwnSTA5x9j4RD-KEpgxnnrk,2021-07-25,1,2,-20,-40,-10,5
AE,United Arab Emirates,Ras al Khaimah,,,AE-RK,,ChIJpwnSTA5x9j4RD-KEpgxnnrk,2021-07-26,1,2,-22,-33,-11,5
AE,United Arab Emirates,Ras al Khaimah,,,AE-RK,,ChIJpwnSTA5x9j4RD-KEpgxnnrk,2021-07-27,2,5,-22,-35,-10,4
AE,United Arab Emirates,Ras al Khaimah,,,AE-RK,,ChIJpwnSTA5x9j4RD-KEpgxnnrk,2021-07-28,4,3,-24,-40,-10,5
AE,United Arab Emirates,Ras al Khaimah,,,AE-RK,,ChIJpwnSTA5x9j4RD-KEpgxnnrk,2021-07-29,0,1,-21,-39,-8,6
AE,United Arab Emirates,Ras al Khaimah,,,AE-RK,,ChIJpwnSTA5x9j4RD-KEpgxnnrk,2021-07-30,-9,-4,-21,-43,1,7
AE,United Arab Emirates,Ras al Khaimah,,,AE-RK,,ChIJpwnSTA5x9j4RD-KEpgxnnrk,2021-07-31,-2,3,-23,-42,2,3
AE,United Arab Emirates,Ras al Khaimah,,,AE-RK,,ChIJpwnSTA5x9j4RD-KEpgxnnrk,2021-08-01,5,6,-25,-35,-11,4
AE,United Arab Emirates,Ras al Khaimah,,,AE-RK,,ChIJpwnSTA5x9j4RD-KEpgxnnrk,2021-08-02,7,8,-19,-33,-11,4
AE,United Arab Emirates,Ras al Khaimah,,,AE-RK,,ChIJpwnSTA5x9j4RD-KEpgxnnrk,2021-08-03,3,4,-20,-31,-11,4
AE,United Arab Emirates,Ras al Khaimah,,,AE-RK,,ChIJpwnSTA5x9j4RD-KEpgxnnrk,2021-08-04,5,4,-26,-37,-11,5
AE,United Arab Emirates,Ras al Khaimah,,,AE-RK,,ChIJpwnSTA5x9j4RD-KEpgxnnrk,2021-08-05,0,2,-22,-38,-10,6
AE,United Arab Emirates,Ras al Khaimah,,,AE-RK,,ChIJpwnSTA5x9j4RD-KEpgxnnrk,2021-08-06,-9,-5,-25,-46,-2,7
AE,United Arab Emirates,Ras al Khaimah,,,AE-RK,,ChIJpwnSTA5x9j4RD-KEpgxnnrk,2021-08-07,-3,1,-23,-37,1,4
AE,United Arab Emirates,Ras al Khaimah,,,AE-RK,,ChIJpwnSTA5x9j4RD-KEpgxnnrk,2021-08-08,3,3,-21,-44,-11,5
AE,United Arab Emirates,Ras al Khaimah,,,AE-RK,,ChIJpwnSTA5x9j4RD-KEpgxnnrk,2021-08-09,3,4,-20,-24,-11,5
AE,United Arab Emirates,Ras al Khaimah,,,AE-RK,,ChIJpwnSTA5x9j4RD-KEpgxnnrk,2021-08-10,2,3,-22,-20,-10,4
AE,United Arab Emirates,Ras al Khaimah,,,AE-RK,,ChIJpwnSTA5x9j4RD-KEpgxnnrk,2021-08-11,12,8,-15,-22,-11,3
AE,United Arab Emirates,Ras al Khaimah,,,AE-RK,,ChIJpwnSTA5x9j4RD-KEpgxnnrk,2021-08-12,8,6,30,-48,-42,14
AE,United Arab Emirates,Ras al Khaimah,,,AE-RK,,ChIJpwnSTA5x9j4RD-KEpgxnnrk,2021-08-13,-8,-6,-8,-38,-4,7
AE,United Arab Emirates,Ras al Khaimah,,,AE-RK,,ChIJpwnSTA5x9j4RD-KEpgxnnrk,2021-08-14,-3,0,-20,-37,1,4
AE,United Arab Emirates,Ras al Khaimah,,,AE-RK,,ChIJpwnSTA5x9j4RD-KEpgxnnrk,2021-08-15,3,1,-19,-40,-10,5
AE,United Arab Emirates,Ras al Khaimah,,,AE-RK,,ChIJpwnSTA5x9j4RD-KEpgxnnrk,2021-08-16,4,2,-19,-20,-12,5
AE,United Arab Emirates,Ras al Khaimah,,,AE-RK,,ChIJpwnSTA5x9j4RD-KEpgxnnrk,2021-08-17,2,0,-19,-20,-11,5
AE,United Arab Emirates,Ras al Khaimah,,,AE-RK,,ChIJpwnSTA5x9j4RD-KEpgxnnrk,2021-08-18,3,3,55,-26,-9,5
AE,United Arab Emirates,Ras al Khaimah,,,AE-RK,,ChIJpwnSTA5x9j4RD-KEpgxnnrk,2021-08-19,-3,2,-6,-24,-9,6
AE,United Arab Emirates,Ras al Khaimah,,,AE-RK,,ChIJpwnSTA5x9j4RD-KEpgxnnrk,2021-08-20,-11,-4,-12,-28,-2,7
AE,United Arab Emirates,Ras al Khaimah,,,AE-RK,,ChIJpwnSTA5x9j4RD-KEpgxnnrk,2021-08-21,-3,-1,-14,-41,-2,4
AE,United Arab Emirates,Ras al Khaimah,,,AE-RK,,ChIJpwnSTA5x9j4RD-KEpgxnnrk,2021-08-22,0,0,-11,-39,-8,5
AE,United Arab Emirates,Ras al Khaimah,,,AE-RK,,ChIJpwnSTA5x9j4RD-KEpgxnnrk,2021-08-23,3,3,-11,-31,-9,4
AE,United Arab Emirates,Ras al Khaimah,,,AE-RK,,ChIJpwnSTA5x9j4RD-KEpgxnnrk,2021-08-24,1,2,-15,-24,-8,4
AE,United Arab Emirates,Ras al Khaimah,,,AE-RK,,ChIJpwnSTA5x9j4RD-KEpgxnnrk,2021-08-25,4,2,-17,-28,-8,4
AE,United Arab Emirates,Ras al Khaimah,,,AE-RK,,ChIJpwnSTA5x9j4RD-KEpgxnnrk,2021-08-26,3,4,-9,-23,-7,5
AE,United Arab Emirates,Ras al Khaimah,,,AE-RK,,ChIJpwnSTA5x9j4RD-KEpgxnnrk,2021-08-27,-4,0,-9,-42,-1,6
AE,United Arab Emirates,Ras al Khaimah,,,AE-RK,,ChIJpwnSTA5x9j4RD-KEpgxnnrk,2021-08-28,6,9,-14,-22,2,3
AE,United Arab Emirates,Ras al Khaimah,,,AE-RK,,ChIJpwnSTA5x9j4RD-KEpgxnnrk,2021-08-29,6,4,-12,-27,-8,3
AE,United Arab Emirates,Ras al Khaimah,,,AE-RK,,ChIJpwnSTA5x9j4RD-KEpgxnnrk,2021-08-30,7,7,-12,-26,-8,3
AE,United Arab Emirates,Ras al Khaimah,,,AE-RK,,ChIJpwnSTA5x9j4RD-KEpgxnnrk,2021-08-31,7,10,-10,-11,-6,3
AE,United Arab Emirates,Ras al Khaimah,,,AE-RK,,ChIJpwnSTA5x9j4RD-KEpgxnnrk,2021-09-01,9,11,-11,-23,-7,3
AE,United Arab Emirates,Ras al Khaimah,,,AE-RK,,ChIJpwnSTA5x9j4RD-KEpgxnnrk,2021-09-02,5,7,-3,-28,-5,4
AE,United Arab Emirates,Ras al Khaimah,,,AE-RK,,ChIJpwnSTA5x9j4RD-KEpgxnnrk,2021-09-03,-1,3,-8,-39,-3,6
AE,United Arab Emirates,Ras al Khaimah,,,AE-RK,,ChIJpwnSTA5x9j4RD-KEpgxnnrk,2021-09-04,7,9,-9,-29,1,3
AE,United Arab Emirates,Ras al Khaimah,,,AE-RK,,ChIJpwnSTA5x9j4RD-KEpgxnnrk,2021-09-05,8,8,-5,-41,-6,3
AE,United Arab Emirates,Ras al Khaimah,,,AE-RK,,ChIJpwnSTA5x9j4RD-KEpgxnnrk,2021-09-06,7,5,-13,-12,-6,3
AE,United Arab Emirates,Ras al Khaimah,,,AE-RK,,ChIJpwnSTA5x9j4RD-KEpgxnnrk,2021-09-07,4,4,-10,-16,-5,4
AE,United Arab Emirates,Ras al Khaimah,,,AE-RK,,ChIJpwnSTA5x9j4RD-KEpgxnnrk,2021-09-08,5,2,-14,-21,-5,4
AE,United Arab Emirates,Ras al Khaimah,,,AE-RK,,ChIJpwnSTA5x9j4RD-KEpgxnnrk,2021-09-09,5,4,-3,-29,-4,4
AE,United Arab Emirates,Ras al Khaimah,,,AE-RK,,ChIJpwnSTA5x9j4RD-KEpgxnnrk,2021-09-10,-2,2,27,-34,-4,7
AE,United Arab Emirates,Ras al Khaimah,,,AE-RK,,ChIJpwnSTA5x9j4RD-KEpgxnnrk,2021-09-11,4,7,11,-30,1,3
AE,United Arab Emirates,Ras al Khaimah,,,AE-RK,,ChIJpwnSTA5x9j4RD-KEpgxnnrk,2021-09-12,4,8,6,-27,-4,4
AE,United Arab Emirates,Ras al Khaimah,,,AE-RK,,ChIJpwnSTA5x9j4RD-KEpgxnnrk,2021-09-13,4,6,7,-18,-6,3
AE,United Arab Emirates,Ras al Khaimah,,,AE-RK,,ChIJpwnSTA5x9j4RD-KEpgxnnrk,2021-09-14,2,5,8,-13,-5,4
AE,United Arab Emirates,Ras al Khaimah,,,AE-RK,,ChIJpwnSTA5x9j4RD-KEpgxnnrk,2021-09-15,5,6,-4,-15,-5,4
AE,United Arab Emirates,Ras al Khaimah,,,AE-RK,,ChIJpwnSTA5x9j4RD-KEpgxnnrk,2021-09-16,4,5,17,-18,-4,4
AE,United Arab Emirates,Ras al Khaimah,,,AE-RK,,ChIJpwnSTA5x9j4RD-KEpgxnnrk,2021-09-17,-2,6,-9,-32,-4,7
AE,United Arab Emirates,Ras al Khaimah,,,AE-RK,,ChIJpwnSTA5x9j4RD-KEpgxnnrk,2021-09-18,1,8,-16,-42,-1,4
AE,United Arab Emirates,Ras al Khaimah,,,AE-RK,,ChIJpwnSTA5x9j4RD-KEpgxnnrk,2021-09-19,2,5,-13,-31,-4,4
AE,United Arab Emirates,Ras al Khaimah,,,AE-RK,,ChIJpwnSTA5x9j4RD-KEpgxnnrk,2021-09-20,2,5,-15,-5,-5,4
AE,United Arab Emirates,Ras al Khaimah,,,AE-RK,,ChIJpwnSTA5x9j4RD-KEpgxnnrk,2021-09-21,1,6,-17,-20,-3,4
AE,United Arab Emirates,Ras al Khaimah,,,AE-RK,,ChIJpwnSTA5x9j4RD-KEpgxnnrk,2021-09-22,2,8,-17,-30,-2,4
AE,United Arab Emirates,Ras al Khaimah,,,AE-RK,,ChIJpwnSTA5x9j4RD-KEpgxnnrk,2021-09-23,1,8,-10,-12,-1,5
AE,United Arab Emirates,Ras al Khaimah,,,AE-RK,,ChIJpwnSTA5x9j4RD-KEpgxnnrk,2021-09-24,-3,5,-3,-19,-4,7
AE,United Arab Emirates,Ras al Khaimah,,,AE-RK,,ChIJpwnSTA5x9j4RD-KEpgxnnrk,2021-09-25,1,10,-9,-25,1,4
AE,United Arab Emirates,Ras al Khaimah,,,AE-RK,,ChIJpwnSTA5x9j4RD-KEpgxnnrk,2021-09-26,2,6,-10,-23,0,4
AE,United Arab Emirates,Ras al Khaimah,,,AE-RK,,ChIJpwnSTA5x9j4RD-KEpgxnnrk,2021-09-27,5,8,-10,13,-1,4
AE,United Arab Emirates,Ras al Khaimah,,,AE-RK,,ChIJpwnSTA5x9j4RD-KEpgxnnrk,2021-09-28,5,9,-10,-8,-2,4
AE,United Arab Emirates,Ras al Khaimah,,,AE-RK,,ChIJpwnSTA5x9j4RD-KEpgxnnrk,2021-09-29,9,11,-15,5,0,3
AE,United Arab Emirates,Ras al Khaimah,,,AE-RK,,ChIJpwnSTA5x9j4RD-KEpgxnnrk,2021-09-30,8,11,-7,8,0,4
AE,United Arab Emirates,Ras al Khaimah,,,AE-RK,,ChIJpwnSTA5x9j4RD-KEpgxnnrk,2021-10-01,5,11,-3,-6,-3,5
AE,United Arab Emirates,Ras al Khaimah,,,AE-RK,,ChIJpwnSTA5x9j4RD-KEpgxnnrk,2021-10-02,11,18,-6,-10,1,3
AE,United Arab Emirates,Ras al Khaimah,,,AE-RK,,ChIJpwnSTA5x9j4RD-KEpgxnnrk,2021-10-03,12,14,-5,-6,-2,4
AE,United Arab Emirates,Ras al Khaimah,,,AE-RK,,ChIJpwnSTA5x9j4RD-KEpgxnnrk,2021-10-04,13,16,0,16,-2,3
AE,United Arab Emirates,Ras al Khaimah,,,AE-RK,,ChIJpwnSTA5x9j4RD-KEpgxnnrk,2021-10-05,7,14,-7,2,0,3
AE,United Arab Emirates,Ras al Khaimah,,,AE-RK,,ChIJpwnSTA5x9j4RD-KEpgxnnrk,2021-10-06,8,13,-10,4,0,4
AE,United Arab Emirates,Ras al Khaimah,,,AE-RK,,ChIJpwnSTA5x9j4RD-KEpgxnnrk,2021-10-07,9,14,-1,16,1,4
AE,United Arab Emirates,Ras al Khaimah,,,AE-RK,,ChIJpwnSTA5x9j4RD-KEpgxnnrk,2021-10-08,2,11,4,,-3,6
AE,United Arab Emirates,Ras al Khaimah,,,AE-RK,,ChIJpwnSTA5x9j4RD-KEpgxnnrk,2021-10-09,9,16,-5,13,1,3
AE,United Arab Emirates,Ras al Khaimah,,,AE-RK,,ChIJpwnSTA5x9j4RD-KEpgxnnrk,2021-10-10,9,13,-9,8,0,4
AE,United Arab Emirates,Ras al Khaimah,,,AE-RK,,ChIJpwnSTA5x9j4RD-KEpgxnnrk,2021-10-11,9,13,-6,48,0,3
AE,United Arab Emirates,Ras al Khaimah,,,AE-RK,,ChIJpwnSTA5x9j4RD-KEpgxnnrk,2021-10-12,8,13,0,50,2,4
AE,United Arab Emirates,Ras al Khaimah,,,AE-RK,,ChIJpwnSTA5x9j4RD-KEpgxnnrk,2021-10-13,10,11,-10,39,2,4
AE,United Arab Emirates,Ras al Khaimah,,,AE-RK,,ChIJpwnSTA5x9j4RD-KEpgxnnrk,2021-10-14,10,13,-1,55,3,4
AE,United Arab Emirates,Ras al Khaimah,,,AE-RK,,ChIJpwnSTA5x9j4RD-KEpgxnnrk,2021-10-15,2,10,15,50,-3,6
AE,United Arab Emirates,Ras al Khaimah,,,AE-RK,,ChIJpwnSTA5x9j4RD-KEpgxnnrk,2021-10-16,10,15,2,30,3,4
AE,United Arab Emirates,Ras al Khaimah,,,AE-RK,,ChIJpwnSTA5x9j4RD-KEpgxnnrk,2021-10-17,9,11,-4,52,1,4
AE,United Arab Emirates,Ras al Khaimah,,,AE-RK,,ChIJpwnSTA5x9j4RD-KEpgxnnrk,2021-10-18,12,13,-2,,0,4
AE,United Arab Emirates,Ras al Khaimah,,,AE-RK,,ChIJpwnSTA5x9j4RD-KEpgxnnrk,2021-10-19,10,12,-2,64,1,4
AE,United Arab Emirates,Ras al Khaimah,,,AE-RK,,ChIJpwnSTA5x9j4RD-KEpgxnnrk,2021-10-20,22,19,13,50,0,2
AE,United Arab Emirates,Ras al Khaimah,,,AE-RK,,ChIJpwnSTA5x9j4RD-KEpgxnnrk,2021-10-21,23,22,118,55,-44,13
AE,United Arab Emirates,Ras al Khaimah,,,AE-RK,,ChIJpwnSTA5x9j4RD-KEpgxnnrk,2021-10-22,6,8,49,55,-4,6
AE,United Arab Emirates,Ras al Khaimah,,,AE-RK,,ChIJpwnSTA5x9j4RD-KEpgxnnrk,2021-10-23,7,11,4,32,4,4
AE,United Arab Emirates,Ras al Khaimah,,,AE-RK,,ChIJpwnSTA5x9j4RD-KEpgxnnrk,2021-10-24,5,5,-8,22,1,5
AE,United Arab Emirates,Ras al Khaimah,,,AE-RK,,ChIJpwnSTA5x9j4RD-KEpgxnnrk,2021-10-25,9,11,-8,,1,4
AE,United Arab Emirates,Ras al Khaimah,,,AE-RK,,ChIJpwnSTA5x9j4RD-KEpgxnnrk,2021-10-26,9,12,-2,42,3,4
AE,United Arab Emirates,Ras al Khaimah,,,AE-RK,,ChIJpwnSTA5x9j4RD-KEpgxnnrk,2021-10-27,13,15,-1,49,3,4
AE,United Arab Emirates,Ras al Khaimah,,,AE-RK,,ChIJpwnSTA5x9j4RD-KEpgxnnrk,2021-10-28,12,17,6,75,2,4
AE,United Arab Emirates,Ras al Khaimah,,,AE-RK,,ChIJpwnSTA5x9j4RD-KEpgxnnrk,2021-10-29,5,16,28,,0,5
AE,United Arab Emirates,Ras al Khaimah,,,AE-RK,,ChIJpwnSTA5x9j4RD-KEpgxnnrk,2021-10-30,14,24,10,,4,4
AE,United Arab Emirates,Ras al Khaimah,,,AE-RK,,ChIJpwnSTA5x9j4RD-KEpgxnnrk,2021-10-31,13,19,-1,52,3,3
AE,United Arab Emirates,Ras al Khaimah,,,AE-RK,,ChIJpwnSTA5x9j4RD-KEpgxnnrk,2021-11-01,16,22,1,,2,3
AE,United Arab Emirates,Ras al Khaimah,,,AE-RK,,ChIJpwnSTA5x9j4RD-KEpgxnnrk,2021-11-02,18,24,-5,59,4,3
AE,United Arab Emirates,Ras al Khaimah,,,AE-RK,,ChIJpwnSTA5x9j4RD-KEpgxnnrk,2021-11-03,15,22,-5,,4,3
AE,United Arab Emirates,Ras al Khaimah,,,AE-RK,,ChIJpwnSTA5x9j4RD-KEpgxnnrk,2021-11-04,15,21,14,59,1,5
AE,United Arab Emirates,Ras al Khaimah,,,AE-RK,,ChIJpwnSTA5x9j4RD-KEpgxnnrk,2021-11-05,8,16,40,,-1,5
AE,United Arab Emirates,Ras al Khaimah,,,AE-RK,,ChIJpwnSTA5x9j4RD-KEpgxnnrk,2021-11-06,15,22,16,41,6,3
AE,United Arab Emirates,Ras al Khaimah,,,AE-RK,,ChIJpwnSTA5x9j4RD-KEpgxnnrk,2021-11-07,14,17,5,18,4,4
AE,United Arab Emirates,Ras al Khaimah,,,AE-RK,,ChIJpwnSTA5x9j4RD-KEpgxnnrk,2021-11-08,15,17,4,,3,4
AE,United Arab Emirates,Ras al Khaimah,,,AE-RK,,ChIJpwnSTA5x9j4RD-KEpgxnnrk,2021-11-09,15,20,8,53,4,4
AE,United Arab Emirates,Ras al Khaimah,,,AE-RK,,ChIJpwnSTA5x9j4RD-KEpgxnnrk,2021-11-10,14,18,2,,4,4
AE,United Arab Emirates,Ras al Khaimah,,,AE-RK,,ChIJpwnSTA5x9j4RD-KEpgxnnrk,2021-11-11,11,17,11,42,4,5
AE,United Arab Emirates,Ras al Khaimah,,,AE-RK,,ChIJpwnSTA5x9j4RD-KEpgxnnrk,2021-11-12,9,17,45,37,-1,6
AE,United Arab Emirates,Ras al Khaimah,,,AE-RK,,ChIJpwnSTA5x9j4RD-KEpgxnnrk,2021-11-13,13,21,16,60,4,4
AE,United Arab Emirates,Ras al Khaimah,,,AE-RK,,ChIJpwnSTA5x9j4RD-KEpgxnnrk,2021-11-14,14,17,4,40,4,4
AE,United Arab Emirates,Ras al Khaimah,,,AE-RK,,ChIJpwnSTA5x9j4RD-KEpgxnnrk,2021-11-15,14,19,5,,3,4
AE,United Arab Emirates,Ras al Khaimah,,,AE-RK,,ChIJpwnSTA5x9j4RD-KEpgxnnrk,2021-11-16,12,19,2,41,4,4
AE,United Arab Emirates,Ras al Khaimah,,,AE-RK,,ChIJpwnSTA5x9j4RD-KEpgxnnrk,2021-11-17,13,20,3,33,4,4
AE,United Arab Emirates,Ras al Khaimah,,,AE-RK,,ChIJpwnSTA5x9j4RD-KEpgxnnrk,2021-11-18,12,18,18,28,4,5
AE,United Arab Emirates,Ras al Khaimah,,,AE-RK,,ChIJpwnSTA5x9j4RD-KEpgxnnrk,2021-11-19,4,17,55,33,1,6
AE,United Arab Emirates,Ras al Khaimah,,,AE-RK,,ChIJpwnSTA5x9j4RD-KEpgxnnrk,2021-11-20,9,20,16,31,10,4
AE,United Arab Emirates,Ras al Khaimah,,,AE-RK,,ChIJpwnSTA5x9j4RD-KEpgxnnrk,2021-11-21,12,17,7,-2,5,5
AE,United Arab Emirates,Ras al Khaimah,,,AE-RK,,ChIJpwnSTA5x9j4RD-KEpgxnnrk,2021-11-22,11,17,5,26,3,5
AE,United Arab Emirates,Ras al Khaimah,,,AE-RK,,ChIJpwnSTA5x9j4RD-KEpgxnnrk,2021-11-23,12,18,12,15,5,5
AE,United Arab Emirates,Ras al Khaimah,,,AE-RK,,ChIJpwnSTA5x9j4RD-KEpgxnnrk,2021-11-24,15,20,11,33,4,5
AE,United Arab Emirates,Ras al Khaimah,,,AE-RK,,ChIJpwnSTA5x9j4RD-KEpgxnnrk,2021-11-25,13,22,18,19,5,5
AE,United Arab Emirates,Ras al Khaimah,,,AE-RK,,ChIJpwnSTA5x9j4RD-KEpgxnnrk,2021-11-26,7,17,37,28,3,5
AE,United Arab Emirates,Ras al Khaimah,,,AE-RK,,ChIJpwnSTA5x9j4RD-KEpgxnnrk,2021-11-27,15,23,18,49,11,4
AE,United Arab Emirates,Ras al Khaimah,,,AE-RK,,ChIJpwnSTA5x9j4RD-KEpgxnnrk,2021-11-28,19,24,7,12,5,4
AE,United Arab Emirates,Ras al Khaimah,,,AE-RK,,ChIJpwnSTA5x9j4RD-KEpgxnnrk,2021-11-29,23,26,10,50,4,3
AE,United Arab Emirates,Ras al Khaimah,,,AE-RK,,ChIJpwnSTA5x9j4RD-KEpgxnnrk,2021-11-30,33,37,34,43,2,2
AE,United Arab Emirates,Ras al Khaimah,,,AE-RK,,ChIJpwnSTA5x9j4RD-KEpgxnnrk,2021-12-01,59,65,211,45,-42,8
AE,United Arab Emirates,Ras al Khaimah,,,AE-RK,,ChIJpwnSTA5x9j4RD-KEpgxnnrk,2021-12-02,42,42,311,18,-53,14
AE,United Arab Emirates,Ras al Khaimah,,,AE-RK,,ChIJpwnSTA5x9j4RD-KEpgxnnrk,2021-12-03,18,22,130,17,-3,4
AE,United Arab Emirates,Ras al Khaimah,,,AE-RK,,ChIJpwnSTA5x9j4RD-KEpgxnnrk,2021-12-04,17,25,36,14,7,4
AE,United Arab Emirates,Ras al Khaimah,,,AE-RK,,ChIJpwnSTA5x9j4RD-KEpgxnnrk,2021-12-05,20,27,15,-5,3,4
AE,United Arab Emirates,Ras al Khaimah,,,AE-RK,,ChIJpwnSTA5x9j4RD-KEpgxnnrk,2021-12-06,20,28,10,47,3,4
AE,United Arab Emirates,Ras al Khaimah,,,AE-RK,,ChIJpwnSTA5x9j4RD-KEpgxnnrk,2021-12-07,17,28,19,22,6,4
AE,United Arab Emirates,Ras al Khaimah,,,AE-RK,,ChIJpwnSTA5x9j4RD-KEpgxnnrk,2021-12-08,20,25,10,35,6,4
AE,United Arab Emirates,Ras al Khaimah,,,AE-RK,,ChIJpwnSTA5x9j4RD-KEpgxnnrk,2021-12-09,14,22,22,35,8,6
AE,United Arab Emirates,Ras al Khaimah,,,AE-RK,,ChIJpwnSTA5x9j4RD-KEpgxnnrk,2021-12-10,5,19,61,16,8,6
AE,United Arab Emirates,Ras al Khaimah,,,AE-RK,,ChIJpwnSTA5x9j4RD-KEpgxnnrk,2021-12-11,14,22,25,46,14,4
AE,United Arab Emirates,Ras al Khaimah,,,AE-RK,,ChIJpwnSTA5x9j4RD-KEpgxnnrk,2021-12-12,19,25,19,14,3,5
AE,United Arab Emirates,Ras al Khaimah,,,AE-RK,,ChIJpwnSTA5x9j4RD-KEpgxnnrk,2021-12-13,20,24,14,47,2,5
AE,United Arab Emirates,Ras al Khaimah,,,AE-RK,,ChIJpwnSTA5x9j4RD-KEpgxnnrk,2021-12-14,18,23,17,22,4,5
AE,United Arab Emirates,Ras al Khaimah,,,AE-RK,,ChIJpwnSTA5x9j4RD-KEpgxnnrk,2021-12-15,21,25,15,18,3,5
AE,United Arab Emirates,Ras al Khaimah,,,AE-RK,,ChIJpwnSTA5x9j4RD-KEpgxnnrk,2021-12-16,16,23,32,29,3,6
AE,United Arab Emirates,Ras al Khaimah,,,AE-RK,,ChIJpwnSTA5x9j4RD-KEpgxnnrk,2021-12-17,10,19,83,15,11,5
AE,United Arab Emirates,Ras al Khaimah,,,AE-RK,,ChIJpwnSTA5x9j4RD-KEpgxnnrk,2021-12-18,13,20,33,27,15,4
AE,United Arab Emirates,Ras al Khaimah,,,AE-RK,,ChIJpwnSTA5x9j4RD-KEpgxnnrk,2021-12-19,19,22,23,11,0,6
AE,United Arab Emirates,Ras al Khaimah,,,AE-RK,,ChIJpwnSTA5x9j4RD-KEpgxnnrk,2021-12-20,23,24,23,43,-1,5
AE,United Arab Emirates,Ras al Khaimah,,,AE-RK,,ChIJpwnSTA5x9j4RD-KEpgxnnrk,2021-12-21,20,24,30,21,1,6
AE,United Arab Emirates,Ras al Khaimah,,,AE-RK,,ChIJpwnSTA5x9j4RD-KEpgxnnrk,2021-12-22,22,25,25,26,1,6
AE,United Arab Emirates,Ras al Khaimah,,,AE-RK,,ChIJpwnSTA5x9j4RD-KEpgxnnrk,2021-12-23,19,24,35,16,1,7
AE,United Arab Emirates,Ras al Khaimah,,,AE-RK,,ChIJpwnSTA5x9j4RD-KEpgxnnrk,2021-12-24,13,24,77,22,13,5
AE,United Arab Emirates,Ras al Khaimah,,,AE-RK,,ChIJpwnSTA5x9j4RD-KEpgxnnrk,2021-12-25,16,20,51,33,8,4
AE,United Arab Emirates,Ras al Khaimah,,,AE-RK,,ChIJpwnSTA5x9j4RD-KEpgxnnrk,2021-12-26,23,24,37,15,0,6
AE,United Arab Emirates,Ras al Khaimah,,,AE-RK,,ChIJpwnSTA5x9j4RD-KEpgxnnrk,2021-12-27,27,27,40,43,0,5
AE,United Arab Emirates,Ras al Khaimah,,,AE-RK,,ChIJpwnSTA5x9j4RD-KEpgxnnrk,2021-12-28,25,29,34,20,0,5
AE,United Arab Emirates,Ras al Khaimah,,,AE-RK,,ChIJpwnSTA5x9j4RD-KEpgxnnrk,2021-12-29,30,31,38,32,-1,5
AE,United Arab Emirates,Ras al Khaimah,,,AE-RK,,ChIJpwnSTA5x9j4RD-KEpgxnnrk,2021-12-30,27,32,50,24,1,6
AE,United Arab Emirates,Ras al Khaimah,,,AE-RK,,ChIJpwnSTA5x9j4RD-KEpgxnnrk,2021-12-31,31,37,111,35,12,4
AE,United Arab Emirates,Ras al Khaimah,,,AE-RK,,ChIJpwnSTA5x9j4RD-KEpgxnnrk,2022-01-01,37,41,135,41,-28,8
AE,United Arab Emirates,Ras al Khaimah,,,AE-RK,,ChIJpwnSTA5x9j4RD-KEpgxnnrk,2022-01-02,36,43,67,9,-25,11
AE,United Arab Emirates,Ras al Khaimah,,,AE-RK,,ChIJpwnSTA5x9j4RD-KEpgxnnrk,2022-01-03,20,26,10,46,9,6
AE,United Arab Emirates,Ras al Khaimah,,,AE-RK,,ChIJpwnSTA5x9j4RD-KEpgxnnrk,2022-01-04,20,29,11,26,9,6
AE,United Arab Emirates,Ras al Khaimah,,,AE-RK,,ChIJpwnSTA5x9j4RD-KEpgxnnrk,2022-01-05,20,26,16,18,8,7
AE,United Arab Emirates,Ras al Khaimah,,,AE-RK,,ChIJpwnSTA5x9j4RD-KEpgxnnrk,2022-01-06,4,11,4,21,9,11
AE,United Arab Emirates,Ras al Khaimah,,,AE-RK,,ChIJpwnSTA5x9j4RD-KEpgxnnrk,2022-01-07,2,14,10,12,109,3
AE,United Arab Emirates,Ras al Khaimah,,,AE-RK,,ChIJpwnSTA5x9j4RD-KEpgxnnrk,2022-01-08,20,31,79,30,0,7
AE,United Arab Emirates,Ras al Khaimah,,,AE-RK,,ChIJpwnSTA5x9j4RD-KEpgxnnrk,2022-01-09,27,36,89,-1,-29,13
AE,United Arab Emirates,Ras al Khaimah,,,AE-RK,,ChIJpwnSTA5x9j4RD-KEpgxnnrk,2022-01-10,14,21,1,44,4,8
AE,United Arab Emirates,Ras al Khaimah,,,AE-RK,,ChIJpwnSTA5x9j4RD-KEpgxnnrk,2022-01-11,12,20,4,16,3,8
AE,United Arab Emirates,Ras al Khaimah,,,AE-RK,,ChIJpwnSTA5x9j4RD-KEpgxnnrk,2022-01-12,12,21,5,7,2,9
AE,United Arab Emirates,Ras al Khaimah,,,AE-RK,,ChIJpwnSTA5x9j4RD-KEpgxnnrk,2022-01-13,0,7,-2,6,3,12
AE,United Arab Emirates,Ras al Khaimah,,,AE-RK,,ChIJpwnSTA5x9j4RD-KEpgxnnrk,2022-01-14,-1,10,10,5,103,4
AE,United Arab Emirates,Ras al Khaimah,,,AE-RK,,ChIJpwnSTA5x9j4RD-KEpgxnnrk,2022-01-15,18,24,93,19,-2,8
AE,United Arab Emirates,Ras al Khaimah,,,AE-RK,,ChIJpwnSTA5x9j4RD-KEpgxnnrk,2022-01-16,26,27,118,-21,-32,14
AE,United Arab Emirates,Ras al Khaimah,,,AE-RK,,ChIJpwnSTA5x9j4RD-KEpgxnnrk,2022-01-17,11,16,8,30,1,9
AE,United Arab Emirates,Ras al Khaimah,,,AE-RK,,ChIJpwnSTA5x9j4RD-KEpgxnnrk,2022-01-18,9,16,16,0,2,10
AE,United Arab Emirates,Ras al Khaimah,,,AE-RK,,ChIJpwnSTA5x9j4RD-KEpgxnnrk,2022-01-19,14,15,16,1,2,10
AE,United Arab Emirates,Ras al Khaimah,,,AE-RK,,ChIJpwnSTA5x9j4RD-KEpgxnnrk,2022-01-20,2,2,17,4,3,13
AE,United Arab Emirates,Ras al Khaimah,,,AE-RK,,ChIJpwnSTA5x9j4RD-KEpgxnnrk,2022-01-21,1,2,3,-7,104,5
AE,United Arab Emirates,Ras al Khaimah,,,AE-RK,,ChIJpwnSTA5x9j4RD-KEpgxnnrk,2022-01-22,24,23,115,14,0,9
AE,United Arab Emirates,Ras al Khaimah,,,AE-RK,,ChIJpwnSTA5x9j4RD-KEpgxnnrk,2022-01-23,29,29,138,-19,-30,14
AE,United Arab Emirates,Ras al Khaimah,,,AE-RK,,ChIJpwnSTA5x9j4RD-KEpgxnnrk,2022-01-24,13,11,5,16,9,8
AE,United Arab Emirates,Ras al Khaimah,,,AE-RK,,ChIJpwnSTA5x9j4RD-KEpgxnnrk,2022-01-25,13,14,13,1,10,8
AE,United Arab Emirates,Ras al Khaimah,,,AE-RK,,ChIJpwnSTA5x9j4RD-KEpgxnnrk,2022-01-26,15,15,8,5,10,8
AE,United Arab Emirates,Ras al Khaimah,,,AE-RK,,ChIJpwnSTA5x9j4RD-KEpgxnnrk,2022-01-27,4,3,1,-1,11,11
AE,United Arab Emirates,Ras al Khaimah,,,AE-RK,,ChIJpwnSTA5x9j4RD-KEpgxnnrk,2022-01-28,6,12,12,5,123,1
AE,United Arab Emirates,Ras al Khaimah,,,AE-RK,,ChIJpwnSTA5x9j4RD-KEpgxnnrk,2022-01-29,27,29,103,15,3,7
AE,United Arab Emirates,Ras al Khaimah,,,AE-RK,,ChIJpwnSTA5x9j4RD-KEpgxnnrk,2022-01-30,36,37,112,-16,-28,12
AE,United Arab Emirates,Ras al Khaimah,,,AE-RK,,ChIJpwnSTA5x9j4RD-KEpgxnnrk,2022-01-31,19,21,7,18,12,6
AE,United Arab Emirates,Ras al Khaimah,,,AE-RK,,ChIJpwnSTA5x9j4RD-KEpgxnnrk,2022-02-01,20,20,10,-9,13,6
AE,United Arab Emirates,Ras al Khaimah,,,AE-RK,,ChIJpwnSTA5x9j4RD-KEpgxnnrk,2022-02-02,20,24,6,11,13,7
AE,United Arab Emirates,Ras al Khaimah,,,AE-RK,,ChIJpwnSTA5x9j4RD-KEpgxnnrk,2022-02-03,6,6,1,10,14,9
AE,United Arab Emirates,Ras al Khaimah,,,AE-RK,,ChIJpwnSTA5x9j4RD-KEpgxnnrk,2022-02-04,5,11,12,21,127,1
AE,United Arab Emirates,Ras al Khaimah,,,AE-RK,,ChIJpwnSTA5x9j4RD-KEpgxnnrk,2022-02-05,28,29,108,22,4,6
AE,United Arab Emirates,Ras al Khaimah,,,AE-RK,,ChIJpwnSTA5x9j4RD-KEpgxnnrk,2022-02-06,35,39,116,-14,-28,12
AE,United Arab Emirates,Ras al Khaimah,,,AE-RK,,ChIJpwnSTA5x9j4RD-KEpgxnnrk,2022-02-07,18,19,8,26,12,6
AE,United Arab Emirates,Ras al Khaimah,,,AE-RK,,ChIJpwnSTA5x9j4RD-KEpgxnnrk,2022-02-08,18,20,10,7,13,7
AE,United Arab Emirates,Ras al Khaimah,,,AE-RK,,ChIJpwnSTA5x9j4RD-KEpgxnnrk,2022-02-09,18,18,6,4,12,7
AE,United Arab Emirates,Ras al Khaimah,,,AE-RK,,ChIJpwnSTA5x9j4RD-KEpgxnnrk,2022-02-10,6,5,1,4,13,10
AE,United Arab Emirates,Ras al Khaimah,,,AE-RK,,ChIJpwnSTA5x9j4RD-KEpgxnnrk,2022-02-11,7,10,13,18,129,1
AE,United Arab Emirates,Ras al Khaimah,,,AE-RK,,ChIJpwnSTA5x9j4RD-KEpgxnnrk,2022-02-12,29,28,104,33,4,6
AE,United Arab Emirates,Ras al Khaimah,,,AE-RK,,ChIJpwnSTA5x9j4RD-KEpgxnnrk,2022-02-13,39,38,133,-12,-28,12
AE,United Arab Emirates,Ras al Khaimah,,,AE-RK,,ChIJpwnSTA5x9j4RD-KEpgxnnrk,2022-02-14,21,20,18,28,13,6
AE,United Arab Emirates,Ras al Khaimah,,,AE-RK,,ChIJpwnSTA5x9j4RD-KEpgxnnrk,2022-02-15,17,21,26,8,14,6
AE,United Arab Emirates,Ras al Khaimah,,,AE-RK,,ChIJpwnSTA5x9j4RD-KEpgxnnrk,2022-02-16,18,20,18,12,13,7
AE,United Arab Emirates,Ras al Khaimah,,,AE-RK,,ChIJpwnSTA5x9j4RD-KEpgxnnrk,2022-02-17,4,4,12,8,16,9
AE,United Arab Emirates,Ras al Khaimah,,,AE-RK,,ChIJpwnSTA5x9j4RD-KEpgxnnrk,2022-02-18,7,10,18,18,130,1
AE,United Arab Emirates,Ras al Khaimah,,,AE-RK,,ChIJpwnSTA5x9j4RD-KEpgxnnrk,2022-02-19,27,26,126,52,4,7
AE,United Arab Emirates,Ras al Khaimah,,,AE-RK,,ChIJpwnSTA5x9j4RD-KEpgxnnrk,2022-02-20,31,34,117,-8,-27,12
AE,United Arab Emirates,Ras al Khaimah,,,AE-RK,,ChIJpwnSTA5x9j4RD-KEpgxnnrk,2022-02-21,15,15,13,27,14,6
AE,United Arab Emirates,Ras al Khaimah,,,AE-RK,,ChIJpwnSTA5x9j4RD-KEpgxnnrk,2022-02-22,14,18,20,3,17,6
AE,United Arab Emirates,Ras al Khaimah,,,AE-RK,,ChIJpwnSTA5x9j4RD-KEpgxnnrk,2022-02-23,14,13,11,14,17,7
AE,United Arab Emirates,Ras al Khaimah,,,AE-RK,,ChIJpwnSTA5x9j4RD-KEpgxnnrk,2022-02-24,4,4,7,12,18,9
AE,United Arab Emirates,Ras al Khaimah,,,AE-RK,,ChIJpwnSTA5x9j4RD-KEpgxnnrk,2022-02-25,6,10,18,23,137,0
AE,United Arab Emirates,Ras al Khaimah,,,AE-RK,,ChIJpwnSTA5x9j4RD-KEpgxnnrk,2022-02-26,28,30,100,46,6,5
AE,United Arab Emirates,Ras al Khaimah,,,AE-RK,,ChIJpwnSTA5x9j4RD-KEpgxnnrk,2022-02-27,34,40,105,0,-26,11
AE,United Arab Emirates,Ras al Khaimah,,,AE-RK,,ChIJpwnSTA5x9j4RD-KEpgxnnrk,2022-02-28,21,25,18,27,16,4
AE,United Arab Emirates,Ras al Khaimah,,,AE-RK,,ChIJpwnSTA5x9j4RD-KEpgxnnrk,2022-03-01,22,29,24,16,18,5
AE,United Arab Emirates,Ras al Khaimah,,,AE-RK,,ChIJpwnSTA5x9j4RD-KEpgxnnrk,2022-03-02,23,29,19,15,18,5
AE,United Arab Emirates,Ras al Khaimah,,,AE-RK,,ChIJpwnSTA5x9j4RD-KEpgxnnrk,2022-03-03,8,11,14,17,19,8
AE,United Arab Emirates,Ras al Khaimah,,,AE-RK,,ChIJpwnSTA5x9j4RD-KEpgxnnrk,2022-03-04,9,13,11,18,138,1
AE,United Arab Emirates,Ras al Khaimah,,,AE-RK,,ChIJpwnSTA5x9j4RD-KEpgxnnrk,2022-03-05,31,33,103,57,7,6
AE,United Arab Emirates,Ras al Khaimah,,,AE-RK,,ChIJpwnSTA5x9j4RD-KEpgxnnrk,2022-03-06,36,40,96,-10,-27,12
AE,United Arab Emirates,Ras al Khaimah,,,AE-RK,,ChIJpwnSTA5x9j4RD-KEpgxnnrk,2022-03-07,19,21,20,33,18,6
AE,United Arab Emirates,Ras al Khaimah,,,AE-RK,,ChIJpwnSTA5x9j4RD-KEpgxnnrk,2022-03-08,18,20,20,3,21,7
AE,United Arab Emirates,Ras al Khaimah,,,AE-RK,,ChIJpwnSTA5x9j4RD-KEpgxnnrk,2022-03-09,19,22,20,8,19,8
AE,United Arab Emirates,Ras al Khaimah,,,AE-RK,,ChIJpwnSTA5x9j4RD-KEpgxnnrk,2022-03-10,5,9,15,9,22,11
AE,United Arab Emirates,Ras al Khaimah,,,AE-RK,,ChIJpwnSTA5x9j4RD-KEpgxnnrk,2022-03-11,6,12,14,10,140,3
AE,United Arab Emirates,Ras al Khaimah,,,AE-RK,,ChIJpwnSTA5x9j4RD-KEpgxnnrk,2022-03-12,26,30,84,40,8,9
AE,United Arab Emirates,Ras al Khaimah,,,AE-RK,,ChIJpwnSTA5x9j4RD-KEpgxnnrk,2022-03-13,33,38,90,-18,-26,14
AE,United Arab Emirates,Ras al Khaimah,,,AE-RK,,ChIJpwnSTA5x9j4RD-KEpgxnnrk,2022-03-14,17,21,19,21,20,8
AE,United Arab Emirates,Ras al Khaimah,,,AE-RK,,ChIJpwnSTA5x9j4RD-KEpgxnnrk,2022-03-15,18,24,25,10,21,8
AE,United Arab Emirates,Ras al Khaimah,,,AE-RK,,ChIJpwnSTA5x9j4RD-KEpgxnnrk,2022-03-16,20,24,21,9,21,9
AE,United Arab Emirates,Ras al Khaimah,,,AE-RK,,ChIJpwnSTA5x9j4RD-KEpgxnnrk,2022-03-17,4,9,10,13,21,11
AE,United Arab Emirates,Ras al Khaimah,,,AE-RK,,ChIJpwnSTA5x9j4RD-KEpgxnnrk,2022-03-18,4,10,7,25,139,4
AE,United Arab Emirates,Ras al Khaimah,,,AE-RK,,ChIJpwnSTA5x9j4RD-KEpgxnnrk,2022-03-19,24,26,91,36,10,9
AE,United Arab Emirates,Ras al Khaimah,,,AE-RK,,ChIJpwnSTA5x9j4RD-KEpgxnnrk,2022-03-20,28,34,90,-6,-26,14
AE,United Arab Emirates,Ras al Khaimah,,,AE-RK,,ChIJpwnSTA5x9j4RD-KEpgxnnrk,2022-03-21,15,18,24,37,21,8
AE,United Arab Emirates,Ras al Khaimah,,,AE-RK,,ChIJpwnSTA5x9j4RD-KEpgxnnrk,2022-03-22,16,20,24,6,21,9
AE,United Arab Emirates,Ras al Khaimah,,,AE-RK,,ChIJpwnSTA5x9j4RD-KEpgxnnrk,2022-03-23,17,20,20,12,21,9
AE,United Arab Emirates,Ras al Khaimah,,,AE-RK,,ChIJpwnSTA5x9j4RD-KEpgxnnrk,2022-03-24,5,6,12,22,22,11
AE,United Arab Emirates,Ras al Khaimah,,,AE-RK,,ChIJpwnSTA5x9j4RD-KEpgxnnrk,2022-03-25,7,12,16,34,140,2
AE,United Arab Emirates,Ras al Khaimah,,,AE-RK,,ChIJpwnSTA5x9j4RD-KEpgxnnrk,2022-03-26,28,28,80,50,9,7
AE,United Arab Emirates,Ras al Khaimah,,,AE-RK,,ChIJpwnSTA5x9j4RD-KEpgxnnrk,2022-03-27,38,37,94,-11,-26,12
AE,United Arab Emirates,Ras al Khaimah,,,AE-RK,,ChIJpwnSTA5x9j4RD-KEpgxnnrk,2022-03-28,25,25,30,38,14,7
AE,United Arab Emirates,Ras al Khaimah,,,AE-RK,,ChIJpwnSTA5x9j4RD-KEpgxnnrk,2022-03-29,25,26,37,19,15,7
AE,United Arab Emirates,Ras al Khaimah,,,AE-RK,,ChIJpwnSTA5x9j4RD-KEpgxnnrk,2022-03-30,27,28,32,16,14,8
AE,United Arab Emirates,Ras al Khaimah,,,AE-RK,,ChIJpwnSTA5x9j4RD-KEpgxnnrk,2022-03-31,14,14,22,10,15,10
AE,United Arab Emirates,Ras al Khaimah,,,AE-RK,,ChIJpwnSTA5x9j4RD-KEpgxnnrk,2022-04-01,13,30,9,12,131,2
AE,United Arab Emirates,Ras al Khaimah,,,AE-RK,,ChIJpwnSTA5x9j4RD-KEpgxnnrk,2022-04-02,4,32,29,-3,6,14
AE,United Arab Emirates,Ras al Khaimah,,,AE-RK,,ChIJpwnSTA5x9j4RD-KEpgxnnrk,2022-04-03,13,36,36,-34,-29,20
AE,United Arab Emirates,Ras al Khaimah,,,AE-RK,,ChIJpwnSTA5x9j4RD-KEpgxnnrk,2022-04-04,5,23,12,-8,10,14
AE,United Arab Emirates,Ras al Khaimah,,,AE-RK,,ChIJpwnSTA5x9j4RD-KEpgxnnrk,2022-04-05,8,21,17,2,11,14
AE,United Arab Emirates,Ras al Khaimah,,,AE-RK,,ChIJpwnSTA5x9j4RD-KEpgxnnrk,2022-04-06,8,21,10,-8,9,15
AE,United Arab Emirates,Ras al Khaimah,,,AE-RK,,ChIJpwnSTA5x9j4RD-KEpgxnnrk,2022-04-07,-5,7,4,-17,11,18
AE,United Arab Emirates,Ras al Khaimah,,,AE-RK,,ChIJpwnSTA5x9j4RD-KEpgxnnrk,2022-04-08,-5,11,-9,0,123,7
AE,United Arab Emirates,Ras al Khaimah,,,AE-RK,,ChIJpwnSTA5x9j4RD-KEpgxnnrk,2022-04-09,12,26,34,-9,7,13
AE,United Arab Emirates,Ras al Khaimah,,,AE-RK,,ChIJpwnSTA5x9j4RD-KEpgxnnrk,2022-04-10,19,35,34,-27,-28,19
AE,United Arab Emirates,Ras al Khaimah,,,AE-RK,,ChIJpwnSTA5x9j4RD-KEpgxnnrk,2022-04-11,8,23,11,5,13,13
AE,United Arab Emirates,Ras al Khaimah,,,AE-RK,,ChIJpwnSTA5x9j4RD-KEpgxnnrk,2022-04-12,9,21,14,-2,13,14
AE,United Arab Emirates,Ras al Khaimah,,,AE-RK,,ChIJpwnSTA5x9j4RD-KEpgxnnrk,2022-04-13,9,21,11,-14,13,15
AE,United Arab Emirates,Ras al Khaimah,,,AE-RK,,ChIJpwnSTA5x9j4RD-KEpgxnnrk,2022-04-14,-2,7,-4,-13,15,17
AE,United Arab Emirates,Ras al Khaimah,,,AE-RK,,ChIJpwnSTA5x9j4RD-KEpgxnnrk,2022-04-15,-2,9,-16,-2,122,8
AE,United Arab Emirates,Ras al Khaimah,,,AE-RK,,ChIJpwnSTA5x9j4RD-KEpgxnnrk,2022-04-16,13,25,23,2,8,13
AE,United Arab Emirates,Ras al Khaimah,,,AE-RK,,ChIJpwnSTA5x9j4RD-KEpgxnnrk,2022-04-17,19,31,30,-31,-28,19
AE,United Arab Emirates,Ras al Khaimah,,,AE-RK,,ChIJpwnSTA5x9j4RD-KEpgxnnrk,2022-04-18,5,18,8,7,18,13
AE,United Arab Emirates,Ras al Khaimah,,,AE-RK,,ChIJpwnSTA5x9j4RD-KEpgxnnrk,2022-04-19,6,19,5,-7,20,14
AE,United Arab Emirates,Ras al Khaimah,,,AE-RK,,ChIJpwnSTA5x9j4RD-KEpgxnnrk,2022-04-20,5,18,4,-12,18,14
AE,United Arab Emirates,Ras al Khaimah,,,AE-RK,,ChIJpwnSTA5x9j4RD-KEpgxnnrk,2022-04-21,-7,2,-5,-9,20,18
AE,United Arab Emirates,Ras al Khaimah,,,AE-RK,,ChIJpwnSTA5x9j4RD-KEpgxnnrk,2022-04-22,-6,7,-16,-2,132,8
AE,United Arab Emirates,Ras al Khaimah,,,AE-RK,,ChIJpwnSTA5x9j4RD-KEpgxnnrk,2022-04-23,11,24,28,-8,10,13
AE,United Arab Emirates,Ras al Khaimah,,,AE-RK,,ChIJpwnSTA5x9j4RD-KEpgxnnrk,2022-04-24,17,33,23,-30,-26,20
AE,United Arab Emirates,Ras al Khaimah,,,AE-RK,,ChIJpwnSTA5x9j4RD-KEpgxnnrk,2022-04-25,8,21,9,4,19,13
AE,United Arab Emirates,Ras al Khaimah,,,AE-RK,,ChIJpwnSTA5x9j4RD-KEpgxnnrk,2022-04-26,12,26,10,10,19,13
AE,United Arab Emirates,Ras al Khaimah,,,AE-RK,,ChIJpwnSTA5x9j4RD-KEpgxnnrk,2022-04-27,15,30,8,-10,19,13
AE,United Arab Emirates,Ras al Khaimah,,,AE-RK,,ChIJpwnSTA5x9j4RD-KEpgxnnrk,2022-04-28,7,17,0,-1,19,15
AE,United Arab Emirates,Ras al Khaimah,,,AE-RK,,ChIJpwnSTA5x9j4RD-KEpgxnnrk,2022-04-29,11,24,-11,12,132,5
AE,United Arab Emirates,Ras al Khaimah,,,AE-RK,,ChIJpwnSTA5x9j4RD-KEpgxnnrk,2022-04-30,38,52,48,13,2,11
AE,United Arab Emirates,Ras al Khaimah,,,AE-RK,,ChIJpwnSTA5x9j4RD-KEpgxnnrk,2022-05-01,68,84,123,-8,-40,17
AE,United Arab Emirates,Ras al Khaimah,,,AE-RK,,ChIJpwnSTA5x9j4RD-KEpgxnnrk,2022-05-02,74,62,347,31,-57,13
AE,United Arab Emirates,Ras al Khaimah,,,AE-RK,,ChIJpwnSTA5x9j4RD-KEpgxnnrk,2022-05-03,69,56,374,24,-54,15
AE,United Arab Emirates,Ras al Khaimah,,,AE-RK,,ChIJpwnSTA5x9j4RD-KEpgxnnrk,2022-05-04,46,40,142,1,-37,15
AE,United Arab Emirates,Ras al Khaimah,,,AE-RK,,ChIJpwnSTA5x9j4RD-KEpgxnnrk,2022-05-05,14,13,30,-12,-5,15
AE,United Arab Emirates,Ras al Khaimah,,,AE-RK,,ChIJpwnSTA5x9j4RD-KEpgxnnrk,2022-05-06,5,11,8,2,96,7
AE,United Arab Emirates,Ras al Khaimah,,,AE-RK,,ChIJpwnSTA5x9j4RD-KEpgxnnrk,2022-05-07,22,29,41,3,10,10
AE,United Arab Emirates,Ras al Khaimah,,,AE-RK,,ChIJpwnSTA5x9j4RD-KEpgxnnrk,2022-05-08,25,37,42,-30,-27,16
AE,United Arab Emirates,Ras al Khaimah,,,AE-RK,,ChIJpwnSTA5x9j4RD-KEpgxnnrk,2022-05-09,14,21,10,16,19,9
AE,United Arab Emirates,Ras al Khaimah,,,AE-RK,,ChIJpwnSTA5x9j4RD-KEpgxnnrk,2022-05-10,13,23,14,24,20,9
AE,United Arab Emirates,Ras al Khaimah,,,AE-RK,,ChIJpwnSTA5x9j4RD-KEpgxnnrk,2022-05-11,13,24,10,-10,19,9
AE,United Arab Emirates,Ras al Khaimah,,,AE-RK,,ChIJpwnSTA5x9j4RD-KEpgxnnrk,2022-05-12,-1,7,3,-10,20,12
AE,United Arab Emirates,Ras al Khaimah,,,AE-RK,,ChIJpwnSTA5x9j4RD-KEpgxnnrk,2022-05-13,1,10,-8,-3,143,4
AE,United Arab Emirates,Ras al Khaimah,,,AE-RK,,ChIJpwnSTA5x9j4RD-KEpgxnnrk,2022-05-14,18,29,65,-2,-16,15
AE,United Arab Emirates,Ras al Khaimah,,,AE-RK,,ChIJpwnSTA5x9j4RD-KEpgxnnrk,2022-05-15,34,40,108,-29,-42,19
AE,United Arab Emirates,Ras al Khaimah,,,AE-RK,,ChIJpwnSTA5x9j4RD-KEpgxnnrk,2022-05-16,18,27,34,-2,-30,18
AE,United Arab Emirates,Ras al Khaimah,,,AE-RK,,ChIJpwnSTA5x9j4RD-KEpgxnnrk,2022-05-17,8,17,10,6,22,9
AE,United Arab Emirates,Ras al Khaimah,,,AE-RK,,ChIJpwnSTA5x9j4RD-KEpgxnnrk,2022-05-18,10,17,3,-1,19,10
AE,United Arab Emirates,Ras al Khaimah,,,AE-RK,,ChIJpwnSTA5x9j4RD-KEpgxnnrk,2022-05-19,-3,4,7,-13,19,13
AE,United Arab Emirates,Ras al Khaimah,,,AE-RK,,ChIJpwnSTA5x9j4RD-KEpgxnnrk,2022-05-20,0,7,-8,-1,142,4
AE,United Arab Emirates,Ras al Khaimah,,,AE-RK,,ChIJpwnSTA5x9j4RD-KEpgxnnrk,2022-05-21,18,23,33,-5,11,10
AE,United Arab Emirates,Ras al Khaimah,,,AE-RK,,ChIJpwnSTA5x9j4RD-KEpgxnnrk,2022-05-22,23,33,49,-35,-27,17
AE,United Arab Emirates,Ras al Khaimah,,,AE-RK,,ChIJpwnSTA5x9j4RD-KEpgxnnrk,2022-05-23,8,16,16,22,20,9
AE,United Arab Emirates,Ras al Khaimah,,,AE-RK,,ChIJpwnSTA5x9j4RD-KEpgxnnrk,2022-05-24,10,17,16,-4,21,10
AE,United Arab Emirates,Ras al Khaimah,,,AE-RK,,ChIJpwnSTA5x9j4RD-KEpgxnnrk,2022-05-25,10,18,8,-5,20,10
AE,United Arab Emirates,Ras al Khaimah,,,AE-RK,,ChIJpwnSTA5x9j4RD-KEpgxnnrk,2022-05-26,0,7,6,-12,20,12
AE,United Arab Emirates,Ras al Khaimah,,,AE-RK,,ChIJpwnSTA5x9j4RD-KEpgxnnrk,2022-05-27,4,13,-6,24,141,3
AE,United Arab Emirates,Ras al Khaimah,,,AE-RK,,ChIJpwnSTA5x9j4RD-KEpgxnnrk,2022-05-28,27,33,37,8,10,9
AE,United Arab Emirates,Ras al Khaimah,,,AE-RK,,ChIJpwnSTA5x9j4RD-KEpgxnnrk,2022-05-29,28,42,43,-32,-27,15
AE,United Arab Emirates,Ras al Khaimah,,,AE-RK,,ChIJpwnSTA5x9j4RD-KEpgxnnrk,2022-05-30,15,22,16,26,20,8
AE,United Arab Emirates,Ras al Khaimah,,,AE-RK,,ChIJpwnSTA5x9j4RD-KEpgxnnrk,2022-05-31,19,27,18,8,20,8
AE,United Arab Emirates,Ras al Khaimah,,,AE-RK,,ChIJpwnSTA5x9j4RD-KEpgxnnrk,2022-06-01,18,29,10,9,19,9
AE,United Arab Emirates,Ras al Khaimah,,,AE-RK,,ChIJpwnSTA5x9j4RD-KEpgxnnrk,2022-06-02,3,11,1,-7,20,12
AE,United Arab Emirates,Ras al Khaimah,,,AE-RK,,ChIJpwnSTA5x9j4RD-KEpgxnnrk,2022-06-03,8,14,-6,21,141,4
AE,United Arab Emirates,Ras al Khaimah,,,AE-RK,,ChIJpwnSTA5x9j4RD-KEpgxnnrk,2022-06-04,28,34,36,16,9,9
AE,United Arab Emirates,Ras al Khaimah,,,AE-RK,,ChIJpwnSTA5x9j4RD-KEpgxnnrk,2022-06-05,33,42,40,-28,-29,15
AE,United Arab Emirates,Ras al Khaimah,,,AE-RK,,ChIJpwnSTA5x9j4RD-KEpgxnnrk,2022-06-06,14,21,14,24,19,9
AE,United Arab Emirates,Ras al Khaimah,,,AE-RK,,ChIJpwnSTA5x9j4RD-KEpgxnnrk,2022-06-07,15,22,15,10,19,10
AE,United Arab Emirates,Ras al Khaimah,,,AE-RK,,ChIJpwnSTA5x9j4RD-KEpgxnnrk,2022-06-08,14,20,15,-1,18,10
AE,United Arab Emirates,Ras al Khaimah,,,AE-RK,,ChIJpwnSTA5x9j4RD-KEpgxnnrk,2022-06-09,2,8,6,-12,19,13
AE,United Arab Emirates,Ras al Khaimah,,,AE-RK,,ChIJpwnSTA5x9j4RD-KEpgxnnrk,2022-06-10,3,10,-6,7,138,5
AE,United Arab Emirates,Ras al Khaimah,,,AE-RK,,ChIJpwnSTA5x9j4RD-KEpgxnnrk,2022-06-11,22,29,27,8,7,11
AE,United Arab Emirates,Ras al Khaimah,,,AE-RK,,ChIJpwnSTA5x9j4RD-KEpgxnnrk,2022-06-12,26,35,42,-28,-30,17
AE,United Arab Emirates,Ras al Khaimah,,,AE-RK,,ChIJpwnSTA5x9j4RD-KEpgxnnrk,2022-06-13,11,18,11,31,17,10
AE,United Arab Emirates,Ras al Khaimah,,,AE-RK,,ChIJpwnSTA5x9j4RD-KEpgxnnrk,2022-06-14,11,21,11,10,18,10
AE,United Arab Emirates,Ras al Khaimah,,,AE-RK,,ChIJpwnSTA5x9j4RD-KEpgxnnrk,2022-06-15,12,21,6,-3,16,11
AE,United Arab Emirates,Ras al Khaimah,,,AE-RK,,ChIJpwnSTA5x9j4RD-KEpgxnnrk,2022-06-16,1,7,-1,-9,18,13
AE,United Arab Emirates,Ras al Khaimah,,,AE-RK,,ChIJpwnSTA5x9j4RD-KEpgxnnrk,2022-06-17,0,9,-16,9,137,5
AE,United Arab Emirates,Ras al Khaimah,,,AE-RK,,ChIJpwnSTA5x9j4RD-KEpgxnnrk,2022-06-18,20,27,19,8,8,11
AE,United Arab Emirates,Ras al Khaimah,,,AE-RK,,ChIJpwnSTA5x9j4RD-KEpgxnnrk,2022-06-19,23,35,30,-32,-30,18
AE,United Arab Emirates,Ras al Khaimah,,,AE-RK,,ChIJpwnSTA5x9j4RD-KEpgxnnrk,2022-06-20,12,20,7,27,15,10
AE,United Arab Emirates,Ras al Khaimah,,,AE-RK,,ChIJpwnSTA5x9j4RD-KEpgxnnrk,2022-06-21,12,20,8,8,16,11
AE,United Arab Emirates,Ras al Khaimah,,,AE-RK,,ChIJpwnSTA5x9j4RD-KEpgxnnrk,2022-06-22,11,19,6,-7,15,11
AE,United Arab Emirates,Ras al Khaimah,,,AE-RK,,ChIJpwnSTA5x9j4RD-KEpgxnnrk,2022-06-23,-1,4,-7,-12,17,14
AE,United Arab Emirates,Ras al Khaimah,,,AE-RK,,ChIJpwnSTA5x9j4RD-KEpgxnnrk,2022-06-24,0,5,-20,6,134,5
AE,United Arab Emirates,Ras al Khaimah,,,AE-RK,,ChIJpwnSTA5x9j4RD-KEpgxnnrk,2022-06-25,19,25,12,0,7,11
AE,United Arab Emirates,Ras al Khaimah,,,AE-RK,,ChIJpwnSTA5x9j4RD-KEpgxnnrk,2022-06-26,22,31,19,-33,-30,17
AE,United Arab Emirates,Ras al Khaimah,,,AE-RK,,ChIJpwnSTA5x9j4RD-KEpgxnnrk,2022-06-27,13,18,2,24,14,9
AE,United Arab Emirates,Ras al Khaimah,,,AE-RK,,ChIJpwnSTA5x9j4RD-KEpgxnnrk,2022-06-28,16,20,4,6,16,10
AE,United Arab Emirates,Ras al Khaimah,,,AE-RK,,ChIJpwnSTA5x9j4RD-KEpgxnnrk,2022-06-29,17,20,-1,-3,14,10
AE,United Arab Emirates,Ras al Khaimah,,,AE-RK,,ChIJpwnSTA5x9j4RD-KEpgxnnrk,2022-06-30,5,6,-6,-13,16,13
AE,United Arab Emirates,Ras al Khaimah,,,AE-RK,,ChIJpwnSTA5x9j4RD-KEpgxnnrk,2022-07-01,4,10,-21,21,132,5
AE,United Arab Emirates,Ras al Khaimah,,,AE-RK,,ChIJpwnSTA5x9j4RD-KEpgxnnrk,2022-07-02,23,30,10,4,6,10
AE,United Arab Emirates,Ras al Khaimah,,,AE-RK,,ChIJpwnSTA5x9j4RD-KEpgxnnrk,2022-07-03,29,34,11,-16,-30,16
AE,United Arab Emirates,Ras al Khaimah,,,AE-RK,,ChIJpwnSTA5x9j4RD-KEpgxnnrk,2022-07-04,18,22,2,20,12,9
AE,United Arab Emirates,Ras al Khaimah,,,AE-RK,,ChIJpwnSTA5x9j4RD-KEpgxnnrk,2022-07-05,20,24,8,26,13,10
AE,United Arab Emirates,Ras al Khaimah,,,AE-RK,,ChIJpwnSTA5x9j4RD-KEpgxnnrk,2022-07-06,24,27,4,7,10,9
AE,United Arab Emirates,Ras al Khaimah,,,AE-RK,,ChIJpwnSTA5x9j4RD-KEpgxnnrk,2022-07-07,19,18,1,17,10,11
AE,United Arab Emirates,Ras al Khaimah,,,AE-RK,,ChIJpwnSTA5x9j4RD-KEpgxnnrk,2022-07-08,18,32,1,37,32,10
AE,United Arab Emirates,Ras al Khaimah,,,AE-RK,,ChIJpwnSTA5x9j4RD-KEpgxnnrk,2022-07-09,30,28,140,19,-42,13
AE,United Arab Emirates,Ras al Khaimah,,,AE-RK,,ChIJpwnSTA5x9j4RD-KEpgxnnrk,2022-07-10,46,35,192,-2,-57,18
AE,United Arab Emirates,Ras al Khaimah,,,AE-RK,,ChIJpwnSTA5x9j4RD-KEpgxnnrk,2022-07-11,29,26,79,26,-38,16
AE,United Arab Emirates,Ras al Khaimah,,,AE-RK,,ChIJpwnSTA5x9j4RD-KEpgxnnrk,2022-07-12,11,13,11,10,5,10
AE,United Arab Emirates,Ras al Khaimah,,,AE-RK,,ChIJpwnSTA5x9j4RD-KEpgxnnrk,2022-07-13,11,13,2,-3,4,11
AE,United Arab Emirates,Ras al Khaimah,,,AE-RK,,ChIJpwnSTA5x9j4RD-KEpgxnnrk,2022-07-14,-2,0,-5,-10,7,14
AE,United Arab Emirates,Ras al Khaimah,,,AE-RK,,ChIJpwnSTA5x9j4RD-KEpgxnnrk,2022-07-15,-8,-5,-20,11,115,7
AE,United Arab Emirates,Ras al Khaimah,,,AE-RK,,ChIJpwnSTA5x9j4RD-KEpgxnnrk,2022-07-16,13,15,14,8,7,11
AE,United Arab Emirates,Ras al Khaimah,,,AE-RK,,ChIJpwnSTA5x9j4RD-KEpgxnnrk,2022-07-17,16,21,23,-32,-31,18
AE,United Arab Emirates,Ras al Khaimah,,,AE-RK,,ChIJpwnSTA5x9j4RD-KEpgxnnrk,2022-07-18,7,9,4,32,5,11
AE,United Arab Emirates,Ras al Khaimah,,,AE-RK,,ChIJpwnSTA5x9j4RD-KEpgxnnrk,2022-07-19,8,10,9,10,8,18
AE,United Arab Emirates,Ras al Khaimah,,,AE-RK,,ChIJpwnSTA5x9j4RD-KEpgxnnrk,2022-07-20,7,9,-1,2,6,12
AE,United Arab Emirates,Ras al Khaimah,,,AE-RK,,ChIJpwnSTA5x9j4RD-KEpgxnnrk,2022-07-21,-6,-4,-9,-14,7,15
AE,United Arab Emirates,Ras al Khaimah,,,AE-RK,,ChIJpwnSTA5x9j4RD-KEpgxnnrk,2022-07-22,-8,-5,-22,9,115,6
AE,United Arab Emirates,Ras al Khaimah,,,AE-RK,,ChIJpwnSTA5x9j4RD-KEpgxnnrk,2022-07-23,9,14,12,-4,8,11
AE,United Arab Emirates,Ras al Khaimah,,,AE-RK,,ChIJpwnSTA5x9j4RD-KEpgxnnrk,2022-07-24,8,12,19,-33,-33,18
AE,United Arab Emirates,Ras al Khaimah,,,AE-RK,,ChIJpwnSTA5x9j4RD-KEpgxnnrk,2022-07-25,5,7,0,20,5,12
AE,United Arab Emirates,Ras al Khaimah,,,AE-RK,,ChIJpwnSTA5x9j4RD-KEpgxnnrk,2022-07-26,9,13,11,4,6,11
AE,United Arab Emirates,Ras al Khaimah,,,AE-RK,,ChIJpwnSTA5x9j4RD-KEpgxnnrk,2022-07-27,14,11,29,-5,6,11
AE,United Arab Emirates,Ras al Khaimah,,,AE-RK,,ChIJpwnSTA5x9j4RD-KEpgxnnrk,2022-07-28,3,5,3,-7,5,14
AE,United Arab Emirates,Ras al Khaimah,,,AE-RK,,ChIJpwnSTA5x9j4RD-KEpgxnnrk,2022-07-29,4,8,-14,15,115,4
AE,United Arab Emirates,Ras al Khaimah,,,AE-RK,,ChIJpwnSTA5x9j4RD-KEpgxnnrk,2022-07-30,23,26,29,1,-10,13
AE,United Arab Emirates,Ras al Khaimah,,,AE-RK,,ChIJpwnSTA5x9j4RD-KEpgxnnrk,2022-07-31,25,31,19,-18,-30,16
AE,United Arab Emirates,Ras al Khaimah,,,AE-RK,,ChIJpwnSTA5x9j4RD-KEpgxnnrk,2022-08-01,16,20,4,27,6,10
AE,United Arab Emirates,Ras al Khaimah,,,AE-RK,,ChIJpwnSTA5x9j4RD-KEpgxnnrk,2022-08-02,16,20,11,13,7,10
AE,United Arab Emirates,Ras al Khaimah,,,AE-RK,,ChIJpwnSTA5x9j4RD-KEpgxnnrk,2022-08-03,16,19,5,5,5,11
AE,United Arab Emirates,Ras al Khaimah,,,AE-RK,,ChIJpwnSTA5x9j4RD-KEpgxnnrk,2022-08-04,2,6,0,-7,7,14
AE,United Arab Emirates,Ras al Khaimah,,,AE-RK,,ChIJpwnSTA5x9j4RD-KEpgxnnrk,2022-08-05,0,7,-17,14,115,5
AE,United Arab Emirates,Ras al Khaimah,,,AE-RK,,ChIJpwnSTA5x9j4RD-KEpgxnnrk,2022-08-06,19,24,18,-1,6,10
AE,United Arab Emirates,Ras al Khaimah,,,AE-RK,,ChIJpwnSTA5x9j4RD-KEpgxnnrk,2022-08-07,22,30,29,-24,-32,17
AE,United Arab Emirates,Ras al Khaimah,,,AE-RK,,ChIJpwnSTA5x9j4RD-KEpgxnnrk,2022-08-08,11,14,5,20,4,10
AE,United Arab Emirates,Ras al Khaimah,,,AE-RK,,ChIJpwnSTA5x9j4RD-KEpgxnnrk,2022-08-09,13,16,5,10,5,10
AE,United Arab Emirates,Ras al Khaimah,,,AE-RK,,ChIJpwnSTA5x9j4RD-KEpgxnnrk,2022-08-10,13,17,4,-2,6,11
AE,United Arab Emirates,Ras al Khaimah,,,AE-RK,,ChIJpwnSTA5x9j4RD-KEpgxnnrk,2022-08-11,-1,3,-8,-7,5,14
AE,United Arab Emirates,Ras al Khaimah,,,AE-RK,,ChIJpwnSTA5x9j4RD-KEpgxnnrk,2022-08-12,-1,6,-15,15,117,5
AE,United Arab Emirates,Ras al Khaimah,,,AE-RK,,ChIJpwnSTA5x9j4RD-KEpgxnnrk,2022-08-13,18,22,18,0,7,10
AE,United Arab Emirates,Ras al Khaimah,,,AE-RK,,ChIJpwnSTA5x9j4RD-KEpgxnnrk,2022-08-14,20,25,26,-26,-31,17
AE,United Arab Emirates,Ras al Khaimah,,,AE-RK,,ChIJpwnSTA5x9j4RD-KEpgxnnrk,2022-08-15,12,15,5,25,7,13
AE,United Arab Emirates,Ras al Khaimah,,,AE-RK,,ChIJpwnSTA5x9j4RD-KEpgxnnrk,2022-08-16,14,16,10,3,7,12
AE,United Arab Emirates,Ras al Khaimah,,,AE-RK,,ChIJpwnSTA5x9j4RD-KEpgxnnrk,2022-08-17,16,17,5,3,7,14
AE,United Arab Emirates,Ras al Khaimah,,,AE-RK,,ChIJpwnSTA5x9j4RD-KEpgxnnrk,2022-08-18,2,3,-2,-10,9,16
AE,United Arab Emirates,Ras al Khaimah,,,AE-RK,,ChIJpwnSTA5x9j4RD-KEpgxnnrk,2022-08-19,2,4,-12,7,119,8
AE,United Arab Emirates,Ras al Khaimah,,,AE-RK,,ChIJpwnSTA5x9j4RD-KEpgxnnrk,2022-08-20,22,23,22,-6,9,13
AE,United Arab Emirates,Ras al Khaimah,,,AE-RK,,ChIJpwnSTA5x9j4RD-KEpgxnnrk,2022-08-21,26,29,42,-30,-29,19
AE,United Arab Emirates,Ras al Khaimah,,,AE-RK,,ChIJpwnSTA5x9j4RD-KEpgxnnrk,2022-08-22,13,14,9,13,10,12
AE,United Arab Emirates,Ras al Khaimah,,,AE-RK,,ChIJpwnSTA5x9j4RD-KEpgxnnrk,2022-08-23,14,19,7,4,12,13
AE,United Arab Emirates,Ras al Khaimah,,,AE-RK,,ChIJpwnSTA5x9j4RD-KEpgxnnrk,2022-08-24,15,17,10,1,12,13
AE,United Arab Emirates,Ras al Khaimah,,,AE-RK,,ChIJpwnSTA5x9j4RD-KEpgxnnrk,2022-08-25,3,6,1,-20,13,16
AE,United Arab Emirates,Ras al Khaimah,,,AE-RK,,ChIJpwnSTA5x9j4RD-KEpgxnnrk,2022-08-26,7,11,-8,4,132,6
AE,United Arab Emirates,Ras al Khaimah,,,AE-RK,,ChIJpwnSTA5x9j4RD-KEpgxnnrk,2022-08-27,29,34,26,1,9,11
AE,United Arab Emirates,Ras al Khaimah,,,AE-RK,,ChIJpwnSTA5x9j4RD-KEpgxnnrk,2022-08-28,33,43,34,-31,-29,18
AE,United Arab Emirates,Ras al Khaimah,,,AE-RK,,ChIJpwnSTA5x9j4RD-KEpgxnnrk,2022-08-29,17,23,7,11,11,11
AE,United Arab Emirates,Ras al Khaimah,,,AE-RK,,ChIJpwnSTA5x9j4RD-KEpgxnnrk,2022-08-30,18,25,8,2,13,10
AE,United Arab Emirates,Ras al Khaimah,,,AE-RK,,ChIJpwnSTA5x9j4RD-KEpgxnnrk,2022-08-31,20,24,0,-10,12,11
AE,United Arab Emirates,Ras al Khaimah,,,AE-RK,,ChIJpwnSTA5x9j4RD-KEpgxnnrk,2022-09-01,6,10,-1,-14,13,12
AE,United Arab Emirates,Ras al Khaimah,,,AE-RK,,ChIJpwnSTA5x9j4RD-KEpgxnnrk,2022-09-02,7,13,-9,12,133,4
AE,United Arab Emirates,Ras al Khaimah,,,AE-RK,,ChIJpwnSTA5x9j4RD-KEpgxnnrk,2022-09-03,30,35,32,-4,8,10
AE,United Arab Emirates,Ras al Khaimah,,,AE-RK,,ChIJpwnSTA5x9j4RD-KEpgxnnrk,2022-09-04,32,40,39,-28,-30,16
AE,United Arab Emirates,Ras al Khaimah,,,AE-RK,,ChIJpwnSTA5x9j4RD-KEpgxnnrk,2022-09-05,17,25,7,10,13,8
AE,United Arab Emirates,Ras al Khaimah,,,AE-RK,,ChIJpwnSTA5x9j4RD-KEpgxnnrk,2022-09-06,16,24,7,-3,15,9
AE,United Arab Emirates,Ras al Khaimah,,,AE-RK,,ChIJpwnSTA5x9j4RD-KEpgxnnrk,2022-09-07,16,28,2,-5,15,10
AE,United Arab Emirates,Ras al Khaimah,,,AE-RK,,ChIJpwnSTA5x9j4RD-KEpgxnnrk,2022-09-08,2,7,-4,-16,13,14
AE,United Arab Emirates,Ras al Khaimah,,,AE-RK,,ChIJpwnSTA5x9j4RD-KEpgxnnrk,2022-09-09,3,9,-8,8,134,4
AE,United Arab Emirates,Ras al Khaimah,,,AE-RK,,ChIJpwnSTA5x9j4RD-KEpgxnnrk,2022-09-10,24,30,34,-3,9,10
AE,United Arab Emirates,Ras al Khaimah,,,AE-RK,,ChIJpwnSTA5x9j4RD-KEpgxnnrk,2022-09-11,28,38,38,-31,-30,16
AE,United Arab Emirates,Ras al Khaimah,,,AE-RK,,ChIJpwnSTA5x9j4RD-KEpgxnnrk,2022-09-12,13,18,1,8,15,10
AE,United Arab Emirates,Ras al Khaimah,,,AE-RK,,ChIJpwnSTA5x9j4RD-KEpgxnnrk,2022-09-13,13,21,4,-3,15,10
AE,United Arab Emirates,Ras al Khaimah,,,AE-RK,,ChIJpwnSTA5x9j4RD-KEpgxnnrk,2022-09-14,12,19,4,-8,13,10
AE,United Arab Emirates,Ras al Khaimah,,,AE-RK,,ChIJpwnSTA5x9j4RD-KEpgxnnrk,2022-09-15,0,7,-5,-22,15,13
AE,United Arab Emirates,Ras al Khaimah,,,AE-RK,,ChIJpwnSTA5x9j4RD-KEpgxnnrk,2022-09-16,4,11,-12,-3,135,3
AE,United Arab Emirates,Ras al Khaimah,,,AE-RK,,ChIJpwnSTA5x9j4RD-KEpgxnnrk,2022-09-17,23,29,37,-4,8,10
AE,United Arab Emirates,Ras al Khaimah,,,AE-RK,,ChIJpwnSTA5x9j4RD-KEpgxnnrk,2022-09-18,26,36,41,-33,-30,16
AE,United Arab Emirates,Ras al Khaimah,,,AE-RK,,ChIJpwnSTA5x9j4RD-KEpgxnnrk,2022-09-19,11,18,3,11,15,9
AE,United Arab Emirates,Ras al Khaimah,,,AE-RK,,ChIJpwnSTA5x9j4RD-KEpgxnnrk,2022-09-20,11,18,14,-6,14,10
AE,United Arab Emirates,Ras al Khaimah,,,AE-RK,,ChIJpwnSTA5x9j4RD-KEpgxnnrk,2022-09-21,12,18,5,-7,14,10
AE,United Arab Emirates,Ras al Khaimah,,,AE-RK,,ChIJpwnSTA5x9j4RD-KEpgxnnrk,2022-09-22,1,4,-2,-20,16,13
AE,United Arab Emirates,Ras al Khaimah,,,AE-RK,,ChIJpwnSTA5x9j4RD-KEpgxnnrk,2022-09-23,2,9,-3,3,135,4
AE,United Arab Emirates,Ras al Khaimah,,,AE-RK,,ChIJpwnSTA5x9j4RD-KEpgxnnrk,2022-09-24,23,27,41,-3,7,10
AE,United Arab Emirates,Ras al Khaimah,,,AE-RK,,ChIJpwnSTA5x9j4RD-KEpgxnnrk,2022-09-25,27,37,42,-33,-31,17
AE,United Arab Emirates,Ras al Khaimah,,,AE-RK,,ChIJpwnSTA5x9j4RD-KEpgxnnrk,2022-09-26,11,19,8,19,16,9
AE,United Arab Emirates,Ras al Khaimah,,,AE-RK,,ChIJpwnSTA5x9j4RD-KEpgxnnrk,2022-09-27,17,25,11,9,16,9
AE,United Arab Emirates,Ras al Khaimah,,,AE-RK,,ChIJpwnSTA5x9j4RD-KEpgxnnrk,2022-09-28,17,25,6,-4,16,9
AE,United Arab Emirates,Ras al Khaimah,,,AE-RK,,ChIJpwnSTA5x9j4RD-KEpgxnnrk,2022-09-29,6,10,2,-4,18,12
AE,United Arab Emirates,Ras al Khaimah,,,AE-RK,,ChIJpwnSTA5x9j4RD-KEpgxnnrk,2022-09-30,15,17,-1,26,138,3
AE,United Arab Emirates,Ras al Khaimah,,,AE-RK,,ChIJpwnSTA5x9j4RD-KEpgxnnrk,2022-10-01,37,38,51,19,8,8
AE,United Arab Emirates,Ras al Khaimah,,,AE-RK,,ChIJpwnSTA5x9j4RD-KEpgxnnrk,2022-10-02,39,48,57,-16,-30,15
AE,United Arab Emirates,Ras al Khaimah,,,AE-RK,,ChIJpwnSTA5x9j4RD-KEpgxnnrk,2022-10-03,21,28,16,40,17,8
AE,United Arab Emirates,Ras al Khaimah,,,AE-RK,,ChIJpwnSTA5x9j4RD-KEpgxnnrk,2022-10-04,22,29,18,10,19,8
AE,United Arab Emirates,Ras al Khaimah,,,AE-RK,,ChIJpwnSTA5x9j4RD-KEpgxnnrk,2022-10-05,22,27,13,-2,17,9
AE,United Arab Emirates,Ras al Khaimah,,,AE-RK,,ChIJpwnSTA5x9j4RD-KEpgxnnrk,2022-10-06,7,10,6,-4,19,12
AE,United Arab Emirates,Ras al Khaimah,,,AE-RK,,ChIJpwnSTA5x9j4RD-KEpgxnnrk,2022-10-07,13,15,10,26,143,3
AE,United Arab Emirates,Ras al Khaimah,,,AE-RK,,ChIJpwnSTA5x9j4RD-KEpgxnnrk,2022-10-08,36,38,115,16,-13,11
AE,United Arab Emirates,Ras al Khaimah,,,AE-RK,,ChIJpwnSTA5x9j4RD-KEpgxnnrk,2022-10-09,34,40,78,-15,-31,16
AE,United Arab Emirates,Ras al Khaimah,,,AE-RK,,ChIJpwnSTA5x9j4RD-KEpgxnnrk,2022-10-10,15,20,19,30,16,8
AE,United Arab Emirates,Ras al Khaimah,,,AE-RK,,ChIJpwnSTA5x9j4RD-KEpgxnnrk,2022-10-11,16,22,16,8,17,9
AE,United Arab Emirates,Ras al Khaimah,,,AE-RK,,ChIJpwnSTA5x9j4RD-KEpgxnnrk,2022-10-12,16,20,15,-5,16,10
AE,United Arab Emirates,Ras al Khaimah,,,AE-RK,,ChIJpwnSTA5x9j4RD-KEpgxnnrk,2022-10-13,3,8,8,-8,18,12
AE,United Arab Emirates,Ras al Khaimah,,,AE-RK,,ChIJpwnSTA5x9j4RD-KEpgxnnrk,2022-10-14,7,13,9,18,141,3
AE,United Arab Emirates,Ras al Khaimah,,,AE-RK,,ChIJpwnSTA5x9j4RD-KEpgxnnrk,2022-10-15,29,33,73,2,7,9
AE,United Arab Emirates,Sharjah,,,AE-SH,,ChIJ0Zp9hY5ZXz4RZlq4HHZvx2g,2020-02-15,2,6,11,0,3,0
AE,United Arab Emirates,Sharjah,,,AE-SH,,ChIJ0Zp9hY5ZXz4RZlq4HHZvx2g,2020-02-16,3,6,5,0,3,1
AE,United Arab Emirates,Sharjah,,,AE-SH,,ChIJ0Zp9hY5ZXz4RZlq4HHZvx2g,2020-02-17,-1,2,2,-2,3,1
AE,United Arab Emirates,Sharjah,,,AE-SH,,ChIJ0Zp9hY5ZXz4RZlq4HHZvx2g,2020-02-18,-1,2,5,-2,3,1
AE,United Arab Emirates,Sharjah,,,AE-SH,,ChIJ0Zp9hY5ZXz4RZlq4HHZvx2g,2020-02-19,-1,1,3,-3,3,1
AE,United Arab Emirates,Sharjah,,,AE-SH,,ChIJ0Zp9hY5ZXz4RZlq4HHZvx2g,2020-02-20,-1,2,4,1,2,1
AE,United Arab Emirates,Sharjah,,,AE-SH,,ChIJ0Zp9hY5ZXz4RZlq4HHZvx2g,2020-02-21,0,0,4,0,-1,1
AE,United Arab Emirates,Sharjah,,,AE-SH,,ChIJ0Zp9hY5ZXz4RZlq4HHZvx2g,2020-02-22,0,1,5,-6,3,1
AE,United Arab Emirates,Sharjah,,,AE-SH,,ChIJ0Zp9hY5ZXz4RZlq4HHZvx2g,2020-02-23,3,3,4,-2,4,1
AE,United Arab Emirates,Sharjah,,,AE-SH,,ChIJ0Zp9hY5ZXz4RZlq4HHZvx2g,2020-02-24,0,0,6,-2,4,1
AE,United Arab Emirates,Sharjah,,,AE-SH,,ChIJ0Zp9hY5ZXz4RZlq4HHZvx2g,2020-02-25,-1,1,4,-4,3,1
AE,United Arab Emirates,Sharjah,,,AE-SH,,ChIJ0Zp9hY5ZXz4RZlq4HHZvx2g,2020-02-26,0,-1,-2,-2,3,1
AE,United Arab Emirates,Sharjah,,,AE-SH,,ChIJ0Zp9hY5ZXz4RZlq4HHZvx2g,2020-02-27,3,4,2,2,2,1
AE,United Arab Emirates,Sharjah,,,AE-SH,,ChIJ0Zp9hY5ZXz4RZlq4HHZvx2g,2020-02-28,3,1,1,-2,0,1
AE,United Arab Emirates,Sharjah,,,AE-SH,,ChIJ0Zp9hY5ZXz4RZlq4HHZvx2g,2020-02-29,4,3,4,-1,5,0
AE,United Arab Emirates,Sharjah,,,AE-SH,,ChIJ0Zp9hY5ZXz4RZlq4HHZvx2g,2020-03-01,8,7,6,1,4,1
AE,United Arab Emirates,Sharjah,,,AE-SH,,ChIJ0Zp9hY5ZXz4RZlq4HHZvx2g,2020-03-02,3,4,5,-3,5,1
AE,United Arab Emirates,Sharjah,,,AE-SH,,ChIJ0Zp9hY5ZXz4RZlq4HHZvx2g,2020-03-03,3,5,3,-3,4,1
AE,United Arab Emirates,Sharjah,,,AE-SH,,ChIJ0Zp9hY5ZXz4RZlq4HHZvx2g,2020-03-04,2,4,1,-5,4,1
AE,United Arab Emirates,Sharjah,,,AE-SH,,ChIJ0Zp9hY5ZXz4RZlq4HHZvx2g,2020-03-05,1,4,0,0,4,2
AE,United Arab Emirates,Sharjah,,,AE-SH,,ChIJ0Zp9hY5ZXz4RZlq4HHZvx2g,2020-03-06,-1,3,-5,0,-1,3
AE,United Arab Emirates,Sharjah,,,AE-SH,,ChIJ0Zp9hY5ZXz4RZlq4HHZvx2g,2020-03-07,2,3,6,-2,4,2
AE,United Arab Emirates,Sharjah,,,AE-SH,,ChIJ0Zp9hY5ZXz4RZlq4HHZvx2g,2020-03-08,6,6,11,-5,-1,3
AE,United Arab Emirates,Sharjah,,,AE-SH,,ChIJ0Zp9hY5ZXz4RZlq4HHZvx2g,2020-03-09,1,2,7,-7,-2,3
AE,United Arab Emirates,Sharjah,,,AE-SH,,ChIJ0Zp9hY5ZXz4RZlq4HHZvx2g,2020-03-10,0,3,9,-6,-2,4
AE,United Arab Emirates,Sharjah,,,AE-SH,,ChIJ0Zp9hY5ZXz4RZlq4HHZvx2g,2020-03-11,0,3,4,-9,-2,4
AE,United Arab Emirates,Sharjah,,,AE-SH,,ChIJ0Zp9hY5ZXz4RZlq4HHZvx2g,2020-03-12,-1,4,-4,-7,-3,5
AE,United Arab Emirates,Sharjah,,,AE-SH,,ChIJ0Zp9hY5ZXz4RZlq4HHZvx2g,2020-03-13,-6,-1,-10,-11,-2,5
AE,United Arab Emirates,Sharjah,,,AE-SH,,ChIJ0Zp9hY5ZXz4RZlq4HHZvx2g,2020-03-14,-4,1,-8,-13,2,4
AE,United Arab Emirates,Sharjah,,,AE-SH,,ChIJ0Zp9hY5ZXz4RZlq4HHZvx2g,2020-03-15,2,8,-6,-8,-3,5
AE,United Arab Emirates,Sharjah,,,AE-SH,,ChIJ0Zp9hY5ZXz4RZlq4HHZvx2g,2020-03-16,-4,5,-10,-7,-5,6
AE,United Arab Emirates,Sharjah,,,AE-SH,,ChIJ0Zp9hY5ZXz4RZlq4HHZvx2g,2020-03-17,-8,4,-16,-16,-7,7
AE,United Arab Emirates,Sharjah,,,AE-SH,,ChIJ0Zp9hY5ZXz4RZlq4HHZvx2g,2020-03-18,-10,-1,-17,-23,-8,8
AE,United Arab Emirates,Sharjah,,,AE-SH,,ChIJ0Zp9hY5ZXz4RZlq4HHZvx2g,2020-03-19,-14,-3,-27,-33,-9,10
AE,United Arab Emirates,Sharjah,,,AE-SH,,ChIJ0Zp9hY5ZXz4RZlq4HHZvx2g,2020-03-20,-27,-15,-46,-42,-11,11
AE,United Arab Emirates,Sharjah,,,AE-SH,,ChIJ0Zp9hY5ZXz4RZlq4HHZvx2g,2020-03-21,-24,-15,-32,-43,-6,9
AE,United Arab Emirates,Sharjah,,,AE-SH,,ChIJ0Zp9hY5ZXz4RZlq4HHZvx2g,2020-03-22,-23,-14,-33,-53,-14,12
AE,United Arab Emirates,Sharjah,,,AE-SH,,ChIJ0Zp9hY5ZXz4RZlq4HHZvx2g,2020-03-23,-18,15,-33,-51,-17,12
AE,United Arab Emirates,Sharjah,,,AE-SH,,ChIJ0Zp9hY5ZXz4RZlq4HHZvx2g,2020-03-24,-31,-6,-40,-57,-24,16
AE,United Arab Emirates,Sharjah,,,AE-SH,,ChIJ0Zp9hY5ZXz4RZlq4HHZvx2g,2020-03-25,-40,-18,-46,-62,-30,19
AE,United Arab Emirates,Sharjah,,,AE-SH,,ChIJ0Zp9hY5ZXz4RZlq4HHZvx2g,2020-03-26,-45,-14,-53,-67,-36,23
AE,United Arab Emirates,Sharjah,,,AE-SH,,ChIJ0Zp9hY5ZXz4RZlq4HHZvx2g,2020-03-27,-77,-63,-82,-85,-48,23
AE,United Arab Emirates,Sharjah,,,AE-SH,,ChIJ0Zp9hY5ZXz4RZlq4HHZvx2g,2020-03-28,-69,-51,-69,-82,-58,27
AE,United Arab Emirates,Sharjah,,,AE-SH,,ChIJ0Zp9hY5ZXz4RZlq4HHZvx2g,2020-03-29,-45,-25,-51,-66,-40,23
AE,United Arab Emirates,Sharjah,,,AE-SH,,ChIJ0Zp9hY5ZXz4RZlq4HHZvx2g,2020-03-30,-46,-27,-51,-65,-41,23
AE,United Arab Emirates,Sharjah,,,AE-SH,,ChIJ0Zp9hY5ZXz4RZlq4HHZvx2g,2020-03-31,-45,-25,-52,-66,-41,22
AE,United Arab Emirates,Sharjah,,,AE-SH,,ChIJ0Zp9hY5ZXz4RZlq4HHZvx2g,2020-04-01,-43,-25,-50,-68,-41,23
AE,United Arab Emirates,Sharjah,,,AE-SH,,ChIJ0Zp9hY5ZXz4RZlq4HHZvx2g,2020-04-02,-46,-25,-54,-70,-41,25
AE,United Arab Emirates,Sharjah,,,AE-SH,,ChIJ0Zp9hY5ZXz4RZlq4HHZvx2g,2020-04-03,-61,-41,-73,-78,-37,19
AE,United Arab Emirates,Sharjah,,,AE-SH,,ChIJ0Zp9hY5ZXz4RZlq4HHZvx2g,2020-04-04,-47,-26,-55,-71,-31,18
AE,United Arab Emirates,Sharjah,,,AE-SH,,ChIJ0Zp9hY5ZXz4RZlq4HHZvx2g,2020-04-05,-45,-19,-51,-71,-51,27
AE,United Arab Emirates,Sharjah,,,AE-SH,,ChIJ0Zp9hY5ZXz4RZlq4HHZvx2g,2020-04-06,-48,-25,-54,-73,-50,27
AE,United Arab Emirates,Sharjah,,,AE-SH,,ChIJ0Zp9hY5ZXz4RZlq4HHZvx2g,2020-04-07,-47,-22,-82,-71,-49,27
AE,United Arab Emirates,Sharjah,,,AE-SH,,ChIJ0Zp9hY5ZXz4RZlq4HHZvx2g,2020-04-08,-47,-23,-83,-71,-49,26
AE,United Arab Emirates,Sharjah,,,AE-SH,,ChIJ0Zp9hY5ZXz4RZlq4HHZvx2g,2020-04-09,-48,-24,-84,-71,-49,29
AE,United Arab Emirates,Sharjah,,,AE-SH,,ChIJ0Zp9hY5ZXz4RZlq4HHZvx2g,2020-04-10,-64,-44,-91,-81,-41,21
AE,United Arab Emirates,Sharjah,,,AE-SH,,ChIJ0Zp9hY5ZXz4RZlq4HHZvx2g,2020-04-11,-49,-26,-85,-73,-39,21
AE,United Arab Emirates,Sharjah,,,AE-SH,,ChIJ0Zp9hY5ZXz4RZlq4HHZvx2g,2020-04-12,-43,-20,-83,-70,-50,27
AE,United Arab Emirates,Sharjah,,,AE-SH,,ChIJ0Zp9hY5ZXz4RZlq4HHZvx2g,2020-04-13,-45,-22,-82,-71,-49,27
AE,United Arab Emirates,Sharjah,,,AE-SH,,ChIJ0Zp9hY5ZXz4RZlq4HHZvx2g,2020-04-14,-45,-23,-82,-71,-50,27
AE,United Arab Emirates,Sharjah,,,AE-SH,,ChIJ0Zp9hY5ZXz4RZlq4HHZvx2g,2020-04-15,-46,-26,-82,-72,-50,28
AE,United Arab Emirates,Sharjah,,,AE-SH,,ChIJ0Zp9hY5ZXz4RZlq4HHZvx2g,2020-04-16,-47,-25,-83,-72,-50,30
AE,United Arab Emirates,Sharjah,,,AE-SH,,ChIJ0Zp9hY5ZXz4RZlq4HHZvx2g,2020-04-17,-63,-44,-90,-80,-39,20
AE,United Arab Emirates,Sharjah,,,AE-SH,,ChIJ0Zp9hY5ZXz4RZlq4HHZvx2g,2020-04-18,-50,-31,-84,-74,-39,21
AE,United Arab Emirates,Sharjah,,,AE-SH,,ChIJ0Zp9hY5ZXz4RZlq4HHZvx2g,2020-04-19,-43,-22,-81,-71,-48,27
AE,United Arab Emirates,Sharjah,,,AE-SH,,ChIJ0Zp9hY5ZXz4RZlq4HHZvx2g,2020-04-20,-45,-26,-81,-71,-49,27
AE,United Arab Emirates,Sharjah,,,AE-SH,,ChIJ0Zp9hY5ZXz4RZlq4HHZvx2g,2020-04-21,-46,-23,-81,-71,-49,27
AE,United Arab Emirates,Sharjah,,,AE-SH,,ChIJ0Zp9hY5ZXz4RZlq4HHZvx2g,2020-04-22,-44,-21,-81,-71,-49,27
AE,United Arab Emirates,Sharjah,,,AE-SH,,ChIJ0Zp9hY5ZXz4RZlq4HHZvx2g,2020-04-23,-43,-16,-83,-71,-48,29
AE,United Arab Emirates,Sharjah,,,AE-SH,,ChIJ0Zp9hY5ZXz4RZlq4HHZvx2g,2020-04-24,-63,-38,-91,-79,-41,21
AE,United Arab Emirates,Sharjah,,,AE-SH,,ChIJ0Zp9hY5ZXz4RZlq4HHZvx2g,2020-04-25,-53,-29,-84,-75,-37,23
AE,United Arab Emirates,Sharjah,,,AE-SH,,ChIJ0Zp9hY5ZXz4RZlq4HHZvx2g,2020-04-26,-46,-20,-82,-71,-45,28
AE,United Arab Emirates,Sharjah,,,AE-SH,,ChIJ0Zp9hY5ZXz4RZlq4HHZvx2g,2020-04-27,-47,-23,-81,-71,-45,28
AE,United Arab Emirates,Sharjah,,,AE-SH,,ChIJ0Zp9hY5ZXz4RZlq4HHZvx2g,2020-04-28,-46,-21,-81,-69,-44,26
AE,United Arab Emirates,Sharjah,,,AE-SH,,ChIJ0Zp9hY5ZXz4RZlq4HHZvx2g,2020-04-29,-46,-20,-81,-71,-44,27
AE,United Arab Emirates,Sharjah,,,AE-SH,,ChIJ0Zp9hY5ZXz4RZlq4HHZvx2g,2020-04-30,-49,-21,-82,-70,-43,29
AE,United Arab Emirates,Sharjah,,,AE-SH,,ChIJ0Zp9hY5ZXz4RZlq4HHZvx2g,2020-05-01,-60,-36,-89,-77,-36,20
AE,United Arab Emirates,Sharjah,,,AE-SH,,ChIJ0Zp9hY5ZXz4RZlq4HHZvx2g,2020-05-02,-48,-24,-83,-72,-32,20
AE,United Arab Emirates,Sharjah,,,AE-SH,,ChIJ0Zp9hY5ZXz4RZlq4HHZvx2g,2020-05-03,-40,-14,-79,-68,-41,25
AE,United Arab Emirates,Sharjah,,,AE-SH,,ChIJ0Zp9hY5ZXz4RZlq4HHZvx2g,2020-05-04,-42,-17,-79,-67,-41,25
AE,United Arab Emirates,Sharjah,,,AE-SH,,ChIJ0Zp9hY5ZXz4RZlq4HHZvx2g,2020-05-05,-42,-16,-79,-67,-41,25
AE,United Arab Emirates,Sharjah,,,AE-SH,,ChIJ0Zp9hY5ZXz4RZlq4HHZvx2g,2020-05-06,-41,-14,-79,-67,-41,26
AE,United Arab Emirates,Sharjah,,,AE-SH,,ChIJ0Zp9hY5ZXz4RZlq4HHZvx2g,2020-05-07,-41,-17,-81,-69,-40,28
AE,United Arab Emirates,Sharjah,,,AE-SH,,ChIJ0Zp9hY5ZXz4RZlq4HHZvx2g,2020-05-08,-54,-34,-88,-75,-32,19
AE,United Arab Emirates,Sharjah,,,AE-SH,,ChIJ0Zp9hY5ZXz4RZlq4HHZvx2g,2020-05-09,-42,-22,-81,-69,-29,20
AE,United Arab Emirates,Sharjah,,,AE-SH,,ChIJ0Zp9hY5ZXz4RZlq4HHZvx2g,2020-05-10,-36,-12,-78,-66,-38,25
AE,United Arab Emirates,Sharjah,,,AE-SH,,ChIJ0Zp9hY5ZXz4RZlq4HHZvx2g,2020-05-11,-38,-17,-79,-65,-39,26
AE,United Arab Emirates,Sharjah,,,AE-SH,,ChIJ0Zp9hY5ZXz4RZlq4HHZvx2g,2020-05-12,-38,-15,-78,-64,-39,26
AE,United Arab Emirates,Sharjah,,,AE-SH,,ChIJ0Zp9hY5ZXz4RZlq4HHZvx2g,2020-05-13,-39,-15,-79,-69,-40,26
AE,United Arab Emirates,Sharjah,,,AE-SH,,ChIJ0Zp9hY5ZXz4RZlq4HHZvx2g,2020-05-14,-40,-14,-81,-66,-39,27
AE,United Arab Emirates,Sharjah,,,AE-SH,,ChIJ0Zp9hY5ZXz4RZlq4HHZvx2g,2020-05-15,-52,-30,-87,-74,-29,19
AE,United Arab Emirates,Sharjah,,,AE-SH,,ChIJ0Zp9hY5ZXz4RZlq4HHZvx2g,2020-05-16,-40,-17,-81,-67,-27,20
AE,United Arab Emirates,Sharjah,,,AE-SH,,ChIJ0Zp9hY5ZXz4RZlq4HHZvx2g,2020-05-17,-34,-7,-78,-65,-38,25
AE,United Arab Emirates,Sharjah,,,AE-SH,,ChIJ0Zp9hY5ZXz4RZlq4HHZvx2g,2020-05-18,-36,-13,-78,-64,-39,25
AE,United Arab Emirates,Sharjah,,,AE-SH,,ChIJ0Zp9hY5ZXz4RZlq4HHZvx2g,2020-05-19,-36,-12,-79,-65,-39,25
AE,United Arab Emirates,Sharjah,,,AE-SH,,ChIJ0Zp9hY5ZXz4RZlq4HHZvx2g,2020-05-20,-42,-16,-81,-68,-41,27
AE,United Arab Emirates,Sharjah,,,AE-SH,,ChIJ0Zp9hY5ZXz4RZlq4HHZvx2g,2020-05-21,-41,-15,-82,-66,-40,28
AE,United Arab Emirates,Sharjah,,,AE-SH,,ChIJ0Zp9hY5ZXz4RZlq4HHZvx2g,2020-05-22,-48,-22,-88,-72,-28,19
AE,United Arab Emirates,Sharjah,,,AE-SH,,ChIJ0Zp9hY5ZXz4RZlq4HHZvx2g,2020-05-23,-39,-10,-82,-70,-46,24
AE,United Arab Emirates,Sharjah,,,AE-SH,,ChIJ0Zp9hY5ZXz4RZlq4HHZvx2g,2020-05-24,-46,-25,-75,-74,-79,35
AE,United Arab Emirates,Sharjah,,,AE-SH,,ChIJ0Zp9hY5ZXz4RZlq4HHZvx2g,2020-05-25,-41,-18,-73,-72,-76,33
AE,United Arab Emirates,Sharjah,,,AE-SH,,ChIJ0Zp9hY5ZXz4RZlq4HHZvx2g,2020-05-26,-37,-18,-77,-70,-62,29
AE,United Arab Emirates,Sharjah,,,AE-SH,,ChIJ0Zp9hY5ZXz4RZlq4HHZvx2g,2020-05-27,-35,-17,-78,-66,-35,21
AE,United Arab Emirates,Sharjah,,,AE-SH,,ChIJ0Zp9hY5ZXz4RZlq4HHZvx2g,2020-05-28,-37,-18,-80,-65,-34,24
AE,United Arab Emirates,Sharjah,,,AE-SH,,ChIJ0Zp9hY5ZXz4RZlq4HHZvx2g,2020-05-29,-47,-29,-83,-72,-25,18
AE,United Arab Emirates,Sharjah,,,AE-SH,,ChIJ0Zp9hY5ZXz4RZlq4HHZvx2g,2020-05-30,-30,-13,-76,-65,-18,15
AE,United Arab Emirates,Sharjah,,,AE-SH,,ChIJ0Zp9hY5ZXz4RZlq4HHZvx2g,2020-05-31,-22,-3,-74,-60,-29,18
AE,United Arab Emirates,Sharjah,,,AE-SH,,ChIJ0Zp9hY5ZXz4RZlq4HHZvx2g,2020-06-01,-24,-8,-74,-60,-29,18
AE,United Arab Emirates,Sharjah,,,AE-SH,,ChIJ0Zp9hY5ZXz4RZlq4HHZvx2g,2020-06-02,-25,-7,-74,-60,-29,19
AE,United Arab Emirates,Sharjah,,,AE-SH,,ChIJ0Zp9hY5ZXz4RZlq4HHZvx2g,2020-06-03,-24,-7,-72,-61,-29,19
AE,United Arab Emirates,Sharjah,,,AE-SH,,ChIJ0Zp9hY5ZXz4RZlq4HHZvx2g,2020-06-04,-28,-9,-75,-62,-28,21
AE,United Arab Emirates,Sharjah,,,AE-SH,,ChIJ0Zp9hY5ZXz4RZlq4HHZvx2g,2020-06-05,-38,-20,-79,-68,-21,16
AE,United Arab Emirates,Sharjah,,,AE-SH,,ChIJ0Zp9hY5ZXz4RZlq4HHZvx2g,2020-06-06,-28,-11,-75,-63,-16,14
AE,United Arab Emirates,Sharjah,,,AE-SH,,ChIJ0Zp9hY5ZXz4RZlq4HHZvx2g,2020-06-07,-21,-2,-74,-59,-27,18
AE,United Arab Emirates,Sharjah,,,AE-SH,,ChIJ0Zp9hY5ZXz4RZlq4HHZvx2g,2020-06-08,-25,-9,-73,-58,-25,18
AE,United Arab Emirates,Sharjah,,,AE-SH,,ChIJ0Zp9hY5ZXz4RZlq4HHZvx2g,2020-06-09,-25,-10,-73,-59,-26,18
AE,United Arab Emirates,Sharjah,,,AE-SH,,ChIJ0Zp9hY5ZXz4RZlq4HHZvx2g,2020-06-10,-24,-9,-73,-59,-26,18
AE,United Arab Emirates,Sharjah,,,AE-SH,,ChIJ0Zp9hY5ZXz4RZlq4HHZvx2g,2020-06-11,-26,-8,-75,-60,-26,20
AE,United Arab Emirates,Sharjah,,,AE-SH,,ChIJ0Zp9hY5ZXz4RZlq4HHZvx2g,2020-06-12,-36,-20,-79,-66,-18,15
AE,United Arab Emirates,Sharjah,,,AE-SH,,ChIJ0Zp9hY5ZXz4RZlq4HHZvx2g,2020-06-13,-26,-10,-75,-61,-14,14
AE,United Arab Emirates,Sharjah,,,AE-SH,,ChIJ0Zp9hY5ZXz4RZlq4HHZvx2g,2020-06-14,-19,-2,-73,-56,-24,17
AE,United Arab Emirates,Sharjah,,,AE-SH,,ChIJ0Zp9hY5ZXz4RZlq4HHZvx2g,2020-06-15,-24,-8,-73,-57,-23,17
AE,United Arab Emirates,Sharjah,,,AE-SH,,ChIJ0Zp9hY5ZXz4RZlq4HHZvx2g,2020-06-16,-24,-7,-73,-56,-23,17
AE,United Arab Emirates,Sharjah,,,AE-SH,,ChIJ0Zp9hY5ZXz4RZlq4HHZvx2g,2020-06-17,-23,-7,-72,-59,-24,17
AE,United Arab Emirates,Sharjah,,,AE-SH,,ChIJ0Zp9hY5ZXz4RZlq4HHZvx2g,2020-06-18,-27,-9,-75,-60,-24,18
AE,United Arab Emirates,Sharjah,,,AE-SH,,ChIJ0Zp9hY5ZXz4RZlq4HHZvx2g,2020-06-19,-36,-20,-78,-65,-17,14
AE,United Arab Emirates,Sharjah,,,AE-SH,,ChIJ0Zp9hY5ZXz4RZlq4HHZvx2g,2020-06-20,-27,-12,-75,-62,-14,12
AE,United Arab Emirates,Sharjah,,,AE-SH,,ChIJ0Zp9hY5ZXz4RZlq4HHZvx2g,2020-06-21,-21,-5,-73,-57,-24,16
AE,United Arab Emirates,Sharjah,,,AE-SH,,ChIJ0Zp9hY5ZXz4RZlq4HHZvx2g,2020-06-22,-22,-9,-71,-53,-23,16
AE,United Arab Emirates,Sharjah,,,AE-SH,,ChIJ0Zp9hY5ZXz4RZlq4HHZvx2g,2020-06-23,-22,-7,-71,-54,-24,16
AE,United Arab Emirates,Sharjah,,,AE-SH,,ChIJ0Zp9hY5ZXz4RZlq4HHZvx2g,2020-06-24,-23,-7,-70,-55,-23,16
AE,United Arab Emirates,Sharjah,,,AE-SH,,ChIJ0Zp9hY5ZXz4RZlq4HHZvx2g,2020-06-25,-21,-5,-72,-51,-22,17
AE,United Arab Emirates,Sharjah,,,AE-SH,,ChIJ0Zp9hY5ZXz4RZlq4HHZvx2g,2020-06-26,-29,-16,-73,-57,-14,13
AE,United Arab Emirates,Sharjah,,,AE-SH,,ChIJ0Zp9hY5ZXz4RZlq4HHZvx2g,2020-06-27,-20,-6,-72,-52,-13,11
AE,United Arab Emirates,Sharjah,,,AE-SH,,ChIJ0Zp9hY5ZXz4RZlq4HHZvx2g,2020-06-28,-14,-1,-69,-51,-20,14
AE,United Arab Emirates,Sharjah,,,AE-SH,,ChIJ0Zp9hY5ZXz4RZlq4HHZvx2g,2020-06-29,-16,-4,-65,-57,-21,14
AE,United Arab Emirates,Sharjah,,,AE-SH,,ChIJ0Zp9hY5ZXz4RZlq4HHZvx2g,2020-06-30,-15,-2,-56,-66,-21,14
AE,United Arab Emirates,Sharjah,,,AE-SH,,ChIJ0Zp9hY5ZXz4RZlq4HHZvx2g,2020-07-01,-13,-1,-54,-67,-21,13
AE,United Arab Emirates,Sharjah,,,AE-SH,,ChIJ0Zp9hY5ZXz4RZlq4HHZvx2g,2020-07-02,-15,-1,-58,-66,-21,15
AE,United Arab Emirates,Sharjah,,,AE-SH,,ChIJ0Zp9hY5ZXz4RZlq4HHZvx2g,2020-07-03,-23,-12,-64,-73,-13,12
AE,United Arab Emirates,Sharjah,,,AE-SH,,ChIJ0Zp9hY5ZXz4RZlq4HHZvx2g,2020-07-04,-16,-5,-59,-70,-11,10
AE,United Arab Emirates,Sharjah,,,AE-SH,,ChIJ0Zp9hY5ZXz4RZlq4HHZvx2g,2020-07-05,-9,3,-55,-66,-20,13
AE,United Arab Emirates,Sharjah,,,AE-SH,,ChIJ0Zp9hY5ZXz4RZlq4HHZvx2g,2020-07-06,-12,-2,-56,-66,-20,13
AE,United Arab Emirates,Sharjah,,,AE-SH,,ChIJ0Zp9hY5ZXz4RZlq4HHZvx2g,2020-07-07,-13,-1,-54,-64,-21,13
AE,United Arab Emirates,Sharjah,,,AE-SH,,ChIJ0Zp9hY5ZXz4RZlq4HHZvx2g,2020-07-08,-15,-4,-54,-67,-20,13
AE,United Arab Emirates,Sharjah,,,AE-SH,,ChIJ0Zp9hY5ZXz4RZlq4HHZvx2g,2020-07-09,-15,-3,-59,-68,-20,14
AE,United Arab Emirates,Sharjah,,,AE-SH,,ChIJ0Zp9hY5ZXz4RZlq4HHZvx2g,2020-07-10,-23,-13,-64,-74,-12,11
AE,United Arab Emirates,Sharjah,,,AE-SH,,ChIJ0Zp9hY5ZXz4RZlq4HHZvx2g,2020-07-11,-16,-5,-58,-72,-11,10
AE,United Arab Emirates,Sharjah,,,AE-SH,,ChIJ0Zp9hY5ZXz4RZlq4HHZvx2g,2020-07-12,-9,2,-55,-65,-20,12
AE,United Arab Emirates,Sharjah,,,AE-SH,,ChIJ0Zp9hY5ZXz4RZlq4HHZvx2g,2020-07-13,-13,-3,-55,-65,-20,12
AE,United Arab Emirates,Sharjah,,,AE-SH,,ChIJ0Zp9hY5ZXz4RZlq4HHZvx2g,2020-07-14,-14,-4,-53,-62,-21,12
AE,United Arab Emirates,Sharjah,,,AE-SH,,ChIJ0Zp9hY5ZXz4RZlq4HHZvx2g,2020-07-15,-13,-4,-43,-66,-20,12
AE,United Arab Emirates,Sharjah,,,AE-SH,,ChIJ0Zp9hY5ZXz4RZlq4HHZvx2g,2020-07-16,-14,-3,-48,-66,-19,14
AE,United Arab Emirates,Sharjah,,,AE-SH,,ChIJ0Zp9hY5ZXz4RZlq4HHZvx2g,2020-07-17,-22,-13,-55,-73,-11,11
AE,United Arab Emirates,Sharjah,,,AE-SH,,ChIJ0Zp9hY5ZXz4RZlq4HHZvx2g,2020-07-18,-16,-6,-48,-71,-10,9
AE,United Arab Emirates,Sharjah,,,AE-SH,,ChIJ0Zp9hY5ZXz4RZlq4HHZvx2g,2020-07-19,-9,1,-43,-65,-19,11
AE,United Arab Emirates,Sharjah,,,AE-SH,,ChIJ0Zp9hY5ZXz4RZlq4HHZvx2g,2020-07-20,-12,-5,-43,-64,-19,12
AE,United Arab Emirates,Sharjah,,,AE-SH,,ChIJ0Zp9hY5ZXz4RZlq4HHZvx2g,2020-07-21,-13,-5,-45,-65,-20,11
AE,United Arab Emirates,Sharjah,,,AE-SH,,ChIJ0Zp9hY5ZXz4RZlq4HHZvx2g,2020-07-22,-13,-5,-44,-67,-19,12
AE,United Arab Emirates,Sharjah,,,AE-SH,,ChIJ0Zp9hY5ZXz4RZlq4HHZvx2g,2020-07-23,-13,-4,-46,-65,-19,13
AE,United Arab Emirates,Sharjah,,,AE-SH,,ChIJ0Zp9hY5ZXz4RZlq4HHZvx2g,2020-07-24,-20,-13,-55,-71,-10,11
AE,United Arab Emirates,Sharjah,,,AE-SH,,ChIJ0Zp9hY5ZXz4RZlq4HHZvx2g,2020-07-25,-13,-5,-46,-65,-10,8
AE,United Arab Emirates,Sharjah,,,AE-SH,,ChIJ0Zp9hY5ZXz4RZlq4HHZvx2g,2020-07-26,-6,1,-40,-62,-19,10
AE,United Arab Emirates,Sharjah,,,AE-SH,,ChIJ0Zp9hY5ZXz4RZlq4HHZvx2g,2020-07-27,-7,0,-43,-63,-20,10
AE,United Arab Emirates,Sharjah,,,AE-SH,,ChIJ0Zp9hY5ZXz4RZlq4HHZvx2g,2020-07-28,-4,3,-41,-65,-20,10
AE,United Arab Emirates,Sharjah,,,AE-SH,,ChIJ0Zp9hY5ZXz4RZlq4HHZvx2g,2020-07-29,4,16,-37,-59,-20,8
AE,United Arab Emirates,Sharjah,,,AE-SH,,ChIJ0Zp9hY5ZXz4RZlq4HHZvx2g,2020-07-30,-2,23,-33,-60,-60,24
AE,United Arab Emirates,Sharjah,,,AE-SH,,ChIJ0Zp9hY5ZXz4RZlq4HHZvx2g,2020-07-31,-22,-14,-37,-63,-21,8
AE,United Arab Emirates,Sharjah,,,AE-SH,,ChIJ0Zp9hY5ZXz4RZlq4HHZvx2g,2020-08-01,-17,-6,-12,-65,-60,15
AE,United Arab Emirates,Sharjah,,,AE-SH,,ChIJ0Zp9hY5ZXz4RZlq4HHZvx2g,2020-08-02,-3,12,-20,-64,-61,20
AE,United Arab Emirates,Sharjah,,,AE-SH,,ChIJ0Zp9hY5ZXz4RZlq4HHZvx2g,2020-08-03,-10,-1,-35,-57,-20,10
AE,United Arab Emirates,Sharjah,,,AE-SH,,ChIJ0Zp9hY5ZXz4RZlq4HHZvx2g,2020-08-04,-9,1,-35,-56,-20,11
AE,United Arab Emirates,Sharjah,,,AE-SH,,ChIJ0Zp9hY5ZXz4RZlq4HHZvx2g,2020-08-05,-10,0,-34,-56,-20,10
AE,United Arab Emirates,Sharjah,,,AE-SH,,ChIJ0Zp9hY5ZXz4RZlq4HHZvx2g,2020-08-06,-13,-3,-40,-54,-20,12
AE,United Arab Emirates,Sharjah,,,AE-SH,,ChIJ0Zp9hY5ZXz4RZlq4HHZvx2g,2020-08-07,-23,-13,-51,-60,-11,10
AE,United Arab Emirates,Sharjah,,,AE-SH,,ChIJ0Zp9hY5ZXz4RZlq4HHZvx2g,2020-08-08,-13,-3,-35,-54,-11,8
AE,United Arab Emirates,Sharjah,,,AE-SH,,ChIJ0Zp9hY5ZXz4RZlq4HHZvx2g,2020-08-09,-5,4,-30,-52,-19,9
AE,United Arab Emirates,Sharjah,,,AE-SH,,ChIJ0Zp9hY5ZXz4RZlq4HHZvx2g,2020-08-10,-10,-2,-33,-49,-19,9
AE,United Arab Emirates,Sharjah,,,AE-SH,,ChIJ0Zp9hY5ZXz4RZlq4HHZvx2g,2020-08-11,-11,-1,-34,-56,-20,10
AE,United Arab Emirates,Sharjah,,,AE-SH,,ChIJ0Zp9hY5ZXz4RZlq4HHZvx2g,2020-08-12,-12,-2,-34,-56,-20,10
AE,United Arab Emirates,Sharjah,,,AE-SH,,ChIJ0Zp9hY5ZXz4RZlq4HHZvx2g,2020-08-13,-12,-1,-37,-55,-20,11
AE,United Arab Emirates,Sharjah,,,AE-SH,,ChIJ0Zp9hY5ZXz4RZlq4HHZvx2g,2020-08-14,-21,-10,-48,-61,-11,9
AE,United Arab Emirates,Sharjah,,,AE-SH,,ChIJ0Zp9hY5ZXz4RZlq4HHZvx2g,2020-08-15,-14,-3,-39,-56,-12,7
AE,United Arab Emirates,Sharjah,,,AE-SH,,ChIJ0Zp9hY5ZXz4RZlq4HHZvx2g,2020-08-16,-9,2,-33,-55,-19,9
AE,United Arab Emirates,Sharjah,,,AE-SH,,ChIJ0Zp9hY5ZXz4RZlq4HHZvx2g,2020-08-17,-13,-3,-34,-55,-19,9
AE,United Arab Emirates,Sharjah,,,AE-SH,,ChIJ0Zp9hY5ZXz4RZlq4HHZvx2g,2020-08-18,-14,-4,-37,-56,-19,9
AE,United Arab Emirates,Sharjah,,,AE-SH,,ChIJ0Zp9hY5ZXz4RZlq4HHZvx2g,2020-08-19,-13,-3,-36,-55,-19,9
AE,United Arab Emirates,Sharjah,,,AE-SH,,ChIJ0Zp9hY5ZXz4RZlq4HHZvx2g,2020-08-20,-16,-3,-41,-57,-19,11
AE,United Arab Emirates,Sharjah,,,AE-SH,,ChIJ0Zp9hY5ZXz4RZlq4HHZvx2g,2020-08-21,-23,-11,-50,-65,-11,9
AE,United Arab Emirates,Sharjah,,,AE-SH,,ChIJ0Zp9hY5ZXz4RZlq4HHZvx2g,2020-08-22,-14,-4,-34,-58,-14,7
AE,United Arab Emirates,Sharjah,,,AE-SH,,ChIJ0Zp9hY5ZXz4RZlq4HHZvx2g,2020-08-23,-6,9,-25,-65,-59,21
AE,United Arab Emirates,Sharjah,,,AE-SH,,ChIJ0Zp9hY5ZXz4RZlq4HHZvx2g,2020-08-24,-16,-7,-36,-57,-17,9
AE,United Arab Emirates,Sharjah,,,AE-SH,,ChIJ0Zp9hY5ZXz4RZlq4HHZvx2g,2020-08-25,-14,-5,-37,-56,-19,9
AE,United Arab Emirates,Sharjah,,,AE-SH,,ChIJ0Zp9hY5ZXz4RZlq4HHZvx2g,2020-08-26,-14,-3,-35,-55,-18,9
AE,United Arab Emirates,Sharjah,,,AE-SH,,ChIJ0Zp9hY5ZXz4RZlq4HHZvx2g,2020-08-27,-14,0,-38,-55,-18,9
AE,United Arab Emirates,Sharjah,,,AE-SH,,ChIJ0Zp9hY5ZXz4RZlq4HHZvx2g,2020-08-28,-24,-9,-50,-63,-12,9
AE,United Arab Emirates,Sharjah,,,AE-SH,,ChIJ0Zp9hY5ZXz4RZlq4HHZvx2g,2020-08-29,-16,-2,-38,-59,-12,7
AE,United Arab Emirates,Sharjah,,,AE-SH,,ChIJ0Zp9hY5ZXz4RZlq4HHZvx2g,2020-08-30,-7,9,-32,-53,-20,8
AE,United Arab Emirates,Sharjah,,,AE-SH,,ChIJ0Zp9hY5ZXz4RZlq4HHZvx2g,2020-08-31,-13,1,-33,-50,-20,10
AE,United Arab Emirates,Sharjah,,,AE-SH,,ChIJ0Zp9hY5ZXz4RZlq4HHZvx2g,2020-09-01,-13,1,-34,-55,-19,9
AE,United Arab Emirates,Sharjah,,,AE-SH,,ChIJ0Zp9hY5ZXz4RZlq4HHZvx2g,2020-09-02,-13,0,-34,-58,-19,9
AE,United Arab Emirates,Sharjah,,,AE-SH,,ChIJ0Zp9hY5ZXz4RZlq4HHZvx2g,2020-09-03,-12,1,-36,-55,-19,10
AE,United Arab Emirates,Sharjah,,,AE-SH,,ChIJ0Zp9hY5ZXz4RZlq4HHZvx2g,2020-09-04,-17,-4,-43,-60,-14,8
AE,United Arab Emirates,Sharjah,,,AE-SH,,ChIJ0Zp9hY5ZXz4RZlq4HHZvx2g,2020-09-05,-12,0,-34,-59,-13,6
AE,United Arab Emirates,Sharjah,,,AE-SH,,ChIJ0Zp9hY5ZXz4RZlq4HHZvx2g,2020-09-06,-7,5,-31,-54,-19,8
AE,United Arab Emirates,Sharjah,,,AE-SH,,ChIJ0Zp9hY5ZXz4RZlq4HHZvx2g,2020-09-07,-12,0,-31,-53,-19,8
AE,United Arab Emirates,Sharjah,,,AE-SH,,ChIJ0Zp9hY5ZXz4RZlq4HHZvx2g,2020-09-08,-12,0,-30,-53,-19,9
AE,United Arab Emirates,Sharjah,,,AE-SH,,ChIJ0Zp9hY5ZXz4RZlq4HHZvx2g,2020-09-09,-13,-1,-32,-54,-18,8
AE,United Arab Emirates,Sharjah,,,AE-SH,,ChIJ0Zp9hY5ZXz4RZlq4HHZvx2g,2020-09-10,-12,2,-34,-50,-19,9
AE,United Arab Emirates,Sharjah,,,AE-SH,,ChIJ0Zp9hY5ZXz4RZlq4HHZvx2g,2020-09-11,-17,-4,-41,-57,-16,8
AE,United Arab Emirates,Sharjah,,,AE-SH,,ChIJ0Zp9hY5ZXz4RZlq4HHZvx2g,2020-09-12,-12,-1,-32,-57,-13,6
AE,United Arab Emirates,Sharjah,,,AE-SH,,ChIJ0Zp9hY5ZXz4RZlq4HHZvx2g,2020-09-13,-6,5,-30,-53,-19,8
AE,United Arab Emirates,Sharjah,,,AE-SH,,ChIJ0Zp9hY5ZXz4RZlq4HHZvx2g,2020-09-14,-13,-2,-29,-52,-16,9
AE,United Arab Emirates,Sharjah,,,AE-SH,,ChIJ0Zp9hY5ZXz4RZlq4HHZvx2g,2020-09-15,-12,-1,-30,-51,-17,9
AE,United Arab Emirates,Sharjah,,,AE-SH,,ChIJ0Zp9hY5ZXz4RZlq4HHZvx2g,2020-09-16,-12,-2,-30,-50,-18,9
AE,United Arab Emirates,Sharjah,,,AE-SH,,ChIJ0Zp9hY5ZXz4RZlq4HHZvx2g,2020-09-17,-12,-1,-34,-47,-18,10
AE,United Arab Emirates,Sharjah,,,AE-SH,,ChIJ0Zp9hY5ZXz4RZlq4HHZvx2g,2020-09-18,-19,-7,-40,-45,-17,8
AE,United Arab Emirates,Sharjah,,,AE-SH,,ChIJ0Zp9hY5ZXz4RZlq4HHZvx2g,2020-09-19,-15,-4,-34,-53,-14,7
AE,United Arab Emirates,Sharjah,,,AE-SH,,ChIJ0Zp9hY5ZXz4RZlq4HHZvx2g,2020-09-20,-9,1,-35,-49,-19,9
AE,United Arab Emirates,Sharjah,,,AE-SH,,ChIJ0Zp9hY5ZXz4RZlq4HHZvx2g,2020-09-21,-14,-5,-32,-49,-18,9
AE,United Arab Emirates,Sharjah,,,AE-SH,,ChIJ0Zp9hY5ZXz4RZlq4HHZvx2g,2020-09-22,-17,-7,-35,-50,-18,10
AE,United Arab Emirates,Sharjah,,,AE-SH,,ChIJ0Zp9hY5ZXz4RZlq4HHZvx2g,2020-09-23,-19,-7,-39,-49,-18,10
AE,United Arab Emirates,Sharjah,,,AE-SH,,ChIJ0Zp9hY5ZXz4RZlq4HHZvx2g,2020-09-24,-18,-5,-41,-50,-17,11
AE,United Arab Emirates,Sharjah,,,AE-SH,,ChIJ0Zp9hY5ZXz4RZlq4HHZvx2g,2020-09-25,-23,-10,-43,-51,-17,9
AE,United Arab Emirates,Sharjah,,,AE-SH,,ChIJ0Zp9hY5ZXz4RZlq4HHZvx2g,2020-09-26,-18,-5,-40,-55,-12,7
AE,United Arab Emirates,Sharjah,,,AE-SH,,ChIJ0Zp9hY5ZXz4RZlq4HHZvx2g,2020-09-27,-12,-1,-40,-48,-18,9
AE,United Arab Emirates,Sharjah,,,AE-SH,,ChIJ0Zp9hY5ZXz4RZlq4HHZvx2g,2020-09-28,-17,-6,-37,-47,-16,10
AE,United Arab Emirates,Sharjah,,,AE-SH,,ChIJ0Zp9hY5ZXz4RZlq4HHZvx2g,2020-09-29,-16,-4,-36,-47,-18,9
AE,United Arab Emirates,Sharjah,,,AE-SH,,ChIJ0Zp9hY5ZXz4RZlq4HHZvx2g,2020-09-30,-15,0,-34,-44,-19,8
AE,United Arab Emirates,Sharjah,,,AE-SH,,ChIJ0Zp9hY5ZXz4RZlq4HHZvx2g,2020-10-01,-14,4,-32,-44,-18,8
AE,United Arab Emirates,Sharjah,,,AE-SH,,ChIJ0Zp9hY5ZXz4RZlq4HHZvx2g,2020-10-02,-17,-1,-36,-43,-19,7
AE,United Arab Emirates,Sharjah,,,AE-SH,,ChIJ0Zp9hY5ZXz4RZlq4HHZvx2g,2020-10-03,-13,3,-33,-44,-15,5
AE,United Arab Emirates,Sharjah,,,AE-SH,,ChIJ0Zp9hY5ZXz4RZlq4HHZvx2g,2020-10-04,-8,7,-30,-43,-19,8
AE,United Arab Emirates,Sharjah,,,AE-SH,,ChIJ0Zp9hY5ZXz4RZlq4HHZvx2g,2020-10-05,-15,0,-29,-45,-18,8
AE,United Arab Emirates,Sharjah,,,AE-SH,,ChIJ0Zp9hY5ZXz4RZlq4HHZvx2g,2020-10-06,-14,0,-31,-43,-19,8
AE,United Arab Emirates,Sharjah,,,AE-SH,,ChIJ0Zp9hY5ZXz4RZlq4HHZvx2g,2020-10-07,-15,-1,-30,-44,-18,8
AE,United Arab Emirates,Sharjah,,,AE-SH,,ChIJ0Zp9hY5ZXz4RZlq4HHZvx2g,2020-10-08,-13,3,-31,-44,-17,9
AE,United Arab Emirates,Sharjah,,,AE-SH,,ChIJ0Zp9hY5ZXz4RZlq4HHZvx2g,2020-10-09,-19,-3,-33,-43,-17,8
AE,United Arab Emirates,Sharjah,,,AE-SH,,ChIJ0Zp9hY5ZXz4RZlq4HHZvx2g,2020-10-10,-17,-2,-33,-45,-13,7
AE,United Arab Emirates,Sharjah,,,AE-SH,,ChIJ0Zp9hY5ZXz4RZlq4HHZvx2g,2020-10-11,-11,3,-29,-45,-18,9
AE,United Arab Emirates,Sharjah,,,AE-SH,,ChIJ0Zp9hY5ZXz4RZlq4HHZvx2g,2020-10-12,-16,0,-25,-43,-17,9
AE,United Arab Emirates,Sharjah,,,AE-SH,,ChIJ0Zp9hY5ZXz4RZlq4HHZvx2g,2020-10-13,-15,0,-26,-45,-18,9
AE,United Arab Emirates,Sharjah,,,AE-SH,,ChIJ0Zp9hY5ZXz4RZlq4HHZvx2g,2020-10-14,-15,0,-28,-44,-17,9
AE,United Arab Emirates,Sharjah,,,AE-SH,,ChIJ0Zp9hY5ZXz4RZlq4HHZvx2g,2020-10-15,-13,4,-30,-39,-17,10
AE,United Arab Emirates,Sharjah,,,AE-SH,,ChIJ0Zp9hY5ZXz4RZlq4HHZvx2g,2020-10-16,-18,-1,-28,-40,-17,8
AE,United Arab Emirates,Sharjah,,,AE-SH,,ChIJ0Zp9hY5ZXz4RZlq4HHZvx2g,2020-10-17,-17,-2,-31,-45,-13,7
AE,United Arab Emirates,Sharjah,,,AE-SH,,ChIJ0Zp9hY5ZXz4RZlq4HHZvx2g,2020-10-18,-11,3,-30,-43,-19,9
AE,United Arab Emirates,Sharjah,,,AE-SH,,ChIJ0Zp9hY5ZXz4RZlq4HHZvx2g,2020-10-19,-15,-1,-28,-44,-17,9
AE,United Arab Emirates,Sharjah,,,AE-SH,,ChIJ0Zp9hY5ZXz4RZlq4HHZvx2g,2020-10-20,-15,-2,-26,-42,-18,9
AE,United Arab Emirates,Sharjah,,,AE-SH,,ChIJ0Zp9hY5ZXz4RZlq4HHZvx2g,2020-10-21,-14,1,-24,-43,-17,9
AE,United Arab Emirates,Sharjah,,,AE-SH,,ChIJ0Zp9hY5ZXz4RZlq4HHZvx2g,2020-10-22,-13,6,-21,-41,-17,9
AE,United Arab Emirates,Sharjah,,,AE-SH,,ChIJ0Zp9hY5ZXz4RZlq4HHZvx2g,2020-10-23,-18,0,-19,-40,-16,7
AE,United Arab Emirates,Sharjah,,,AE-SH,,ChIJ0Zp9hY5ZXz4RZlq4HHZvx2g,2020-10-24,-16,1,-22,-43,-12,7
AE,United Arab Emirates,Sharjah,,,AE-SH,,ChIJ0Zp9hY5ZXz4RZlq4HHZvx2g,2020-10-25,-9,7,-21,-41,-17,8
AE,United Arab Emirates,Sharjah,,,AE-SH,,ChIJ0Zp9hY5ZXz4RZlq4HHZvx2g,2020-10-26,-14,3,-19,-38,-16,8
AE,United Arab Emirates,Sharjah,,,AE-SH,,ChIJ0Zp9hY5ZXz4RZlq4HHZvx2g,2020-10-27,-12,4,-20,-39,-17,8
AE,United Arab Emirates,Sharjah,,,AE-SH,,ChIJ0Zp9hY5ZXz4RZlq4HHZvx2g,2020-10-28,-5,11,-17,-34,-17,6
AE,United Arab Emirates,Sharjah,,,AE-SH,,ChIJ0Zp9hY5ZXz4RZlq4HHZvx2g,2020-10-29,-4,17,16,-43,-61,19
AE,United Arab Emirates,Sharjah,,,AE-SH,,ChIJ0Zp9hY5ZXz4RZlq4HHZvx2g,2020-10-30,-19,-3,-14,-39,-19,5
AE,United Arab Emirates,Sharjah,,,AE-SH,,ChIJ0Zp9hY5ZXz4RZlq4HHZvx2g,2020-10-31,-15,-2,-26,-39,-13,6
AE,United Arab Emirates,Sharjah,,,AE-SH,,ChIJ0Zp9hY5ZXz4RZlq4HHZvx2g,2020-11-01,-8,6,-30,-36,-18,8
AE,United Arab Emirates,Sharjah,,,AE-SH,,ChIJ0Zp9hY5ZXz4RZlq4HHZvx2g,2020-11-02,-11,4,-26,-36,-17,8
AE,United Arab Emirates,Sharjah,,,AE-SH,,ChIJ0Zp9hY5ZXz4RZlq4HHZvx2g,2020-11-03,-10,4,-26,-38,-18,8
AE,United Arab Emirates,Sharjah,,,AE-SH,,ChIJ0Zp9hY5ZXz4RZlq4HHZvx2g,2020-11-04,-10,4,-27,-38,-17,8
AE,United Arab Emirates,Sharjah,,,AE-SH,,ChIJ0Zp9hY5ZXz4RZlq4HHZvx2g,2020-11-05,-11,6,-26,-37,-17,9
AE,United Arab Emirates,Sharjah,,,AE-SH,,ChIJ0Zp9hY5ZXz4RZlq4HHZvx2g,2020-11-06,-14,2,-22,-37,-17,6
AE,United Arab Emirates,Sharjah,,,AE-SH,,ChIJ0Zp9hY5ZXz4RZlq4HHZvx2g,2020-11-07,-12,0,-26,-40,-12,6
AE,United Arab Emirates,Sharjah,,,AE-SH,,ChIJ0Zp9hY5ZXz4RZlq4HHZvx2g,2020-11-08,-7,4,-27,-39,-18,8
AE,United Arab Emirates,Sharjah,,,AE-SH,,ChIJ0Zp9hY5ZXz4RZlq4HHZvx2g,2020-11-09,-12,2,-26,-39,-16,8
AE,United Arab Emirates,Sharjah,,,AE-SH,,ChIJ0Zp9hY5ZXz4RZlq4HHZvx2g,2020-11-10,-11,1,-28,-38,-18,8
AE,United Arab Emirates,Sharjah,,,AE-SH,,ChIJ0Zp9hY5ZXz4RZlq4HHZvx2g,2020-11-11,-9,4,-26,-37,-17,8
AE,United Arab Emirates,Sharjah,,,AE-SH,,ChIJ0Zp9hY5ZXz4RZlq4HHZvx2g,2020-11-12,-9,7,-27,-39,-17,8
AE,United Arab Emirates,Sharjah,,,AE-SH,,ChIJ0Zp9hY5ZXz4RZlq4HHZvx2g,2020-11-13,-13,5,-22,-38,-15,6
AE,United Arab Emirates,Sharjah,,,AE-SH,,ChIJ0Zp9hY5ZXz4RZlq4HHZvx2g,2020-11-14,-10,2,-23,-40,-14,6
AE,United Arab Emirates,Sharjah,,,AE-SH,,ChIJ0Zp9hY5ZXz4RZlq4HHZvx2g,2020-11-15,-7,6,-24,-34,-19,8
AE,United Arab Emirates,Sharjah,,,AE-SH,,ChIJ0Zp9hY5ZXz4RZlq4HHZvx2g,2020-11-16,-14,0,-24,-37,-16,8
AE,United Arab Emirates,Sharjah,,,AE-SH,,ChIJ0Zp9hY5ZXz4RZlq4HHZvx2g,2020-11-17,-14,0,-25,-38,-17,8
AE,United Arab Emirates,Sharjah,,,AE-SH,,ChIJ0Zp9hY5ZXz4RZlq4HHZvx2g,2020-11-18,-13,0,-27,-38,-17,8
AE,United Arab Emirates,Sharjah,,,AE-SH,,ChIJ0Zp9hY5ZXz4RZlq4HHZvx2g,2020-11-19,-12,5,-28,-38,-17,9
AE,United Arab Emirates,Sharjah,,,AE-SH,,ChIJ0Zp9hY5ZXz4RZlq4HHZvx2g,2020-11-20,-17,0,-27,-39,-15,6
AE,United Arab Emirates,Sharjah,,,AE-SH,,ChIJ0Zp9hY5ZXz4RZlq4HHZvx2g,2020-11-21,-14,-2,-29,-41,-12,6
AE,United Arab Emirates,Sharjah,,,AE-SH,,ChIJ0Zp9hY5ZXz4RZlq4HHZvx2g,2020-11-22,-9,3,-32,-35,-17,8
AE,United Arab Emirates,Sharjah,,,AE-SH,,ChIJ0Zp9hY5ZXz4RZlq4HHZvx2g,2020-11-23,-15,-2,-28,-39,-16,8
AE,United Arab Emirates,Sharjah,,,AE-SH,,ChIJ0Zp9hY5ZXz4RZlq4HHZvx2g,2020-11-24,-14,-1,-30,-38,-17,8
AE,United Arab Emirates,Sharjah,,,AE-SH,,ChIJ0Zp9hY5ZXz4RZlq4HHZvx2g,2020-11-25,-13,0,-31,-37,-17,8
AE,United Arab Emirates,Sharjah,,,AE-SH,,ChIJ0Zp9hY5ZXz4RZlq4HHZvx2g,2020-11-26,-10,4,-30,-36,-17,8
AE,United Arab Emirates,Sharjah,,,AE-SH,,ChIJ0Zp9hY5ZXz4RZlq4HHZvx2g,2020-11-27,-16,-1,-30,-37,-13,5
AE,United Arab Emirates,Sharjah,,,AE-SH,,ChIJ0Zp9hY5ZXz4RZlq4HHZvx2g,2020-11-28,-12,0,-31,-39,-10,5
AE,United Arab Emirates,Sharjah,,,AE-SH,,ChIJ0Zp9hY5ZXz4RZlq4HHZvx2g,2020-11-29,-4,6,-29,-32,-17,7
AE,United Arab Emirates,Sharjah,,,AE-SH,,ChIJ0Zp9hY5ZXz4RZlq4HHZvx2g,2020-11-30,-5,8,-22,-27,-15,5
AE,United Arab Emirates,Sharjah,,,AE-SH,,ChIJ0Zp9hY5ZXz4RZlq4HHZvx2g,2020-12-01,8,26,20,-32,-57,14
AE,United Arab Emirates,Sharjah,,,AE-SH,,ChIJ0Zp9hY5ZXz4RZlq4HHZvx2g,2020-12-02,3,26,50,-37,-69,16
AE,United Arab Emirates,Sharjah,,,AE-SH,,ChIJ0Zp9hY5ZXz4RZlq4HHZvx2g,2020-12-03,-5,12,16,-44,-60,18
AE,United Arab Emirates,Sharjah,,,AE-SH,,ChIJ0Zp9hY5ZXz4RZlq4HHZvx2g,2020-12-04,-18,-4,-23,-37,-16,5
AE,United Arab Emirates,Sharjah,,,AE-SH,,ChIJ0Zp9hY5ZXz4RZlq4HHZvx2g,2020-12-05,-14,-3,-30,-36,-10,6
AE,United Arab Emirates,Sharjah,,,AE-SH,,ChIJ0Zp9hY5ZXz4RZlq4HHZvx2g,2020-12-06,-7,6,-29,-32,-17,7
AE,United Arab Emirates,Sharjah,,,AE-SH,,ChIJ0Zp9hY5ZXz4RZlq4HHZvx2g,2020-12-07,-12,2,-28,-36,-17,7
AE,United Arab Emirates,Sharjah,,,AE-SH,,ChIJ0Zp9hY5ZXz4RZlq4HHZvx2g,2020-12-08,-12,2,-27,-34,-16,7
AE,United Arab Emirates,Sharjah,,,AE-SH,,ChIJ0Zp9hY5ZXz4RZlq4HHZvx2g,2020-12-09,-11,2,-27,-35,-17,7
AE,United Arab Emirates,Sharjah,,,AE-SH,,ChIJ0Zp9hY5ZXz4RZlq4HHZvx2g,2020-12-10,-11,5,-25,-31,-17,8
AE,United Arab Emirates,Sharjah,,,AE-SH,,ChIJ0Zp9hY5ZXz4RZlq4HHZvx2g,2020-12-11,-13,5,-21,-31,-12,5
AE,United Arab Emirates,Sharjah,,,AE-SH,,ChIJ0Zp9hY5ZXz4RZlq4HHZvx2g,2020-12-12,-12,3,-22,-33,-11,5
AE,United Arab Emirates,Sharjah,,,AE-SH,,ChIJ0Zp9hY5ZXz4RZlq4HHZvx2g,2020-12-13,-4,7,-20,-32,-19,8
AE,United Arab Emirates,Sharjah,,,AE-SH,,ChIJ0Zp9hY5ZXz4RZlq4HHZvx2g,2020-12-14,-9,3,-19,-30,-18,7
AE,United Arab Emirates,Sharjah,,,AE-SH,,ChIJ0Zp9hY5ZXz4RZlq4HHZvx2g,2020-12-15,-9,4,-18,-30,-19,8
AE,United Arab Emirates,Sharjah,,,AE-SH,,ChIJ0Zp9hY5ZXz4RZlq4HHZvx2g,2020-12-16,-10,3,-19,-31,-19,8
AE,United Arab Emirates,Sharjah,,,AE-SH,,ChIJ0Zp9hY5ZXz4RZlq4HHZvx2g,2020-12-17,-10,7,-21,-32,-19,9
AE,United Arab Emirates,Sharjah,,,AE-SH,,ChIJ0Zp9hY5ZXz4RZlq4HHZvx2g,2020-12-18,-14,3,-17,-30,-12,5
AE,United Arab Emirates,Sharjah,,,AE-SH,,ChIJ0Zp9hY5ZXz4RZlq4HHZvx2g,2020-12-19,-12,1,-19,-32,-11,5
AE,United Arab Emirates,Sharjah,,,AE-SH,,ChIJ0Zp9hY5ZXz4RZlq4HHZvx2g,2020-12-20,-4,8,-16,-30,-21,7
AE,United Arab Emirates,Sharjah,,,AE-SH,,ChIJ0Zp9hY5ZXz4RZlq4HHZvx2g,2020-12-21,-10,4,-15,-31,-19,8
AE,United Arab Emirates,Sharjah,,,AE-SH,,ChIJ0Zp9hY5ZXz4RZlq4HHZvx2g,2020-12-22,-9,4,-16,-33,-21,7
AE,United Arab Emirates,Sharjah,,,AE-SH,,ChIJ0Zp9hY5ZXz4RZlq4HHZvx2g,2020-12-23,-8,6,-18,-31,-20,7
AE,United Arab Emirates,Sharjah,,,AE-SH,,ChIJ0Zp9hY5ZXz4RZlq4HHZvx2g,2020-12-24,-8,11,-22,-30,-21,9
AE,United Arab Emirates,Sharjah,,,AE-SH,,ChIJ0Zp9hY5ZXz4RZlq4HHZvx2g,2020-12-25,-14,1,-20,-25,-13,4
AE,United Arab Emirates,Sharjah,,,AE-SH,,ChIJ0Zp9hY5ZXz4RZlq4HHZvx2g,2020-12-26,-12,0,-19,-31,-11,5
AE,United Arab Emirates,Sharjah,,,AE-SH,,ChIJ0Zp9hY5ZXz4RZlq4HHZvx2g,2020-12-27,-2,9,-17,-24,-21,8
AE,United Arab Emirates,Sharjah,,,AE-SH,,ChIJ0Zp9hY5ZXz4RZlq4HHZvx2g,2020-12-28,-7,6,-15,-29,-19,8
AE,United Arab Emirates,Sharjah,,,AE-SH,,ChIJ0Zp9hY5ZXz4RZlq4HHZvx2g,2020-12-29,-6,6,-15,-32,-21,7
AE,United Arab Emirates,Sharjah,,,AE-SH,,ChIJ0Zp9hY5ZXz4RZlq4HHZvx2g,2020-12-30,-3,11,-14,-30,-20,7
AE,United Arab Emirates,Sharjah,,,AE-SH,,ChIJ0Zp9hY5ZXz4RZlq4HHZvx2g,2020-12-31,-4,15,9,-29,-22,9
AE,United Arab Emirates,Sharjah,,,AE-SH,,ChIJ0Zp9hY5ZXz4RZlq4HHZvx2g,2021-01-01,-10,4,-8,-27,-17,4
AE,United Arab Emirates,Sharjah,,,AE-SH,,ChIJ0Zp9hY5ZXz4RZlq4HHZvx2g,2021-01-02,-10,6,-21,-31,-12,6
AE,United Arab Emirates,Sharjah,,,AE-SH,,ChIJ0Zp9hY5ZXz4RZlq4HHZvx2g,2021-01-03,-5,11,-23,-28,-17,8
AE,United Arab Emirates,Sharjah,,,AE-SH,,ChIJ0Zp9hY5ZXz4RZlq4HHZvx2g,2021-01-04,-10,5,-24,-29,-15,8
AE,United Arab Emirates,Sharjah,,,AE-SH,,ChIJ0Zp9hY5ZXz4RZlq4HHZvx2g,2021-01-05,-11,4,-24,-29,-17,8
AE,United Arab Emirates,Sharjah,,,AE-SH,,ChIJ0Zp9hY5ZXz4RZlq4HHZvx2g,2021-01-06,-9,6,-26,-31,-16,8
AE,United Arab Emirates,Sharjah,,,AE-SH,,ChIJ0Zp9hY5ZXz4RZlq4HHZvx2g,2021-01-07,-9,6,-28,-34,-16,9
AE,United Arab Emirates,Sharjah,,,AE-SH,,ChIJ0Zp9hY5ZXz4RZlq4HHZvx2g,2021-01-08,-12,5,-26,-30,-13,6
AE,United Arab Emirates,Sharjah,,,AE-SH,,ChIJ0Zp9hY5ZXz4RZlq4HHZvx2g,2021-01-09,-12,3,-27,-32,-12,5
AE,United Arab Emirates,Sharjah,,,AE-SH,,ChIJ0Zp9hY5ZXz4RZlq4HHZvx2g,2021-01-10,-5,9,-29,-26,-17,7
AE,United Arab Emirates,Sharjah,,,AE-SH,,ChIJ0Zp9hY5ZXz4RZlq4HHZvx2g,2021-01-11,-11,4,-26,-29,-16,8
AE,United Arab Emirates,Sharjah,,,AE-SH,,ChIJ0Zp9hY5ZXz4RZlq4HHZvx2g,2021-01-12,-11,3,-28,-31,-18,7
AE,United Arab Emirates,Sharjah,,,AE-SH,,ChIJ0Zp9hY5ZXz4RZlq4HHZvx2g,2021-01-13,-11,2,-30,-32,-19,6
AE,United Arab Emirates,Sharjah,,,AE-SH,,ChIJ0Zp9hY5ZXz4RZlq4HHZvx2g,2021-01-14,-12,1,-32,-32,-21,6
AE,United Arab Emirates,Sharjah,,,AE-SH,,ChIJ0Zp9hY5ZXz4RZlq4HHZvx2g,2021-01-15,-16,-3,-28,-30,-21,3
AE,United Arab Emirates,Sharjah,,,AE-SH,,ChIJ0Zp9hY5ZXz4RZlq4HHZvx2g,2021-01-16,-16,-4,-32,-33,-18,4
AE,United Arab Emirates,Sharjah,,,AE-SH,,ChIJ0Zp9hY5ZXz4RZlq4HHZvx2g,2021-01-17,-6,6,-33,-30,-23,6
AE,United Arab Emirates,Sharjah,,,AE-SH,,ChIJ0Zp9hY5ZXz4RZlq4HHZvx2g,2021-01-18,-12,0,-32,-33,-21,6
AE,United Arab Emirates,Sharjah,,,AE-SH,,ChIJ0Zp9hY5ZXz4RZlq4HHZvx2g,2021-01-19,-12,-1,-31,-34,-23,7
AE,United Arab Emirates,Sharjah,,,AE-SH,,ChIJ0Zp9hY5ZXz4RZlq4HHZvx2g,2021-01-20,-13,-1,-33,-32,-22,7
AE,United Arab Emirates,Sharjah,,,AE-SH,,ChIJ0Zp9hY5ZXz4RZlq4HHZvx2g,2021-01-21,-14,-1,-34,-33,-23,8
AE,United Arab Emirates,Sharjah,,,AE-SH,,ChIJ0Zp9hY5ZXz4RZlq4HHZvx2g,2021-01-22,-16,-2,-30,-29,-19,5
AE,United Arab Emirates,Sharjah,,,AE-SH,,ChIJ0Zp9hY5ZXz4RZlq4HHZvx2g,2021-01-23,-15,-4,-36,-34,-16,5
AE,United Arab Emirates,Sharjah,,,AE-SH,,ChIJ0Zp9hY5ZXz4RZlq4HHZvx2g,2021-01-24,-9,2,-34,-29,-23,8
AE,United Arab Emirates,Sharjah,,,AE-SH,,ChIJ0Zp9hY5ZXz4RZlq4HHZvx2g,2021-01-25,-14,-1,-33,-33,-22,8
AE,United Arab Emirates,Sharjah,,,AE-SH,,ChIJ0Zp9hY5ZXz4RZlq4HHZvx2g,2021-01-26,-13,-2,-33,-33,-24,8
AE,United Arab Emirates,Sharjah,,,AE-SH,,ChIJ0Zp9hY5ZXz4RZlq4HHZvx2g,2021-01-27,-12,-1,-32,-33,-23,8
AE,United Arab Emirates,Sharjah,,,AE-SH,,ChIJ0Zp9hY5ZXz4RZlq4HHZvx2g,2021-01-28,-9,4,-32,-30,-23,9
AE,United Arab Emirates,Sharjah,,,AE-SH,,ChIJ0Zp9hY5ZXz4RZlq4HHZvx2g,2021-01-29,-10,3,-29,-26,-17,5
AE,United Arab Emirates,Sharjah,,,AE-SH,,ChIJ0Zp9hY5ZXz4RZlq4HHZvx2g,2021-01-30,-9,3,-31,-30,-16,4
AE,United Arab Emirates,Sharjah,,,AE-SH,,ChIJ0Zp9hY5ZXz4RZlq4HHZvx2g,2021-01-31,-4,9,-34,-27,-22,7
AE,United Arab Emirates,Sharjah,,,AE-SH,,ChIJ0Zp9hY5ZXz4RZlq4HHZvx2g,2021-02-01,-7,6,-29,-31,-21,7
AE,United Arab Emirates,Sharjah,,,AE-SH,,ChIJ0Zp9hY5ZXz4RZlq4HHZvx2g,2021-02-02,-6,6,-29,-33,-23,7
AE,United Arab Emirates,Sharjah,,,AE-SH,,ChIJ0Zp9hY5ZXz4RZlq4HHZvx2g,2021-02-03,-10,1,-33,-32,-23,8
AE,United Arab Emirates,Sharjah,,,AE-SH,,ChIJ0Zp9hY5ZXz4RZlq4HHZvx2g,2021-02-04,-12,3,-35,-33,-24,8
AE,United Arab Emirates,Sharjah,,,AE-SH,,ChIJ0Zp9hY5ZXz4RZlq4HHZvx2g,2021-02-05,-14,1,-28,-25,-20,5
AE,United Arab Emirates,Sharjah,,,AE-SH,,ChIJ0Zp9hY5ZXz4RZlq4HHZvx2g,2021-02-06,-13,0,-33,-29,-17,5
AE,United Arab Emirates,Sharjah,,,AE-SH,,ChIJ0Zp9hY5ZXz4RZlq4HHZvx2g,2021-02-07,-7,3,-34,-25,-24,7
AE,United Arab Emirates,Sharjah,,,AE-SH,,ChIJ0Zp9hY5ZXz4RZlq4HHZvx2g,2021-02-08,-10,2,-33,-28,-23,7
AE,United Arab Emirates,Sharjah,,,AE-SH,,ChIJ0Zp9hY5ZXz4RZlq4HHZvx2g,2021-02-09,-8,5,-32,-30,-23,8
AE,United Arab Emirates,Sharjah,,,AE-SH,,ChIJ0Zp9hY5ZXz4RZlq4HHZvx2g,2021-02-10,-7,5,-31,-24,-22,8
AE,United Arab Emirates,Sharjah,,,AE-SH,,ChIJ0Zp9hY5ZXz4RZlq4HHZvx2g,2021-02-11,-8,7,-32,-22,-23,8
AE,United Arab Emirates,Sharjah,,,AE-SH,,ChIJ0Zp9hY5ZXz4RZlq4HHZvx2g,2021-02-12,-10,3,-24,-15,-18,5
AE,United Arab Emirates,Sharjah,,,AE-SH,,ChIJ0Zp9hY5ZXz4RZlq4HHZvx2g,2021-02-13,-8,4,-28,-19,-16,4
AE,United Arab Emirates,Sharjah,,,AE-SH,,ChIJ0Zp9hY5ZXz4RZlq4HHZvx2g,2021-02-14,0,12,-28,-15,-22,7
AE,United Arab Emirates,Sharjah,,,AE-SH,,ChIJ0Zp9hY5ZXz4RZlq4HHZvx2g,2021-02-15,-7,7,-28,-18,-21,8
AE,United Arab Emirates,Sharjah,,,AE-SH,,ChIJ0Zp9hY5ZXz4RZlq4HHZvx2g,2021-02-16,-7,7,-26,-22,-23,8
AE,United Arab Emirates,Sharjah,,,AE-SH,,ChIJ0Zp9hY5ZXz4RZlq4HHZvx2g,2021-02-17,-6,8,-27,-22,-22,8
AE,United Arab Emirates,Sharjah,,,AE-SH,,ChIJ0Zp9hY5ZXz4RZlq4HHZvx2g,2021-02-18,-5,10,-27,-20,-22,9
AE,United Arab Emirates,Sharjah,,,AE-SH,,ChIJ0Zp9hY5ZXz4RZlq4HHZvx2g,2021-02-19,-9,6,-22,-13,-15,5
AE,United Arab Emirates,Sharjah,,,AE-SH,,ChIJ0Zp9hY5ZXz4RZlq4HHZvx2g,2021-02-20,-8,5,-27,-16,-14,5
AE,United Arab Emirates,Sharjah,,,AE-SH,,ChIJ0Zp9hY5ZXz4RZlq4HHZvx2g,2021-02-21,-1,11,-27,-15,-21,7
AE,United Arab Emirates,Sharjah,,,AE-SH,,ChIJ0Zp9hY5ZXz4RZlq4HHZvx2g,2021-02-22,-8,5,-27,-26,-19,8
AE,United Arab Emirates,Sharjah,,,AE-SH,,ChIJ0Zp9hY5ZXz4RZlq4HHZvx2g,2021-02-23,-8,5,-27,-27,-21,8
AE,United Arab Emirates,Sharjah,,,AE-SH,,ChIJ0Zp9hY5ZXz4RZlq4HHZvx2g,2021-02-24,-6,5,-27,-26,-20,8
AE,United Arab Emirates,Sharjah,,,AE-SH,,ChIJ0Zp9hY5ZXz4RZlq4HHZvx2g,2021-02-25,-4,12,-25,-19,-21,8
AE,United Arab Emirates,Sharjah,,,AE-SH,,ChIJ0Zp9hY5ZXz4RZlq4HHZvx2g,2021-02-26,-6,9,-22,-11,-16,5
AE,United Arab Emirates,Sharjah,,,AE-SH,,ChIJ0Zp9hY5ZXz4RZlq4HHZvx2g,2021-02-27,-3,11,-26,-17,-13,4
AE,United Arab Emirates,Sharjah,,,AE-SH,,ChIJ0Zp9hY5ZXz4RZlq4HHZvx2g,2021-02-28,4,19,-26,-4,-20,7
AE,United Arab Emirates,Sharjah,,,AE-SH,,ChIJ0Zp9hY5ZXz4RZlq4HHZvx2g,2021-03-01,-1,15,-23,-11,-19,7
AE,United Arab Emirates,Sharjah,,,AE-SH,,ChIJ0Zp9hY5ZXz4RZlq4HHZvx2g,2021-03-02,-1,14,-22,-20,-20,7
AE,United Arab Emirates,Sharjah,,,AE-SH,,ChIJ0Zp9hY5ZXz4RZlq4HHZvx2g,2021-03-03,0,13,-25,-17,-20,7
AE,United Arab Emirates,Sharjah,,,AE-SH,,ChIJ0Zp9hY5ZXz4RZlq4HHZvx2g,2021-03-04,2,15,-25,-15,-20,7
AE,United Arab Emirates,Sharjah,,,AE-SH,,ChIJ0Zp9hY5ZXz4RZlq4HHZvx2g,2021-03-05,-1,13,-18,-9,-16,5
AE,United Arab Emirates,Sharjah,,,AE-SH,,ChIJ0Zp9hY5ZXz4RZlq4HHZvx2g,2021-03-06,0,11,-26,-15,-13,4
AE,United Arab Emirates,Sharjah,,,AE-SH,,ChIJ0Zp9hY5ZXz4RZlq4HHZvx2g,2021-03-07,5,16,-28,-11,-20,7
AE,United Arab Emirates,Sharjah,,,AE-SH,,ChIJ0Zp9hY5ZXz4RZlq4HHZvx2g,2021-03-08,1,12,-25,-18,-18,7
AE,United Arab Emirates,Sharjah,,,AE-SH,,ChIJ0Zp9hY5ZXz4RZlq4HHZvx2g,2021-03-09,0,11,-24,-21,-20,7
AE,United Arab Emirates,Sharjah,,,AE-SH,,ChIJ0Zp9hY5ZXz4RZlq4HHZvx2g,2021-03-10,0,13,-26,-18,-19,7
AE,United Arab Emirates,Sharjah,,,AE-SH,,ChIJ0Zp9hY5ZXz4RZlq4HHZvx2g,2021-03-11,2,15,-27,-16,-19,8
AE,United Arab Emirates,Sharjah,,,AE-SH,,ChIJ0Zp9hY5ZXz4RZlq4HHZvx2g,2021-03-12,-1,12,-18,-11,-15,5
AE,United Arab Emirates,Sharjah,,,AE-SH,,ChIJ0Zp9hY5ZXz4RZlq4HHZvx2g,2021-03-13,0,11,-28,-17,-13,4
AE,United Arab Emirates,Sharjah,,,AE-SH,,ChIJ0Zp9hY5ZXz4RZlq4HHZvx2g,2021-03-14,6,17,-26,-9,-19,6
AE,United Arab Emirates,Sharjah,,,AE-SH,,ChIJ0Zp9hY5ZXz4RZlq4HHZvx2g,2021-03-15,1,13,-24,-13,-17,7
AE,United Arab Emirates,Sharjah,,,AE-SH,,ChIJ0Zp9hY5ZXz4RZlq4HHZvx2g,2021-03-16,-1,13,-23,-16,-19,7
AE,United Arab Emirates,Sharjah,,,AE-SH,,ChIJ0Zp9hY5ZXz4RZlq4HHZvx2g,2021-03-17,0,13,-26,-16,-17,7
AE,United Arab Emirates,Sharjah,,,AE-SH,,ChIJ0Zp9hY5ZXz4RZlq4HHZvx2g,2021-03-18,3,17,-25,-14,-17,8
AE,United Arab Emirates,Sharjah,,,AE-SH,,ChIJ0Zp9hY5ZXz4RZlq4HHZvx2g,2021-03-19,1,16,-18,-11,-13,5
AE,United Arab Emirates,Sharjah,,,AE-SH,,ChIJ0Zp9hY5ZXz4RZlq4HHZvx2g,2021-03-20,0,14,-24,-10,-11,4
AE,United Arab Emirates,Sharjah,,,AE-SH,,ChIJ0Zp9hY5ZXz4RZlq4HHZvx2g,2021-03-21,7,20,-26,-8,-18,7
AE,United Arab Emirates,Sharjah,,,AE-SH,,ChIJ0Zp9hY5ZXz4RZlq4HHZvx2g,2021-03-22,1,15,-23,-17,-16,7
AE,United Arab Emirates,Sharjah,,,AE-SH,,ChIJ0Zp9hY5ZXz4RZlq4HHZvx2g,2021-03-23,0,13,-23,-16,-17,7
AE,United Arab Emirates,Sharjah,,,AE-SH,,ChIJ0Zp9hY5ZXz4RZlq4HHZvx2g,2021-03-24,2,14,-24,-13,-17,7
AE,United Arab Emirates,Sharjah,,,AE-SH,,ChIJ0Zp9hY5ZXz4RZlq4HHZvx2g,2021-03-25,5,20,-24,-9,-19,8
AE,United Arab Emirates,Sharjah,,,AE-SH,,ChIJ0Zp9hY5ZXz4RZlq4HHZvx2g,2021-03-26,1,16,-18,-7,-12,5
AE,United Arab Emirates,Sharjah,,,AE-SH,,ChIJ0Zp9hY5ZXz4RZlq4HHZvx2g,2021-03-27,2,16,-23,-9,-10,4
AE,United Arab Emirates,Sharjah,,,AE-SH,,ChIJ0Zp9hY5ZXz4RZlq4HHZvx2g,2021-03-28,9,24,-21,-7,-18,6
AE,United Arab Emirates,Sharjah,,,AE-SH,,ChIJ0Zp9hY5ZXz4RZlq4HHZvx2g,2021-03-29,5,19,-18,-7,-17,7
AE,United Arab Emirates,Sharjah,,,AE-SH,,ChIJ0Zp9hY5ZXz4RZlq4HHZvx2g,2021-03-30,6,18,-21,-9,-18,6
AE,United Arab Emirates,Sharjah,,,AE-SH,,ChIJ0Zp9hY5ZXz4RZlq4HHZvx2g,2021-03-31,7,21,-19,-8,-18,5
AE,United Arab Emirates,Sharjah,,,AE-SH,,ChIJ0Zp9hY5ZXz4RZlq4HHZvx2g,2021-04-01,7,23,-23,-5,-18,7
AE,United Arab Emirates,Sharjah,,,AE-SH,,ChIJ0Zp9hY5ZXz4RZlq4HHZvx2g,2021-04-02,4,21,-17,1,-12,4
AE,United Arab Emirates,Sharjah,,,AE-SH,,ChIJ0Zp9hY5ZXz4RZlq4HHZvx2g,2021-04-03,7,22,-22,-1,-9,3
AE,United Arab Emirates,Sharjah,,,AE-SH,,ChIJ0Zp9hY5ZXz4RZlq4HHZvx2g,2021-04-04,16,30,-17,-1,-20,6
AE,United Arab Emirates,Sharjah,,,AE-SH,,ChIJ0Zp9hY5ZXz4RZlq4HHZvx2g,2021-04-05,8,24,-15,-6,-16,6
AE,United Arab Emirates,Sharjah,,,AE-SH,,ChIJ0Zp9hY5ZXz4RZlq4HHZvx2g,2021-04-06,8,23,-17,-9,-17,6
AE,United Arab Emirates,Sharjah,,,AE-SH,,ChIJ0Zp9hY5ZXz4RZlq4HHZvx2g,2021-04-07,8,23,-17,-8,-17,6
AE,United Arab Emirates,Sharjah,,,AE-SH,,ChIJ0Zp9hY5ZXz4RZlq4HHZvx2g,2021-04-08,8,25,-19,-1,-16,7
AE,United Arab Emirates,Sharjah,,,AE-SH,,ChIJ0Zp9hY5ZXz4RZlq4HHZvx2g,2021-04-09,5,23,-14,4,-10,4
AE,United Arab Emirates,Sharjah,,,AE-SH,,ChIJ0Zp9hY5ZXz4RZlq4HHZvx2g,2021-04-10,7,22,-22,-3,-9,3
AE,United Arab Emirates,Sharjah,,,AE-SH,,ChIJ0Zp9hY5ZXz4RZlq4HHZvx2g,2021-04-11,16,32,-23,2,-15,5
AE,United Arab Emirates,Sharjah,,,AE-SH,,ChIJ0Zp9hY5ZXz4RZlq4HHZvx2g,2021-04-12,13,39,-23,0,-13,5
AE,United Arab Emirates,Sharjah,,,AE-SH,,ChIJ0Zp9hY5ZXz4RZlq4HHZvx2g,2021-04-13,-9,32,-33,-11,-18,13
AE,United Arab Emirates,Sharjah,,,AE-SH,,ChIJ0Zp9hY5ZXz4RZlq4HHZvx2g,2021-04-14,-9,23,-30,-15,-18,13
AE,United Arab Emirates,Sharjah,,,AE-SH,,ChIJ0Zp9hY5ZXz4RZlq4HHZvx2g,2021-04-15,-8,20,-30,-8,-16,14
AE,United Arab Emirates,Sharjah,,,AE-SH,,ChIJ0Zp9hY5ZXz4RZlq4HHZvx2g,2021-04-16,-14,13,-38,-7,-12,10
AE,United Arab Emirates,Sharjah,,,AE-SH,,ChIJ0Zp9hY5ZXz4RZlq4HHZvx2g,2021-04-17,-9,15,-31,-9,-9,10
AE,United Arab Emirates,Sharjah,,,AE-SH,,ChIJ0Zp9hY5ZXz4RZlq4HHZvx2g,2021-04-18,0,26,-28,-6,-15,12
AE,United Arab Emirates,Sharjah,,,AE-SH,,ChIJ0Zp9hY5ZXz4RZlq4HHZvx2g,2021-04-19,-4,22,-24,-14,-14,12
AE,United Arab Emirates,Sharjah,,,AE-SH,,ChIJ0Zp9hY5ZXz4RZlq4HHZvx2g,2021-04-20,-4,22,-25,-12,-16,13
AE,United Arab Emirates,Sharjah,,,AE-SH,,ChIJ0Zp9hY5ZXz4RZlq4HHZvx2g,2021-04-21,-3,23,-26,-12,-15,13
AE,United Arab Emirates,Sharjah,,,AE-SH,,ChIJ0Zp9hY5ZXz4RZlq4HHZvx2g,2021-04-22,-4,22,-26,-8,-15,14
AE,United Arab Emirates,Sharjah,,,AE-SH,,ChIJ0Zp9hY5ZXz4RZlq4HHZvx2g,2021-04-23,-11,14,-33,-8,-11,10
AE,United Arab Emirates,Sharjah,,,AE-SH,,ChIJ0Zp9hY5ZXz4RZlq4HHZvx2g,2021-04-24,-7,16,-28,0,-9,10
AE,United Arab Emirates,Sharjah,,,AE-SH,,ChIJ0Zp9hY5ZXz4RZlq4HHZvx2g,2021-04-25,3,27,-23,-23,-15,12
AE,United Arab Emirates,Sharjah,,,AE-SH,,ChIJ0Zp9hY5ZXz4RZlq4HHZvx2g,2021-04-26,-2,25,-18,-26,-13,13
AE,United Arab Emirates,Sharjah,,,AE-SH,,ChIJ0Zp9hY5ZXz4RZlq4HHZvx2g,2021-04-27,-1,25,-22,-25,-15,13
AE,United Arab Emirates,Sharjah,,,AE-SH,,ChIJ0Zp9hY5ZXz4RZlq4HHZvx2g,2021-04-28,0,26,-23,-27,-15,12
AE,United Arab Emirates,Sharjah,,,AE-SH,,ChIJ0Zp9hY5ZXz4RZlq4HHZvx2g,2021-04-29,2,27,-23,-22,-15,13
AE,United Arab Emirates,Sharjah,,,AE-SH,,ChIJ0Zp9hY5ZXz4RZlq4HHZvx2g,2021-04-30,-4,20,-34,-19,-8,9
AE,United Arab Emirates,Sharjah,,,AE-SH,,ChIJ0Zp9hY5ZXz4RZlq4HHZvx2g,2021-05-01,0,23,-26,-25,-8,9
AE,United Arab Emirates,Sharjah,,,AE-SH,,ChIJ0Zp9hY5ZXz4RZlq4HHZvx2g,2021-05-02,7,33,-22,-23,-15,12
AE,United Arab Emirates,Sharjah,,,AE-SH,,ChIJ0Zp9hY5ZXz4RZlq4HHZvx2g,2021-05-03,4,30,-19,-23,-14,12
AE,United Arab Emirates,Sharjah,,,AE-SH,,ChIJ0Zp9hY5ZXz4RZlq4HHZvx2g,2021-05-04,3,30,-20,-20,-15,12
AE,United Arab Emirates,Sharjah,,,AE-SH,,ChIJ0Zp9hY5ZXz4RZlq4HHZvx2g,2021-05-05,5,30,-22,-19,-15,12
AE,United Arab Emirates,Sharjah,,,AE-SH,,ChIJ0Zp9hY5ZXz4RZlq4HHZvx2g,2021-05-06,5,29,-26,-20,-15,13
AE,United Arab Emirates,Sharjah,,,AE-SH,,ChIJ0Zp9hY5ZXz4RZlq4HHZvx2g,2021-05-07,-2,22,-35,-23,-8,9
AE,United Arab Emirates,Sharjah,,,AE-SH,,ChIJ0Zp9hY5ZXz4RZlq4HHZvx2g,2021-05-08,0,22,-28,-26,-7,9
AE,United Arab Emirates,Sharjah,,,AE-SH,,ChIJ0Zp9hY5ZXz4RZlq4HHZvx2g,2021-05-09,14,36,-20,-21,-15,11
AE,United Arab Emirates,Sharjah,,,AE-SH,,ChIJ0Zp9hY5ZXz4RZlq4HHZvx2g,2021-05-10,16,40,-11,-18,-14,10
AE,United Arab Emirates,Sharjah,,,AE-SH,,ChIJ0Zp9hY5ZXz4RZlq4HHZvx2g,2021-05-11,29,59,-1,-19,-48,17
AE,United Arab Emirates,Sharjah,,,AE-SH,,ChIJ0Zp9hY5ZXz4RZlq4HHZvx2g,2021-05-12,34,77,10,-11,-61,20
AE,United Arab Emirates,Sharjah,,,AE-SH,,ChIJ0Zp9hY5ZXz4RZlq4HHZvx2g,2021-05-13,18,35,69,-23,-74,21
AE,United Arab Emirates,Sharjah,,,AE-SH,,ChIJ0Zp9hY5ZXz4RZlq4HHZvx2g,2021-05-14,8,18,1,-26,-24,5
AE,United Arab Emirates,Sharjah,,,AE-SH,,ChIJ0Zp9hY5ZXz4RZlq4HHZvx2g,2021-05-15,3,20,-18,-30,-34,10
AE,United Arab Emirates,Sharjah,,,AE-SH,,ChIJ0Zp9hY5ZXz4RZlq4HHZvx2g,2021-05-16,11,30,-34,-26,-10,7
AE,United Arab Emirates,Sharjah,,,AE-SH,,ChIJ0Zp9hY5ZXz4RZlq4HHZvx2g,2021-05-17,8,27,-32,-31,-9,8
AE,United Arab Emirates,Sharjah,,,AE-SH,,ChIJ0Zp9hY5ZXz4RZlq4HHZvx2g,2021-05-18,7,25,-33,-29,-11,8
AE,United Arab Emirates,Sharjah,,,AE-SH,,ChIJ0Zp9hY5ZXz4RZlq4HHZvx2g,2021-05-19,7,24,-35,-31,-11,8
AE,United Arab Emirates,Sharjah,,,AE-SH,,ChIJ0Zp9hY5ZXz4RZlq4HHZvx2g,2021-05-20,10,26,-36,-31,-10,9
AE,United Arab Emirates,Sharjah,,,AE-SH,,ChIJ0Zp9hY5ZXz4RZlq4HHZvx2g,2021-05-21,3,20,-36,-36,-8,8
AE,United Arab Emirates,Sharjah,,,AE-SH,,ChIJ0Zp9hY5ZXz4RZlq4HHZvx2g,2021-05-22,4,22,-39,-33,-4,6
AE,United Arab Emirates,Sharjah,,,AE-SH,,ChIJ0Zp9hY5ZXz4RZlq4HHZvx2g,2021-05-23,11,27,-39,-28,-9,7
AE,United Arab Emirates,Sharjah,,,AE-SH,,ChIJ0Zp9hY5ZXz4RZlq4HHZvx2g,2021-05-24,6,23,-30,-34,-9,8
AE,United Arab Emirates,Sharjah,,,AE-SH,,ChIJ0Zp9hY5ZXz4RZlq4HHZvx2g,2021-05-25,6,23,-33,-32,-10,8
AE,United Arab Emirates,Sharjah,,,AE-SH,,ChIJ0Zp9hY5ZXz4RZlq4HHZvx2g,2021-05-26,8,24,-35,-33,-10,8
AE,United Arab Emirates,Sharjah,,,AE-SH,,ChIJ0Zp9hY5ZXz4RZlq4HHZvx2g,2021-05-27,12,30,-36,-29,-9,8
AE,United Arab Emirates,Sharjah,,,AE-SH,,ChIJ0Zp9hY5ZXz4RZlq4HHZvx2g,2021-05-28,7,24,-37,-31,-9,7
AE,United Arab Emirates,Sharjah,,,AE-SH,,ChIJ0Zp9hY5ZXz4RZlq4HHZvx2g,2021-05-29,8,27,-37,-29,-3,5
AE,United Arab Emirates,Sharjah,,,AE-SH,,ChIJ0Zp9hY5ZXz4RZlq4HHZvx2g,2021-05-30,14,34,-37,-24,-8,7
AE,United Arab Emirates,Sharjah,,,AE-SH,,ChIJ0Zp9hY5ZXz4RZlq4HHZvx2g,2021-05-31,11,32,-34,-29,-6,7
AE,United Arab Emirates,Sharjah,,,AE-SH,,ChIJ0Zp9hY5ZXz4RZlq4HHZvx2g,2021-06-01,12,32,-34,-22,-9,7
AE,United Arab Emirates,Sharjah,,,AE-SH,,ChIJ0Zp9hY5ZXz4RZlq4HHZvx2g,2021-06-02,12,32,-35,-29,-8,7
AE,United Arab Emirates,Sharjah,,,AE-SH,,ChIJ0Zp9hY5ZXz4RZlq4HHZvx2g,2021-06-03,15,33,-40,-26,-7,8
AE,United Arab Emirates,Sharjah,,,AE-SH,,ChIJ0Zp9hY5ZXz4RZlq4HHZvx2g,2021-06-04,12,28,-42,-29,-9,7
AE,United Arab Emirates,Sharjah,,,AE-SH,,ChIJ0Zp9hY5ZXz4RZlq4HHZvx2g,2021-06-05,10,30,-41,-29,-2,5
AE,United Arab Emirates,Sharjah,,,AE-SH,,ChIJ0Zp9hY5ZXz4RZlq4HHZvx2g,2021-06-06,15,34,-40,-26,-8,7
AE,United Arab Emirates,Sharjah,,,AE-SH,,ChIJ0Zp9hY5ZXz4RZlq4HHZvx2g,2021-06-07,10,32,-36,-29,-6,8
AE,United Arab Emirates,Sharjah,,,AE-SH,,ChIJ0Zp9hY5ZXz4RZlq4HHZvx2g,2021-06-08,9,29,-38,-29,-9,8
AE,United Arab Emirates,Sharjah,,,AE-SH,,ChIJ0Zp9hY5ZXz4RZlq4HHZvx2g,2021-06-09,10,29,-38,-30,-8,8
AE,United Arab Emirates,Sharjah,,,AE-SH,,ChIJ0Zp9hY5ZXz4RZlq4HHZvx2g,2021-06-10,13,31,-39,-27,-7,9
AE,United Arab Emirates,Sharjah,,,AE-SH,,ChIJ0Zp9hY5ZXz4RZlq4HHZvx2g,2021-06-11,7,25,-41,-32,-10,7
AE,United Arab Emirates,Sharjah,,,AE-SH,,ChIJ0Zp9hY5ZXz4RZlq4HHZvx2g,2021-06-12,5,24,-41,-31,-5,5
AE,United Arab Emirates,Sharjah,,,AE-SH,,ChIJ0Zp9hY5ZXz4RZlq4HHZvx2g,2021-06-13,11,30,-40,-29,-10,7
AE,United Arab Emirates,Sharjah,,,AE-SH,,ChIJ0Zp9hY5ZXz4RZlq4HHZvx2g,2021-06-14,8,27,-35,-30,-8,7
AE,United Arab Emirates,Sharjah,,,AE-SH,,ChIJ0Zp9hY5ZXz4RZlq4HHZvx2g,2021-06-15,7,26,-37,-28,-9,7
AE,United Arab Emirates,Sharjah,,,AE-SH,,ChIJ0Zp9hY5ZXz4RZlq4HHZvx2g,2021-06-16,8,24,-37,-32,-9,7
AE,United Arab Emirates,Sharjah,,,AE-SH,,ChIJ0Zp9hY5ZXz4RZlq4HHZvx2g,2021-06-17,8,25,-41,-29,-10,7
AE,United Arab Emirates,Sharjah,,,AE-SH,,ChIJ0Zp9hY5ZXz4RZlq4HHZvx2g,2021-06-18,1,18,-44,-34,-14,7
AE,United Arab Emirates,Sharjah,,,AE-SH,,ChIJ0Zp9hY5ZXz4RZlq4HHZvx2g,2021-06-19,1,19,-44,-33,-7,5
AE,United Arab Emirates,Sharjah,,,AE-SH,,ChIJ0Zp9hY5ZXz4RZlq4HHZvx2g,2021-06-20,10,26,-42,-26,-11,7
AE,United Arab Emirates,Sharjah,,,AE-SH,,ChIJ0Zp9hY5ZXz4RZlq4HHZvx2g,2021-06-21,6,22,-39,-30,-10,7
AE,United Arab Emirates,Sharjah,,,AE-SH,,ChIJ0Zp9hY5ZXz4RZlq4HHZvx2g,2021-06-22,5,21,-39,-30,-11,7
AE,United Arab Emirates,Sharjah,,,AE-SH,,ChIJ0Zp9hY5ZXz4RZlq4HHZvx2g,2021-06-23,5,20,-40,-30,-10,7
AE,United Arab Emirates,Sharjah,,,AE-SH,,ChIJ0Zp9hY5ZXz4RZlq4HHZvx2g,2021-06-24,8,26,-43,-25,-10,8
AE,United Arab Emirates,Sharjah,,,AE-SH,,ChIJ0Zp9hY5ZXz4RZlq4HHZvx2g,2021-06-25,2,19,-45,-28,-13,7
AE,United Arab Emirates,Sharjah,,,AE-SH,,ChIJ0Zp9hY5ZXz4RZlq4HHZvx2g,2021-06-26,4,21,-43,-29,-5,5
AE,United Arab Emirates,Sharjah,,,AE-SH,,ChIJ0Zp9hY5ZXz4RZlq4HHZvx2g,2021-06-27,11,28,-42,-25,-10,6
AE,United Arab Emirates,Sharjah,,,AE-SH,,ChIJ0Zp9hY5ZXz4RZlq4HHZvx2g,2021-06-28,8,27,-37,-26,-8,6
AE,United Arab Emirates,Sharjah,,,AE-SH,,ChIJ0Zp9hY5ZXz4RZlq4HHZvx2g,2021-06-29,5,23,-41,-27,-11,6
AE,United Arab Emirates,Sharjah,,,AE-SH,,ChIJ0Zp9hY5ZXz4RZlq4HHZvx2g,2021-06-30,10,28,-40,-29,-11,5
AE,United Arab Emirates,Sharjah,,,AE-SH,,ChIJ0Zp9hY5ZXz4RZlq4HHZvx2g,2021-07-01,14,32,-43,-21,-10,7
AE,United Arab Emirates,Sharjah,,,AE-SH,,ChIJ0Zp9hY5ZXz4RZlq4HHZvx2g,2021-07-02,8,26,-46,-23,-11,7
AE,United Arab Emirates,Sharjah,,,AE-SH,,ChIJ0Zp9hY5ZXz4RZlq4HHZvx2g,2021-07-03,8,27,-45,-21,-5,4
AE,United Arab Emirates,Sharjah,,,AE-SH,,ChIJ0Zp9hY5ZXz4RZlq4HHZvx2g,2021-07-04,14,34,-41,-20,-11,6
AE,United Arab Emirates,Sharjah,,,AE-SH,,ChIJ0Zp9hY5ZXz4RZlq4HHZvx2g,2021-07-05,11,30,-36,-24,-9,6
AE,United Arab Emirates,Sharjah,,,AE-SH,,ChIJ0Zp9hY5ZXz4RZlq4HHZvx2g,2021-07-06,9,29,-39,-24,-12,7
AE,United Arab Emirates,Sharjah,,,AE-SH,,ChIJ0Zp9hY5ZXz4RZlq4HHZvx2g,2021-07-07,10,28,-39,-26,-12,6
AE,United Arab Emirates,Sharjah,,,AE-SH,,ChIJ0Zp9hY5ZXz4RZlq4HHZvx2g,2021-07-08,12,30,-43,-21,-11,7
AE,United Arab Emirates,Sharjah,,,AE-SH,,ChIJ0Zp9hY5ZXz4RZlq4HHZvx2g,2021-07-09,5,22,-48,-21,-11,7
AE,United Arab Emirates,Sharjah,,,AE-SH,,ChIJ0Zp9hY5ZXz4RZlq4HHZvx2g,2021-07-10,5,24,-44,-23,-6,5
AE,United Arab Emirates,Sharjah,,,AE-SH,,ChIJ0Zp9hY5ZXz4RZlq4HHZvx2g,2021-07-11,11,30,-44,-22,-13,6
AE,United Arab Emirates,Sharjah,,,AE-SH,,ChIJ0Zp9hY5ZXz4RZlq4HHZvx2g,2021-07-12,8,26,-40,-23,-12,7
AE,United Arab Emirates,Sharjah,,,AE-SH,,ChIJ0Zp9hY5ZXz4RZlq4HHZvx2g,2021-07-13,8,26,-40,-24,-14,7
AE,United Arab Emirates,Sharjah,,,AE-SH,,ChIJ0Zp9hY5ZXz4RZlq4HHZvx2g,2021-07-14,10,27,-40,-21,-13,6
AE,United Arab Emirates,Sharjah,,,AE-SH,,ChIJ0Zp9hY5ZXz4RZlq4HHZvx2g,2021-07-15,10,28,-45,-16,-12,7
AE,United Arab Emirates,Sharjah,,,AE-SH,,ChIJ0Zp9hY5ZXz4RZlq4HHZvx2g,2021-07-16,4,20,-45,-13,-8,7
AE,United Arab Emirates,Sharjah,,,AE-SH,,ChIJ0Zp9hY5ZXz4RZlq4HHZvx2g,2021-07-17,7,21,-41,-19,-5,4
AE,United Arab Emirates,Sharjah,,,AE-SH,,ChIJ0Zp9hY5ZXz4RZlq4HHZvx2g,2021-07-18,25,43,-38,-9,-16,5
AE,United Arab Emirates,Sharjah,,,AE-SH,,ChIJ0Zp9hY5ZXz4RZlq4HHZvx2g,2021-07-19,28,64,-25,-16,-57,18
AE,United Arab Emirates,Sharjah,,,AE-SH,,ChIJ0Zp9hY5ZXz4RZlq4HHZvx2g,2021-07-20,16,37,40,-17,-78,19
AE,United Arab Emirates,Sharjah,,,AE-SH,,ChIJ0Zp9hY5ZXz4RZlq4HHZvx2g,2021-07-21,16,32,34,-32,-75,19
AE,United Arab Emirates,Sharjah,,,AE-SH,,ChIJ0Zp9hY5ZXz4RZlq4HHZvx2g,2021-07-22,3,19,-5,-36,-63,20
AE,United Arab Emirates,Sharjah,,,AE-SH,,ChIJ0Zp9hY5ZXz4RZlq4HHZvx2g,2021-07-23,-11,2,-39,-26,-13,8
AE,United Arab Emirates,Sharjah,,,AE-SH,,ChIJ0Zp9hY5ZXz4RZlq4HHZvx2g,2021-07-24,-6,9,-47,-26,-7,6
AE,United Arab Emirates,Sharjah,,,AE-SH,,ChIJ0Zp9hY5ZXz4RZlq4HHZvx2g,2021-07-25,3,21,-45,-26,-14,7
AE,United Arab Emirates,Sharjah,,,AE-SH,,ChIJ0Zp9hY5ZXz4RZlq4HHZvx2g,2021-07-26,2,20,-40,-29,-13,7
AE,United Arab Emirates,Sharjah,,,AE-SH,,ChIJ0Zp9hY5ZXz4RZlq4HHZvx2g,2021-07-27,1,20,-42,-31,-15,7
AE,United Arab Emirates,Sharjah,,,AE-SH,,ChIJ0Zp9hY5ZXz4RZlq4HHZvx2g,2021-07-28,3,20,-42,-31,-14,7
AE,United Arab Emirates,Sharjah,,,AE-SH,,ChIJ0Zp9hY5ZXz4RZlq4HHZvx2g,2021-07-29,3,23,-47,-29,-13,8
AE,United Arab Emirates,Sharjah,,,AE-SH,,ChIJ0Zp9hY5ZXz4RZlq4HHZvx2g,2021-07-30,-5,13,-51,-32,-8,7
AE,United Arab Emirates,Sharjah,,,AE-SH,,ChIJ0Zp9hY5ZXz4RZlq4HHZvx2g,2021-07-31,-1,18,-49,-30,-5,5
AE,United Arab Emirates,Sharjah,,,AE-SH,,ChIJ0Zp9hY5ZXz4RZlq4HHZvx2g,2021-08-01,8,25,-45,-22,-15,6
AE,United Arab Emirates,Sharjah,,,AE-SH,,ChIJ0Zp9hY5ZXz4RZlq4HHZvx2g,2021-08-02,5,23,-41,-26,-13,7
AE,United Arab Emirates,Sharjah,,,AE-SH,,ChIJ0Zp9hY5ZXz4RZlq4HHZvx2g,2021-08-03,4,22,-43,-30,-16,7
AE,United Arab Emirates,Sharjah,,,AE-SH,,ChIJ0Zp9hY5ZXz4RZlq4HHZvx2g,2021-08-04,5,21,-42,-29,-14,7
AE,United Arab Emirates,Sharjah,,,AE-SH,,ChIJ0Zp9hY5ZXz4RZlq4HHZvx2g,2021-08-05,6,23,-46,-25,-14,8
AE,United Arab Emirates,Sharjah,,,AE-SH,,ChIJ0Zp9hY5ZXz4RZlq4HHZvx2g,2021-08-06,-2,14,-51,-22,-10,7
AE,United Arab Emirates,Sharjah,,,AE-SH,,ChIJ0Zp9hY5ZXz4RZlq4HHZvx2g,2021-08-07,0,17,-48,-22,-7,5
AE,United Arab Emirates,Sharjah,,,AE-SH,,ChIJ0Zp9hY5ZXz4RZlq4HHZvx2g,2021-08-08,7,24,-44,-11,-15,7
AE,United Arab Emirates,Sharjah,,,AE-SH,,ChIJ0Zp9hY5ZXz4RZlq4HHZvx2g,2021-08-09,5,22,-42,-14,-14,7
AE,United Arab Emirates,Sharjah,,,AE-SH,,ChIJ0Zp9hY5ZXz4RZlq4HHZvx2g,2021-08-10,4,21,-42,-13,-15,7
AE,United Arab Emirates,Sharjah,,,AE-SH,,ChIJ0Zp9hY5ZXz4RZlq4HHZvx2g,2021-08-11,11,26,-39,-6,-15,5
AE,United Arab Emirates,Sharjah,,,AE-SH,,ChIJ0Zp9hY5ZXz4RZlq4HHZvx2g,2021-08-12,11,31,-30,-24,-57,20
AE,United Arab Emirates,Sharjah,,,AE-SH,,ChIJ0Zp9hY5ZXz4RZlq4HHZvx2g,2021-08-13,-3,13,-46,-21,-12,7
AE,United Arab Emirates,Sharjah,,,AE-SH,,ChIJ0Zp9hY5ZXz4RZlq4HHZvx2g,2021-08-14,-2,16,-45,-19,-8,5
AE,United Arab Emirates,Sharjah,,,AE-SH,,ChIJ0Zp9hY5ZXz4RZlq4HHZvx2g,2021-08-15,8,23,-44,-13,-15,6
AE,United Arab Emirates,Sharjah,,,AE-SH,,ChIJ0Zp9hY5ZXz4RZlq4HHZvx2g,2021-08-16,3,21,-40,-18,-14,7
AE,United Arab Emirates,Sharjah,,,AE-SH,,ChIJ0Zp9hY5ZXz4RZlq4HHZvx2g,2021-08-17,3,22,-38,-20,-17,7
AE,United Arab Emirates,Sharjah,,,AE-SH,,ChIJ0Zp9hY5ZXz4RZlq4HHZvx2g,2021-08-18,3,22,-40,-23,-16,7
AE,United Arab Emirates,Sharjah,,,AE-SH,,ChIJ0Zp9hY5ZXz4RZlq4HHZvx2g,2021-08-19,5,26,-45,-18,-15,8
AE,United Arab Emirates,Sharjah,,,AE-SH,,ChIJ0Zp9hY5ZXz4RZlq4HHZvx2g,2021-08-20,0,19,-47,-18,-12,7
AE,United Arab Emirates,Sharjah,,,AE-SH,,ChIJ0Zp9hY5ZXz4RZlq4HHZvx2g,2021-08-21,1,19,-43,-22,-12,5
AE,United Arab Emirates,Sharjah,,,AE-SH,,ChIJ0Zp9hY5ZXz4RZlq4HHZvx2g,2021-08-22,7,23,-42,-16,-14,6
AE,United Arab Emirates,Sharjah,,,AE-SH,,ChIJ0Zp9hY5ZXz4RZlq4HHZvx2g,2021-08-23,4,21,-39,-20,-12,6
AE,United Arab Emirates,Sharjah,,,AE-SH,,ChIJ0Zp9hY5ZXz4RZlq4HHZvx2g,2021-08-24,4,20,-40,-20,-14,6
AE,United Arab Emirates,Sharjah,,,AE-SH,,ChIJ0Zp9hY5ZXz4RZlq4HHZvx2g,2021-08-25,7,23,-40,-20,-13,6
AE,United Arab Emirates,Sharjah,,,AE-SH,,ChIJ0Zp9hY5ZXz4RZlq4HHZvx2g,2021-08-26,10,27,-44,-16,-13,6
AE,United Arab Emirates,Sharjah,,,AE-SH,,ChIJ0Zp9hY5ZXz4RZlq4HHZvx2g,2021-08-27,7,21,-46,-19,-13,6
AE,United Arab Emirates,Sharjah,,,AE-SH,,ChIJ0Zp9hY5ZXz4RZlq4HHZvx2g,2021-08-28,8,24,-45,-17,-8,4
AE,United Arab Emirates,Sharjah,,,AE-SH,,ChIJ0Zp9hY5ZXz4RZlq4HHZvx2g,2021-08-29,15,30,-43,-13,-14,5
AE,United Arab Emirates,Sharjah,,,AE-SH,,ChIJ0Zp9hY5ZXz4RZlq4HHZvx2g,2021-08-30,11,28,-37,-12,-12,5
AE,United Arab Emirates,Sharjah,,,AE-SH,,ChIJ0Zp9hY5ZXz4RZlq4HHZvx2g,2021-08-31,11,29,-38,-13,-13,5
AE,United Arab Emirates,Sharjah,,,AE-SH,,ChIJ0Zp9hY5ZXz4RZlq4HHZvx2g,2021-09-01,13,31,-39,-16,-13,5
AE,United Arab Emirates,Sharjah,,,AE-SH,,ChIJ0Zp9hY5ZXz4RZlq4HHZvx2g,2021-09-02,16,34,-41,-9,-13,6
AE,United Arab Emirates,Sharjah,,,AE-SH,,ChIJ0Zp9hY5ZXz4RZlq4HHZvx2g,2021-09-03,13,30,-43,-3,-14,6
AE,United Arab Emirates,Sharjah,,,AE-SH,,ChIJ0Zp9hY5ZXz4RZlq4HHZvx2g,2021-09-04,13,31,-42,-12,-9,4
AE,United Arab Emirates,Sharjah,,,AE-SH,,ChIJ0Zp9hY5ZXz4RZlq4HHZvx2g,2021-09-05,17,35,-40,-7,-13,5
AE,United Arab Emirates,Sharjah,,,AE-SH,,ChIJ0Zp9hY5ZXz4RZlq4HHZvx2g,2021-09-06,11,32,-38,-7,-12,5
AE,United Arab Emirates,Sharjah,,,AE-SH,,ChIJ0Zp9hY5ZXz4RZlq4HHZvx2g,2021-09-07,11,30,-39,-13,-13,5
AE,United Arab Emirates,Sharjah,,,AE-SH,,ChIJ0Zp9hY5ZXz4RZlq4HHZvx2g,2021-09-08,11,29,-39,-11,-12,5
AE,United Arab Emirates,Sharjah,,,AE-SH,,ChIJ0Zp9hY5ZXz4RZlq4HHZvx2g,2021-09-09,14,32,-42,-5,-12,5
AE,United Arab Emirates,Sharjah,,,AE-SH,,ChIJ0Zp9hY5ZXz4RZlq4HHZvx2g,2021-09-10,10,28,-44,-4,-15,6
AE,United Arab Emirates,Sharjah,,,AE-SH,,ChIJ0Zp9hY5ZXz4RZlq4HHZvx2g,2021-09-11,10,30,-41,-9,-10,4
AE,United Arab Emirates,Sharjah,,,AE-SH,,ChIJ0Zp9hY5ZXz4RZlq4HHZvx2g,2021-09-12,16,34,-40,-6,-13,5
AE,United Arab Emirates,Sharjah,,,AE-SH,,ChIJ0Zp9hY5ZXz4RZlq4HHZvx2g,2021-09-13,11,30,-36,-5,-11,5
AE,United Arab Emirates,Sharjah,,,AE-SH,,ChIJ0Zp9hY5ZXz4RZlq4HHZvx2g,2021-09-14,11,30,-37,-10,-14,5
AE,United Arab Emirates,Sharjah,,,AE-SH,,ChIJ0Zp9hY5ZXz4RZlq4HHZvx2g,2021-09-15,12,30,-38,-7,-13,5
AE,United Arab Emirates,Sharjah,,,AE-SH,,ChIJ0Zp9hY5ZXz4RZlq4HHZvx2g,2021-09-16,14,33,-41,-1,-13,5
AE,United Arab Emirates,Sharjah,,,AE-SH,,ChIJ0Zp9hY5ZXz4RZlq4HHZvx2g,2021-09-17,12,29,-40,-1,-16,6
AE,United Arab Emirates,Sharjah,,,AE-SH,,ChIJ0Zp9hY5ZXz4RZlq4HHZvx2g,2021-09-18,11,29,-40,-4,-10,4
AE,United Arab Emirates,Sharjah,,,AE-SH,,ChIJ0Zp9hY5ZXz4RZlq4HHZvx2g,2021-09-19,15,32,-36,0,-13,5
AE,United Arab Emirates,Sharjah,,,AE-SH,,ChIJ0Zp9hY5ZXz4RZlq4HHZvx2g,2021-09-20,12,29,-36,1,-11,5
AE,United Arab Emirates,Sharjah,,,AE-SH,,ChIJ0Zp9hY5ZXz4RZlq4HHZvx2g,2021-09-21,10,28,-36,-3,-12,5
AE,United Arab Emirates,Sharjah,,,AE-SH,,ChIJ0Zp9hY5ZXz4RZlq4HHZvx2g,2021-09-22,12,28,-35,-3,-9,5
AE,United Arab Emirates,Sharjah,,,AE-SH,,ChIJ0Zp9hY5ZXz4RZlq4HHZvx2g,2021-09-23,16,33,-36,4,-9,5
AE,United Arab Emirates,Sharjah,,,AE-SH,,ChIJ0Zp9hY5ZXz4RZlq4HHZvx2g,2021-09-24,12,27,-38,5,-13,5
AE,United Arab Emirates,Sharjah,,,AE-SH,,ChIJ0Zp9hY5ZXz4RZlq4HHZvx2g,2021-09-25,12,29,-38,6,-8,4
AE,United Arab Emirates,Sharjah,,,AE-SH,,ChIJ0Zp9hY5ZXz4RZlq4HHZvx2g,2021-09-26,18,35,-38,7,-10,4
AE,United Arab Emirates,Sharjah,,,AE-SH,,ChIJ0Zp9hY5ZXz4RZlq4HHZvx2g,2021-09-27,15,34,-32,9,-8,4
AE,United Arab Emirates,Sharjah,,,AE-SH,,ChIJ0Zp9hY5ZXz4RZlq4HHZvx2g,2021-09-28,13,32,-34,4,-10,4
AE,United Arab Emirates,Sharjah,,,AE-SH,,ChIJ0Zp9hY5ZXz4RZlq4HHZvx2g,2021-09-29,17,34,-35,3,-9,4
AE,United Arab Emirates,Sharjah,,,AE-SH,,ChIJ0Zp9hY5ZXz4RZlq4HHZvx2g,2021-09-30,19,37,-35,17,-8,4
AE,United Arab Emirates,Sharjah,,,AE-SH,,ChIJ0Zp9hY5ZXz4RZlq4HHZvx2g,2021-10-01,19,36,-36,22,-14,4
AE,United Arab Emirates,Sharjah,,,AE-SH,,ChIJ0Zp9hY5ZXz4RZlq4HHZvx2g,2021-10-02,19,39,-37,22,-8,3
AE,United Arab Emirates,Sharjah,,,AE-SH,,ChIJ0Zp9hY5ZXz4RZlq4HHZvx2g,2021-10-03,25,43,-34,24,-10,4
AE,United Arab Emirates,Sharjah,,,AE-SH,,ChIJ0Zp9hY5ZXz4RZlq4HHZvx2g,2021-10-04,20,43,-28,21,-8,4
AE,United Arab Emirates,Sharjah,,,AE-SH,,ChIJ0Zp9hY5ZXz4RZlq4HHZvx2g,2021-10-05,20,41,-32,22,-10,4
AE,United Arab Emirates,Sharjah,,,AE-SH,,ChIJ0Zp9hY5ZXz4RZlq4HHZvx2g,2021-10-06,21,39,-31,17,-8,4
AE,United Arab Emirates,Sharjah,,,AE-SH,,ChIJ0Zp9hY5ZXz4RZlq4HHZvx2g,2021-10-07,23,39,-33,26,-8,4
AE,United Arab Emirates,Sharjah,,,AE-SH,,ChIJ0Zp9hY5ZXz4RZlq4HHZvx2g,2021-10-08,22,39,-31,37,-15,4
AE,United Arab Emirates,Sharjah,,,AE-SH,,ChIJ0Zp9hY5ZXz4RZlq4HHZvx2g,2021-10-09,21,37,-35,29,-8,4
AE,United Arab Emirates,Sharjah,,,AE-SH,,ChIJ0Zp9hY5ZXz4RZlq4HHZvx2g,2021-10-10,25,42,-33,34,-8,4
AE,United Arab Emirates,Sharjah,,,AE-SH,,ChIJ0Zp9hY5ZXz4RZlq4HHZvx2g,2021-10-11,20,39,-29,27,-6,4
AE,United Arab Emirates,Sharjah,,,AE-SH,,ChIJ0Zp9hY5ZXz4RZlq4HHZvx2g,2021-10-12,20,39,-27,27,-8,4
AE,United Arab Emirates,Sharjah,,,AE-SH,,ChIJ0Zp9hY5ZXz4RZlq4HHZvx2g,2021-10-13,22,38,-29,25,-7,4
AE,United Arab Emirates,Sharjah,,,AE-SH,,ChIJ0Zp9hY5ZXz4RZlq4HHZvx2g,2021-10-14,25,41,-30,34,-7,4
AE,United Arab Emirates,Sharjah,,,AE-SH,,ChIJ0Zp9hY5ZXz4RZlq4HHZvx2g,2021-10-15,21,37,-28,48,-15,4
AE,United Arab Emirates,Sharjah,,,AE-SH,,ChIJ0Zp9hY5ZXz4RZlq4HHZvx2g,2021-10-16,20,38,-31,29,-8,4
AE,United Arab Emirates,Sharjah,,,AE-SH,,ChIJ0Zp9hY5ZXz4RZlq4HHZvx2g,2021-10-17,26,42,-30,34,-8,4
AE,United Arab Emirates,Sharjah,,,AE-SH,,ChIJ0Zp9hY5ZXz4RZlq4HHZvx2g,2021-10-18,22,39,-25,27,-7,4
AE,United Arab Emirates,Sharjah,,,AE-SH,,ChIJ0Zp9hY5ZXz4RZlq4HHZvx2g,2021-10-19,22,37,-25,31,-9,4
AE,United Arab Emirates,Sharjah,,,AE-SH,,ChIJ0Zp9hY5ZXz4RZlq4HHZvx2g,2021-10-20,31,45,-15,37,-8,2
AE,United Arab Emirates,Sharjah,,,AE-SH,,ChIJ0Zp9hY5ZXz4RZlq4HHZvx2g,2021-10-21,38,54,20,32,-59,17
AE,United Arab Emirates,Sharjah,,,AE-SH,,ChIJ0Zp9hY5ZXz4RZlq4HHZvx2g,2021-10-22,21,35,-13,48,-16,4
AE,United Arab Emirates,Sharjah,,,AE-SH,,ChIJ0Zp9hY5ZXz4RZlq4HHZvx2g,2021-10-23,18,34,-26,31,-7,4
AE,United Arab Emirates,Sharjah,,,AE-SH,,ChIJ0Zp9hY5ZXz4RZlq4HHZvx2g,2021-10-24,22,35,-31,33,-8,5
AE,United Arab Emirates,Sharjah,,,AE-SH,,ChIJ0Zp9hY5ZXz4RZlq4HHZvx2g,2021-10-25,23,39,-22,32,-5,4
AE,United Arab Emirates,Sharjah,,,AE-SH,,ChIJ0Zp9hY5ZXz4RZlq4HHZvx2g,2021-10-26,23,38,-23,31,-7,4
AE,United Arab Emirates,Sharjah,,,AE-SH,,ChIJ0Zp9hY5ZXz4RZlq4HHZvx2g,2021-10-27,25,38,-22,28,-6,3
AE,United Arab Emirates,Sharjah,,,AE-SH,,ChIJ0Zp9hY5ZXz4RZlq4HHZvx2g,2021-10-28,29,43,-19,37,-5,3
AE,United Arab Emirates,Sharjah,,,AE-SH,,ChIJ0Zp9hY5ZXz4RZlq4HHZvx2g,2021-10-29,24,39,-17,50,-10,3
AE,United Arab Emirates,Sharjah,,,AE-SH,,ChIJ0Zp9hY5ZXz4RZlq4HHZvx2g,2021-10-30,26,43,-23,42,-5,2
AE,United Arab Emirates,Sharjah,,,AE-SH,,ChIJ0Zp9hY5ZXz4RZlq4HHZvx2g,2021-10-31,31,47,-24,48,-6,3
AE,United Arab Emirates,Sharjah,,,AE-SH,,ChIJ0Zp9hY5ZXz4RZlq4HHZvx2g,2021-11-01,29,48,-18,40,-4,3
AE,United Arab Emirates,Sharjah,,,AE-SH,,ChIJ0Zp9hY5ZXz4RZlq4HHZvx2g,2021-11-02,31,48,-20,36,-6,3
AE,United Arab Emirates,Sharjah,,,AE-SH,,ChIJ0Zp9hY5ZXz4RZlq4HHZvx2g,2021-11-03,31,47,-17,33,-6,3
AE,United Arab Emirates,Sharjah,,,AE-SH,,ChIJ0Zp9hY5ZXz4RZlq4HHZvx2g,2021-11-04,35,49,-5,36,-9,5
AE,United Arab Emirates,Sharjah,,,AE-SH,,ChIJ0Zp9hY5ZXz4RZlq4HHZvx2g,2021-11-05,30,44,-4,53,-13,3
AE,United Arab Emirates,Sharjah,,,AE-SH,,ChIJ0Zp9hY5ZXz4RZlq4HHZvx2g,2021-11-06,29,43,-11,41,-6,3
AE,United Arab Emirates,Sharjah,,,AE-SH,,ChIJ0Zp9hY5ZXz4RZlq4HHZvx2g,2021-11-07,33,48,-13,48,-6,3
AE,United Arab Emirates,Sharjah,,,AE-SH,,ChIJ0Zp9hY5ZXz4RZlq4HHZvx2g,2021-11-08,28,46,-6,36,-3,4
AE,United Arab Emirates,Sharjah,,,AE-SH,,ChIJ0Zp9hY5ZXz4RZlq4HHZvx2g,2021-11-09,29,45,-6,36,-5,3
AE,United Arab Emirates,Sharjah,,,AE-SH,,ChIJ0Zp9hY5ZXz4RZlq4HHZvx2g,2021-11-10,31,45,-8,38,-5,3
AE,United Arab Emirates,Sharjah,,,AE-SH,,ChIJ0Zp9hY5ZXz4RZlq4HHZvx2g,2021-11-11,32,41,-7,43,-5,4
AE,United Arab Emirates,Sharjah,,,AE-SH,,ChIJ0Zp9hY5ZXz4RZlq4HHZvx2g,2021-11-12,35,45,2,64,-10,3
AE,United Arab Emirates,Sharjah,,,AE-SH,,ChIJ0Zp9hY5ZXz4RZlq4HHZvx2g,2021-11-13,30,43,-8,47,-5,3
AE,United Arab Emirates,Sharjah,,,AE-SH,,ChIJ0Zp9hY5ZXz4RZlq4HHZvx2g,2021-11-14,32,47,-9,53,-6,4
AE,United Arab Emirates,Sharjah,,,AE-SH,,ChIJ0Zp9hY5ZXz4RZlq4HHZvx2g,2021-11-15,28,46,-2,53,-4,4
AE,United Arab Emirates,Sharjah,,,AE-SH,,ChIJ0Zp9hY5ZXz4RZlq4HHZvx2g,2021-11-16,28,44,-2,50,-6,4
AE,United Arab Emirates,Sharjah,,,AE-SH,,ChIJ0Zp9hY5ZXz4RZlq4HHZvx2g,2021-11-17,29,43,-2,40,-5,4
AE,United Arab Emirates,Sharjah,,,AE-SH,,ChIJ0Zp9hY5ZXz4RZlq4HHZvx2g,2021-11-18,32,46,1,48,-4,4
AE,United Arab Emirates,Sharjah,,,AE-SH,,ChIJ0Zp9hY5ZXz4RZlq4HHZvx2g,2021-11-19,28,43,4,63,-9,3
AE,United Arab Emirates,Sharjah,,,AE-SH,,ChIJ0Zp9hY5ZXz4RZlq4HHZvx2g,2021-11-20,25,41,-6,51,-2,4
AE,United Arab Emirates,Sharjah,,,AE-SH,,ChIJ0Zp9hY5ZXz4RZlq4HHZvx2g,2021-11-21,32,45,-6,49,-5,4
AE,United Arab Emirates,Sharjah,,,AE-SH,,ChIJ0Zp9hY5ZXz4RZlq4HHZvx2g,2021-11-22,28,42,-1,43,-3,4
AE,United Arab Emirates,Sharjah,,,AE-SH,,ChIJ0Zp9hY5ZXz4RZlq4HHZvx2g,2021-11-23,28,42,-2,46,-5,4
AE,United Arab Emirates,Sharjah,,,AE-SH,,ChIJ0Zp9hY5ZXz4RZlq4HHZvx2g,2021-11-24,30,43,-2,41,-4,4
AE,United Arab Emirates,Sharjah,,,AE-SH,,ChIJ0Zp9hY5ZXz4RZlq4HHZvx2g,2021-11-25,33,45,0,50,-4,4
AE,United Arab Emirates,Sharjah,,,AE-SH,,ChIJ0Zp9hY5ZXz4RZlq4HHZvx2g,2021-11-26,32,46,1,70,-8,2
AE,United Arab Emirates,Sharjah,,,AE-SH,,ChIJ0Zp9hY5ZXz4RZlq4HHZvx2g,2021-11-27,30,44,-4,60,-2,2
AE,United Arab Emirates,Sharjah,,,AE-SH,,ChIJ0Zp9hY5ZXz4RZlq4HHZvx2g,2021-11-28,39,53,-6,64,-5,3
AE,United Arab Emirates,Sharjah,,,AE-SH,,ChIJ0Zp9hY5ZXz4RZlq4HHZvx2g,2021-11-29,36,49,6,70,-3,3
AE,United Arab Emirates,Sharjah,,,AE-SH,,ChIJ0Zp9hY5ZXz4RZlq4HHZvx2g,2021-11-30,44,57,15,85,-6,1
AE,United Arab Emirates,Sharjah,,,AE-SH,,ChIJ0Zp9hY5ZXz4RZlq4HHZvx2g,2021-12-01,66,84,78,67,-57,11
AE,United Arab Emirates,Sharjah,,,AE-SH,,ChIJ0Zp9hY5ZXz4RZlq4HHZvx2g,2021-12-02,46,61,82,64,-71,15
AE,United Arab Emirates,Sharjah,,,AE-SH,,ChIJ0Zp9hY5ZXz4RZlq4HHZvx2g,2021-12-03,29,42,15,84,-13,2
AE,United Arab Emirates,Sharjah,,,AE-SH,,ChIJ0Zp9hY5ZXz4RZlq4HHZvx2g,2021-12-04,29,42,-1,70,-4,3
AE,United Arab Emirates,Sharjah,,,AE-SH,,ChIJ0Zp9hY5ZXz4RZlq4HHZvx2g,2021-12-05,37,51,-5,68,-5,4
AE,United Arab Emirates,Sharjah,,,AE-SH,,ChIJ0Zp9hY5ZXz4RZlq4HHZvx2g,2021-12-06,32,48,3,58,-3,4
AE,United Arab Emirates,Sharjah,,,AE-SH,,ChIJ0Zp9hY5ZXz4RZlq4HHZvx2g,2021-12-07,32,46,2,60,-4,4
AE,United Arab Emirates,Sharjah,,,AE-SH,,ChIJ0Zp9hY5ZXz4RZlq4HHZvx2g,2021-12-08,35,49,2,57,-2,4
AE,United Arab Emirates,Sharjah,,,AE-SH,,ChIJ0Zp9hY5ZXz4RZlq4HHZvx2g,2021-12-09,34,48,2,60,-2,4
AE,United Arab Emirates,Sharjah,,,AE-SH,,ChIJ0Zp9hY5ZXz4RZlq4HHZvx2g,2021-12-10,29,48,8,85,-2,3
AE,United Arab Emirates,Sharjah,,,AE-SH,,ChIJ0Zp9hY5ZXz4RZlq4HHZvx2g,2021-12-11,28,42,2,70,1,3
AE,United Arab Emirates,Sharjah,,,AE-SH,,ChIJ0Zp9hY5ZXz4RZlq4HHZvx2g,2021-12-12,38,52,4,70,-7,5
AE,United Arab Emirates,Sharjah,,,AE-SH,,ChIJ0Zp9hY5ZXz4RZlq4HHZvx2g,2021-12-13,34,50,11,64,-5,5
AE,United Arab Emirates,Sharjah,,,AE-SH,,ChIJ0Zp9hY5ZXz4RZlq4HHZvx2g,2021-12-14,34,48,12,67,-7,5
AE,United Arab Emirates,Sharjah,,,AE-SH,,ChIJ0Zp9hY5ZXz4RZlq4HHZvx2g,2021-12-15,35,48,10,60,-7,5
AE,United Arab Emirates,Sharjah,,,AE-SH,,ChIJ0Zp9hY5ZXz4RZlq4HHZvx2g,2021-12-16,35,50,5,60,-7,6
AE,United Arab Emirates,Sharjah,,,AE-SH,,ChIJ0Zp9hY5ZXz4RZlq4HHZvx2g,2021-12-17,30,45,10,78,-1,2
AE,United Arab Emirates,Sharjah,,,AE-SH,,ChIJ0Zp9hY5ZXz4RZlq4HHZvx2g,2021-12-18,29,40,3,65,1,2
AE,United Arab Emirates,Sharjah,,,AE-SH,,ChIJ0Zp9hY5ZXz4RZlq4HHZvx2g,2021-12-19,38,50,4,66,-9,5
AE,United Arab Emirates,Sharjah,,,AE-SH,,ChIJ0Zp9hY5ZXz4RZlq4HHZvx2g,2021-12-20,33,49,12,56,-7,5
AE,United Arab Emirates,Sharjah,,,AE-SH,,ChIJ0Zp9hY5ZXz4RZlq4HHZvx2g,2021-12-21,34,48,13,59,-9,5
AE,United Arab Emirates,Sharjah,,,AE-SH,,ChIJ0Zp9hY5ZXz4RZlq4HHZvx2g,2021-12-22,35,48,11,59,-9,5
AE,United Arab Emirates,Sharjah,,,AE-SH,,ChIJ0Zp9hY5ZXz4RZlq4HHZvx2g,2021-12-23,35,51,6,59,-8,6
AE,United Arab Emirates,Sharjah,,,AE-SH,,ChIJ0Zp9hY5ZXz4RZlq4HHZvx2g,2021-12-24,30,45,8,69,0,2
AE,United Arab Emirates,Sharjah,,,AE-SH,,ChIJ0Zp9hY5ZXz4RZlq4HHZvx2g,2021-12-25,29,36,7,55,-5,4
AE,United Arab Emirates,Sharjah,,,AE-SH,,ChIJ0Zp9hY5ZXz4RZlq4HHZvx2g,2021-12-26,39,46,5,58,-11,6
AE,United Arab Emirates,Sharjah,,,AE-SH,,ChIJ0Zp9hY5ZXz4RZlq4HHZvx2g,2021-12-27,35,44,14,50,-8,6
AE,United Arab Emirates,Sharjah,,,AE-SH,,ChIJ0Zp9hY5ZXz4RZlq4HHZvx2g,2021-12-28,36,44,15,55,-11,6
AE,United Arab Emirates,Sharjah,,,AE-SH,,ChIJ0Zp9hY5ZXz4RZlq4HHZvx2g,2021-12-29,38,45,13,50,-10,6
AE,United Arab Emirates,Sharjah,,,AE-SH,,ChIJ0Zp9hY5ZXz4RZlq4HHZvx2g,2021-12-30,38,51,8,54,-10,7
AE,United Arab Emirates,Sharjah,,,AE-SH,,ChIJ0Zp9hY5ZXz4RZlq4HHZvx2g,2021-12-31,24,41,17,66,-1,3
AE,United Arab Emirates,Sharjah,,,AE-SH,,ChIJ0Zp9hY5ZXz4RZlq4HHZvx2g,2022-01-01,24,36,20,52,-54,12
AE,United Arab Emirates,Sharjah,,,AE-SH,,ChIJ0Zp9hY5ZXz4RZlq4HHZvx2g,2022-01-02,49,69,11,57,-41,14
AE,United Arab Emirates,Sharjah,,,AE-SH,,ChIJ0Zp9hY5ZXz4RZlq4HHZvx2g,2022-01-03,27,43,-3,51,-5,8
AE,United Arab Emirates,Sharjah,,,AE-SH,,ChIJ0Zp9hY5ZXz4RZlq4HHZvx2g,2022-01-04,28,44,-5,49,-8,8
AE,United Arab Emirates,Sharjah,,,AE-SH,,ChIJ0Zp9hY5ZXz4RZlq4HHZvx2g,2022-01-05,27,41,-8,42,-7,8
AE,United Arab Emirates,Sharjah,,,AE-SH,,ChIJ0Zp9hY5ZXz4RZlq4HHZvx2g,2022-01-06,21,36,-15,34,-7,11
AE,United Arab Emirates,Sharjah,,,AE-SH,,ChIJ0Zp9hY5ZXz4RZlq4HHZvx2g,2022-01-07,14,34,-24,53,128,0
AE,United Arab Emirates,Sharjah,,,AE-SH,,ChIJ0Zp9hY5ZXz4RZlq4HHZvx2g,2022-01-08,29,49,4,44,-9,7
AE,United Arab Emirates,Sharjah,,,AE-SH,,ChIJ0Zp9hY5ZXz4RZlq4HHZvx2g,2022-01-09,46,72,14,42,-49,17
AE,United Arab Emirates,Sharjah,,,AE-SH,,ChIJ0Zp9hY5ZXz4RZlq4HHZvx2g,2022-01-10,25,45,-7,45,-7,9
AE,United Arab Emirates,Sharjah,,,AE-SH,,ChIJ0Zp9hY5ZXz4RZlq4HHZvx2g,2022-01-11,25,44,-7,41,-10,9
AE,United Arab Emirates,Sharjah,,,AE-SH,,ChIJ0Zp9hY5ZXz4RZlq4HHZvx2g,2022-01-12,26,45,-7,36,-10,9
AE,United Arab Emirates,Sharjah,,,AE-SH,,ChIJ0Zp9hY5ZXz4RZlq4HHZvx2g,2022-01-13,20,37,-13,31,-9,12
AE,United Arab Emirates,Sharjah,,,AE-SH,,ChIJ0Zp9hY5ZXz4RZlq4HHZvx2g,2022-01-14,15,32,-22,49,135,-1
AE,United Arab Emirates,Sharjah,,,AE-SH,,ChIJ0Zp9hY5ZXz4RZlq4HHZvx2g,2022-01-15,29,47,9,43,-9,6
AE,United Arab Emirates,Sharjah,,,AE-SH,,ChIJ0Zp9hY5ZXz4RZlq4HHZvx2g,2022-01-16,43,66,12,40,-52,17
AE,United Arab Emirates,Sharjah,,,AE-SH,,ChIJ0Zp9hY5ZXz4RZlq4HHZvx2g,2022-01-17,26,44,-3,33,-5,8
AE,United Arab Emirates,Sharjah,,,AE-SH,,ChIJ0Zp9hY5ZXz4RZlq4HHZvx2g,2022-01-18,25,45,-2,32,-7,8
AE,United Arab Emirates,Sharjah,,,AE-SH,,ChIJ0Zp9hY5ZXz4RZlq4HHZvx2g,2022-01-19,28,45,-5,22,-6,8
AE,United Arab Emirates,Sharjah,,,AE-SH,,ChIJ0Zp9hY5ZXz4RZlq4HHZvx2g,2022-01-20,22,36,-12,23,-4,10
AE,United Arab Emirates,Sharjah,,,AE-SH,,ChIJ0Zp9hY5ZXz4RZlq4HHZvx2g,2022-01-21,13,26,-38,36,151,0
AE,United Arab Emirates,Sharjah,,,AE-SH,,ChIJ0Zp9hY5ZXz4RZlq4HHZvx2g,2022-01-22,34,51,3,28,-5,5
AE,United Arab Emirates,Sharjah,,,AE-SH,,ChIJ0Zp9hY5ZXz4RZlq4HHZvx2g,2022-01-23,52,76,17,28,-50,16
AE,United Arab Emirates,Sharjah,,,AE-SH,,ChIJ0Zp9hY5ZXz4RZlq4HHZvx2g,2022-01-24,27,43,-8,25,1,7
AE,United Arab Emirates,Sharjah,,,AE-SH,,ChIJ0Zp9hY5ZXz4RZlq4HHZvx2g,2022-01-25,28,44,-8,29,-1,7
AE,United Arab Emirates,Sharjah,,,AE-SH,,ChIJ0Zp9hY5ZXz4RZlq4HHZvx2g,2022-01-26,29,46,-6,26,-1,6
AE,United Arab Emirates,Sharjah,,,AE-SH,,ChIJ0Zp9hY5ZXz4RZlq4HHZvx2g,2022-01-27,24,38,-12,18,1,8
AE,United Arab Emirates,Sharjah,,,AE-SH,,ChIJ0Zp9hY5ZXz4RZlq4HHZvx2g,2022-01-28,21,36,-20,43,166,-3
AE,United Arab Emirates,Sharjah,,,AE-SH,,ChIJ0Zp9hY5ZXz4RZlq4HHZvx2g,2022-01-29,38,57,13,33,-3,3
AE,United Arab Emirates,Sharjah,,,AE-SH,,ChIJ0Zp9hY5ZXz4RZlq4HHZvx2g,2022-01-30,57,84,24,34,-50,15
AE,United Arab Emirates,Sharjah,,,AE-SH,,ChIJ0Zp9hY5ZXz4RZlq4HHZvx2g,2022-01-31,34,51,-2,40,4,5
AE,United Arab Emirates,Sharjah,,,AE-SH,,ChIJ0Zp9hY5ZXz4RZlq4HHZvx2g,2022-02-01,33,54,-2,34,2,5
AE,United Arab Emirates,Sharjah,,,AE-SH,,ChIJ0Zp9hY5ZXz4RZlq4HHZvx2g,2022-02-02,35,53,-4,28,3,5
AE,United Arab Emirates,Sharjah,,,AE-SH,,ChIJ0Zp9hY5ZXz4RZlq4HHZvx2g,2022-02-03,28,42,-11,29,4,7
AE,United Arab Emirates,Sharjah,,,AE-SH,,ChIJ0Zp9hY5ZXz4RZlq4HHZvx2g,2022-02-04,23,39,-18,50,174,-4
AE,United Arab Emirates,Sharjah,,,AE-SH,,ChIJ0Zp9hY5ZXz4RZlq4HHZvx2g,2022-02-05,40,57,16,46,-2,3
AE,United Arab Emirates,Sharjah,,,AE-SH,,ChIJ0Zp9hY5ZXz4RZlq4HHZvx2g,2022-02-06,60,85,27,37,-51,15
AE,United Arab Emirates,Sharjah,,,AE-SH,,ChIJ0Zp9hY5ZXz4RZlq4HHZvx2g,2022-02-07,33,49,-6,35,6,4
AE,United Arab Emirates,Sharjah,,,AE-SH,,ChIJ0Zp9hY5ZXz4RZlq4HHZvx2g,2022-02-08,34,50,-1,35,2,5
AE,United Arab Emirates,Sharjah,,,AE-SH,,ChIJ0Zp9hY5ZXz4RZlq4HHZvx2g,2022-02-09,35,51,-2,27,3,5
AE,United Arab Emirates,Sharjah,,,AE-SH,,ChIJ0Zp9hY5ZXz4RZlq4HHZvx2g,2022-02-10,29,41,-7,34,4,7
AE,United Arab Emirates,Sharjah,,,AE-SH,,ChIJ0Zp9hY5ZXz4RZlq4HHZvx2g,2022-02-11,24,39,-15,56,176,-4
AE,United Arab Emirates,Sharjah,,,AE-SH,,ChIJ0Zp9hY5ZXz4RZlq4HHZvx2g,2022-02-12,42,57,21,52,-1,3
AE,United Arab Emirates,Sharjah,,,AE-SH,,ChIJ0Zp9hY5ZXz4RZlq4HHZvx2g,2022-02-13,64,86,35,50,-51,15
AE,United Arab Emirates,Sharjah,,,AE-SH,,ChIJ0Zp9hY5ZXz4RZlq4HHZvx2g,2022-02-14,37,53,4,41,6,4
AE,United Arab Emirates,Sharjah,,,AE-SH,,ChIJ0Zp9hY5ZXz4RZlq4HHZvx2g,2022-02-15,34,52,2,47,3,5
AE,United Arab Emirates,Sharjah,,,AE-SH,,ChIJ0Zp9hY5ZXz4RZlq4HHZvx2g,2022-02-16,34,51,0,43,5,5
AE,United Arab Emirates,Sharjah,,,AE-SH,,ChIJ0Zp9hY5ZXz4RZlq4HHZvx2g,2022-02-17,28,40,-6,38,6,7
AE,United Arab Emirates,Sharjah,,,AE-SH,,ChIJ0Zp9hY5ZXz4RZlq4HHZvx2g,2022-02-18,23,36,-15,65,181,-4
AE,United Arab Emirates,Sharjah,,,AE-SH,,ChIJ0Zp9hY5ZXz4RZlq4HHZvx2g,2022-02-19,40,54,22,58,0,3
AE,United Arab Emirates,Sharjah,,,AE-SH,,ChIJ0Zp9hY5ZXz4RZlq4HHZvx2g,2022-02-20,59,83,31,60,-50,15
AE,United Arab Emirates,Sharjah,,,AE-SH,,ChIJ0Zp9hY5ZXz4RZlq4HHZvx2g,2022-02-21,31,48,-3,47,9,4
AE,United Arab Emirates,Sharjah,,,AE-SH,,ChIJ0Zp9hY5ZXz4RZlq4HHZvx2g,2022-02-22,31,47,0,45,6,5
AE,United Arab Emirates,Sharjah,,,AE-SH,,ChIJ0Zp9hY5ZXz4RZlq4HHZvx2g,2022-02-23,31,47,-1,36,7,5
AE,United Arab Emirates,Sharjah,,,AE-SH,,ChIJ0Zp9hY5ZXz4RZlq4HHZvx2g,2022-02-24,25,38,-8,39,9,7
AE,United Arab Emirates,Sharjah,,,AE-SH,,ChIJ0Zp9hY5ZXz4RZlq4HHZvx2g,2022-02-25,20,35,-19,70,187,-5
AE,United Arab Emirates,Sharjah,,,AE-SH,,ChIJ0Zp9hY5ZXz4RZlq4HHZvx2g,2022-02-26,38,55,17,65,1,3
AE,United Arab Emirates,Sharjah,,,AE-SH,,ChIJ0Zp9hY5ZXz4RZlq4HHZvx2g,2022-02-27,58,86,29,65,-49,15
AE,United Arab Emirates,Sharjah,,,AE-SH,,ChIJ0Zp9hY5ZXz4RZlq4HHZvx2g,2022-02-28,34,54,0,63,10,3
AE,United Arab Emirates,Sharjah,,,AE-SH,,ChIJ0Zp9hY5ZXz4RZlq4HHZvx2g,2022-03-01,35,56,2,77,6,4
AE,United Arab Emirates,Sharjah,,,AE-SH,,ChIJ0Zp9hY5ZXz4RZlq4HHZvx2g,2022-03-02,36,56,3,68,7,4
AE,United Arab Emirates,Sharjah,,,AE-SH,,ChIJ0Zp9hY5ZXz4RZlq4HHZvx2g,2022-03-03,31,44,-5,57,8,6
AE,United Arab Emirates,Sharjah,,,AE-SH,,ChIJ0Zp9hY5ZXz4RZlq4HHZvx2g,2022-03-04,27,39,-17,91,186,-5
AE,United Arab Emirates,Sharjah,,,AE-SH,,ChIJ0Zp9hY5ZXz4RZlq4HHZvx2g,2022-03-05,44,55,18,85,1,2
AE,United Arab Emirates,Sharjah,,,AE-SH,,ChIJ0Zp9hY5ZXz4RZlq4HHZvx2g,2022-03-06,63,84,29,83,-51,15
AE,United Arab Emirates,Sharjah,,,AE-SH,,ChIJ0Zp9hY5ZXz4RZlq4HHZvx2g,2022-03-07,34,51,3,74,10,4
AE,United Arab Emirates,Sharjah,,,AE-SH,,ChIJ0Zp9hY5ZXz4RZlq4HHZvx2g,2022-03-08,33,50,3,72,7,5
AE,United Arab Emirates,Sharjah,,,AE-SH,,ChIJ0Zp9hY5ZXz4RZlq4HHZvx2g,2022-03-09,33,49,5,66,8,5
AE,United Arab Emirates,Sharjah,,,AE-SH,,ChIJ0Zp9hY5ZXz4RZlq4HHZvx2g,2022-03-10,26,38,-2,63,9,7
AE,United Arab Emirates,Sharjah,,,AE-SH,,ChIJ0Zp9hY5ZXz4RZlq4HHZvx2g,2022-03-11,20,34,-16,95,188,-4
AE,United Arab Emirates,Sharjah,,,AE-SH,,ChIJ0Zp9hY5ZXz4RZlq4HHZvx2g,2022-03-12,38,51,24,90,1,4
AE,United Arab Emirates,Sharjah,,,AE-SH,,ChIJ0Zp9hY5ZXz4RZlq4HHZvx2g,2022-03-13,56,80,34,84,-50,16
AE,United Arab Emirates,Sharjah,,,AE-SH,,ChIJ0Zp9hY5ZXz4RZlq4HHZvx2g,2022-03-14,31,47,6,83,10,5
AE,United Arab Emirates,Sharjah,,,AE-SH,,ChIJ0Zp9hY5ZXz4RZlq4HHZvx2g,2022-03-15,30,47,6,80,7,6
AE,United Arab Emirates,Sharjah,,,AE-SH,,ChIJ0Zp9hY5ZXz4RZlq4HHZvx2g,2022-03-16,31,48,5,71,8,5
AE,United Arab Emirates,Sharjah,,,AE-SH,,ChIJ0Zp9hY5ZXz4RZlq4HHZvx2g,2022-03-17,22,36,-3,58,9,8
AE,United Arab Emirates,Sharjah,,,AE-SH,,ChIJ0Zp9hY5ZXz4RZlq4HHZvx2g,2022-03-18,16,33,-20,99,185,-3
AE,United Arab Emirates,Sharjah,,,AE-SH,,ChIJ0Zp9hY5ZXz4RZlq4HHZvx2g,2022-03-19,34,49,14,92,1,3
AE,United Arab Emirates,Sharjah,,,AE-SH,,ChIJ0Zp9hY5ZXz4RZlq4HHZvx2g,2022-03-20,53,76,36,92,-50,15
AE,United Arab Emirates,Sharjah,,,AE-SH,,ChIJ0Zp9hY5ZXz4RZlq4HHZvx2g,2022-03-21,31,45,6,89,10,5
AE,United Arab Emirates,Sharjah,,,AE-SH,,ChIJ0Zp9hY5ZXz4RZlq4HHZvx2g,2022-03-22,29,45,6,85,7,6
AE,United Arab Emirates,Sharjah,,,AE-SH,,ChIJ0Zp9hY5ZXz4RZlq4HHZvx2g,2022-03-23,30,46,6,78,7,5
AE,United Arab Emirates,Sharjah,,,AE-SH,,ChIJ0Zp9hY5ZXz4RZlq4HHZvx2g,2022-03-24,24,37,-3,67,8,7
AE,United Arab Emirates,Sharjah,,,AE-SH,,ChIJ0Zp9hY5ZXz4RZlq4HHZvx2g,2022-03-25,18,33,-16,102,187,-4
AE,United Arab Emirates,Sharjah,,,AE-SH,,ChIJ0Zp9hY5ZXz4RZlq4HHZvx2g,2022-03-26,37,51,19,90,2,3
AE,United Arab Emirates,Sharjah,,,AE-SH,,ChIJ0Zp9hY5ZXz4RZlq4HHZvx2g,2022-03-27,58,80,40,60,-50,13
AE,United Arab Emirates,Sharjah,,,AE-SH,,ChIJ0Zp9hY5ZXz4RZlq4HHZvx2g,2022-03-28,33,50,11,62,5,5
AE,United Arab Emirates,Sharjah,,,AE-SH,,ChIJ0Zp9hY5ZXz4RZlq4HHZvx2g,2022-03-29,33,48,10,57,1,5
AE,United Arab Emirates,Sharjah,,,AE-SH,,ChIJ0Zp9hY5ZXz4RZlq4HHZvx2g,2022-03-30,34,52,9,45,3,5
AE,United Arab Emirates,Sharjah,,,AE-SH,,ChIJ0Zp9hY5ZXz4RZlq4HHZvx2g,2022-03-31,27,43,1,49,4,7
AE,United Arab Emirates,Sharjah,,,AE-SH,,ChIJ0Zp9hY5ZXz4RZlq4HHZvx2g,2022-04-01,24,52,-20,56,185,-4
AE,United Arab Emirates,Sharjah,,,AE-SH,,ChIJ0Zp9hY5ZXz4RZlq4HHZvx2g,2022-04-02,14,57,-6,29,-2,10
AE,United Arab Emirates,Sharjah,,,AE-SH,,ChIJ0Zp9hY5ZXz4RZlq4HHZvx2g,2022-04-03,29,77,9,27,-52,22
AE,United Arab Emirates,Sharjah,,,AE-SH,,ChIJ0Zp9hY5ZXz4RZlq4HHZvx2g,2022-04-04,17,52,6,39,4,12
AE,United Arab Emirates,Sharjah,,,AE-SH,,ChIJ0Zp9hY5ZXz4RZlq4HHZvx2g,2022-04-05,18,50,4,31,0,12
AE,United Arab Emirates,Sharjah,,,AE-SH,,ChIJ0Zp9hY5ZXz4RZlq4HHZvx2g,2022-04-06,18,52,6,23,1,12
AE,United Arab Emirates,Sharjah,,,AE-SH,,ChIJ0Zp9hY5ZXz4RZlq4HHZvx2g,2022-04-07,12,40,-6,24,2,15
AE,United Arab Emirates,Sharjah,,,AE-SH,,ChIJ0Zp9hY5ZXz4RZlq4HHZvx2g,2022-04-08,9,37,-25,38,176,1
AE,United Arab Emirates,Sharjah,,,AE-SH,,ChIJ0Zp9hY5ZXz4RZlq4HHZvx2g,2022-04-09,23,52,5,31,0,9
AE,United Arab Emirates,Sharjah,,,AE-SH,,ChIJ0Zp9hY5ZXz4RZlq4HHZvx2g,2022-04-10,39,77,12,31,-50,21
AE,United Arab Emirates,Sharjah,,,AE-SH,,ChIJ0Zp9hY5ZXz4RZlq4HHZvx2g,2022-04-11,22,53,7,38,8,11
AE,United Arab Emirates,Sharjah,,,AE-SH,,ChIJ0Zp9hY5ZXz4RZlq4HHZvx2g,2022-04-12,22,52,5,28,4,12
AE,United Arab Emirates,Sharjah,,,AE-SH,,ChIJ0Zp9hY5ZXz4RZlq4HHZvx2g,2022-04-13,23,52,2,21,5,12
AE,United Arab Emirates,Sharjah,,,AE-SH,,ChIJ0Zp9hY5ZXz4RZlq4HHZvx2g,2022-04-14,17,44,-7,23,6,14
AE,United Arab Emirates,Sharjah,,,AE-SH,,ChIJ0Zp9hY5ZXz4RZlq4HHZvx2g,2022-04-15,12,34,-25,39,166,2
AE,United Arab Emirates,Sharjah,,,AE-SH,,ChIJ0Zp9hY5ZXz4RZlq4HHZvx2g,2022-04-16,26,48,5,33,1,9
AE,United Arab Emirates,Sharjah,,,AE-SH,,ChIJ0Zp9hY5ZXz4RZlq4HHZvx2g,2022-04-17,41,73,18,33,-51,21
AE,United Arab Emirates,Sharjah,,,AE-SH,,ChIJ0Zp9hY5ZXz4RZlq4HHZvx2g,2022-04-18,22,49,9,33,9,11
AE,United Arab Emirates,Sharjah,,,AE-SH,,ChIJ0Zp9hY5ZXz4RZlq4HHZvx2g,2022-04-19,21,48,7,28,7,12
AE,United Arab Emirates,Sharjah,,,AE-SH,,ChIJ0Zp9hY5ZXz4RZlq4HHZvx2g,2022-04-20,21,48,5,23,8,12
AE,United Arab Emirates,Sharjah,,,AE-SH,,ChIJ0Zp9hY5ZXz4RZlq4HHZvx2g,2022-04-21,14,37,-9,22,9,14
AE,United Arab Emirates,Sharjah,,,AE-SH,,ChIJ0Zp9hY5ZXz4RZlq4HHZvx2g,2022-04-22,11,35,-33,31,187,1
AE,United Arab Emirates,Sharjah,,,AE-SH,,ChIJ0Zp9hY5ZXz4RZlq4HHZvx2g,2022-04-23,24,49,-8,23,2,9
AE,United Arab Emirates,Sharjah,,,AE-SH,,ChIJ0Zp9hY5ZXz4RZlq4HHZvx2g,2022-04-24,40,74,-1,25,-50,21
AE,United Arab Emirates,Sharjah,,,AE-SH,,ChIJ0Zp9hY5ZXz4RZlq4HHZvx2g,2022-04-25,24,52,-8,31,9,11
AE,United Arab Emirates,Sharjah,,,AE-SH,,ChIJ0Zp9hY5ZXz4RZlq4HHZvx2g,2022-04-26,26,54,-7,32,6,11
AE,United Arab Emirates,Sharjah,,,AE-SH,,ChIJ0Zp9hY5ZXz4RZlq4HHZvx2g,2022-04-27,26,60,4,30,6,11
AE,United Arab Emirates,Sharjah,,,AE-SH,,ChIJ0Zp9hY5ZXz4RZlq4HHZvx2g,2022-04-28,23,51,-3,36,6,13
AE,United Arab Emirates,Sharjah,,,AE-SH,,ChIJ0Zp9hY5ZXz4RZlq4HHZvx2g,2022-04-29,23,49,-23,64,186,-1
AE,United Arab Emirates,Sharjah,,,AE-SH,,ChIJ0Zp9hY5ZXz4RZlq4HHZvx2g,2022-04-30,39,72,11,60,-12,9
AE,United Arab Emirates,Sharjah,,,AE-SH,,ChIJ0Zp9hY5ZXz4RZlq4HHZvx2g,2022-05-01,70,118,39,56,-60,19
AE,United Arab Emirates,Sharjah,,,AE-SH,,ChIJ0Zp9hY5ZXz4RZlq4HHZvx2g,2022-05-02,64,87,189,65,-74,14
AE,United Arab Emirates,Sharjah,,,AE-SH,,ChIJ0Zp9hY5ZXz4RZlq4HHZvx2g,2022-05-03,54,71,154,50,-72,15
AE,United Arab Emirates,Sharjah,,,AE-SH,,ChIJ0Zp9hY5ZXz4RZlq4HHZvx2g,2022-05-04,44,61,76,44,-52,16
AE,United Arab Emirates,Sharjah,,,AE-SH,,ChIJ0Zp9hY5ZXz4RZlq4HHZvx2g,2022-05-05,23,36,2,29,-10,13
AE,United Arab Emirates,Sharjah,,,AE-SH,,ChIJ0Zp9hY5ZXz4RZlq4HHZvx2g,2022-05-06,13,27,-20,41,160,0
AE,United Arab Emirates,Sharjah,,,AE-SH,,ChIJ0Zp9hY5ZXz4RZlq4HHZvx2g,2022-05-07,29,44,5,37,2,6
AE,United Arab Emirates,Sharjah,,,AE-SH,,ChIJ0Zp9hY5ZXz4RZlq4HHZvx2g,2022-05-08,45,72,14,42,-51,19
AE,United Arab Emirates,Sharjah,,,AE-SH,,ChIJ0Zp9hY5ZXz4RZlq4HHZvx2g,2022-05-09,23,43,-3,53,10,6
AE,United Arab Emirates,Sharjah,,,AE-SH,,ChIJ0Zp9hY5ZXz4RZlq4HHZvx2g,2022-05-10,25,45,-3,44,7,7
AE,United Arab Emirates,Sharjah,,,AE-SH,,ChIJ0Zp9hY5ZXz4RZlq4HHZvx2g,2022-05-11,25,44,-4,36,8,7
AE,United Arab Emirates,Sharjah,,,AE-SH,,ChIJ0Zp9hY5ZXz4RZlq4HHZvx2g,2022-05-12,18,32,-11,38,9,9
AE,United Arab Emirates,Sharjah,,,AE-SH,,ChIJ0Zp9hY5ZXz4RZlq4HHZvx2g,2022-05-13,14,31,-23,47,191,-2
AE,United Arab Emirates,Sharjah,,,AE-SH,,ChIJ0Zp9hY5ZXz4RZlq4HHZvx2g,2022-05-14,21,48,20,36,-43,14
AE,United Arab Emirates,Sharjah,,,AE-SH,,ChIJ0Zp9hY5ZXz4RZlq4HHZvx2g,2022-05-15,45,71,43,37,-65,21
AE,United Arab Emirates,Sharjah,,,AE-SH,,ChIJ0Zp9hY5ZXz4RZlq4HHZvx2g,2022-05-16,30,60,17,33,-48,21
AE,United Arab Emirates,Sharjah,,,AE-SH,,ChIJ0Zp9hY5ZXz4RZlq4HHZvx2g,2022-05-17,22,39,-7,38,9,6
AE,United Arab Emirates,Sharjah,,,AE-SH,,ChIJ0Zp9hY5ZXz4RZlq4HHZvx2g,2022-05-18,24,40,-9,33,8,7
AE,United Arab Emirates,Sharjah,,,AE-SH,,ChIJ0Zp9hY5ZXz4RZlq4HHZvx2g,2022-05-19,18,31,-12,30,9,9
AE,United Arab Emirates,Sharjah,,,AE-SH,,ChIJ0Zp9hY5ZXz4RZlq4HHZvx2g,2022-05-20,12,27,-26,46,193,-2
AE,United Arab Emirates,Sharjah,,,AE-SH,,ChIJ0Zp9hY5ZXz4RZlq4HHZvx2g,2022-05-21,29,44,3,44,4,6
AE,United Arab Emirates,Sharjah,,,AE-SH,,ChIJ0Zp9hY5ZXz4RZlq4HHZvx2g,2022-05-22,46,72,15,36,-51,19
AE,United Arab Emirates,Sharjah,,,AE-SH,,ChIJ0Zp9hY5ZXz4RZlq4HHZvx2g,2022-05-23,23,40,-1,45,11,7
AE,United Arab Emirates,Sharjah,,,AE-SH,,ChIJ0Zp9hY5ZXz4RZlq4HHZvx2g,2022-05-24,21,38,-11,37,8,8
AE,United Arab Emirates,Sharjah,,,AE-SH,,ChIJ0Zp9hY5ZXz4RZlq4HHZvx2g,2022-05-25,23,42,-7,31,8,7
AE,United Arab Emirates,Sharjah,,,AE-SH,,ChIJ0Zp9hY5ZXz4RZlq4HHZvx2g,2022-05-26,20,35,-11,30,10,9
AE,United Arab Emirates,Sharjah,,,AE-SH,,ChIJ0Zp9hY5ZXz4RZlq4HHZvx2g,2022-05-27,15,31,-25,47,196,-3
AE,United Arab Emirates,Sharjah,,,AE-SH,,ChIJ0Zp9hY5ZXz4RZlq4HHZvx2g,2022-05-28,33,50,5,43,4,5
AE,United Arab Emirates,Sharjah,,,AE-SH,,ChIJ0Zp9hY5ZXz4RZlq4HHZvx2g,2022-05-29,50,79,17,40,-50,18
AE,United Arab Emirates,Sharjah,,,AE-SH,,ChIJ0Zp9hY5ZXz4RZlq4HHZvx2g,2022-05-30,27,49,-1,46,12,6
AE,United Arab Emirates,Sharjah,,,AE-SH,,ChIJ0Zp9hY5ZXz4RZlq4HHZvx2g,2022-05-31,30,50,-2,44,9,6
AE,United Arab Emirates,Sharjah,,,AE-SH,,ChIJ0Zp9hY5ZXz4RZlq4HHZvx2g,2022-06-01,30,53,-2,39,9,6
AE,United Arab Emirates,Sharjah,,,AE-SH,,ChIJ0Zp9hY5ZXz4RZlq4HHZvx2g,2022-06-02,23,40,-11,39,10,9
AE,United Arab Emirates,Sharjah,,,AE-SH,,ChIJ0Zp9hY5ZXz4RZlq4HHZvx2g,2022-06-03,20,35,-28,55,194,-2
AE,United Arab Emirates,Sharjah,,,AE-SH,,ChIJ0Zp9hY5ZXz4RZlq4HHZvx2g,2022-06-04,40,56,-1,56,4,5
AE,United Arab Emirates,Sharjah,,,AE-SH,,ChIJ0Zp9hY5ZXz4RZlq4HHZvx2g,2022-06-05,57,86,10,53,-51,18
AE,United Arab Emirates,Sharjah,,,AE-SH,,ChIJ0Zp9hY5ZXz4RZlq4HHZvx2g,2022-06-06,28,48,-5,53,11,6
AE,United Arab Emirates,Sharjah,,,AE-SH,,ChIJ0Zp9hY5ZXz4RZlq4HHZvx2g,2022-06-07,27,47,-6,46,8,7
AE,United Arab Emirates,Sharjah,,,AE-SH,,ChIJ0Zp9hY5ZXz4RZlq4HHZvx2g,2022-06-08,27,47,-8,40,8,8
AE,United Arab Emirates,Sharjah,,,AE-SH,,ChIJ0Zp9hY5ZXz4RZlq4HHZvx2g,2022-06-09,22,38,-16,40,10,10
AE,United Arab Emirates,Sharjah,,,AE-SH,,ChIJ0Zp9hY5ZXz4RZlq4HHZvx2g,2022-06-10,16,32,-32,53,195,-2
AE,United Arab Emirates,Sharjah,,,AE-SH,,ChIJ0Zp9hY5ZXz4RZlq4HHZvx2g,2022-06-11,35,51,-4,52,3,6
AE,United Arab Emirates,Sharjah,,,AE-SH,,ChIJ0Zp9hY5ZXz4RZlq4HHZvx2g,2022-06-12,51,78,7,53,-51,19
AE,United Arab Emirates,Sharjah,,,AE-SH,,ChIJ0Zp9hY5ZXz4RZlq4HHZvx2g,2022-06-13,26,46,-7,53,11,7
AE,United Arab Emirates,Sharjah,,,AE-SH,,ChIJ0Zp9hY5ZXz4RZlq4HHZvx2g,2022-06-14,26,47,-9,44,8,8
AE,United Arab Emirates,Sharjah,,,AE-SH,,ChIJ0Zp9hY5ZXz4RZlq4HHZvx2g,2022-06-15,27,47,-10,44,8,8
AE,United Arab Emirates,Sharjah,,,AE-SH,,ChIJ0Zp9hY5ZXz4RZlq4HHZvx2g,2022-06-16,22,36,-18,44,9,10
AE,United Arab Emirates,Sharjah,,,AE-SH,,ChIJ0Zp9hY5ZXz4RZlq4HHZvx2g,2022-06-17,15,30,-34,54,193,-1
AE,United Arab Emirates,Sharjah,,,AE-SH,,ChIJ0Zp9hY5ZXz4RZlq4HHZvx2g,2022-06-18,32,47,-11,55,3,7
AE,United Arab Emirates,Sharjah,,,AE-SH,,ChIJ0Zp9hY5ZXz4RZlq4HHZvx2g,2022-06-19,49,75,-2,49,-52,20
AE,United Arab Emirates,Sharjah,,,AE-SH,,ChIJ0Zp9hY5ZXz4RZlq4HHZvx2g,2022-06-20,26,43,-11,57,10,8
AE,United Arab Emirates,Sharjah,,,AE-SH,,ChIJ0Zp9hY5ZXz4RZlq4HHZvx2g,2022-06-21,26,44,-9,46,7,8
AE,United Arab Emirates,Sharjah,,,AE-SH,,ChIJ0Zp9hY5ZXz4RZlq4HHZvx2g,2022-06-22,26,43,-11,37,7,8
AE,United Arab Emirates,Sharjah,,,AE-SH,,ChIJ0Zp9hY5ZXz4RZlq4HHZvx2g,2022-06-23,19,32,-21,33,8,11
AE,United Arab Emirates,Sharjah,,,AE-SH,,ChIJ0Zp9hY5ZXz4RZlq4HHZvx2g,2022-06-24,15,29,-35,51,192,-1
AE,United Arab Emirates,Sharjah,,,AE-SH,,ChIJ0Zp9hY5ZXz4RZlq4HHZvx2g,2022-06-25,33,46,-11,44,4,6
AE,United Arab Emirates,Sharjah,,,AE-SH,,ChIJ0Zp9hY5ZXz4RZlq4HHZvx2g,2022-06-26,51,75,-4,45,-51,19
AE,United Arab Emirates,Sharjah,,,AE-SH,,ChIJ0Zp9hY5ZXz4RZlq4HHZvx2g,2022-06-27,27,45,-10,50,10,7
AE,United Arab Emirates,Sharjah,,,AE-SH,,ChIJ0Zp9hY5ZXz4RZlq4HHZvx2g,2022-06-28,26,44,-14,46,6,7
AE,United Arab Emirates,Sharjah,,,AE-SH,,ChIJ0Zp9hY5ZXz4RZlq4HHZvx2g,2022-06-29,29,47,-11,38,6,7
AE,United Arab Emirates,Sharjah,,,AE-SH,,ChIJ0Zp9hY5ZXz4RZlq4HHZvx2g,2022-06-30,23,37,-21,44,8,9
AE,United Arab Emirates,Sharjah,,,AE-SH,,ChIJ0Zp9hY5ZXz4RZlq4HHZvx2g,2022-07-01,16,32,-38,64,192,-2
AE,United Arab Emirates,Sharjah,,,AE-SH,,ChIJ0Zp9hY5ZXz4RZlq4HHZvx2g,2022-07-02,33,49,-14,54,4,6
AE,United Arab Emirates,Sharjah,,,AE-SH,,ChIJ0Zp9hY5ZXz4RZlq4HHZvx2g,2022-07-03,53,76,-5,52,-51,18
AE,United Arab Emirates,Sharjah,,,AE-SH,,ChIJ0Zp9hY5ZXz4RZlq4HHZvx2g,2022-07-04,30,47,-11,60,6,7
AE,United Arab Emirates,Sharjah,,,AE-SH,,ChIJ0Zp9hY5ZXz4RZlq4HHZvx2g,2022-07-05,30,48,-12,56,2,7
AE,United Arab Emirates,Sharjah,,,AE-SH,,ChIJ0Zp9hY5ZXz4RZlq4HHZvx2g,2022-07-06,34,53,-10,50,2,7
AE,United Arab Emirates,Sharjah,,,AE-SH,,ChIJ0Zp9hY5ZXz4RZlq4HHZvx2g,2022-07-07,33,50,-19,60,3,8
AE,United Arab Emirates,Sharjah,,,AE-SH,,ChIJ0Zp9hY5ZXz4RZlq4HHZvx2g,2022-07-08,34,65,-29,79,41,5
AE,United Arab Emirates,Sharjah,,,AE-SH,,ChIJ0Zp9hY5ZXz4RZlq4HHZvx2g,2022-07-09,29,50,55,65,-62,11
AE,United Arab Emirates,Sharjah,,,AE-SH,,ChIJ0Zp9hY5ZXz4RZlq4HHZvx2g,2022-07-10,48,66,57,60,-73,19
AE,United Arab Emirates,Sharjah,,,AE-SH,,ChIJ0Zp9hY5ZXz4RZlq4HHZvx2g,2022-07-11,37,54,26,58,-53,18
AE,United Arab Emirates,Sharjah,,,AE-SH,,ChIJ0Zp9hY5ZXz4RZlq4HHZvx2g,2022-07-12,21,36,-12,51,-2,8
AE,United Arab Emirates,Sharjah,,,AE-SH,,ChIJ0Zp9hY5ZXz4RZlq4HHZvx2g,2022-07-13,22,37,-15,44,-1,9
AE,United Arab Emirates,Sharjah,,,AE-SH,,ChIJ0Zp9hY5ZXz4RZlq4HHZvx2g,2022-07-14,13,27,-25,42,0,11
AE,United Arab Emirates,Sharjah,,,AE-SH,,ChIJ0Zp9hY5ZXz4RZlq4HHZvx2g,2022-07-15,0,15,-42,52,177,0
AE,United Arab Emirates,Sharjah,,,AE-SH,,ChIJ0Zp9hY5ZXz4RZlq4HHZvx2g,2022-07-16,20,37,-17,47,4,7
AE,United Arab Emirates,Sharjah,,,AE-SH,,ChIJ0Zp9hY5ZXz4RZlq4HHZvx2g,2022-07-17,35,57,-8,52,-51,20
AE,United Arab Emirates,Sharjah,,,AE-SH,,ChIJ0Zp9hY5ZXz4RZlq4HHZvx2g,2022-07-18,19,34,-13,60,2,7
AE,United Arab Emirates,Sharjah,,,AE-SH,,ChIJ0Zp9hY5ZXz4RZlq4HHZvx2g,2022-07-19,20,34,-10,50,0,16
AE,United Arab Emirates,Sharjah,,,AE-SH,,ChIJ0Zp9hY5ZXz4RZlq4HHZvx2g,2022-07-20,20,35,-13,42,0,9
AE,United Arab Emirates,Sharjah,,,AE-SH,,ChIJ0Zp9hY5ZXz4RZlq4HHZvx2g,2022-07-21,11,25,-25,41,2,11
AE,United Arab Emirates,Sharjah,,,AE-SH,,ChIJ0Zp9hY5ZXz4RZlq4HHZvx2g,2022-07-22,3,18,-40,57,181,-1
AE,United Arab Emirates,Sharjah,,,AE-SH,,ChIJ0Zp9hY5ZXz4RZlq4HHZvx2g,2022-07-23,19,36,-17,48,5,6
AE,United Arab Emirates,Sharjah,,,AE-SH,,ChIJ0Zp9hY5ZXz4RZlq4HHZvx2g,2022-07-24,25,50,-11,43,-52,20
AE,United Arab Emirates,Sharjah,,,AE-SH,,ChIJ0Zp9hY5ZXz4RZlq4HHZvx2g,2022-07-25,15,33,-15,53,3,9
AE,United Arab Emirates,Sharjah,,,AE-SH,,ChIJ0Zp9hY5ZXz4RZlq4HHZvx2g,2022-07-26,21,38,-2,54,0,8
AE,United Arab Emirates,Sharjah,,,AE-SH,,ChIJ0Zp9hY5ZXz4RZlq4HHZvx2g,2022-07-27,22,37,-2,47,1,8
AE,United Arab Emirates,Sharjah,,,AE-SH,,ChIJ0Zp9hY5ZXz4RZlq4HHZvx2g,2022-07-28,16,33,-17,48,1,10
AE,United Arab Emirates,Sharjah,,,AE-SH,,ChIJ0Zp9hY5ZXz4RZlq4HHZvx2g,2022-07-29,11,29,-33,69,182,-3
AE,United Arab Emirates,Sharjah,,,AE-SH,,ChIJ0Zp9hY5ZXz4RZlq4HHZvx2g,2022-07-30,24,45,-5,52,-28,11
AE,United Arab Emirates,Sharjah,,,AE-SH,,ChIJ0Zp9hY5ZXz4RZlq4HHZvx2g,2022-07-31,39,67,0,58,-51,18
AE,United Arab Emirates,Sharjah,,,AE-SH,,ChIJ0Zp9hY5ZXz4RZlq4HHZvx2g,2022-08-01,25,45,-8,65,2,7
AE,United Arab Emirates,Sharjah,,,AE-SH,,ChIJ0Zp9hY5ZXz4RZlq4HHZvx2g,2022-08-02,25,45,-11,51,-1,8
AE,United Arab Emirates,Sharjah,,,AE-SH,,ChIJ0Zp9hY5ZXz4RZlq4HHZvx2g,2022-08-03,26,46,-11,47,0,8
AE,United Arab Emirates,Sharjah,,,AE-SH,,ChIJ0Zp9hY5ZXz4RZlq4HHZvx2g,2022-08-04,17,35,-24,46,1,10
AE,United Arab Emirates,Sharjah,,,AE-SH,,ChIJ0Zp9hY5ZXz4RZlq4HHZvx2g,2022-08-05,8,29,-37,65,179,-2
AE,United Arab Emirates,Sharjah,,,AE-SH,,ChIJ0Zp9hY5ZXz4RZlq4HHZvx2g,2022-08-06,25,43,-15,53,2,5
AE,United Arab Emirates,Sharjah,,,AE-SH,,ChIJ0Zp9hY5ZXz4RZlq4HHZvx2g,2022-08-07,38,68,-4,55,-52,18
AE,United Arab Emirates,Sharjah,,,AE-SH,,ChIJ0Zp9hY5ZXz4RZlq4HHZvx2g,2022-08-08,21,41,-11,59,0,8
AE,United Arab Emirates,Sharjah,,,AE-SH,,ChIJ0Zp9hY5ZXz4RZlq4HHZvx2g,2022-08-09,23,40,-12,52,-2,8
AE,United Arab Emirates,Sharjah,,,AE-SH,,ChIJ0Zp9hY5ZXz4RZlq4HHZvx2g,2022-08-10,23,42,-13,49,1,8
AE,United Arab Emirates,Sharjah,,,AE-SH,,ChIJ0Zp9hY5ZXz4RZlq4HHZvx2g,2022-08-11,15,32,-22,48,2,10
AE,United Arab Emirates,Sharjah,,,AE-SH,,ChIJ0Zp9hY5ZXz4RZlq4HHZvx2g,2022-08-12,8,26,-38,60,184,-2
AE,United Arab Emirates,Sharjah,,,AE-SH,,ChIJ0Zp9hY5ZXz4RZlq4HHZvx2g,2022-08-13,26,44,-12,57,4,6
AE,United Arab Emirates,Sharjah,,,AE-SH,,ChIJ0Zp9hY5ZXz4RZlq4HHZvx2g,2022-08-14,35,63,-13,49,-51,19
AE,United Arab Emirates,Sharjah,,,AE-SH,,ChIJ0Zp9hY5ZXz4RZlq4HHZvx2g,2022-08-15,24,43,-11,67,3,10
AE,United Arab Emirates,Sharjah,,,AE-SH,,ChIJ0Zp9hY5ZXz4RZlq4HHZvx2g,2022-08-16,22,40,-11,58,1,10
AE,United Arab Emirates,Sharjah,,,AE-SH,,ChIJ0Zp9hY5ZXz4RZlq4HHZvx2g,2022-08-17,25,42,-9,49,2,11
AE,United Arab Emirates,Sharjah,,,AE-SH,,ChIJ0Zp9hY5ZXz4RZlq4HHZvx2g,2022-08-18,17,33,-20,45,4,13
AE,United Arab Emirates,Sharjah,,,AE-SH,,ChIJ0Zp9hY5ZXz4RZlq4HHZvx2g,2022-08-19,9,26,-36,66,186,1
AE,United Arab Emirates,Sharjah,,,AE-SH,,ChIJ0Zp9hY5ZXz4RZlq4HHZvx2g,2022-08-20,28,44,-11,60,6,8
AE,United Arab Emirates,Sharjah,,,AE-SH,,ChIJ0Zp9hY5ZXz4RZlq4HHZvx2g,2022-08-21,43,71,2,56,-50,21
AE,United Arab Emirates,Sharjah,,,AE-SH,,ChIJ0Zp9hY5ZXz4RZlq4HHZvx2g,2022-08-22,22,41,-9,59,6,10
AE,United Arab Emirates,Sharjah,,,AE-SH,,ChIJ0Zp9hY5ZXz4RZlq4HHZvx2g,2022-08-23,23,42,-9,55,4,11
AE,United Arab Emirates,Sharjah,,,AE-SH,,ChIJ0Zp9hY5ZXz4RZlq4HHZvx2g,2022-08-24,25,43,-8,49,5,10
AE,United Arab Emirates,Sharjah,,,AE-SH,,ChIJ0Zp9hY5ZXz4RZlq4HHZvx2g,2022-08-25,19,35,-16,49,6,12
AE,United Arab Emirates,Sharjah,,,AE-SH,,ChIJ0Zp9hY5ZXz4RZlq4HHZvx2g,2022-08-26,15,33,-30,64,194,0
AE,United Arab Emirates,Sharjah,,,AE-SH,,ChIJ0Zp9hY5ZXz4RZlq4HHZvx2g,2022-08-27,35,52,-3,59,7,7
AE,United Arab Emirates,Sharjah,,,AE-SH,,ChIJ0Zp9hY5ZXz4RZlq4HHZvx2g,2022-08-28,47,77,1,53,-50,20
AE,United Arab Emirates,Sharjah,,,AE-SH,,ChIJ0Zp9hY5ZXz4RZlq4HHZvx2g,2022-08-29,27,48,-7,55,8,8
AE,United Arab Emirates,Sharjah,,,AE-SH,,ChIJ0Zp9hY5ZXz4RZlq4HHZvx2g,2022-08-30,26,48,-9,50,5,8
AE,United Arab Emirates,Sharjah,,,AE-SH,,ChIJ0Zp9hY5ZXz4RZlq4HHZvx2g,2022-08-31,27,47,-10,45,5,8
AE,United Arab Emirates,Sharjah,,,AE-SH,,ChIJ0Zp9hY5ZXz4RZlq4HHZvx2g,2022-09-01,21,39,-17,47,7,9
AE,United Arab Emirates,Sharjah,,,AE-SH,,ChIJ0Zp9hY5ZXz4RZlq4HHZvx2g,2022-09-02,16,35,-31,62,192,-3
AE,United Arab Emirates,Sharjah,,,AE-SH,,ChIJ0Zp9hY5ZXz4RZlq4HHZvx2g,2022-09-03,35,55,-3,56,5,5
AE,United Arab Emirates,Sharjah,,,AE-SH,,ChIJ0Zp9hY5ZXz4RZlq4HHZvx2g,2022-09-04,49,83,3,51,-52,18
AE,United Arab Emirates,Sharjah,,,AE-SH,,ChIJ0Zp9hY5ZXz4RZlq4HHZvx2g,2022-09-05,28,49,-7,60,8,5
AE,United Arab Emirates,Sharjah,,,AE-SH,,ChIJ0Zp9hY5ZXz4RZlq4HHZvx2g,2022-09-06,26,48,-9,54,5,6
AE,United Arab Emirates,Sharjah,,,AE-SH,,ChIJ0Zp9hY5ZXz4RZlq4HHZvx2g,2022-09-07,29,53,-9,44,6,6
AE,United Arab Emirates,Sharjah,,,AE-SH,,ChIJ0Zp9hY5ZXz4RZlq4HHZvx2g,2022-09-08,21,39,-15,41,4,10
AE,United Arab Emirates,Sharjah,,,AE-SH,,ChIJ0Zp9hY5ZXz4RZlq4HHZvx2g,2022-09-09,14,31,-29,62,193,-2
AE,United Arab Emirates,Sharjah,,,AE-SH,,ChIJ0Zp9hY5ZXz4RZlq4HHZvx2g,2022-09-10,34,52,-1,50,4,5
AE,United Arab Emirates,Sharjah,,,AE-SH,,ChIJ0Zp9hY5ZXz4RZlq4HHZvx2g,2022-09-11,46,79,4,52,-51,19
AE,United Arab Emirates,Sharjah,,,AE-SH,,ChIJ0Zp9hY5ZXz4RZlq4HHZvx2g,2022-09-12,25,45,-10,54,10,6
AE,United Arab Emirates,Sharjah,,,AE-SH,,ChIJ0Zp9hY5ZXz4RZlq4HHZvx2g,2022-09-13,24,43,-11,46,6,6
AE,United Arab Emirates,Sharjah,,,AE-SH,,ChIJ0Zp9hY5ZXz4RZlq4HHZvx2g,2022-09-14,25,45,-11,40,7,6
AE,United Arab Emirates,Sharjah,,,AE-SH,,ChIJ0Zp9hY5ZXz4RZlq4HHZvx2g,2022-09-15,18,36,-18,43,8,8
AE,United Arab Emirates,Sharjah,,,AE-SH,,ChIJ0Zp9hY5ZXz4RZlq4HHZvx2g,2022-09-16,12,32,-31,50,193,-3
AE,United Arab Emirates,Sharjah,,,AE-SH,,ChIJ0Zp9hY5ZXz4RZlq4HHZvx2g,2022-09-17,31,50,-3,45,4,5
AE,United Arab Emirates,Sharjah,,,AE-SH,,ChIJ0Zp9hY5ZXz4RZlq4HHZvx2g,2022-09-18,47,81,8,44,-51,18
AE,United Arab Emirates,Sharjah,,,AE-SH,,ChIJ0Zp9hY5ZXz4RZlq4HHZvx2g,2022-09-19,24,43,-7,52,9,6
AE,United Arab Emirates,Sharjah,,,AE-SH,,ChIJ0Zp9hY5ZXz4RZlq4HHZvx2g,2022-09-20,23,42,-9,52,7,7
AE,United Arab Emirates,Sharjah,,,AE-SH,,ChIJ0Zp9hY5ZXz4RZlq4HHZvx2g,2022-09-21,25,45,-10,41,8,7
AE,United Arab Emirates,Sharjah,,,AE-SH,,ChIJ0Zp9hY5ZXz4RZlq4HHZvx2g,2022-09-22,19,35,-17,41,9,9
AE,United Arab Emirates,Sharjah,,,AE-SH,,ChIJ0Zp9hY5ZXz4RZlq4HHZvx2g,2022-09-23,12,30,-30,53,198,-2
AE,United Arab Emirates,Sharjah,,,AE-SH,,ChIJ0Zp9hY5ZXz4RZlq4HHZvx2g,2022-09-24,33,52,3,48,6,6
AE,United Arab Emirates,Sharjah,,,AE-SH,,ChIJ0Zp9hY5ZXz4RZlq4HHZvx2g,2022-09-25,50,81,6,45,-51,19
AE,United Arab Emirates,Sharjah,,,AE-SH,,ChIJ0Zp9hY5ZXz4RZlq4HHZvx2g,2022-09-26,24,46,-8,49,13,6
AE,United Arab Emirates,Sharjah,,,AE-SH,,ChIJ0Zp9hY5ZXz4RZlq4HHZvx2g,2022-09-27,27,50,-6,52,9,6
AE,United Arab Emirates,Sharjah,,,AE-SH,,ChIJ0Zp9hY5ZXz4RZlq4HHZvx2g,2022-09-28,28,49,-9,45,10,6
AE,United Arab Emirates,Sharjah,,,AE-SH,,ChIJ0Zp9hY5ZXz4RZlq4HHZvx2g,2022-09-29,24,41,-15,49,11,8
AE,United Arab Emirates,Sharjah,,,AE-SH,,ChIJ0Zp9hY5ZXz4RZlq4HHZvx2g,2022-09-30,20,38,-28,68,203,-3
AE,United Arab Emirates,Sharjah,,,AE-SH,,ChIJ0Zp9hY5ZXz4RZlq4HHZvx2g,2022-10-01,42,60,4,60,6,4
AE,United Arab Emirates,Sharjah,,,AE-SH,,ChIJ0Zp9hY5ZXz4RZlq4HHZvx2g,2022-10-02,58,94,14,58,-51,18
AE,United Arab Emirates,Sharjah,,,AE-SH,,ChIJ0Zp9hY5ZXz4RZlq4HHZvx2g,2022-10-03,33,57,-2,59,14,5
AE,United Arab Emirates,Sharjah,,,AE-SH,,ChIJ0Zp9hY5ZXz4RZlq4HHZvx2g,2022-10-04,33,58,-5,51,11,5
AE,United Arab Emirates,Sharjah,,,AE-SH,,ChIJ0Zp9hY5ZXz4RZlq4HHZvx2g,2022-10-05,33,55,-6,47,12,6
AE,United Arab Emirates,Sharjah,,,AE-SH,,ChIJ0Zp9hY5ZXz4RZlq4HHZvx2g,2022-10-06,24,41,-15,47,14,7
AE,United Arab Emirates,Sharjah,,,AE-SH,,ChIJ0Zp9hY5ZXz4RZlq4HHZvx2g,2022-10-07,22,41,-23,64,203,-4
AE,United Arab Emirates,Sharjah,,,AE-SH,,ChIJ0Zp9hY5ZXz4RZlq4HHZvx2g,2022-10-08,41,63,27,55,-30,9
AE,United Arab Emirates,Sharjah,,,AE-SH,,ChIJ0Zp9hY5ZXz4RZlq4HHZvx2g,2022-10-09,54,86,20,56,-52,18
AE,United Arab Emirates,Sharjah,,,AE-SH,,ChIJ0Zp9hY5ZXz4RZlq4HHZvx2g,2022-10-10,28,49,-2,60,13,5
AE,United Arab Emirates,Sharjah,,,AE-SH,,ChIJ0Zp9hY5ZXz4RZlq4HHZvx2g,2022-10-11,28,50,-3,50,10,6
AE,United Arab Emirates,Sharjah,,,AE-SH,,ChIJ0Zp9hY5ZXz4RZlq4HHZvx2g,2022-10-12,29,50,-3,40,11,6
AE,United Arab Emirates,Sharjah,,,AE-SH,,ChIJ0Zp9hY5ZXz4RZlq4HHZvx2g,2022-10-13,24,42,-11,42,13,7
AE,United Arab Emirates,Sharjah,,,AE-SH,,ChIJ0Zp9hY5ZXz4RZlq4HHZvx2g,2022-10-14,18,38,-22,60,204,-3
AE,United Arab Emirates,Sharjah,,,AE-SH,,ChIJ0Zp9hY5ZXz4RZlq4HHZvx2g,2022-10-15,38,58,11,58,7,4
AE,United Arab Emirates,Umm Al Quawain,,,AE-UQ,,ChIJP-14gXD99T4RGDyAmyB_vKE,2020-02-15,3,10,,,2,2
AE,United Arab Emirates,Umm Al Quawain,,,AE-UQ,,ChIJP-14gXD99T4RGDyAmyB_vKE,2020-02-16,0,3,,,4,2
AE,United Arab Emirates,Umm Al Quawain,,,AE-UQ,,ChIJP-14gXD99T4RGDyAmyB_vKE,2020-02-17,0,3,,,3,1
AE,United Arab Emirates,Umm Al Quawain,,,AE-UQ,,ChIJP-14gXD99T4RGDyAmyB_vKE,2020-02-18,0,1,,,6,1
AE,United Arab Emirates,Umm Al Quawain,,,AE-UQ,,ChIJP-14gXD99T4RGDyAmyB_vKE,2020-02-19,-1,-1,,,3,1
AE,United Arab Emirates,Umm Al Quawain,,,AE-UQ,,ChIJP-14gXD99T4RGDyAmyB_vKE,2020-02-20,-5,-2,,,3,2
AE,United Arab Emirates,Umm Al Quawain,,,AE-UQ,,ChIJP-14gXD99T4RGDyAmyB_vKE,2020-02-21,3,3,,,2,
AE,United Arab Emirates,Umm Al Quawain,,,AE-UQ,,ChIJP-14gXD99T4RGDyAmyB_vKE,2020-02-22,-2,5,,,8,2
AE,United Arab Emirates,Umm Al Quawain,,,AE-UQ,,ChIJP-14gXD99T4RGDyAmyB_vKE,2020-02-23,-4,-1,,,5,2
AE,United Arab Emirates,Umm Al Quawain,,,AE-UQ,,ChIJP-14gXD99T4RGDyAmyB_vKE,2020-02-24,-5,2,,,6,2
AE,United Arab Emirates,Umm Al Quawain,,,AE-UQ,,ChIJP-14gXD99T4RGDyAmyB_vKE,2020-02-25,-4,0,,,6,2
AE,United Arab Emirates,Umm Al Quawain,,,AE-UQ,,ChIJP-14gXD99T4RGDyAmyB_vKE,2020-02-26,-4,0,,,3,2
AE,United Arab Emirates,Umm Al Quawain,,,AE-UQ,,ChIJP-14gXD99T4RGDyAmyB_vKE,2020-02-27,-4,2,,,1,2
AE,United Arab Emirates,Umm Al Quawain,,,AE-UQ,,ChIJP-14gXD99T4RGDyAmyB_vKE,2020-02-28,1,3,,,2,
AE,United Arab Emirates,Umm Al Quawain,,,AE-UQ,,ChIJP-14gXD99T4RGDyAmyB_vKE,2020-02-29,4,12,,,4,1
AE,United Arab Emirates,Umm Al Quawain,,,AE-UQ,,ChIJP-14gXD99T4RGDyAmyB_vKE,2020-03-01,4,10,,,4,2
AE,United Arab Emirates,Umm Al Quawain,,,AE-UQ,,ChIJP-14gXD99T4RGDyAmyB_vKE,2020-03-02,4,7,,,4,1
AE,United Arab Emirates,Umm Al Quawain,,,AE-UQ,,ChIJP-14gXD99T4RGDyAmyB_vKE,2020-03-03,3,2,,,5,2
AE,United Arab Emirates,Umm Al Quawain,,,AE-UQ,,ChIJP-14gXD99T4RGDyAmyB_vKE,2020-03-04,0,8,,,3,2
AE,United Arab Emirates,Umm Al Quawain,,,AE-UQ,,ChIJP-14gXD99T4RGDyAmyB_vKE,2020-03-05,-2,10,,,4,3
AE,United Arab Emirates,Umm Al Quawain,,,AE-UQ,,ChIJP-14gXD99T4RGDyAmyB_vKE,2020-03-06,0,12,,,-1,
AE,United Arab Emirates,Umm Al Quawain,,,AE-UQ,,ChIJP-14gXD99T4RGDyAmyB_vKE,2020-03-07,4,12,,,3,2
AE,United Arab Emirates,Umm Al Quawain,,,AE-UQ,,ChIJP-14gXD99T4RGDyAmyB_vKE,2020-03-08,2,8,,,-2,2
AE,United Arab Emirates,Umm Al Quawain,,,AE-UQ,,ChIJP-14gXD99T4RGDyAmyB_vKE,2020-03-09,-1,8,,,-3,4
AE,United Arab Emirates,Umm Al Quawain,,,AE-UQ,,ChIJP-14gXD99T4RGDyAmyB_vKE,2020-03-10,-1,7,,,0,4
AE,United Arab Emirates,Umm Al Quawain,,,AE-UQ,,ChIJP-14gXD99T4RGDyAmyB_vKE,2020-03-11,2,10,,,-2,4
AE,United Arab Emirates,Umm Al Quawain,,,AE-UQ,,ChIJP-14gXD99T4RGDyAmyB_vKE,2020-03-12,-5,7,,,-1,5
AE,United Arab Emirates,Umm Al Quawain,,,AE-UQ,,ChIJP-14gXD99T4RGDyAmyB_vKE,2020-03-13,-4,8,,,1,
AE,United Arab Emirates,Umm Al Quawain,,,AE-UQ,,ChIJP-14gXD99T4RGDyAmyB_vKE,2020-03-14,0,9,,,5,4
AE,United Arab Emirates,Umm Al Quawain,,,AE-UQ,,ChIJP-14gXD99T4RGDyAmyB_vKE,2020-03-15,-1,10,,,0,5
AE,United Arab Emirates,Umm Al Quawain,,,AE-UQ,,ChIJP-14gXD99T4RGDyAmyB_vKE,2020-03-16,-4,9,,,-2,5
AE,United Arab Emirates,Umm Al Quawain,,,AE-UQ,,ChIJP-14gXD99T4RGDyAmyB_vKE,2020-03-17,-6,9,,,-1,5
AE,United Arab Emirates,Umm Al Quawain,,,AE-UQ,,ChIJP-14gXD99T4RGDyAmyB_vKE,2020-03-18,-12,2,,,-7,7
AE,United Arab Emirates,Umm Al Quawain,,,AE-UQ,,ChIJP-14gXD99T4RGDyAmyB_vKE,2020-03-19,-20,-3,,,-6,9
AE,United Arab Emirates,Umm Al Quawain,,,AE-UQ,,ChIJP-14gXD99T4RGDyAmyB_vKE,2020-03-20,-23,-9,,,-11,
AE,United Arab Emirates,Umm Al Quawain,,,AE-UQ,,ChIJP-14gXD99T4RGDyAmyB_vKE,2020-03-21,-18,-4,,,-2,
AE,United Arab Emirates,Umm Al Quawain,,,AE-UQ,,ChIJP-14gXD99T4RGDyAmyB_vKE,2020-03-22,-21,-13,,,-9,11
AE,United Arab Emirates,Umm Al Quawain,,,AE-UQ,,ChIJP-14gXD99T4RGDyAmyB_vKE,2020-03-23,-14,10,,,-12,10
AE,United Arab Emirates,Umm Al Quawain,,,AE-UQ,,ChIJP-14gXD99T4RGDyAmyB_vKE,2020-03-24,-23,-6,,,-16,13
AE,United Arab Emirates,Umm Al Quawain,,,AE-UQ,,ChIJP-14gXD99T4RGDyAmyB_vKE,2020-03-25,-31,-13,,,-20,15
AE,United Arab Emirates,Umm Al Quawain,,,AE-UQ,,ChIJP-14gXD99T4RGDyAmyB_vKE,2020-03-26,-41,-11,,,-24,19
AE,United Arab Emirates,Umm Al Quawain,,,AE-UQ,,ChIJP-14gXD99T4RGDyAmyB_vKE,2020-03-27,-71,-59,,,-38,
AE,United Arab Emirates,Umm Al Quawain,,,AE-UQ,,ChIJP-14gXD99T4RGDyAmyB_vKE,2020-03-28,-58,-39,,,-46,
AE,United Arab Emirates,Umm Al Quawain,,,AE-UQ,,ChIJP-14gXD99T4RGDyAmyB_vKE,2020-03-29,-40,-18,,,-27,
AE,United Arab Emirates,Umm Al Quawain,,,AE-UQ,,ChIJP-14gXD99T4RGDyAmyB_vKE,2020-03-30,-36,-22,,,-28,
AE,United Arab Emirates,Umm Al Quawain,,,AE-UQ,,ChIJP-14gXD99T4RGDyAmyB_vKE,2020-03-31,-38,-21,,,-26,
AE,United Arab Emirates,Umm Al Quawain,,,AE-UQ,,ChIJP-14gXD99T4RGDyAmyB_vKE,2020-04-01,-39,-18,,,-29,
AE,United Arab Emirates,Umm Al Quawain,,,AE-UQ,,ChIJP-14gXD99T4RGDyAmyB_vKE,2020-04-02,-42,-19,,,-29,
AE,United Arab Emirates,Umm Al Quawain,,,AE-UQ,,ChIJP-14gXD99T4RGDyAmyB_vKE,2020-04-03,-52,-36,,,-27,
AE,United Arab Emirates,Umm Al Quawain,,,AE-UQ,,ChIJP-14gXD99T4RGDyAmyB_vKE,2020-04-04,-40,-15,,,-20,
AE,United Arab Emirates,Umm Al Quawain,,,AE-UQ,,ChIJP-14gXD99T4RGDyAmyB_vKE,2020-04-05,-34,-11,,,-33,
AE,United Arab Emirates,Umm Al Quawain,,,AE-UQ,,ChIJP-14gXD99T4RGDyAmyB_vKE,2020-04-06,-38,-17,,,-33,
AE,United Arab Emirates,Umm Al Quawain,,,AE-UQ,,ChIJP-14gXD99T4RGDyAmyB_vKE,2020-04-07,-36,-18,,,-32,
AE,United Arab Emirates,Umm Al Quawain,,,AE-UQ,,ChIJP-14gXD99T4RGDyAmyB_vKE,2020-04-08,-39,-19,,,-34,
AE,United Arab Emirates,Umm Al Quawain,,,AE-UQ,,ChIJP-14gXD99T4RGDyAmyB_vKE,2020-04-09,-44,-22,,,-34,
AE,United Arab Emirates,Umm Al Quawain,,,AE-UQ,,ChIJP-14gXD99T4RGDyAmyB_vKE,2020-04-10,-54,-34,,,-29,
AE,United Arab Emirates,Umm Al Quawain,,,AE-UQ,,ChIJP-14gXD99T4RGDyAmyB_vKE,2020-04-11,-39,-15,,,-23,
AE,United Arab Emirates,Umm Al Quawain,,,AE-UQ,,ChIJP-14gXD99T4RGDyAmyB_vKE,2020-04-12,-38,-15,,,-34,
AE,United Arab Emirates,Umm Al Quawain,,,AE-UQ,,ChIJP-14gXD99T4RGDyAmyB_vKE,2020-04-13,-37,-15,,,-34,
AE,United Arab Emirates,Umm Al Quawain,,,AE-UQ,,ChIJP-14gXD99T4RGDyAmyB_vKE,2020-04-14,-40,-22,,,-31,
AE,United Arab Emirates,Umm Al Quawain,,,AE-UQ,,ChIJP-14gXD99T4RGDyAmyB_vKE,2020-04-15,-37,-22,,,-33,
AE,United Arab Emirates,Umm Al Quawain,,,AE-UQ,,ChIJP-14gXD99T4RGDyAmyB_vKE,2020-04-16,-42,-23,,,-35,
AE,United Arab Emirates,Umm Al Quawain,,,AE-UQ,,ChIJP-14gXD99T4RGDyAmyB_vKE,2020-04-17,-56,-39,,,-22,
AE,United Arab Emirates,Umm Al Quawain,,,AE-UQ,,ChIJP-14gXD99T4RGDyAmyB_vKE,2020-04-18,-41,-18,,,-22,
AE,United Arab Emirates,Umm Al Quawain,,,AE-UQ,,ChIJP-14gXD99T4RGDyAmyB_vKE,2020-04-19,-35,-20,,,-32,
AE,United Arab Emirates,Umm Al Quawain,,,AE-UQ,,ChIJP-14gXD99T4RGDyAmyB_vKE,2020-04-20,-37,-23,,,-32,
AE,United Arab Emirates,Umm Al Quawain,,,AE-UQ,,ChIJP-14gXD99T4RGDyAmyB_vKE,2020-04-21,-37,-24,,,-30,
AE,United Arab Emirates,Umm Al Quawain,,,AE-UQ,,ChIJP-14gXD99T4RGDyAmyB_vKE,2020-04-22,-36,-18,,,-32,
AE,United Arab Emirates,Umm Al Quawain,,,AE-UQ,,ChIJP-14gXD99T4RGDyAmyB_vKE,2020-04-23,-39,-17,,,-32,
AE,United Arab Emirates,Umm Al Quawain,,,AE-UQ,,ChIJP-14gXD99T4RGDyAmyB_vKE,2020-04-24,-59,-34,,,-29,
AE,United Arab Emirates,Umm Al Quawain,,,AE-UQ,,ChIJP-14gXD99T4RGDyAmyB_vKE,2020-04-25,-45,-20,,,-24,
AE,United Arab Emirates,Umm Al Quawain,,,AE-UQ,,ChIJP-14gXD99T4RGDyAmyB_vKE,2020-04-26,-40,-20,,,-32,
AE,United Arab Emirates,Umm Al Quawain,,,AE-UQ,,ChIJP-14gXD99T4RGDyAmyB_vKE,2020-04-27,-41,-21,,,-33,
AE,United Arab Emirates,Umm Al Quawain,,,AE-UQ,,ChIJP-14gXD99T4RGDyAmyB_vKE,2020-04-28,-38,-20,,,-31,
AE,United Arab Emirates,Umm Al Quawain,,,AE-UQ,,ChIJP-14gXD99T4RGDyAmyB_vKE,2020-04-29,-36,-21,,,-31,
AE,United Arab Emirates,Umm Al Quawain,,,AE-UQ,,ChIJP-14gXD99T4RGDyAmyB_vKE,2020-04-30,-40,-21,,,-30,
AE,United Arab Emirates,Umm Al Quawain,,,AE-UQ,,ChIJP-14gXD99T4RGDyAmyB_vKE,2020-05-01,-53,-33,,,-27,
AE,United Arab Emirates,Umm Al Quawain,,,AE-UQ,,ChIJP-14gXD99T4RGDyAmyB_vKE,2020-05-02,-37,-17,,,-22,
AE,United Arab Emirates,Umm Al Quawain,,,AE-UQ,,ChIJP-14gXD99T4RGDyAmyB_vKE,2020-05-03,-35,-16,,,-29,
AE,United Arab Emirates,Umm Al Quawain,,,AE-UQ,,ChIJP-14gXD99T4RGDyAmyB_vKE,2020-05-04,-35,-18,,,-29,
AE,United Arab Emirates,Umm Al Quawain,,,AE-UQ,,ChIJP-14gXD99T4RGDyAmyB_vKE,2020-05-05,-36,-19,,,-28,
AE,United Arab Emirates,Umm Al Quawain,,,AE-UQ,,ChIJP-14gXD99T4RGDyAmyB_vKE,2020-05-06,-32,-14,,,-27,
AE,United Arab Emirates,Umm Al Quawain,,,AE-UQ,,ChIJP-14gXD99T4RGDyAmyB_vKE,2020-05-07,-39,-17,,,-29,
AE,United Arab Emirates,Umm Al Quawain,,,AE-UQ,,ChIJP-14gXD99T4RGDyAmyB_vKE,2020-05-08,-52,-32,,,-20,
AE,United Arab Emirates,Umm Al Quawain,,,AE-UQ,,ChIJP-14gXD99T4RGDyAmyB_vKE,2020-05-09,-38,-11,,,-15,
AE,United Arab Emirates,Umm Al Quawain,,,AE-UQ,,ChIJP-14gXD99T4RGDyAmyB_vKE,2020-05-10,-36,-11,,,-27,
AE,United Arab Emirates,Umm Al Quawain,,,AE-UQ,,ChIJP-14gXD99T4RGDyAmyB_vKE,2020-05-11,-38,-12,,,-28,
AE,United Arab Emirates,Umm Al Quawain,,,AE-UQ,,ChIJP-14gXD99T4RGDyAmyB_vKE,2020-05-12,-36,-14,,,-26,
AE,United Arab Emirates,Umm Al Quawain,,,AE-UQ,,ChIJP-14gXD99T4RGDyAmyB_vKE,2020-05-13,-38,-15,,,-30,
AE,United Arab Emirates,Umm Al Quawain,,,AE-UQ,,ChIJP-14gXD99T4RGDyAmyB_vKE,2020-05-14,-40,-14,,,-29,
AE,United Arab Emirates,Umm Al Quawain,,,AE-UQ,,ChIJP-14gXD99T4RGDyAmyB_vKE,2020-05-15,-50,-28,,,-19,
AE,United Arab Emirates,Umm Al Quawain,,,AE-UQ,,ChIJP-14gXD99T4RGDyAmyB_vKE,2020-05-16,-36,-8,,,-16,
AE,United Arab Emirates,Umm Al Quawain,,,AE-UQ,,ChIJP-14gXD99T4RGDyAmyB_vKE,2020-05-17,-34,-10,,,-25,
AE,United Arab Emirates,Umm Al Quawain,,,AE-UQ,,ChIJP-14gXD99T4RGDyAmyB_vKE,2020-05-18,-32,-11,,,-28,
AE,United Arab Emirates,Umm Al Quawain,,,AE-UQ,,ChIJP-14gXD99T4RGDyAmyB_vKE,2020-05-19,-32,-10,,,-26,
AE,United Arab Emirates,Umm Al Quawain,,,AE-UQ,,ChIJP-14gXD99T4RGDyAmyB_vKE,2020-05-20,-42,-19,,,-30,
AE,United Arab Emirates,Umm Al Quawain,,,AE-UQ,,ChIJP-14gXD99T4RGDyAmyB_vKE,2020-05-21,-42,-16,,,-26,
AE,United Arab Emirates,Umm Al Quawain,,,AE-UQ,,ChIJP-14gXD99T4RGDyAmyB_vKE,2020-05-22,-46,-18,,,-16,
AE,United Arab Emirates,Umm Al Quawain,,,AE-UQ,,ChIJP-14gXD99T4RGDyAmyB_vKE,2020-05-23,-36,-6,,,-33,
AE,United Arab Emirates,Umm Al Quawain,,,AE-UQ,,ChIJP-14gXD99T4RGDyAmyB_vKE,2020-05-24,-42,-25,,,-66,
AE,United Arab Emirates,Umm Al Quawain,,,AE-UQ,,ChIJP-14gXD99T4RGDyAmyB_vKE,2020-05-25,-37,-19,,,-64,
AE,United Arab Emirates,Umm Al Quawain,,,AE-UQ,,ChIJP-14gXD99T4RGDyAmyB_vKE,2020-05-26,-32,-17,,,-47,
AE,United Arab Emirates,Umm Al Quawain,,,AE-UQ,,ChIJP-14gXD99T4RGDyAmyB_vKE,2020-05-27,-32,-16,,,-24,21
AE,United Arab Emirates,Umm Al Quawain,,,AE-UQ,,ChIJP-14gXD99T4RGDyAmyB_vKE,2020-05-28,-33,-16,,,-22,
AE,United Arab Emirates,Umm Al Quawain,,,AE-UQ,,ChIJP-14gXD99T4RGDyAmyB_vKE,2020-05-29,-43,-26,,,-11,
AE,United Arab Emirates,Umm Al Quawain,,,AE-UQ,,ChIJP-14gXD99T4RGDyAmyB_vKE,2020-05-30,-24,-6,,,-7,
AE,United Arab Emirates,Umm Al Quawain,,,AE-UQ,,ChIJP-14gXD99T4RGDyAmyB_vKE,2020-05-31,-19,0,,,-20,18
AE,United Arab Emirates,Umm Al Quawain,,,AE-UQ,,ChIJP-14gXD99T4RGDyAmyB_vKE,2020-06-01,-22,-2,,,-20,16
AE,United Arab Emirates,Umm Al Quawain,,,AE-UQ,,ChIJP-14gXD99T4RGDyAmyB_vKE,2020-06-02,-18,1,,,-17,17
AE,United Arab Emirates,Umm Al Quawain,,,AE-UQ,,ChIJP-14gXD99T4RGDyAmyB_vKE,2020-06-03,-20,-7,,,-17,19
AE,United Arab Emirates,Umm Al Quawain,,,AE-UQ,,ChIJP-14gXD99T4RGDyAmyB_vKE,2020-06-04,-24,-5,,,-16,21
AE,United Arab Emirates,Umm Al Quawain,,,AE-UQ,,ChIJP-14gXD99T4RGDyAmyB_vKE,2020-06-05,-30,-17,,,-10,
AE,United Arab Emirates,Umm Al Quawain,,,AE-UQ,,ChIJP-14gXD99T4RGDyAmyB_vKE,2020-06-06,-17,-2,,,-6,
AE,United Arab Emirates,Umm Al Quawain,,,AE-UQ,,ChIJP-14gXD99T4RGDyAmyB_vKE,2020-06-07,-17,-1,,,-15,17
AE,United Arab Emirates,Umm Al Quawain,,,AE-UQ,,ChIJP-14gXD99T4RGDyAmyB_vKE,2020-06-08,-19,-4,,,-15,17
AE,United Arab Emirates,Umm Al Quawain,,,AE-UQ,,ChIJP-14gXD99T4RGDyAmyB_vKE,2020-06-09,-20,-6,,,-16,17
AE,United Arab Emirates,Umm Al Quawain,,,AE-UQ,,ChIJP-14gXD99T4RGDyAmyB_vKE,2020-06-10,-18,-7,,,-17,18
AE,United Arab Emirates,Umm Al Quawain,,,AE-UQ,,ChIJP-14gXD99T4RGDyAmyB_vKE,2020-06-11,-25,-6,,,-13,20
AE,United Arab Emirates,Umm Al Quawain,,,AE-UQ,,ChIJP-14gXD99T4RGDyAmyB_vKE,2020-06-12,-32,-14,,,-8,
AE,United Arab Emirates,Umm Al Quawain,,,AE-UQ,,ChIJP-14gXD99T4RGDyAmyB_vKE,2020-06-13,-19,-2,,,-2,
AE,United Arab Emirates,Umm Al Quawain,,,AE-UQ,,ChIJP-14gXD99T4RGDyAmyB_vKE,2020-06-14,-15,0,,,-13,16
AE,United Arab Emirates,Umm Al Quawain,,,AE-UQ,,ChIJP-14gXD99T4RGDyAmyB_vKE,2020-06-15,-22,-5,,,-14,17
AE,United Arab Emirates,Umm Al Quawain,,,AE-UQ,,ChIJP-14gXD99T4RGDyAmyB_vKE,2020-06-16,-18,-4,,,-13,17
AE,United Arab Emirates,Umm Al Quawain,,,AE-UQ,,ChIJP-14gXD99T4RGDyAmyB_vKE,2020-06-17,-18,-5,,,-15,16
AE,United Arab Emirates,Umm Al Quawain,,,AE-UQ,,ChIJP-14gXD99T4RGDyAmyB_vKE,2020-06-18,-25,-7,,,-13,18
AE,United Arab Emirates,Umm Al Quawain,,,AE-UQ,,ChIJP-14gXD99T4RGDyAmyB_vKE,2020-06-19,-31,-17,,,-2,
AE,United Arab Emirates,Umm Al Quawain,,,AE-UQ,,ChIJP-14gXD99T4RGDyAmyB_vKE,2020-06-20,-20,-6,,,-4,
AE,United Arab Emirates,Umm Al Quawain,,,AE-UQ,,ChIJP-14gXD99T4RGDyAmyB_vKE,2020-06-21,-16,-2,,,-13,16
AE,United Arab Emirates,Umm Al Quawain,,,AE-UQ,,ChIJP-14gXD99T4RGDyAmyB_vKE,2020-06-22,-21,-6,,,-14,16
AE,United Arab Emirates,Umm Al Quawain,,,AE-UQ,,ChIJP-14gXD99T4RGDyAmyB_vKE,2020-06-23,-16,-3,,,-12,16
AE,United Arab Emirates,Umm Al Quawain,,,AE-UQ,,ChIJP-14gXD99T4RGDyAmyB_vKE,2020-06-24,-16,-7,,,-13,16
AE,United Arab Emirates,Umm Al Quawain,,,AE-UQ,,ChIJP-14gXD99T4RGDyAmyB_vKE,2020-06-25,-15,-4,,,-12,16
AE,United Arab Emirates,Umm Al Quawain,,,AE-UQ,,ChIJP-14gXD99T4RGDyAmyB_vKE,2020-06-26,-21,-9,,,-1,
AE,United Arab Emirates,Umm Al Quawain,,,AE-UQ,,ChIJP-14gXD99T4RGDyAmyB_vKE,2020-06-27,-11,1,,,-3,
AE,United Arab Emirates,Umm Al Quawain,,,AE-UQ,,ChIJP-14gXD99T4RGDyAmyB_vKE,2020-06-28,-10,0,,,-12,14
AE,United Arab Emirates,Umm Al Quawain,,,AE-UQ,,ChIJP-14gXD99T4RGDyAmyB_vKE,2020-06-29,-13,-1,,,-14,15
AE,United Arab Emirates,Umm Al Quawain,,,AE-UQ,,ChIJP-14gXD99T4RGDyAmyB_vKE,2020-06-30,-9,4,,,-11,14
AE,United Arab Emirates,Umm Al Quawain,,,AE-UQ,,ChIJP-14gXD99T4RGDyAmyB_vKE,2020-07-01,-9,6,,,-12,14
AE,United Arab Emirates,Umm Al Quawain,,,AE-UQ,,ChIJP-14gXD99T4RGDyAmyB_vKE,2020-07-02,-9,4,,,-14,15
AE,United Arab Emirates,Umm Al Quawain,,,AE-UQ,,ChIJP-14gXD99T4RGDyAmyB_vKE,2020-07-03,-16,-5,,,-3,
AE,United Arab Emirates,Umm Al Quawain,,,AE-UQ,,ChIJP-14gXD99T4RGDyAmyB_vKE,2020-07-04,-11,4,,,-3,
AE,United Arab Emirates,Umm Al Quawain,,,AE-UQ,,ChIJP-14gXD99T4RGDyAmyB_vKE,2020-07-05,-7,7,,,-13,13
AE,United Arab Emirates,Umm Al Quawain,,,AE-UQ,,ChIJP-14gXD99T4RGDyAmyB_vKE,2020-07-06,-9,7,,,-11,13
AE,United Arab Emirates,Umm Al Quawain,,,AE-UQ,,ChIJP-14gXD99T4RGDyAmyB_vKE,2020-07-07,-8,9,,,-10,13
AE,United Arab Emirates,Umm Al Quawain,,,AE-UQ,,ChIJP-14gXD99T4RGDyAmyB_vKE,2020-07-08,-10,-4,,,-12,13
AE,United Arab Emirates,Umm Al Quawain,,,AE-UQ,,ChIJP-14gXD99T4RGDyAmyB_vKE,2020-07-09,-13,-1,,,-12,15
AE,United Arab Emirates,Umm Al Quawain,,,AE-UQ,,ChIJP-14gXD99T4RGDyAmyB_vKE,2020-07-10,-17,-5,,,-5,
AE,United Arab Emirates,Umm Al Quawain,,,AE-UQ,,ChIJP-14gXD99T4RGDyAmyB_vKE,2020-07-11,-11,6,,,-1,
AE,United Arab Emirates,Umm Al Quawain,,,AE-UQ,,ChIJP-14gXD99T4RGDyAmyB_vKE,2020-07-12,-7,4,,,-10,12
AE,United Arab Emirates,Umm Al Quawain,,,AE-UQ,,ChIJP-14gXD99T4RGDyAmyB_vKE,2020-07-13,-9,4,,,-8,11
AE,United Arab Emirates,Umm Al Quawain,,,AE-UQ,,ChIJP-14gXD99T4RGDyAmyB_vKE,2020-07-14,-7,1,,,-9,13
AE,United Arab Emirates,Umm Al Quawain,,,AE-UQ,,ChIJP-14gXD99T4RGDyAmyB_vKE,2020-07-15,-7,-5,,,-10,12
AE,United Arab Emirates,Umm Al Quawain,,,AE-UQ,,ChIJP-14gXD99T4RGDyAmyB_vKE,2020-07-16,-11,-2,,,-9,13
AE,United Arab Emirates,Umm Al Quawain,,,AE-UQ,,ChIJP-14gXD99T4RGDyAmyB_vKE,2020-07-17,-13,-8,,,-1,
AE,United Arab Emirates,Umm Al Quawain,,,AE-UQ,,ChIJP-14gXD99T4RGDyAmyB_vKE,2020-07-18,-4,1,,,2,
AE,United Arab Emirates,Umm Al Quawain,,,AE-UQ,,ChIJP-14gXD99T4RGDyAmyB_vKE,2020-07-19,-5,1,,,-9,12
AE,United Arab Emirates,Umm Al Quawain,,,AE-UQ,,ChIJP-14gXD99T4RGDyAmyB_vKE,2020-07-20,-9,0,,,-9,12
AE,United Arab Emirates,Umm Al Quawain,,,AE-UQ,,ChIJP-14gXD99T4RGDyAmyB_vKE,2020-07-21,-7,-6,,,-9,12
AE,United Arab Emirates,Umm Al Quawain,,,AE-UQ,,ChIJP-14gXD99T4RGDyAmyB_vKE,2020-07-22,-7,-5,,,-9,12
AE,United Arab Emirates,Umm Al Quawain,,,AE-UQ,,ChIJP-14gXD99T4RGDyAmyB_vKE,2020-07-23,-11,-3,,,-8,14
AE,United Arab Emirates,Umm Al Quawain,,,AE-UQ,,ChIJP-14gXD99T4RGDyAmyB_vKE,2020-07-24,-7,-13,,,1,
AE,United Arab Emirates,Umm Al Quawain,,,AE-UQ,,ChIJP-14gXD99T4RGDyAmyB_vKE,2020-07-25,0,-2,,,0,
AE,United Arab Emirates,Umm Al Quawain,,,AE-UQ,,ChIJP-14gXD99T4RGDyAmyB_vKE,2020-07-26,-1,3,,,-11,11
AE,United Arab Emirates,Umm Al Quawain,,,AE-UQ,,ChIJP-14gXD99T4RGDyAmyB_vKE,2020-07-27,-5,0,,,-10,11
AE,United Arab Emirates,Umm Al Quawain,,,AE-UQ,,ChIJP-14gXD99T4RGDyAmyB_vKE,2020-07-28,7,5,,,-9,10
AE,United Arab Emirates,Umm Al Quawain,,,AE-UQ,,ChIJP-14gXD99T4RGDyAmyB_vKE,2020-07-29,17,18,,,-11,8
AE,United Arab Emirates,Umm Al Quawain,,,AE-UQ,,ChIJP-14gXD99T4RGDyAmyB_vKE,2020-07-30,13,20,,,-48,
AE,United Arab Emirates,Umm Al Quawain,,,AE-UQ,,ChIJP-14gXD99T4RGDyAmyB_vKE,2020-07-31,11,-5,,,-12,
AE,United Arab Emirates,Umm Al Quawain,,,AE-UQ,,ChIJP-14gXD99T4RGDyAmyB_vKE,2020-08-01,21,9,,,-47,
AE,United Arab Emirates,Umm Al Quawain,,,AE-UQ,,ChIJP-14gXD99T4RGDyAmyB_vKE,2020-08-02,12,9,,,-46,
AE,United Arab Emirates,Umm Al Quawain,,,AE-UQ,,ChIJP-14gXD99T4RGDyAmyB_vKE,2020-08-03,-1,0,,,-12,11
AE,United Arab Emirates,Umm Al Quawain,,,AE-UQ,,ChIJP-14gXD99T4RGDyAmyB_vKE,2020-08-04,5,1,,,-8,11
AE,United Arab Emirates,Umm Al Quawain,,,AE-UQ,,ChIJP-14gXD99T4RGDyAmyB_vKE,2020-08-05,4,-1,,,-11,11
AE,United Arab Emirates,Umm Al Quawain,,,AE-UQ,,ChIJP-14gXD99T4RGDyAmyB_vKE,2020-08-06,-1,-2,,,-9,12
AE,United Arab Emirates,Umm Al Quawain,,,AE-UQ,,ChIJP-14gXD99T4RGDyAmyB_vKE,2020-08-07,-5,-14,,,-4,
AE,United Arab Emirates,Umm Al Quawain,,,AE-UQ,,ChIJP-14gXD99T4RGDyAmyB_vKE,2020-08-08,2,2,,,-1,
AE,United Arab Emirates,Umm Al Quawain,,,AE-UQ,,ChIJP-14gXD99T4RGDyAmyB_vKE,2020-08-09,1,4,,,-10,9
AE,United Arab Emirates,Umm Al Quawain,,,AE-UQ,,ChIJP-14gXD99T4RGDyAmyB_vKE,2020-08-10,-1,0,,,-10,10
AE,United Arab Emirates,Umm Al Quawain,,,AE-UQ,,ChIJP-14gXD99T4RGDyAmyB_vKE,2020-08-11,2,-1,,,-9,9
AE,United Arab Emirates,Umm Al Quawain,,,AE-UQ,,ChIJP-14gXD99T4RGDyAmyB_vKE,2020-08-12,1,-5,,,-11,10
AE,United Arab Emirates,Umm Al Quawain,,,AE-UQ,,ChIJP-14gXD99T4RGDyAmyB_vKE,2020-08-13,-1,-3,,,-10,12
AE,United Arab Emirates,Umm Al Quawain,,,AE-UQ,,ChIJP-14gXD99T4RGDyAmyB_vKE,2020-08-14,0,-9,,,-4,
AE,United Arab Emirates,Umm Al Quawain,,,AE-UQ,,ChIJP-14gXD99T4RGDyAmyB_vKE,2020-08-15,5,-1,,,-1,
AE,United Arab Emirates,Umm Al Quawain,,,AE-UQ,,ChIJP-14gXD99T4RGDyAmyB_vKE,2020-08-16,0,-1,,,-9,9
AE,United Arab Emirates,Umm Al Quawain,,,AE-UQ,,ChIJP-14gXD99T4RGDyAmyB_vKE,2020-08-17,,,,,,10
AE,United Arab Emirates,Umm Al Quawain,,,AE-UQ,,ChIJP-14gXD99T4RGDyAmyB_vKE,2020-08-18,,,,,,9
AE,United Arab Emirates,Umm Al Quawain,,,AE-UQ,,ChIJP-14gXD99T4RGDyAmyB_vKE,2020-08-19,,,,,,10
AE,United Arab Emirates,Umm Al Quawain,,,AE-UQ,,ChIJP-14gXD99T4RGDyAmyB_vKE,2020-08-20,,,,,,11
AE,United Arab Emirates,Umm Al Quawain,,,AE-UQ,,ChIJP-14gXD99T4RGDyAmyB_vKE,2020-08-24,,,,,,9
AE,United Arab Emirates,Umm Al Quawain,,,AE-UQ,,ChIJP-14gXD99T4RGDyAmyB_vKE,2020-08-25,,,,,,10
AE,United Arab Emirates,Umm Al Quawain,,,AE-UQ,,ChIJP-14gXD99T4RGDyAmyB_vKE,2020-08-26,,,,,,10
AE,United Arab Emirates,Umm Al Quawain,,,AE-UQ,,ChIJP-14gXD99T4RGDyAmyB_vKE,2020-08-27,,,,,,10
AE,United Arab Emirates,Umm Al Quawain,,,AE-UQ,,ChIJP-14gXD99T4RGDyAmyB_vKE,2020-08-30,,,,,,10
AE,United Arab Emirates,Umm Al Quawain,,,AE-UQ,,ChIJP-14gXD99T4RGDyAmyB_vKE,2020-08-31,,,,,,11
AE,United Arab Emirates,Umm Al Quawain,,,AE-UQ,,ChIJP-14gXD99T4RGDyAmyB_vKE,2020-09-01,,,,,,10
AE,United Arab Emirates,Umm Al Quawain,,,AE-UQ,,ChIJP-14gXD99T4RGDyAmyB_vKE,2020-09-02,,,,,,9
AE,United Arab Emirates,Umm Al Quawain,,,AE-UQ,,ChIJP-14gXD99T4RGDyAmyB_vKE,2020-09-03,,,,,,11
AE,United Arab Emirates,Umm Al Quawain,,,AE-UQ,,ChIJP-14gXD99T4RGDyAmyB_vKE,2020-09-06,,,,,,9
AE,United Arab Emirates,Umm Al Quawain,,,AE-UQ,,ChIJP-14gXD99T4RGDyAmyB_vKE,2020-09-07,,,,,,10
AE,United Arab Emirates,Umm Al Quawain,,,AE-UQ,,ChIJP-14gXD99T4RGDyAmyB_vKE,2020-09-08,,,,,,9
AE,United Arab Emirates,Umm Al Quawain,,,AE-UQ,,ChIJP-14gXD99T4RGDyAmyB_vKE,2020-09-09,,,,,,10
AE,United Arab Emirates,Umm Al Quawain,,,AE-UQ,,ChIJP-14gXD99T4RGDyAmyB_vKE,2020-09-10,,,,,,10
AE,United Arab Emirates,Umm Al Quawain,,,AE-UQ,,ChIJP-14gXD99T4RGDyAmyB_vKE,2020-09-11,3,-4,,,-5,
AE,United Arab Emirates,Umm Al Quawain,,,AE-UQ,,ChIJP-14gXD99T4RGDyAmyB_vKE,2020-09-12,6,4,,,-7,
AE,United Arab Emirates,Umm Al Quawain,,,AE-UQ,,ChIJP-14gXD99T4RGDyAmyB_vKE,2020-09-13,3,4,,,-10,7
AE,United Arab Emirates,Umm Al Quawain,,,AE-UQ,,ChIJP-14gXD99T4RGDyAmyB_vKE,2020-09-14,2,5,,,-11,8
AE,United Arab Emirates,Umm Al Quawain,,,AE-UQ,,ChIJP-14gXD99T4RGDyAmyB_vKE,2020-09-15,3,3,,,-9,9
AE,United Arab Emirates,Umm Al Quawain,,,AE-UQ,,ChIJP-14gXD99T4RGDyAmyB_vKE,2020-09-16,5,-4,,,-10,10
AE,United Arab Emirates,Umm Al Quawain,,,AE-UQ,,ChIJP-14gXD99T4RGDyAmyB_vKE,2020-09-17,-1,-2,,,-12,11
AE,United Arab Emirates,Umm Al Quawain,,,AE-UQ,,ChIJP-14gXD99T4RGDyAmyB_vKE,2020-09-18,3,-7,,,-6,
AE,United Arab Emirates,Umm Al Quawain,,,AE-UQ,,ChIJP-14gXD99T4RGDyAmyB_vKE,2020-09-19,2,-1,,,-6,
AE,United Arab Emirates,Umm Al Quawain,,,AE-UQ,,ChIJP-14gXD99T4RGDyAmyB_vKE,2020-09-20,-1,-1,,,-10,11
AE,United Arab Emirates,Umm Al Quawain,,,AE-UQ,,ChIJP-14gXD99T4RGDyAmyB_vKE,2020-09-21,-3,-3,,,-11,11
AE,United Arab Emirates,Umm Al Quawain,,,AE-UQ,,ChIJP-14gXD99T4RGDyAmyB_vKE,2020-09-22,-2,-7,,,-7,11
AE,United Arab Emirates,Umm Al Quawain,,,AE-UQ,,ChIJP-14gXD99T4RGDyAmyB_vKE,2020-09-23,-7,-9,,,-7,12
AE,United Arab Emirates,Umm Al Quawain,,,AE-UQ,,ChIJP-14gXD99T4RGDyAmyB_vKE,2020-09-24,-7,-7,,,-8,13
AE,United Arab Emirates,Umm Al Quawain,,,AE-UQ,,ChIJP-14gXD99T4RGDyAmyB_vKE,2020-09-25,-4,-11,,,-8,
AE,United Arab Emirates,Umm Al Quawain,,,AE-UQ,,ChIJP-14gXD99T4RGDyAmyB_vKE,2020-09-26,-2,-3,,,1,12
AE,United Arab Emirates,Umm Al Quawain,,,AE-UQ,,ChIJP-14gXD99T4RGDyAmyB_vKE,2020-09-27,-6,-6,,,-8,13
AE,United Arab Emirates,Umm Al Quawain,,,AE-UQ,,ChIJP-14gXD99T4RGDyAmyB_vKE,2020-09-28,-6,-7,,,-8,13
AE,United Arab Emirates,Umm Al Quawain,,,AE-UQ,,ChIJP-14gXD99T4RGDyAmyB_vKE,2020-09-29,0,-6,,,-7,13
AE,United Arab Emirates,Umm Al Quawain,,,AE-UQ,,ChIJP-14gXD99T4RGDyAmyB_vKE,2020-09-30,3,-5,,,-9,10
AE,United Arab Emirates,Umm Al Quawain,,,AE-UQ,,ChIJP-14gXD99T4RGDyAmyB_vKE,2020-10-01,4,4,,,-9,9
AE,United Arab Emirates,Umm Al Quawain,,,AE-UQ,,ChIJP-14gXD99T4RGDyAmyB_vKE,2020-10-02,5,3,,,-3,
AE,United Arab Emirates,Umm Al Quawain,,,AE-UQ,,ChIJP-14gXD99T4RGDyAmyB_vKE,2020-10-03,6,6,,,-7,7
AE,United Arab Emirates,Umm Al Quawain,,,AE-UQ,,ChIJP-14gXD99T4RGDyAmyB_vKE,2020-10-04,0,4,,,-11,8
AE,United Arab Emirates,Umm Al Quawain,,,AE-UQ,,ChIJP-14gXD99T4RGDyAmyB_vKE,2020-10-05,0,-1,,,-12,7
AE,United Arab Emirates,Umm Al Quawain,,,AE-UQ,,ChIJP-14gXD99T4RGDyAmyB_vKE,2020-10-06,2,0,,,-12,7
AE,United Arab Emirates,Umm Al Quawain,,,AE-UQ,,ChIJP-14gXD99T4RGDyAmyB_vKE,2020-10-07,0,-3,,,-10,9
AE,United Arab Emirates,Umm Al Quawain,,,AE-UQ,,ChIJP-14gXD99T4RGDyAmyB_vKE,2020-10-08,1,2,,,-8,10
AE,United Arab Emirates,Umm Al Quawain,,,AE-UQ,,ChIJP-14gXD99T4RGDyAmyB_vKE,2020-10-09,1,-2,,,-3,
AE,United Arab Emirates,Umm Al Quawain,,,AE-UQ,,ChIJP-14gXD99T4RGDyAmyB_vKE,2020-10-10,1,2,,,-4,10
AE,United Arab Emirates,Umm Al Quawain,,,AE-UQ,,ChIJP-14gXD99T4RGDyAmyB_vKE,2020-10-11,-3,2,,,-9,11
AE,United Arab Emirates,Umm Al Quawain,,,AE-UQ,,ChIJP-14gXD99T4RGDyAmyB_vKE,2020-10-12,-2,0,,,-8,11
AE,United Arab Emirates,Umm Al Quawain,,,AE-UQ,,ChIJP-14gXD99T4RGDyAmyB_vKE,2020-10-13,3,0,,,-9,11
AE,United Arab Emirates,Umm Al Quawain,,,AE-UQ,,ChIJP-14gXD99T4RGDyAmyB_vKE,2020-10-14,2,-2,,,-8,12
AE,United Arab Emirates,Umm Al Quawain,,,AE-UQ,,ChIJP-14gXD99T4RGDyAmyB_vKE,2020-10-15,3,3,,,-8,12
AE,United Arab Emirates,Umm Al Quawain,,,AE-UQ,,ChIJP-14gXD99T4RGDyAmyB_vKE,2020-10-16,2,3,,,-8,
AE,United Arab Emirates,Umm Al Quawain,,,AE-UQ,,ChIJP-14gXD99T4RGDyAmyB_vKE,2020-10-17,3,2,,,-3,11
AE,United Arab Emirates,Umm Al Quawain,,,AE-UQ,,ChIJP-14gXD99T4RGDyAmyB_vKE,2020-10-18,1,0,,,-10,13
AE,United Arab Emirates,Umm Al Quawain,,,AE-UQ,,ChIJP-14gXD99T4RGDyAmyB_vKE,2020-10-19,-6,0,,,-10,12
AE,United Arab Emirates,Umm Al Quawain,,,AE-UQ,,ChIJP-14gXD99T4RGDyAmyB_vKE,2020-10-20,-1,-1,,,-9,12
AE,United Arab Emirates,Umm Al Quawain,,,AE-UQ,,ChIJP-14gXD99T4RGDyAmyB_vKE,2020-10-21,-2,-4,,,-8,12
AE,United Arab Emirates,Umm Al Quawain,,,AE-UQ,,ChIJP-14gXD99T4RGDyAmyB_vKE,2020-10-22,0,3,,,-6,13
AE,United Arab Emirates,Umm Al Quawain,,,AE-UQ,,ChIJP-14gXD99T4RGDyAmyB_vKE,2020-10-23,5,4,,,-7,
AE,United Arab Emirates,Umm Al Quawain,,,AE-UQ,,ChIJP-14gXD99T4RGDyAmyB_vKE,2020-10-24,2,4,,,1,11
AE,United Arab Emirates,Umm Al Quawain,,,AE-UQ,,ChIJP-14gXD99T4RGDyAmyB_vKE,2020-10-25,-1,6,,,-6,12
AE,United Arab Emirates,Umm Al Quawain,,,AE-UQ,,ChIJP-14gXD99T4RGDyAmyB_vKE,2020-10-26,-2,0,,,-6,11
AE,United Arab Emirates,Umm Al Quawain,,,AE-UQ,,ChIJP-14gXD99T4RGDyAmyB_vKE,2020-10-27,5,2,,,-7,11
AE,United Arab Emirates,Umm Al Quawain,,,AE-UQ,,ChIJP-14gXD99T4RGDyAmyB_vKE,2020-10-28,14,8,,,-7,9
AE,United Arab Emirates,Umm Al Quawain,,,AE-UQ,,ChIJP-14gXD99T4RGDyAmyB_vKE,2020-10-29,11,12,,,-48,20
AE,United Arab Emirates,Umm Al Quawain,,,AE-UQ,,ChIJP-14gXD99T4RGDyAmyB_vKE,2020-10-30,11,1,,,-4,
AE,United Arab Emirates,Umm Al Quawain,,,AE-UQ,,ChIJP-14gXD99T4RGDyAmyB_vKE,2020-10-31,2,3,,,-3,8
AE,United Arab Emirates,Umm Al Quawain,,,AE-UQ,,ChIJP-14gXD99T4RGDyAmyB_vKE,2020-11-01,3,5,,,-6,10
AE,United Arab Emirates,Umm Al Quawain,,,AE-UQ,,ChIJP-14gXD99T4RGDyAmyB_vKE,2020-11-02,4,1,,,-9,9
AE,United Arab Emirates,Umm Al Quawain,,,AE-UQ,,ChIJP-14gXD99T4RGDyAmyB_vKE,2020-11-03,6,1,,,-7,9
AE,United Arab Emirates,Umm Al Quawain,,,AE-UQ,,ChIJP-14gXD99T4RGDyAmyB_vKE,2020-11-04,6,-1,,,-7,10
AE,United Arab Emirates,Umm Al Quawain,,,AE-UQ,,ChIJP-14gXD99T4RGDyAmyB_vKE,2020-11-05,4,4,,,-7,10
AE,United Arab Emirates,Umm Al Quawain,,,AE-UQ,,ChIJP-14gXD99T4RGDyAmyB_vKE,2020-11-06,3,0,,,-7,
AE,United Arab Emirates,Umm Al Quawain,,,AE-UQ,,ChIJP-14gXD99T4RGDyAmyB_vKE,2020-11-07,5,2,,,-1,9
AE,United Arab Emirates,Umm Al Quawain,,,AE-UQ,,ChIJP-14gXD99T4RGDyAmyB_vKE,2020-11-08,2,2,,,-6,10
AE,United Arab Emirates,Umm Al Quawain,,,AE-UQ,,ChIJP-14gXD99T4RGDyAmyB_vKE,2020-11-09,-3,-2,,,-9,10
AE,United Arab Emirates,Umm Al Quawain,,,AE-UQ,,ChIJP-14gXD99T4RGDyAmyB_vKE,2020-11-10,5,0,,,-6,10
AE,United Arab Emirates,Umm Al Quawain,,,AE-UQ,,ChIJP-14gXD99T4RGDyAmyB_vKE,2020-11-11,5,-1,,,-9,10
AE,United Arab Emirates,Umm Al Quawain,,,AE-UQ,,ChIJP-14gXD99T4RGDyAmyB_vKE,2020-11-12,4,1,,,-8,11
AE,United Arab Emirates,Umm Al Quawain,,,AE-UQ,,ChIJP-14gXD99T4RGDyAmyB_vKE,2020-11-13,8,2,,,-2,
AE,United Arab Emirates,Umm Al Quawain,,,AE-UQ,,ChIJP-14gXD99T4RGDyAmyB_vKE,2020-11-14,7,3,,,-4,10
AE,United Arab Emirates,Umm Al Quawain,,,AE-UQ,,ChIJP-14gXD99T4RGDyAmyB_vKE,2020-11-15,7,4,,,-8,11
AE,United Arab Emirates,Umm Al Quawain,,,AE-UQ,,ChIJP-14gXD99T4RGDyAmyB_vKE,2020-11-16,-1,-3,,,-7,10
AE,United Arab Emirates,Umm Al Quawain,,,AE-UQ,,ChIJP-14gXD99T4RGDyAmyB_vKE,2020-11-17,1,-4,,,-5,10
AE,United Arab Emirates,Umm Al Quawain,,,AE-UQ,,ChIJP-14gXD99T4RGDyAmyB_vKE,2020-11-18,3,-4,,,-5,11
AE,United Arab Emirates,Umm Al Quawain,,,AE-UQ,,ChIJP-14gXD99T4RGDyAmyB_vKE,2020-11-19,2,3,,,-6,11
AE,United Arab Emirates,Umm Al Quawain,,,AE-UQ,,ChIJP-14gXD99T4RGDyAmyB_vKE,2020-11-20,4,0,,,-1,
AE,United Arab Emirates,Umm Al Quawain,,,AE-UQ,,ChIJP-14gXD99T4RGDyAmyB_vKE,2020-11-21,5,2,,,-3,10
AE,United Arab Emirates,Umm Al Quawain,,,AE-UQ,,ChIJP-14gXD99T4RGDyAmyB_vKE,2020-11-22,-2,1,,,-6,11
AE,United Arab Emirates,Umm Al Quawain,,,AE-UQ,,ChIJP-14gXD99T4RGDyAmyB_vKE,2020-11-23,-2,-6,,,-8,11
AE,United Arab Emirates,Umm Al Quawain,,,AE-UQ,,ChIJP-14gXD99T4RGDyAmyB_vKE,2020-11-24,5,-2,,,-6,10
AE,United Arab Emirates,Umm Al Quawain,,,AE-UQ,,ChIJP-14gXD99T4RGDyAmyB_vKE,2020-11-25,3,-3,,,-6,10
AE,United Arab Emirates,Umm Al Quawain,,,AE-UQ,,ChIJP-14gXD99T4RGDyAmyB_vKE,2020-11-26,4,-1,,,-6,10
AE,United Arab Emirates,Umm Al Quawain,,,AE-UQ,,ChIJP-14gXD99T4RGDyAmyB_vKE,2020-11-27,5,-1,,,-2,
AE,United Arab Emirates,Umm Al Quawain,,,AE-UQ,,ChIJP-14gXD99T4RGDyAmyB_vKE,2020-11-28,8,3,,,-1,9
AE,United Arab Emirates,Umm Al Quawain,,,AE-UQ,,ChIJP-14gXD99T4RGDyAmyB_vKE,2020-11-29,9,5,,,-6,10
AE,United Arab Emirates,Umm Al Quawain,,,AE-UQ,,ChIJP-14gXD99T4RGDyAmyB_vKE,2020-11-30,16,13,,,-7,8
AE,United Arab Emirates,Umm Al Quawain,,,AE-UQ,,ChIJP-14gXD99T4RGDyAmyB_vKE,2020-12-01,43,35,,,-42,15
AE,United Arab Emirates,Umm Al Quawain,,,AE-UQ,,ChIJP-14gXD99T4RGDyAmyB_vKE,2020-12-02,41,31,,,-57,20
AE,United Arab Emirates,Umm Al Quawain,,,AE-UQ,,ChIJP-14gXD99T4RGDyAmyB_vKE,2020-12-03,24,16,,,-47,20
AE,United Arab Emirates,Umm Al Quawain,,,AE-UQ,,ChIJP-14gXD99T4RGDyAmyB_vKE,2020-12-04,9,1,,,-6,
AE,United Arab Emirates,Umm Al Quawain,,,AE-UQ,,ChIJP-14gXD99T4RGDyAmyB_vKE,2020-12-05,5,4,,,3,9
AE,United Arab Emirates,Umm Al Quawain,,,AE-UQ,,ChIJP-14gXD99T4RGDyAmyB_vKE,2020-12-06,6,6,,,-5,10
AE,United Arab Emirates,Umm Al Quawain,,,AE-UQ,,ChIJP-14gXD99T4RGDyAmyB_vKE,2020-12-07,3,1,,,-8,9
AE,United Arab Emirates,Umm Al Quawain,,,AE-UQ,,ChIJP-14gXD99T4RGDyAmyB_vKE,2020-12-08,5,6,,,-3,10
AE,United Arab Emirates,Umm Al Quawain,,,AE-UQ,,ChIJP-14gXD99T4RGDyAmyB_vKE,2020-12-09,5,-1,,,-5,10
AE,United Arab Emirates,Umm Al Quawain,,,AE-UQ,,ChIJP-14gXD99T4RGDyAmyB_vKE,2020-12-10,4,6,,,-4,10
AE,United Arab Emirates,Umm Al Quawain,,,AE-UQ,,ChIJP-14gXD99T4RGDyAmyB_vKE,2020-12-11,8,10,,,1,
AE,United Arab Emirates,Umm Al Quawain,,,AE-UQ,,ChIJP-14gXD99T4RGDyAmyB_vKE,2020-12-12,9,8,,,4,9
AE,United Arab Emirates,Umm Al Quawain,,,AE-UQ,,ChIJP-14gXD99T4RGDyAmyB_vKE,2020-12-13,7,9,,,-4,10
AE,United Arab Emirates,Umm Al Quawain,,,AE-UQ,,ChIJP-14gXD99T4RGDyAmyB_vKE,2020-12-14,4,6,,,-4,10
AE,United Arab Emirates,Umm Al Quawain,,,AE-UQ,,ChIJP-14gXD99T4RGDyAmyB_vKE,2020-12-15,12,5,,,-6,9
AE,United Arab Emirates,Umm Al Quawain,,,AE-UQ,,ChIJP-14gXD99T4RGDyAmyB_vKE,2020-12-16,9,4,,,-6,10
AE,United Arab Emirates,Umm Al Quawain,,,AE-UQ,,ChIJP-14gXD99T4RGDyAmyB_vKE,2020-12-17,7,5,,,-3,12
AE,United Arab Emirates,Umm Al Quawain,,,AE-UQ,,ChIJP-14gXD99T4RGDyAmyB_vKE,2020-12-18,15,8,,,0,
AE,United Arab Emirates,Umm Al Quawain,,,AE-UQ,,ChIJP-14gXD99T4RGDyAmyB_vKE,2020-12-19,11,10,,,4,9
AE,United Arab Emirates,Umm Al Quawain,,,AE-UQ,,ChIJP-14gXD99T4RGDyAmyB_vKE,2020-12-20,7,8,,,-7,10
AE,United Arab Emirates,Umm Al Quawain,,,AE-UQ,,ChIJP-14gXD99T4RGDyAmyB_vKE,2020-12-21,1,3,,,-8,10
AE,United Arab Emirates,Umm Al Quawain,,,AE-UQ,,ChIJP-14gXD99T4RGDyAmyB_vKE,2020-12-22,7,6,,,-7,10
AE,United Arab Emirates,Umm Al Quawain,,,AE-UQ,,ChIJP-14gXD99T4RGDyAmyB_vKE,2020-12-23,9,4,,,-9,11
AE,United Arab Emirates,Umm Al Quawain,,,AE-UQ,,ChIJP-14gXD99T4RGDyAmyB_vKE,2020-12-24,9,10,,,-10,12
AE,United Arab Emirates,Umm Al Quawain,,,AE-UQ,,ChIJP-14gXD99T4RGDyAmyB_vKE,2020-12-25,9,4,,,-1,
AE,United Arab Emirates,Umm Al Quawain,,,AE-UQ,,ChIJP-14gXD99T4RGDyAmyB_vKE,2020-12-26,11,13,,,3,8
AE,United Arab Emirates,Umm Al Quawain,,,AE-UQ,,ChIJP-14gXD99T4RGDyAmyB_vKE,2020-12-27,9,7,,,-7,10
AE,United Arab Emirates,Umm Al Quawain,,,AE-UQ,,ChIJP-14gXD99T4RGDyAmyB_vKE,2020-12-28,10,9,,,-7,10
AE,United Arab Emirates,Umm Al Quawain,,,AE-UQ,,ChIJP-14gXD99T4RGDyAmyB_vKE,2020-12-29,14,10,,,-6,10
AE,United Arab Emirates,Umm Al Quawain,,,AE-UQ,,ChIJP-14gXD99T4RGDyAmyB_vKE,2020-12-30,17,12,,,-8,11
AE,United Arab Emirates,Umm Al Quawain,,,AE-UQ,,ChIJP-14gXD99T4RGDyAmyB_vKE,2020-12-31,20,24,,,-9,11
AE,United Arab Emirates,Umm Al Quawain,,,AE-UQ,,ChIJP-14gXD99T4RGDyAmyB_vKE,2021-01-01,15,15,,,-6,
AE,United Arab Emirates,Umm Al Quawain,,,AE-UQ,,ChIJP-14gXD99T4RGDyAmyB_vKE,2021-01-02,11,15,,,2,9
AE,United Arab Emirates,Umm Al Quawain,,,AE-UQ,,ChIJP-14gXD99T4RGDyAmyB_vKE,2021-01-03,4,8,,,-2,11
AE,United Arab Emirates,Umm Al Quawain,,,AE-UQ,,ChIJP-14gXD99T4RGDyAmyB_vKE,2021-01-04,2,10,,,-4,10
AE,United Arab Emirates,Umm Al Quawain,,,AE-UQ,,ChIJP-14gXD99T4RGDyAmyB_vKE,2021-01-05,4,7,,,-4,10
AE,United Arab Emirates,Umm Al Quawain,,,AE-UQ,,ChIJP-14gXD99T4RGDyAmyB_vKE,2021-01-06,8,8,,,-4,10
AE,United Arab Emirates,Umm Al Quawain,,,AE-UQ,,ChIJP-14gXD99T4RGDyAmyB_vKE,2021-01-07,3,9,,,-5,11
AE,United Arab Emirates,Umm Al Quawain,,,AE-UQ,,ChIJP-14gXD99T4RGDyAmyB_vKE,2021-01-08,14,14,,,2,
AE,United Arab Emirates,Umm Al Quawain,,,AE-UQ,,ChIJP-14gXD99T4RGDyAmyB_vKE,2021-01-09,13,16,,,1,8
AE,United Arab Emirates,Umm Al Quawain,,,AE-UQ,,ChIJP-14gXD99T4RGDyAmyB_vKE,2021-01-10,7,9,,,-6,8
AE,United Arab Emirates,Umm Al Quawain,,,AE-UQ,,ChIJP-14gXD99T4RGDyAmyB_vKE,2021-01-11,2,8,,,-9,9
AE,United Arab Emirates,Umm Al Quawain,,,AE-UQ,,ChIJP-14gXD99T4RGDyAmyB_vKE,2021-01-12,5,7,,,-7,9
AE,United Arab Emirates,Umm Al Quawain,,,AE-UQ,,ChIJP-14gXD99T4RGDyAmyB_vKE,2021-01-13,2,0,,,-9,8
AE,United Arab Emirates,Umm Al Quawain,,,AE-UQ,,ChIJP-14gXD99T4RGDyAmyB_vKE,2021-01-14,3,4,,,-13,7
AE,United Arab Emirates,Umm Al Quawain,,,AE-UQ,,ChIJP-14gXD99T4RGDyAmyB_vKE,2021-01-15,9,4,,,-11,
AE,United Arab Emirates,Umm Al Quawain,,,AE-UQ,,ChIJP-14gXD99T4RGDyAmyB_vKE,2021-01-16,2,3,,,-8,6
AE,United Arab Emirates,Umm Al Quawain,,,AE-UQ,,ChIJP-14gXD99T4RGDyAmyB_vKE,2021-01-17,1,0,,,-13,8
AE,United Arab Emirates,Umm Al Quawain,,,AE-UQ,,ChIJP-14gXD99T4RGDyAmyB_vKE,2021-01-18,-1,1,,,-15,8
AE,United Arab Emirates,Umm Al Quawain,,,AE-UQ,,ChIJP-14gXD99T4RGDyAmyB_vKE,2021-01-19,1,-5,,,-14,8
AE,United Arab Emirates,Umm Al Quawain,,,AE-UQ,,ChIJP-14gXD99T4RGDyAmyB_vKE,2021-01-20,2,-7,,,-15,8
AE,United Arab Emirates,Umm Al Quawain,,,AE-UQ,,ChIJP-14gXD99T4RGDyAmyB_vKE,2021-01-21,-3,-1,,,-15,9
AE,United Arab Emirates,Umm Al Quawain,,,AE-UQ,,ChIJP-14gXD99T4RGDyAmyB_vKE,2021-01-22,6,1,,,-10,
AE,United Arab Emirates,Umm Al Quawain,,,AE-UQ,,ChIJP-14gXD99T4RGDyAmyB_vKE,2021-01-23,2,1,,,-10,8
AE,United Arab Emirates,Umm Al Quawain,,,AE-UQ,,ChIJP-14gXD99T4RGDyAmyB_vKE,2021-01-24,1,1,,,-13,9
AE,United Arab Emirates,Umm Al Quawain,,,AE-UQ,,ChIJP-14gXD99T4RGDyAmyB_vKE,2021-01-25,0,-1,,,-15,9
AE,United Arab Emirates,Umm Al Quawain,,,AE-UQ,,ChIJP-14gXD99T4RGDyAmyB_vKE,2021-01-26,2,-2,,,-14,9
AE,United Arab Emirates,Umm Al Quawain,,,AE-UQ,,ChIJP-14gXD99T4RGDyAmyB_vKE,2021-01-27,7,-3,,,-12,9
AE,United Arab Emirates,Umm Al Quawain,,,AE-UQ,,ChIJP-14gXD99T4RGDyAmyB_vKE,2021-01-28,6,3,,,-14,9
AE,United Arab Emirates,Umm Al Quawain,,,AE-UQ,,ChIJP-14gXD99T4RGDyAmyB_vKE,2021-01-29,14,6,,,-12,
AE,United Arab Emirates,Umm Al Quawain,,,AE-UQ,,ChIJP-14gXD99T4RGDyAmyB_vKE,2021-01-30,10,8,,,-5,5
AE,United Arab Emirates,Umm Al Quawain,,,AE-UQ,,ChIJP-14gXD99T4RGDyAmyB_vKE,2021-01-31,10,7,,,-10,6
AE,United Arab Emirates,Umm Al Quawain,,,AE-UQ,,ChIJP-14gXD99T4RGDyAmyB_vKE,2021-02-01,7,6,,,-11,5
AE,United Arab Emirates,Umm Al Quawain,,,AE-UQ,,ChIJP-14gXD99T4RGDyAmyB_vKE,2021-02-02,13,3,,,-10,6
AE,United Arab Emirates,Umm Al Quawain,,,AE-UQ,,ChIJP-14gXD99T4RGDyAmyB_vKE,2021-02-03,6,-1,,,-15,7
AE,United Arab Emirates,Umm Al Quawain,,,AE-UQ,,ChIJP-14gXD99T4RGDyAmyB_vKE,2021-02-04,7,1,,,-15,6
AE,United Arab Emirates,Umm Al Quawain,,,AE-UQ,,ChIJP-14gXD99T4RGDyAmyB_vKE,2021-02-05,14,3,,,-11,
AE,United Arab Emirates,Umm Al Quawain,,,AE-UQ,,ChIJP-14gXD99T4RGDyAmyB_vKE,2021-02-06,8,6,,,-7,4
AE,United Arab Emirates,Umm Al Quawain,,,AE-UQ,,ChIJP-14gXD99T4RGDyAmyB_vKE,2021-02-07,5,5,,,-13,6
AE,United Arab Emirates,Umm Al Quawain,,,AE-UQ,,ChIJP-14gXD99T4RGDyAmyB_vKE,2021-02-08,5,4,,,-14,5
AE,United Arab Emirates,Umm Al Quawain,,,AE-UQ,,ChIJP-14gXD99T4RGDyAmyB_vKE,2021-02-09,10,5,,,-11,6
AE,United Arab Emirates,Umm Al Quawain,,,AE-UQ,,ChIJP-14gXD99T4RGDyAmyB_vKE,2021-02-10,10,4,,,-13,5
AE,United Arab Emirates,Umm Al Quawain,,,AE-UQ,,ChIJP-14gXD99T4RGDyAmyB_vKE,2021-02-11,8,5,,,-10,6
AE,United Arab Emirates,Umm Al Quawain,,,AE-UQ,,ChIJP-14gXD99T4RGDyAmyB_vKE,2021-02-12,18,9,,,-11,
AE,United Arab Emirates,Umm Al Quawain,,,AE-UQ,,ChIJP-14gXD99T4RGDyAmyB_vKE,2021-02-13,19,12,,,-3,3
AE,United Arab Emirates,Umm Al Quawain,,,AE-UQ,,ChIJP-14gXD99T4RGDyAmyB_vKE,2021-02-14,15,11,,,-10,5
AE,United Arab Emirates,Umm Al Quawain,,,AE-UQ,,ChIJP-14gXD99T4RGDyAmyB_vKE,2021-02-15,8,7,,,-11,5
AE,United Arab Emirates,Umm Al Quawain,,,AE-UQ,,ChIJP-14gXD99T4RGDyAmyB_vKE,2021-02-16,13,5,,,-9,6
AE,United Arab Emirates,Umm Al Quawain,,,AE-UQ,,ChIJP-14gXD99T4RGDyAmyB_vKE,2021-02-17,15,9,,,-9,6
AE,United Arab Emirates,Umm Al Quawain,,,AE-UQ,,ChIJP-14gXD99T4RGDyAmyB_vKE,2021-02-18,12,9,,,-11,6
AE,United Arab Emirates,Umm Al Quawain,,,AE-UQ,,ChIJP-14gXD99T4RGDyAmyB_vKE,2021-02-19,17,9,,,-3,
AE,United Arab Emirates,Umm Al Quawain,,,AE-UQ,,ChIJP-14gXD99T4RGDyAmyB_vKE,2021-02-20,16,13,,,-3,3
AE,United Arab Emirates,Umm Al Quawain,,,AE-UQ,,ChIJP-14gXD99T4RGDyAmyB_vKE,2021-02-21,15,13,,,-9,5
AE,United Arab Emirates,Umm Al Quawain,,,AE-UQ,,ChIJP-14gXD99T4RGDyAmyB_vKE,2021-02-22,11,5,,,-8,5
AE,United Arab Emirates,Umm Al Quawain,,,AE-UQ,,ChIJP-14gXD99T4RGDyAmyB_vKE,2021-02-23,13,4,,,-8,5
AE,United Arab Emirates,Umm Al Quawain,,,AE-UQ,,ChIJP-14gXD99T4RGDyAmyB_vKE,2021-02-24,12,4,,,-8,6
AE,United Arab Emirates,Umm Al Quawain,,,AE-UQ,,ChIJP-14gXD99T4RGDyAmyB_vKE,2021-02-25,13,11,,,-9,6
AE,United Arab Emirates,Umm Al Quawain,,,AE-UQ,,ChIJP-14gXD99T4RGDyAmyB_vKE,2021-02-26,21,11,,,-2,
AE,United Arab Emirates,Umm Al Quawain,,,AE-UQ,,ChIJP-14gXD99T4RGDyAmyB_vKE,2021-02-27,20,21,,,1,4
AE,United Arab Emirates,Umm Al Quawain,,,AE-UQ,,ChIJP-14gXD99T4RGDyAmyB_vKE,2021-02-28,20,22,,,-9,5
AE,United Arab Emirates,Umm Al Quawain,,,AE-UQ,,ChIJP-14gXD99T4RGDyAmyB_vKE,2021-03-01,19,19,,,-10,5
AE,United Arab Emirates,Umm Al Quawain,,,AE-UQ,,ChIJP-14gXD99T4RGDyAmyB_vKE,2021-03-02,22,17,,,-5,5
AE,United Arab Emirates,Umm Al Quawain,,,AE-UQ,,ChIJP-14gXD99T4RGDyAmyB_vKE,2021-03-03,24,18,,,-7,5
AE,United Arab Emirates,Umm Al Quawain,,,AE-UQ,,ChIJP-14gXD99T4RGDyAmyB_vKE,2021-03-04,24,18,,,-8,6
AE,United Arab Emirates,Umm Al Quawain,,,AE-UQ,,ChIJP-14gXD99T4RGDyAmyB_vKE,2021-03-05,35,19,,,-2,
AE,United Arab Emirates,Umm Al Quawain,,,AE-UQ,,ChIJP-14gXD99T4RGDyAmyB_vKE,2021-03-06,27,20,,,0,4
AE,United Arab Emirates,Umm Al Quawain,,,AE-UQ,,ChIJP-14gXD99T4RGDyAmyB_vKE,2021-03-07,23,16,,,-6,5
AE,United Arab Emirates,Umm Al Quawain,,,AE-UQ,,ChIJP-14gXD99T4RGDyAmyB_vKE,2021-03-08,17,17,,,-9,6
AE,United Arab Emirates,Umm Al Quawain,,,AE-UQ,,ChIJP-14gXD99T4RGDyAmyB_vKE,2021-03-09,25,15,,,-7,5
AE,United Arab Emirates,Umm Al Quawain,,,AE-UQ,,ChIJP-14gXD99T4RGDyAmyB_vKE,2021-03-10,22,15,,,-6,5
AE,United Arab Emirates,Umm Al Quawain,,,AE-UQ,,ChIJP-14gXD99T4RGDyAmyB_vKE,2021-03-11,24,17,,,-7,6
AE,United Arab Emirates,Umm Al Quawain,,,AE-UQ,,ChIJP-14gXD99T4RGDyAmyB_vKE,2021-03-12,36,16,,,1,
AE,United Arab Emirates,Umm Al Quawain,,,AE-UQ,,ChIJP-14gXD99T4RGDyAmyB_vKE,2021-03-13,27,19,,,2,4
AE,United Arab Emirates,Umm Al Quawain,,,AE-UQ,,ChIJP-14gXD99T4RGDyAmyB_vKE,2021-03-14,23,21,,,-5,6
AE,United Arab Emirates,Umm Al Quawain,,,AE-UQ,,ChIJP-14gXD99T4RGDyAmyB_vKE,2021-03-15,20,16,,,-4,6
AE,United Arab Emirates,Umm Al Quawain,,,AE-UQ,,ChIJP-14gXD99T4RGDyAmyB_vKE,2021-03-16,23,14,,,-4,5
AE,United Arab Emirates,Umm Al Quawain,,,AE-UQ,,ChIJP-14gXD99T4RGDyAmyB_vKE,2021-03-17,24,12,,,-3,6
AE,United Arab Emirates,Umm Al Quawain,,,AE-UQ,,ChIJP-14gXD99T4RGDyAmyB_vKE,2021-03-18,22,15,,,-2,6
AE,United Arab Emirates,Umm Al Quawain,,,AE-UQ,,ChIJP-14gXD99T4RGDyAmyB_vKE,2021-03-19,34,13,,,4,
AE,United Arab Emirates,Umm Al Quawain,,,AE-UQ,,ChIJP-14gXD99T4RGDyAmyB_vKE,2021-03-20,28,20,,,7,4
AE,United Arab Emirates,Umm Al Quawain,,,AE-UQ,,ChIJP-14gXD99T4RGDyAmyB_vKE,2021-03-21,23,17,,,-3,6
AE,United Arab Emirates,Umm Al Quawain,,,AE-UQ,,ChIJP-14gXD99T4RGDyAmyB_vKE,2021-03-22,21,16,,,-2,6
AE,United Arab Emirates,Umm Al Quawain,,,AE-UQ,,ChIJP-14gXD99T4RGDyAmyB_vKE,2021-03-23,24,13,,,-2,5
AE,United Arab Emirates,Umm Al Quawain,,,AE-UQ,,ChIJP-14gXD99T4RGDyAmyB_vKE,2021-03-24,24,10,,,-2,6
AE,United Arab Emirates,Umm Al Quawain,,,AE-UQ,,ChIJP-14gXD99T4RGDyAmyB_vKE,2021-03-25,28,17,,,-4,7
AE,United Arab Emirates,Umm Al Quawain,,,AE-UQ,,ChIJP-14gXD99T4RGDyAmyB_vKE,2021-03-26,41,13,,,5,
AE,United Arab Emirates,Umm Al Quawain,,,AE-UQ,,ChIJP-14gXD99T4RGDyAmyB_vKE,2021-03-27,32,24,,,7,3
AE,United Arab Emirates,Umm Al Quawain,,,AE-UQ,,ChIJP-14gXD99T4RGDyAmyB_vKE,2021-03-28,29,22,,,-2,5
AE,United Arab Emirates,Umm Al Quawain,,,AE-UQ,,ChIJP-14gXD99T4RGDyAmyB_vKE,2021-03-29,29,20,,,-3,6
AE,United Arab Emirates,Umm Al Quawain,,,AE-UQ,,ChIJP-14gXD99T4RGDyAmyB_vKE,2021-03-30,35,23,,,-1,4
AE,United Arab Emirates,Umm Al Quawain,,,AE-UQ,,ChIJP-14gXD99T4RGDyAmyB_vKE,2021-03-31,35,20,,,0,4
AE,United Arab Emirates,Umm Al Quawain,,,AE-UQ,,ChIJP-14gXD99T4RGDyAmyB_vKE,2021-04-01,35,22,,,0,5
AE,United Arab Emirates,Umm Al Quawain,,,AE-UQ,,ChIJP-14gXD99T4RGDyAmyB_vKE,2021-04-02,48,23,,,6,
AE,United Arab Emirates,Umm Al Quawain,,,AE-UQ,,ChIJP-14gXD99T4RGDyAmyB_vKE,2021-04-03,39,33,,,10,3
AE,United Arab Emirates,Umm Al Quawain,,,AE-UQ,,ChIJP-14gXD99T4RGDyAmyB_vKE,2021-04-04,37,33,,,-2,4
AE,United Arab Emirates,Umm Al Quawain,,,AE-UQ,,ChIJP-14gXD99T4RGDyAmyB_vKE,2021-04-05,29,26,,,-2,3
AE,United Arab Emirates,Umm Al Quawain,,,AE-UQ,,ChIJP-14gXD99T4RGDyAmyB_vKE,2021-04-06,34,24,,,-1,4
AE,United Arab Emirates,Umm Al Quawain,,,AE-UQ,,ChIJP-14gXD99T4RGDyAmyB_vKE,2021-04-07,34,23,,,-3,3
AE,United Arab Emirates,Umm Al Quawain,,,AE-UQ,,ChIJP-14gXD99T4RGDyAmyB_vKE,2021-04-08,35,30,,,-2,5
AE,United Arab Emirates,Umm Al Quawain,,,AE-UQ,,ChIJP-14gXD99T4RGDyAmyB_vKE,2021-04-09,50,24,,,6,
AE,United Arab Emirates,Umm Al Quawain,,,AE-UQ,,ChIJP-14gXD99T4RGDyAmyB_vKE,2021-04-10,44,33,,,6,2
AE,United Arab Emirates,Umm Al Quawain,,,AE-UQ,,ChIJP-14gXD99T4RGDyAmyB_vKE,2021-04-11,38,34,,,1,3
AE,United Arab Emirates,Umm Al Quawain,,,AE-UQ,,ChIJP-14gXD99T4RGDyAmyB_vKE,2021-04-12,42,45,,,1,2
AE,United Arab Emirates,Umm Al Quawain,,,AE-UQ,,ChIJP-14gXD99T4RGDyAmyB_vKE,2021-04-13,6,30,,,-2,10
AE,United Arab Emirates,Umm Al Quawain,,,AE-UQ,,ChIJP-14gXD99T4RGDyAmyB_vKE,2021-04-14,5,21,,,-5,10
AE,United Arab Emirates,Umm Al Quawain,,,AE-UQ,,ChIJP-14gXD99T4RGDyAmyB_vKE,2021-04-15,4,15,,,-3,12
AE,United Arab Emirates,Umm Al Quawain,,,AE-UQ,,ChIJP-14gXD99T4RGDyAmyB_vKE,2021-04-16,1,6,,,-1,
AE,United Arab Emirates,Umm Al Quawain,,,AE-UQ,,ChIJP-14gXD99T4RGDyAmyB_vKE,2021-04-17,7,19,,,5,9
AE,United Arab Emirates,Umm Al Quawain,,,AE-UQ,,ChIJP-14gXD99T4RGDyAmyB_vKE,2021-04-18,9,22,,,-1,11
AE,United Arab Emirates,Umm Al Quawain,,,AE-UQ,,ChIJP-14gXD99T4RGDyAmyB_vKE,2021-04-19,7,21,,,-1,10
AE,United Arab Emirates,Umm Al Quawain,,,AE-UQ,,ChIJP-14gXD99T4RGDyAmyB_vKE,2021-04-20,10,17,,,-1,11
AE,United Arab Emirates,Umm Al Quawain,,,AE-UQ,,ChIJP-14gXD99T4RGDyAmyB_vKE,2021-04-21,12,15,,,-1,11
AE,United Arab Emirates,Umm Al Quawain,,,AE-UQ,,ChIJP-14gXD99T4RGDyAmyB_vKE,2021-04-22,8,14,,,-1,12
AE,United Arab Emirates,Umm Al Quawain,,,AE-UQ,,ChIJP-14gXD99T4RGDyAmyB_vKE,2021-04-23,0,6,,,4,
AE,United Arab Emirates,Umm Al Quawain,,,AE-UQ,,ChIJP-14gXD99T4RGDyAmyB_vKE,2021-04-24,5,19,,,7,10
AE,United Arab Emirates,Umm Al Quawain,,,AE-UQ,,ChIJP-14gXD99T4RGDyAmyB_vKE,2021-04-25,10,24,,,2,10
AE,United Arab Emirates,Umm Al Quawain,,,AE-UQ,,ChIJP-14gXD99T4RGDyAmyB_vKE,2021-04-26,6,18,,,0,11
AE,United Arab Emirates,Umm Al Quawain,,,AE-UQ,,ChIJP-14gXD99T4RGDyAmyB_vKE,2021-04-27,12,20,,,1,11
AE,United Arab Emirates,Umm Al Quawain,,,AE-UQ,,ChIJP-14gXD99T4RGDyAmyB_vKE,2021-04-28,12,18,,,0,10
AE,United Arab Emirates,Umm Al Quawain,,,AE-UQ,,ChIJP-14gXD99T4RGDyAmyB_vKE,2021-04-29,9,20,,,2,12
AE,United Arab Emirates,Umm Al Quawain,,,AE-UQ,,ChIJP-14gXD99T4RGDyAmyB_vKE,2021-04-30,5,13,,,8,
AE,United Arab Emirates,Umm Al Quawain,,,AE-UQ,,ChIJP-14gXD99T4RGDyAmyB_vKE,2021-05-01,13,29,,,10,8
AE,United Arab Emirates,Umm Al Quawain,,,AE-UQ,,ChIJP-14gXD99T4RGDyAmyB_vKE,2021-05-02,13,31,,,-1,10
AE,United Arab Emirates,Umm Al Quawain,,,AE-UQ,,ChIJP-14gXD99T4RGDyAmyB_vKE,2021-05-03,13,29,,,-2,10
AE,United Arab Emirates,Umm Al Quawain,,,AE-UQ,,ChIJP-14gXD99T4RGDyAmyB_vKE,2021-05-04,15,28,,,-1,11
AE,United Arab Emirates,Umm Al Quawain,,,AE-UQ,,ChIJP-14gXD99T4RGDyAmyB_vKE,2021-05-05,17,25,,,1,10
AE,United Arab Emirates,Umm Al Quawain,,,AE-UQ,,ChIJP-14gXD99T4RGDyAmyB_vKE,2021-05-06,11,24,,,0,12
AE,United Arab Emirates,Umm Al Quawain,,,AE-UQ,,ChIJP-14gXD99T4RGDyAmyB_vKE,2021-05-07,8,16,,,9,
AE,United Arab Emirates,Umm Al Quawain,,,AE-UQ,,ChIJP-14gXD99T4RGDyAmyB_vKE,2021-05-08,12,27,,,10,9
AE,United Arab Emirates,Umm Al Quawain,,,AE-UQ,,ChIJP-14gXD99T4RGDyAmyB_vKE,2021-05-09,18,31,,,1,9
AE,United Arab Emirates,Umm Al Quawain,,,AE-UQ,,ChIJP-14gXD99T4RGDyAmyB_vKE,2021-05-10,25,36,,,-1,8
AE,United Arab Emirates,Umm Al Quawain,,,AE-UQ,,ChIJP-14gXD99T4RGDyAmyB_vKE,2021-05-11,45,53,,,-27,13
AE,United Arab Emirates,Umm Al Quawain,,,AE-UQ,,ChIJP-14gXD99T4RGDyAmyB_vKE,2021-05-12,57,71,,,-41,17
AE,United Arab Emirates,Umm Al Quawain,,,AE-UQ,,ChIJP-14gXD99T4RGDyAmyB_vKE,2021-05-13,90,40,,,-61,19
AE,United Arab Emirates,Umm Al Quawain,,,AE-UQ,,ChIJP-14gXD99T4RGDyAmyB_vKE,2021-05-14,74,26,,,-5,
AE,United Arab Emirates,Umm Al Quawain,,,AE-UQ,,ChIJP-14gXD99T4RGDyAmyB_vKE,2021-05-15,43,31,,,-11,9
AE,United Arab Emirates,Umm Al Quawain,,,AE-UQ,,ChIJP-14gXD99T4RGDyAmyB_vKE,2021-05-16,38,32,,,4,6
AE,United Arab Emirates,Umm Al Quawain,,,AE-UQ,,ChIJP-14gXD99T4RGDyAmyB_vKE,2021-05-17,31,32,,,5,7
AE,United Arab Emirates,Umm Al Quawain,,,AE-UQ,,ChIJP-14gXD99T4RGDyAmyB_vKE,2021-05-18,34,31,,,4,7
AE,United Arab Emirates,Umm Al Quawain,,,AE-UQ,,ChIJP-14gXD99T4RGDyAmyB_vKE,2021-05-19,31,23,,,3,7
AE,United Arab Emirates,Umm Al Quawain,,,AE-UQ,,ChIJP-14gXD99T4RGDyAmyB_vKE,2021-05-20,31,26,,,7,8
AE,United Arab Emirates,Umm Al Quawain,,,AE-UQ,,ChIJP-14gXD99T4RGDyAmyB_vKE,2021-05-21,36,15,,,9,
AE,United Arab Emirates,Umm Al Quawain,,,AE-UQ,,ChIJP-14gXD99T4RGDyAmyB_vKE,2021-05-22,25,29,,,14,5
AE,United Arab Emirates,Umm Al Quawain,,,AE-UQ,,ChIJP-14gXD99T4RGDyAmyB_vKE,2021-05-23,26,30,,,6,5
AE,United Arab Emirates,Umm Al Quawain,,,AE-UQ,,ChIJP-14gXD99T4RGDyAmyB_vKE,2021-05-24,23,25,,,4,5
AE,United Arab Emirates,Umm Al Quawain,,,AE-UQ,,ChIJP-14gXD99T4RGDyAmyB_vKE,2021-05-25,28,27,,,6,6
AE,United Arab Emirates,Umm Al Quawain,,,AE-UQ,,ChIJP-14gXD99T4RGDyAmyB_vKE,2021-05-26,32,23,,,3,5
AE,United Arab Emirates,Umm Al Quawain,,,AE-UQ,,ChIJP-14gXD99T4RGDyAmyB_vKE,2021-05-27,32,27,,,1,4
AE,United Arab Emirates,Umm Al Quawain,,,AE-UQ,,ChIJP-14gXD99T4RGDyAmyB_vKE,2021-05-28,34,23,,,-5,
AE,United Arab Emirates,Umm Al Quawain,,,AE-UQ,,ChIJP-14gXD99T4RGDyAmyB_vKE,2021-05-29,31,36,,,9,3
AE,United Arab Emirates,Umm Al Quawain,,,AE-UQ,,ChIJP-14gXD99T4RGDyAmyB_vKE,2021-05-30,30,38,,,2,4
AE,United Arab Emirates,Umm Al Quawain,,,AE-UQ,,ChIJP-14gXD99T4RGDyAmyB_vKE,2021-05-31,28,35,,,0,4
AE,United Arab Emirates,Umm Al Quawain,,,AE-UQ,,ChIJP-14gXD99T4RGDyAmyB_vKE,2021-06-01,35,37,,,3,4
AE,United Arab Emirates,Umm Al Quawain,,,AE-UQ,,ChIJP-14gXD99T4RGDyAmyB_vKE,2021-06-02,37,36,,,-1,5
AE,United Arab Emirates,Umm Al Quawain,,,AE-UQ,,ChIJP-14gXD99T4RGDyAmyB_vKE,2021-06-03,31,35,,,2,5
AE,United Arab Emirates,Umm Al Quawain,,,AE-UQ,,ChIJP-14gXD99T4RGDyAmyB_vKE,2021-06-04,34,24,,,-7,
AE,United Arab Emirates,Umm Al Quawain,,,AE-UQ,,ChIJP-14gXD99T4RGDyAmyB_vKE,2021-06-05,31,39,,,9,3
AE,United Arab Emirates,Umm Al Quawain,,,AE-UQ,,ChIJP-14gXD99T4RGDyAmyB_vKE,2021-06-06,34,36,,,3,4
AE,United Arab Emirates,Umm Al Quawain,,,AE-UQ,,ChIJP-14gXD99T4RGDyAmyB_vKE,2021-06-07,27,29,,,0,5
AE,United Arab Emirates,Umm Al Quawain,,,AE-UQ,,ChIJP-14gXD99T4RGDyAmyB_vKE,2021-06-08,37,32,,,4,5
AE,United Arab Emirates,Umm Al Quawain,,,AE-UQ,,ChIJP-14gXD99T4RGDyAmyB_vKE,2021-06-09,32,29,,,1,5
AE,United Arab Emirates,Umm Al Quawain,,,AE-UQ,,ChIJP-14gXD99T4RGDyAmyB_vKE,2021-06-10,36,35,,,3,5
AE,United Arab Emirates,Umm Al Quawain,,,AE-UQ,,ChIJP-14gXD99T4RGDyAmyB_vKE,2021-06-11,34,21,,,-5,
AE,United Arab Emirates,Umm Al Quawain,,,AE-UQ,,ChIJP-14gXD99T4RGDyAmyB_vKE,2021-06-12,25,32,,,6,4
AE,United Arab Emirates,Umm Al Quawain,,,AE-UQ,,ChIJP-14gXD99T4RGDyAmyB_vKE,2021-06-13,28,30,,,2,5
AE,United Arab Emirates,Umm Al Quawain,,,AE-UQ,,ChIJP-14gXD99T4RGDyAmyB_vKE,2021-06-14,22,29,,,-1,4
AE,United Arab Emirates,Umm Al Quawain,,,AE-UQ,,ChIJP-14gXD99T4RGDyAmyB_vKE,2021-06-15,31,29,,,1,4
AE,United Arab Emirates,Umm Al Quawain,,,AE-UQ,,ChIJP-14gXD99T4RGDyAmyB_vKE,2021-06-16,28,22,,,-3,4
AE,United Arab Emirates,Umm Al Quawain,,,AE-UQ,,ChIJP-14gXD99T4RGDyAmyB_vKE,2021-06-17,26,25,,,-3,4
AE,United Arab Emirates,Umm Al Quawain,,,AE-UQ,,ChIJP-14gXD99T4RGDyAmyB_vKE,2021-06-18,22,16,,,-8,
AE,United Arab Emirates,Umm Al Quawain,,,AE-UQ,,ChIJP-14gXD99T4RGDyAmyB_vKE,2021-06-19,21,24,,,1,3
AE,United Arab Emirates,Umm Al Quawain,,,AE-UQ,,ChIJP-14gXD99T4RGDyAmyB_vKE,2021-06-20,24,23,,,-1,4
AE,United Arab Emirates,Umm Al Quawain,,,AE-UQ,,ChIJP-14gXD99T4RGDyAmyB_vKE,2021-06-21,19,21,,,-3,3
AE,United Arab Emirates,Umm Al Quawain,,,AE-UQ,,ChIJP-14gXD99T4RGDyAmyB_vKE,2021-06-22,22,22,,,-2,4
AE,United Arab Emirates,Umm Al Quawain,,,AE-UQ,,ChIJP-14gXD99T4RGDyAmyB_vKE,2021-06-23,26,19,,,-3,5
AE,United Arab Emirates,Umm Al Quawain,,,AE-UQ,,ChIJP-14gXD99T4RGDyAmyB_vKE,2021-06-24,23,23,,,-1,5
AE,United Arab Emirates,Umm Al Quawain,,,AE-UQ,,ChIJP-14gXD99T4RGDyAmyB_vKE,2021-06-25,19,11,,,-7,
AE,United Arab Emirates,Umm Al Quawain,,,AE-UQ,,ChIJP-14gXD99T4RGDyAmyB_vKE,2021-06-26,21,26,,,3,4
AE,United Arab Emirates,Umm Al Quawain,,,AE-UQ,,ChIJP-14gXD99T4RGDyAmyB_vKE,2021-06-27,27,25,,,-1,3
AE,United Arab Emirates,Umm Al Quawain,,,AE-UQ,,ChIJP-14gXD99T4RGDyAmyB_vKE,2021-06-28,22,25,,,-4,3
AE,United Arab Emirates,Umm Al Quawain,,,AE-UQ,,ChIJP-14gXD99T4RGDyAmyB_vKE,2021-06-29,20,23,,,-1,3
AE,United Arab Emirates,Umm Al Quawain,,,AE-UQ,,ChIJP-14gXD99T4RGDyAmyB_vKE,2021-06-30,27,25,,,-4,3
AE,United Arab Emirates,Umm Al Quawain,,,AE-UQ,,ChIJP-14gXD99T4RGDyAmyB_vKE,2021-07-01,33,27,,,-4,5
AE,United Arab Emirates,Umm Al Quawain,,,AE-UQ,,ChIJP-14gXD99T4RGDyAmyB_vKE,2021-07-02,30,23,,,-6,
AE,United Arab Emirates,Umm Al Quawain,,,AE-UQ,,ChIJP-14gXD99T4RGDyAmyB_vKE,2021-07-03,28,34,,,2,4
AE,United Arab Emirates,Umm Al Quawain,,,AE-UQ,,ChIJP-14gXD99T4RGDyAmyB_vKE,2021-07-04,28,34,,,-3,4
AE,United Arab Emirates,Umm Al Quawain,,,AE-UQ,,ChIJP-14gXD99T4RGDyAmyB_vKE,2021-07-05,25,29,,,-3,4
AE,United Arab Emirates,Umm Al Quawain,,,AE-UQ,,ChIJP-14gXD99T4RGDyAmyB_vKE,2021-07-06,29,29,,,-2,4
AE,United Arab Emirates,Umm Al Quawain,,,AE-UQ,,ChIJP-14gXD99T4RGDyAmyB_vKE,2021-07-07,29,24,,,-3,4
AE,United Arab Emirates,Umm Al Quawain,,,AE-UQ,,ChIJP-14gXD99T4RGDyAmyB_vKE,2021-07-08,30,28,,,-3,5
AE,United Arab Emirates,Umm Al Quawain,,,AE-UQ,,ChIJP-14gXD99T4RGDyAmyB_vKE,2021-07-09,29,19,,,-7,
AE,United Arab Emirates,Umm Al Quawain,,,AE-UQ,,ChIJP-14gXD99T4RGDyAmyB_vKE,2021-07-10,25,28,,,3,3
AE,United Arab Emirates,Umm Al Quawain,,,AE-UQ,,ChIJP-14gXD99T4RGDyAmyB_vKE,2021-07-11,25,31,,,-4,4
AE,United Arab Emirates,Umm Al Quawain,,,AE-UQ,,ChIJP-14gXD99T4RGDyAmyB_vKE,2021-07-12,24,25,,,-5,4
AE,United Arab Emirates,Umm Al Quawain,,,AE-UQ,,ChIJP-14gXD99T4RGDyAmyB_vKE,2021-07-13,32,28,,,-5,4
AE,United Arab Emirates,Umm Al Quawain,,,AE-UQ,,ChIJP-14gXD99T4RGDyAmyB_vKE,2021-07-14,26,23,,,-4,4
AE,United Arab Emirates,Umm Al Quawain,,,AE-UQ,,ChIJP-14gXD99T4RGDyAmyB_vKE,2021-07-15,25,26,,,-4,4
AE,United Arab Emirates,Umm Al Quawain,,,AE-UQ,,ChIJP-14gXD99T4RGDyAmyB_vKE,2021-07-16,24,17,,,-4,
AE,United Arab Emirates,Umm Al Quawain,,,AE-UQ,,ChIJP-14gXD99T4RGDyAmyB_vKE,2021-07-17,30,29,,,3,2
AE,United Arab Emirates,Umm Al Quawain,,,AE-UQ,,ChIJP-14gXD99T4RGDyAmyB_vKE,2021-07-18,43,46,,,-6,3
AE,United Arab Emirates,Umm Al Quawain,,,AE-UQ,,ChIJP-14gXD99T4RGDyAmyB_vKE,2021-07-19,52,63,,,-45,13
AE,United Arab Emirates,Umm Al Quawain,,,AE-UQ,,ChIJP-14gXD99T4RGDyAmyB_vKE,2021-07-20,79,46,,,-66,16
AE,United Arab Emirates,Umm Al Quawain,,,AE-UQ,,ChIJP-14gXD99T4RGDyAmyB_vKE,2021-07-21,79,42,,,-62,18
AE,United Arab Emirates,Umm Al Quawain,,,AE-UQ,,ChIJP-14gXD99T4RGDyAmyB_vKE,2021-07-22,48,23,,,-48,16
AE,United Arab Emirates,Umm Al Quawain,,,AE-UQ,,ChIJP-14gXD99T4RGDyAmyB_vKE,2021-07-23,24,4,,,-7,
AE,United Arab Emirates,Umm Al Quawain,,,AE-UQ,,ChIJP-14gXD99T4RGDyAmyB_vKE,2021-07-24,15,17,,,3,4
AE,United Arab Emirates,Umm Al Quawain,,,AE-UQ,,ChIJP-14gXD99T4RGDyAmyB_vKE,2021-07-25,18,20,,,-4,5
AE,United Arab Emirates,Umm Al Quawain,,,AE-UQ,,ChIJP-14gXD99T4RGDyAmyB_vKE,2021-07-26,18,22,,,-6,5
AE,United Arab Emirates,Umm Al Quawain,,,AE-UQ,,ChIJP-14gXD99T4RGDyAmyB_vKE,2021-07-27,20,19,,,-5,5
AE,United Arab Emirates,Umm Al Quawain,,,AE-UQ,,ChIJP-14gXD99T4RGDyAmyB_vKE,2021-07-28,23,17,,,-8,6
AE,United Arab Emirates,Umm Al Quawain,,,AE-UQ,,ChIJP-14gXD99T4RGDyAmyB_vKE,2021-07-29,20,24,,,-5,6
AE,United Arab Emirates,Umm Al Quawain,,,AE-UQ,,ChIJP-14gXD99T4RGDyAmyB_vKE,2021-07-30,20,10,,,-2,
AE,United Arab Emirates,Umm Al Quawain,,,AE-UQ,,ChIJP-14gXD99T4RGDyAmyB_vKE,2021-07-31,20,27,,,3,4
AE,United Arab Emirates,Umm Al Quawain,,,AE-UQ,,ChIJP-14gXD99T4RGDyAmyB_vKE,2021-08-01,23,29,,,-6,5
AE,United Arab Emirates,Umm Al Quawain,,,AE-UQ,,ChIJP-14gXD99T4RGDyAmyB_vKE,2021-08-02,23,28,,,-6,5
AE,United Arab Emirates,Umm Al Quawain,,,AE-UQ,,ChIJP-14gXD99T4RGDyAmyB_vKE,2021-08-03,24,29,,,-4,5
AE,United Arab Emirates,Umm Al Quawain,,,AE-UQ,,ChIJP-14gXD99T4RGDyAmyB_vKE,2021-08-04,23,23,,,-6,5
AE,United Arab Emirates,Umm Al Quawain,,,AE-UQ,,ChIJP-14gXD99T4RGDyAmyB_vKE,2021-08-05,22,24,,,-7,5
AE,United Arab Emirates,Umm Al Quawain,,,AE-UQ,,ChIJP-14gXD99T4RGDyAmyB_vKE,2021-08-06,20,11,,,-6,
AE,United Arab Emirates,Umm Al Quawain,,,AE-UQ,,ChIJP-14gXD99T4RGDyAmyB_vKE,2021-08-07,19,26,,,2,4
AE,United Arab Emirates,Umm Al Quawain,,,AE-UQ,,ChIJP-14gXD99T4RGDyAmyB_vKE,2021-08-08,22,27,,,-5,5
AE,United Arab Emirates,Umm Al Quawain,,,AE-UQ,,ChIJP-14gXD99T4RGDyAmyB_vKE,2021-08-09,16,26,,,-8,5
AE,United Arab Emirates,Umm Al Quawain,,,AE-UQ,,ChIJP-14gXD99T4RGDyAmyB_vKE,2021-08-10,20,28,,,-7,5
AE,United Arab Emirates,Umm Al Quawain,,,AE-UQ,,ChIJP-14gXD99T4RGDyAmyB_vKE,2021-08-11,32,30,,,-7,4
AE,United Arab Emirates,Umm Al Quawain,,,AE-UQ,,ChIJP-14gXD99T4RGDyAmyB_vKE,2021-08-12,37,28,,,-44,16
AE,United Arab Emirates,Umm Al Quawain,,,AE-UQ,,ChIJP-14gXD99T4RGDyAmyB_vKE,2021-08-13,20,10,,,-7,
AE,United Arab Emirates,Umm Al Quawain,,,AE-UQ,,ChIJP-14gXD99T4RGDyAmyB_vKE,2021-08-14,18,22,,,-2,4
AE,United Arab Emirates,Umm Al Quawain,,,AE-UQ,,ChIJP-14gXD99T4RGDyAmyB_vKE,2021-08-15,18,26,,,-9,5
AE,United Arab Emirates,Umm Al Quawain,,,AE-UQ,,ChIJP-14gXD99T4RGDyAmyB_vKE,2021-08-16,17,21,,,-9,5
AE,United Arab Emirates,Umm Al Quawain,,,AE-UQ,,ChIJP-14gXD99T4RGDyAmyB_vKE,2021-08-17,23,22,,,-8,5
AE,United Arab Emirates,Umm Al Quawain,,,AE-UQ,,ChIJP-14gXD99T4RGDyAmyB_vKE,2021-08-18,22,21,,,-7,5
AE,United Arab Emirates,Umm Al Quawain,,,AE-UQ,,ChIJP-14gXD99T4RGDyAmyB_vKE,2021-08-19,21,24,,,-7,6
AE,United Arab Emirates,Umm Al Quawain,,,AE-UQ,,ChIJP-14gXD99T4RGDyAmyB_vKE,2021-08-20,19,12,,,-6,
AE,United Arab Emirates,Umm Al Quawain,,,AE-UQ,,ChIJP-14gXD99T4RGDyAmyB_vKE,2021-08-21,20,20,,,-5,5
AE,United Arab Emirates,Umm Al Quawain,,,AE-UQ,,ChIJP-14gXD99T4RGDyAmyB_vKE,2021-08-22,18,20,,,-5,5
AE,United Arab Emirates,Umm Al Quawain,,,AE-UQ,,ChIJP-14gXD99T4RGDyAmyB_vKE,2021-08-23,19,19,,,-6,5
AE,United Arab Emirates,Umm Al Quawain,,,AE-UQ,,ChIJP-14gXD99T4RGDyAmyB_vKE,2021-08-24,23,22,,,-5,5
AE,United Arab Emirates,Umm Al Quawain,,,AE-UQ,,ChIJP-14gXD99T4RGDyAmyB_vKE,2021-08-25,25,18,,,-7,5
AE,United Arab Emirates,Umm Al Quawain,,,AE-UQ,,ChIJP-14gXD99T4RGDyAmyB_vKE,2021-08-26,28,24,,,-6,5
AE,United Arab Emirates,Umm Al Quawain,,,AE-UQ,,ChIJP-14gXD99T4RGDyAmyB_vKE,2021-08-27,26,13,,,-8,
AE,United Arab Emirates,Umm Al Quawain,,,AE-UQ,,ChIJP-14gXD99T4RGDyAmyB_vKE,2021-08-28,29,29,,,0,3
AE,United Arab Emirates,Umm Al Quawain,,,AE-UQ,,ChIJP-14gXD99T4RGDyAmyB_vKE,2021-08-29,27,29,,,-5,4
AE,United Arab Emirates,Umm Al Quawain,,,AE-UQ,,ChIJP-14gXD99T4RGDyAmyB_vKE,2021-08-30,23,27,,,-6,4
AE,United Arab Emirates,Umm Al Quawain,,,AE-UQ,,ChIJP-14gXD99T4RGDyAmyB_vKE,2021-08-31,31,28,,,-6,3
AE,United Arab Emirates,Umm Al Quawain,,,AE-UQ,,ChIJP-14gXD99T4RGDyAmyB_vKE,2021-09-01,34,30,,,-7,4
AE,United Arab Emirates,Umm Al Quawain,,,AE-UQ,,ChIJP-14gXD99T4RGDyAmyB_vKE,2021-09-02,30,32,,,-6,4
AE,United Arab Emirates,Umm Al Quawain,,,AE-UQ,,ChIJP-14gXD99T4RGDyAmyB_vKE,2021-09-03,27,22,,,-7,
AE,United Arab Emirates,Umm Al Quawain,,,AE-UQ,,ChIJP-14gXD99T4RGDyAmyB_vKE,2021-09-04,32,34,,,-4,3
AE,United Arab Emirates,Umm Al Quawain,,,AE-UQ,,ChIJP-14gXD99T4RGDyAmyB_vKE,2021-09-05,28,33,,,-5,3
AE,United Arab Emirates,Umm Al Quawain,,,AE-UQ,,ChIJP-14gXD99T4RGDyAmyB_vKE,2021-09-06,27,30,,,-5,3
AE,United Arab Emirates,Umm Al Quawain,,,AE-UQ,,ChIJP-14gXD99T4RGDyAmyB_vKE,2021-09-07,31,27,,,-4,3
AE,United Arab Emirates,Umm Al Quawain,,,AE-UQ,,ChIJP-14gXD99T4RGDyAmyB_vKE,2021-09-08,28,25,,,-6,3
AE,United Arab Emirates,Umm Al Quawain,,,AE-UQ,,ChIJP-14gXD99T4RGDyAmyB_vKE,2021-09-09,28,29,,,-4,4
AE,United Arab Emirates,Umm Al Quawain,,,AE-UQ,,ChIJP-14gXD99T4RGDyAmyB_vKE,2021-09-10,29,22,,,-11,
AE,United Arab Emirates,Umm Al Quawain,,,AE-UQ,,ChIJP-14gXD99T4RGDyAmyB_vKE,2021-09-11,33,33,,,-1,3
AE,United Arab Emirates,Umm Al Quawain,,,AE-UQ,,ChIJP-14gXD99T4RGDyAmyB_vKE,2021-09-12,30,39,,,-4,3
AE,United Arab Emirates,Umm Al Quawain,,,AE-UQ,,ChIJP-14gXD99T4RGDyAmyB_vKE,2021-09-13,22,28,,,-3,3
AE,United Arab Emirates,Umm Al Quawain,,,AE-UQ,,ChIJP-14gXD99T4RGDyAmyB_vKE,2021-09-14,28,31,,,-3,3
AE,United Arab Emirates,Umm Al Quawain,,,AE-UQ,,ChIJP-14gXD99T4RGDyAmyB_vKE,2021-09-15,27,29,,,-5,4
AE,United Arab Emirates,Umm Al Quawain,,,AE-UQ,,ChIJP-14gXD99T4RGDyAmyB_vKE,2021-09-16,29,31,,,-6,4
AE,United Arab Emirates,Umm Al Quawain,,,AE-UQ,,ChIJP-14gXD99T4RGDyAmyB_vKE,2021-09-17,31,24,,,-9,
AE,United Arab Emirates,Umm Al Quawain,,,AE-UQ,,ChIJP-14gXD99T4RGDyAmyB_vKE,2021-09-18,23,31,,,-1,4
AE,United Arab Emirates,Umm Al Quawain,,,AE-UQ,,ChIJP-14gXD99T4RGDyAmyB_vKE,2021-09-19,21,25,,,-2,3
AE,United Arab Emirates,Umm Al Quawain,,,AE-UQ,,ChIJP-14gXD99T4RGDyAmyB_vKE,2021-09-20,21,27,,,-3,3
AE,United Arab Emirates,Umm Al Quawain,,,AE-UQ,,ChIJP-14gXD99T4RGDyAmyB_vKE,2021-09-21,22,24,,,-3,3
AE,United Arab Emirates,Umm Al Quawain,,,AE-UQ,,ChIJP-14gXD99T4RGDyAmyB_vKE,2021-09-22,26,24,,,-1,3
AE,United Arab Emirates,Umm Al Quawain,,,AE-UQ,,ChIJP-14gXD99T4RGDyAmyB_vKE,2021-09-23,23,28,,,-1,4
AE,United Arab Emirates,Umm Al Quawain,,,AE-UQ,,ChIJP-14gXD99T4RGDyAmyB_vKE,2021-09-24,26,19,,,-6,
AE,United Arab Emirates,Umm Al Quawain,,,AE-UQ,,ChIJP-14gXD99T4RGDyAmyB_vKE,2021-09-25,26,34,,,0,2
AE,United Arab Emirates,Umm Al Quawain,,,AE-UQ,,ChIJP-14gXD99T4RGDyAmyB_vKE,2021-09-26,21,29,,,0,3
AE,United Arab Emirates,Umm Al Quawain,,,AE-UQ,,ChIJP-14gXD99T4RGDyAmyB_vKE,2021-09-27,22,29,,,-1,2
AE,United Arab Emirates,Umm Al Quawain,,,AE-UQ,,ChIJP-14gXD99T4RGDyAmyB_vKE,2021-09-28,27,30,,,0,2
AE,United Arab Emirates,Umm Al Quawain,,,AE-UQ,,ChIJP-14gXD99T4RGDyAmyB_vKE,2021-09-29,34,34,,,-1,1
AE,United Arab Emirates,Umm Al Quawain,,,AE-UQ,,ChIJP-14gXD99T4RGDyAmyB_vKE,2021-09-30,29,34,,,-1,2
AE,United Arab Emirates,Umm Al Quawain,,,AE-UQ,,ChIJP-14gXD99T4RGDyAmyB_vKE,2021-10-01,38,31,,,-7,
AE,United Arab Emirates,Umm Al Quawain,,,AE-UQ,,ChIJP-14gXD99T4RGDyAmyB_vKE,2021-10-02,35,41,,,-1,2
AE,United Arab Emirates,Umm Al Quawain,,,AE-UQ,,ChIJP-14gXD99T4RGDyAmyB_vKE,2021-10-03,30,39,,,1,2
AE,United Arab Emirates,Umm Al Quawain,,,AE-UQ,,ChIJP-14gXD99T4RGDyAmyB_vKE,2021-10-04,26,35,,,0,1
AE,United Arab Emirates,Umm Al Quawain,,,AE-UQ,,ChIJP-14gXD99T4RGDyAmyB_vKE,2021-10-05,34,36,,,1,2
AE,United Arab Emirates,Umm Al Quawain,,,AE-UQ,,ChIJP-14gXD99T4RGDyAmyB_vKE,2021-10-06,32,33,,,-1,1
AE,United Arab Emirates,Umm Al Quawain,,,AE-UQ,,ChIJP-14gXD99T4RGDyAmyB_vKE,2021-10-07,33,35,,,-1,2
AE,United Arab Emirates,Umm Al Quawain,,,AE-UQ,,ChIJP-14gXD99T4RGDyAmyB_vKE,2021-10-08,38,32,,,-11,
AE,United Arab Emirates,Umm Al Quawain,,,AE-UQ,,ChIJP-14gXD99T4RGDyAmyB_vKE,2021-10-09,33,44,,,1,2
AE,United Arab Emirates,Umm Al Quawain,,,AE-UQ,,ChIJP-14gXD99T4RGDyAmyB_vKE,2021-10-10,28,40,,,1,3
AE,United Arab Emirates,Umm Al Quawain,,,AE-UQ,,ChIJP-14gXD99T4RGDyAmyB_vKE,2021-10-11,31,38,,,3,2
AE,United Arab Emirates,Umm Al Quawain,,,AE-UQ,,ChIJP-14gXD99T4RGDyAmyB_vKE,2021-10-12,32,38,,,4,2
AE,United Arab Emirates,Umm Al Quawain,,,AE-UQ,,ChIJP-14gXD99T4RGDyAmyB_vKE,2021-10-13,32,34,,,0,3
AE,United Arab Emirates,Umm Al Quawain,,,AE-UQ,,ChIJP-14gXD99T4RGDyAmyB_vKE,2021-10-14,34,37,,,1,3
AE,United Arab Emirates,Umm Al Quawain,,,AE-UQ,,ChIJP-14gXD99T4RGDyAmyB_vKE,2021-10-15,36,32,,,-5,
AE,United Arab Emirates,Umm Al Quawain,,,AE-UQ,,ChIJP-14gXD99T4RGDyAmyB_vKE,2021-10-16,37,41,,,3,2
AE,United Arab Emirates,Umm Al Quawain,,,AE-UQ,,ChIJP-14gXD99T4RGDyAmyB_vKE,2021-10-17,33,36,,,2,3
AE,United Arab Emirates,Umm Al Quawain,,,AE-UQ,,ChIJP-14gXD99T4RGDyAmyB_vKE,2021-10-18,29,34,,,0,3
AE,United Arab Emirates,Umm Al Quawain,,,AE-UQ,,ChIJP-14gXD99T4RGDyAmyB_vKE,2021-10-19,38,38,,,3,2
AE,United Arab Emirates,Umm Al Quawain,,,AE-UQ,,ChIJP-14gXD99T4RGDyAmyB_vKE,2021-10-20,47,45,,,0,0
AE,United Arab Emirates,Umm Al Quawain,,,AE-UQ,,ChIJP-14gXD99T4RGDyAmyB_vKE,2021-10-21,55,52,,,-48,14
AE,United Arab Emirates,Umm Al Quawain,,,AE-UQ,,ChIJP-14gXD99T4RGDyAmyB_vKE,2021-10-22,44,34,,,-12,
AE,United Arab Emirates,Umm Al Quawain,,,AE-UQ,,ChIJP-14gXD99T4RGDyAmyB_vKE,2021-10-23,32,42,,,2,3
AE,United Arab Emirates,Umm Al Quawain,,,AE-UQ,,ChIJP-14gXD99T4RGDyAmyB_vKE,2021-10-24,25,30,,,1,3
AE,United Arab Emirates,Umm Al Quawain,,,AE-UQ,,ChIJP-14gXD99T4RGDyAmyB_vKE,2021-10-25,23,37,,,3,3
AE,United Arab Emirates,Umm Al Quawain,,,AE-UQ,,ChIJP-14gXD99T4RGDyAmyB_vKE,2021-10-26,29,34,,,3,2
AE,United Arab Emirates,Umm Al Quawain,,,AE-UQ,,ChIJP-14gXD99T4RGDyAmyB_vKE,2021-10-27,35,37,,,1,2
AE,United Arab Emirates,Umm Al Quawain,,,AE-UQ,,ChIJP-14gXD99T4RGDyAmyB_vKE,2021-10-28,32,43,,,1,2
AE,United Arab Emirates,Umm Al Quawain,,,AE-UQ,,ChIJP-14gXD99T4RGDyAmyB_vKE,2021-10-29,35,35,,,-5,
AE,United Arab Emirates,Umm Al Quawain,,,AE-UQ,,ChIJP-14gXD99T4RGDyAmyB_vKE,2021-10-30,36,47,,,3,2
AE,United Arab Emirates,Umm Al Quawain,,,AE-UQ,,ChIJP-14gXD99T4RGDyAmyB_vKE,2021-10-31,32,44,,,4,2
AE,United Arab Emirates,Umm Al Quawain,,,AE-UQ,,ChIJP-14gXD99T4RGDyAmyB_vKE,2021-11-01,38,47,,,2,1
AE,United Arab Emirates,Umm Al Quawain,,,AE-UQ,,ChIJP-14gXD99T4RGDyAmyB_vKE,2021-11-02,44,47,,,3,1
AE,United Arab Emirates,Umm Al Quawain,,,AE-UQ,,ChIJP-14gXD99T4RGDyAmyB_vKE,2021-11-03,40,42,,,3,1
AE,United Arab Emirates,Umm Al Quawain,,,AE-UQ,,ChIJP-14gXD99T4RGDyAmyB_vKE,2021-11-04,41,45,,,1,2
AE,United Arab Emirates,Umm Al Quawain,,,AE-UQ,,ChIJP-14gXD99T4RGDyAmyB_vKE,2021-11-05,43,39,,,-7,
AE,United Arab Emirates,Umm Al Quawain,,,AE-UQ,,ChIJP-14gXD99T4RGDyAmyB_vKE,2021-11-06,42,47,,,4,3
AE,United Arab Emirates,Umm Al Quawain,,,AE-UQ,,ChIJP-14gXD99T4RGDyAmyB_vKE,2021-11-07,35,42,,,5,3
AE,United Arab Emirates,Umm Al Quawain,,,AE-UQ,,ChIJP-14gXD99T4RGDyAmyB_vKE,2021-11-08,33,44,,,5,3
AE,United Arab Emirates,Umm Al Quawain,,,AE-UQ,,ChIJP-14gXD99T4RGDyAmyB_vKE,2021-11-09,41,46,,,5,2
AE,United Arab Emirates,Umm Al Quawain,,,AE-UQ,,ChIJP-14gXD99T4RGDyAmyB_vKE,2021-11-10,39,41,,,3,2
AE,United Arab Emirates,Umm Al Quawain,,,AE-UQ,,ChIJP-14gXD99T4RGDyAmyB_vKE,2021-11-11,37,44,,,3,3
AE,United Arab Emirates,Umm Al Quawain,,,AE-UQ,,ChIJP-14gXD99T4RGDyAmyB_vKE,2021-11-12,51,39,,,-5,
AE,United Arab Emirates,Umm Al Quawain,,,AE-UQ,,ChIJP-14gXD99T4RGDyAmyB_vKE,2021-11-13,41,50,,,3,4
AE,United Arab Emirates,Umm Al Quawain,,,AE-UQ,,ChIJP-14gXD99T4RGDyAmyB_vKE,2021-11-14,34,41,,,4,3
AE,United Arab Emirates,Umm Al Quawain,,,AE-UQ,,ChIJP-14gXD99T4RGDyAmyB_vKE,2021-11-15,33,40,,,6,3
AE,United Arab Emirates,Umm Al Quawain,,,AE-UQ,,ChIJP-14gXD99T4RGDyAmyB_vKE,2021-11-16,42,44,,,6,3
AE,United Arab Emirates,Umm Al Quawain,,,AE-UQ,,ChIJP-14gXD99T4RGDyAmyB_vKE,2021-11-17,39,36,,,4,3
AE,United Arab Emirates,Umm Al Quawain,,,AE-UQ,,ChIJP-14gXD99T4RGDyAmyB_vKE,2021-11-18,37,42,,,5,3
AE,United Arab Emirates,Umm Al Quawain,,,AE-UQ,,ChIJP-14gXD99T4RGDyAmyB_vKE,2021-11-19,44,41,,,-6,
AE,United Arab Emirates,Umm Al Quawain,,,AE-UQ,,ChIJP-14gXD99T4RGDyAmyB_vKE,2021-11-20,45,45,,,9,3
AE,United Arab Emirates,Umm Al Quawain,,,AE-UQ,,ChIJP-14gXD99T4RGDyAmyB_vKE,2021-11-21,37,44,,,5,3
AE,United Arab Emirates,Umm Al Quawain,,,AE-UQ,,ChIJP-14gXD99T4RGDyAmyB_vKE,2021-11-22,34,39,,,4,3
AE,United Arab Emirates,Umm Al Quawain,,,AE-UQ,,ChIJP-14gXD99T4RGDyAmyB_vKE,2021-11-23,36,38,,,4,3
AE,United Arab Emirates,Umm Al Quawain,,,AE-UQ,,ChIJP-14gXD99T4RGDyAmyB_vKE,2021-11-24,43,36,,,5,4
AE,United Arab Emirates,Umm Al Quawain,,,AE-UQ,,ChIJP-14gXD99T4RGDyAmyB_vKE,2021-11-25,38,43,,,3,3
AE,United Arab Emirates,Umm Al Quawain,,,AE-UQ,,ChIJP-14gXD99T4RGDyAmyB_vKE,2021-11-26,45,38,,,-7,
AE,United Arab Emirates,Umm Al Quawain,,,AE-UQ,,ChIJP-14gXD99T4RGDyAmyB_vKE,2021-11-27,40,45,,,8,3
AE,United Arab Emirates,Umm Al Quawain,,,AE-UQ,,ChIJP-14gXD99T4RGDyAmyB_vKE,2021-11-28,42,49,,,6,3
AE,United Arab Emirates,Umm Al Quawain,,,AE-UQ,,ChIJP-14gXD99T4RGDyAmyB_vKE,2021-11-29,43,46,,,6,2
AE,United Arab Emirates,Umm Al Quawain,,,AE-UQ,,ChIJP-14gXD99T4RGDyAmyB_vKE,2021-11-30,55,52,,,2,0
AE,United Arab Emirates,Umm Al Quawain,,,AE-UQ,,ChIJP-14gXD99T4RGDyAmyB_vKE,2021-12-01,95,86,,,-41,9
AE,United Arab Emirates,Umm Al Quawain,,,AE-UQ,,ChIJP-14gXD99T4RGDyAmyB_vKE,2021-12-02,73,73,,,-60,15
AE,United Arab Emirates,Umm Al Quawain,,,AE-UQ,,ChIJP-14gXD99T4RGDyAmyB_vKE,2021-12-03,53,47,,,-9,
AE,United Arab Emirates,Umm Al Quawain,,,AE-UQ,,ChIJP-14gXD99T4RGDyAmyB_vKE,2021-12-04,42,54,,,4,3
AE,United Arab Emirates,Umm Al Quawain,,,AE-UQ,,ChIJP-14gXD99T4RGDyAmyB_vKE,2021-12-05,38,50,,,7,3
AE,United Arab Emirates,Umm Al Quawain,,,AE-UQ,,ChIJP-14gXD99T4RGDyAmyB_vKE,2021-12-06,35,45,,,3,3
AE,United Arab Emirates,Umm Al Quawain,,,AE-UQ,,ChIJP-14gXD99T4RGDyAmyB_vKE,2021-12-07,45,50,,,8,3
AE,United Arab Emirates,Umm Al Quawain,,,AE-UQ,,ChIJP-14gXD99T4RGDyAmyB_vKE,2021-12-08,46,40,,,7,3
AE,United Arab Emirates,Umm Al Quawain,,,AE-UQ,,ChIJP-14gXD99T4RGDyAmyB_vKE,2021-12-09,42,43,,,7,3
AE,United Arab Emirates,Umm Al Quawain,,,AE-UQ,,ChIJP-14gXD99T4RGDyAmyB_vKE,2021-12-10,49,38,,,4,
AE,United Arab Emirates,Umm Al Quawain,,,AE-UQ,,ChIJP-14gXD99T4RGDyAmyB_vKE,2021-12-11,47,46,,,11,3
AE,United Arab Emirates,Umm Al Quawain,,,AE-UQ,,ChIJP-14gXD99T4RGDyAmyB_vKE,2021-12-12,44,43,,,6,4
AE,United Arab Emirates,Umm Al Quawain,,,AE-UQ,,ChIJP-14gXD99T4RGDyAmyB_vKE,2021-12-13,43,41,,,6,4
AE,United Arab Emirates,Umm Al Quawain,,,AE-UQ,,ChIJP-14gXD99T4RGDyAmyB_vKE,2021-12-14,49,39,,,6,3
AE,United Arab Emirates,Umm Al Quawain,,,AE-UQ,,ChIJP-14gXD99T4RGDyAmyB_vKE,2021-12-15,50,35,,,5,3
AE,United Arab Emirates,Umm Al Quawain,,,AE-UQ,,ChIJP-14gXD99T4RGDyAmyB_vKE,2021-12-16,43,41,,,5,4
AE,United Arab Emirates,Umm Al Quawain,,,AE-UQ,,ChIJP-14gXD99T4RGDyAmyB_vKE,2021-12-17,57,39,,,8,
AE,United Arab Emirates,Umm Al Quawain,,,AE-UQ,,ChIJP-14gXD99T4RGDyAmyB_vKE,2021-12-18,49,43,,,10,3
AE,United Arab Emirates,Umm Al Quawain,,,AE-UQ,,ChIJP-14gXD99T4RGDyAmyB_vKE,2021-12-19,44,41,,,5,5
AE,United Arab Emirates,Umm Al Quawain,,,AE-UQ,,ChIJP-14gXD99T4RGDyAmyB_vKE,2021-12-20,44,40,,,3,4
AE,United Arab Emirates,Umm Al Quawain,,,AE-UQ,,ChIJP-14gXD99T4RGDyAmyB_vKE,2021-12-21,52,40,,,5,4
AE,United Arab Emirates,Umm Al Quawain,,,AE-UQ,,ChIJP-14gXD99T4RGDyAmyB_vKE,2021-12-22,53,36,,,0,5
AE,United Arab Emirates,Umm Al Quawain,,,AE-UQ,,ChIJP-14gXD99T4RGDyAmyB_vKE,2021-12-23,52,47,,,1,4
AE,United Arab Emirates,Umm Al Quawain,,,AE-UQ,,ChIJP-14gXD99T4RGDyAmyB_vKE,2021-12-24,55,44,,,3,
AE,United Arab Emirates,Umm Al Quawain,,,AE-UQ,,ChIJP-14gXD99T4RGDyAmyB_vKE,2021-12-25,47,43,,,7,4
AE,United Arab Emirates,Umm Al Quawain,,,AE-UQ,,ChIJP-14gXD99T4RGDyAmyB_vKE,2021-12-26,47,38,,,3,5
AE,United Arab Emirates,Umm Al Quawain,,,AE-UQ,,ChIJP-14gXD99T4RGDyAmyB_vKE,2021-12-27,47,37,,,4,5
AE,United Arab Emirates,Umm Al Quawain,,,AE-UQ,,ChIJP-14gXD99T4RGDyAmyB_vKE,2021-12-28,55,40,,,4,4
AE,United Arab Emirates,Umm Al Quawain,,,AE-UQ,,ChIJP-14gXD99T4RGDyAmyB_vKE,2021-12-29,58,41,,,2,4
AE,United Arab Emirates,Umm Al Quawain,,,AE-UQ,,ChIJP-14gXD99T4RGDyAmyB_vKE,2021-12-30,56,48,,,5,5
AE,United Arab Emirates,Umm Al Quawain,,,AE-UQ,,ChIJP-14gXD99T4RGDyAmyB_vKE,2021-12-31,69,54,,,6,
AE,United Arab Emirates,Umm Al Quawain,,,AE-UQ,,ChIJP-14gXD99T4RGDyAmyB_vKE,2022-01-01,64,59,,,-40,11
AE,United Arab Emirates,Umm Al Quawain,,,AE-UQ,,ChIJP-14gXD99T4RGDyAmyB_vKE,2022-01-02,54,52,,,-22,10
AE,United Arab Emirates,Umm Al Quawain,,,AE-UQ,,ChIJP-14gXD99T4RGDyAmyB_vKE,2022-01-03,42,45,,,7,5
AE,United Arab Emirates,Umm Al Quawain,,,AE-UQ,,ChIJP-14gXD99T4RGDyAmyB_vKE,2022-01-04,49,45,,,7,6
AE,United Arab Emirates,Umm Al Quawain,,,AE-UQ,,ChIJP-14gXD99T4RGDyAmyB_vKE,2022-01-05,46,36,,,6,7
AE,United Arab Emirates,Umm Al Quawain,,,AE-UQ,,ChIJP-14gXD99T4RGDyAmyB_vKE,2022-01-06,34,35,,,7,9
AE,United Arab Emirates,Umm Al Quawain,,,AE-UQ,,ChIJP-14gXD99T4RGDyAmyB_vKE,2022-01-07,33,30,,,106,
AE,United Arab Emirates,Umm Al Quawain,,,AE-UQ,,ChIJP-14gXD99T4RGDyAmyB_vKE,2022-01-08,55,53,,,1,7
AE,United Arab Emirates,Umm Al Quawain,,,AE-UQ,,ChIJP-14gXD99T4RGDyAmyB_vKE,2022-01-09,55,58,,,-33,15
AE,United Arab Emirates,Umm Al Quawain,,,AE-UQ,,ChIJP-14gXD99T4RGDyAmyB_vKE,2022-01-10,39,42,,,3,8
AE,United Arab Emirates,Umm Al Quawain,,,AE-UQ,,ChIJP-14gXD99T4RGDyAmyB_vKE,2022-01-11,47,44,,,4,8
AE,United Arab Emirates,Umm Al Quawain,,,AE-UQ,,ChIJP-14gXD99T4RGDyAmyB_vKE,2022-01-12,43,39,,,2,9
AE,United Arab Emirates,Umm Al Quawain,,,AE-UQ,,ChIJP-14gXD99T4RGDyAmyB_vKE,2022-01-13,31,27,,,3,11
AE,United Arab Emirates,Umm Al Quawain,,,AE-UQ,,ChIJP-14gXD99T4RGDyAmyB_vKE,2022-01-14,34,30,,,112,
AE,United Arab Emirates,Umm Al Quawain,,,AE-UQ,,ChIJP-14gXD99T4RGDyAmyB_vKE,2022-01-15,52,55,,,0,8
AE,United Arab Emirates,Umm Al Quawain,,,AE-UQ,,ChIJP-14gXD99T4RGDyAmyB_vKE,2022-01-16,58,54,,,-36,18
AE,United Arab Emirates,Umm Al Quawain,,,AE-UQ,,ChIJP-14gXD99T4RGDyAmyB_vKE,2022-01-17,34,41,,,3,8
AE,United Arab Emirates,Umm Al Quawain,,,AE-UQ,,ChIJP-14gXD99T4RGDyAmyB_vKE,2022-01-18,42,40,,,6,9
AE,United Arab Emirates,Umm Al Quawain,,,AE-UQ,,ChIJP-14gXD99T4RGDyAmyB_vKE,2022-01-19,44,36,,,4,9
AE,United Arab Emirates,Umm Al Quawain,,,AE-UQ,,ChIJP-14gXD99T4RGDyAmyB_vKE,2022-01-20,32,26,,,5,12
AE,United Arab Emirates,Umm Al Quawain,,,AE-UQ,,ChIJP-14gXD99T4RGDyAmyB_vKE,2022-01-21,28,20,,,117,
AE,United Arab Emirates,Umm Al Quawain,,,AE-UQ,,ChIJP-14gXD99T4RGDyAmyB_vKE,2022-01-22,59,59,,,3,8
AE,United Arab Emirates,Umm Al Quawain,,,AE-UQ,,ChIJP-14gXD99T4RGDyAmyB_vKE,2022-01-23,59,58,,,-37,17
AE,United Arab Emirates,Umm Al Quawain,,,AE-UQ,,ChIJP-14gXD99T4RGDyAmyB_vKE,2022-01-24,38,37,,,9,8
AE,United Arab Emirates,Umm Al Quawain,,,AE-UQ,,ChIJP-14gXD99T4RGDyAmyB_vKE,2022-01-25,44,39,,,11,8
AE,United Arab Emirates,Umm Al Quawain,,,AE-UQ,,ChIJP-14gXD99T4RGDyAmyB_vKE,2022-01-26,42,33,,,10,7
AE,United Arab Emirates,Umm Al Quawain,,,AE-UQ,,ChIJP-14gXD99T4RGDyAmyB_vKE,2022-01-27,30,28,,,10,10
AE,United Arab Emirates,Umm Al Quawain,,,AE-UQ,,ChIJP-14gXD99T4RGDyAmyB_vKE,2022-01-28,41,29,,,135,
AE,United Arab Emirates,Umm Al Quawain,,,AE-UQ,,ChIJP-14gXD99T4RGDyAmyB_vKE,2022-01-29,63,62,,,5,6
AE,United Arab Emirates,Umm Al Quawain,,,AE-UQ,,ChIJP-14gXD99T4RGDyAmyB_vKE,2022-01-30,65,63,,,-34,15
AE,United Arab Emirates,Umm Al Quawain,,,AE-UQ,,ChIJP-14gXD99T4RGDyAmyB_vKE,2022-01-31,41,51,,,14,6
AE,United Arab Emirates,Umm Al Quawain,,,AE-UQ,,ChIJP-14gXD99T4RGDyAmyB_vKE,2022-02-01,48,56,,,15,6
AE,United Arab Emirates,Umm Al Quawain,,,AE-UQ,,ChIJP-14gXD99T4RGDyAmyB_vKE,2022-02-02,49,48,,,14,6
AE,United Arab Emirates,Umm Al Quawain,,,AE-UQ,,ChIJP-14gXD99T4RGDyAmyB_vKE,2022-02-03,37,36,,,15,9
AE,United Arab Emirates,Umm Al Quawain,,,AE-UQ,,ChIJP-14gXD99T4RGDyAmyB_vKE,2022-02-04,41,38,,,141,
AE,United Arab Emirates,Umm Al Quawain,,,AE-UQ,,ChIJP-14gXD99T4RGDyAmyB_vKE,2022-02-05,67,70,,,8,5
AE,United Arab Emirates,Umm Al Quawain,,,AE-UQ,,ChIJP-14gXD99T4RGDyAmyB_vKE,2022-02-06,65,70,,,-34,16
AE,United Arab Emirates,Umm Al Quawain,,,AE-UQ,,ChIJP-14gXD99T4RGDyAmyB_vKE,2022-02-07,45,50,,,15,6
AE,United Arab Emirates,Umm Al Quawain,,,AE-UQ,,ChIJP-14gXD99T4RGDyAmyB_vKE,2022-02-08,48,46,,,18,6
AE,United Arab Emirates,Umm Al Quawain,,,AE-UQ,,ChIJP-14gXD99T4RGDyAmyB_vKE,2022-02-09,46,47,,,14,6
AE,United Arab Emirates,Umm Al Quawain,,,AE-UQ,,ChIJP-14gXD99T4RGDyAmyB_vKE,2022-02-10,36,38,,,15,9
AE,United Arab Emirates,Umm Al Quawain,,,AE-UQ,,ChIJP-14gXD99T4RGDyAmyB_vKE,2022-02-11,39,39,,,144,
AE,United Arab Emirates,Umm Al Quawain,,,AE-UQ,,ChIJP-14gXD99T4RGDyAmyB_vKE,2022-02-12,62,66,,,9,5
AE,United Arab Emirates,Umm Al Quawain,,,AE-UQ,,ChIJP-14gXD99T4RGDyAmyB_vKE,2022-02-13,67,69,,,-32,15
AE,United Arab Emirates,Umm Al Quawain,,,AE-UQ,,ChIJP-14gXD99T4RGDyAmyB_vKE,2022-02-14,46,50,,,17,5
AE,United Arab Emirates,Umm Al Quawain,,,AE-UQ,,ChIJP-14gXD99T4RGDyAmyB_vKE,2022-02-15,49,51,,,19,4
AE,United Arab Emirates,Umm Al Quawain,,,AE-UQ,,ChIJP-14gXD99T4RGDyAmyB_vKE,2022-02-16,46,45,,,20,5
AE,United Arab Emirates,Umm Al Quawain,,,AE-UQ,,ChIJP-14gXD99T4RGDyAmyB_vKE,2022-02-17,34,38,,,19,7
AE,United Arab Emirates,Umm Al Quawain,,,AE-UQ,,ChIJP-14gXD99T4RGDyAmyB_vKE,2022-02-18,43,33,,,151,
AE,United Arab Emirates,Umm Al Quawain,,,AE-UQ,,ChIJP-14gXD99T4RGDyAmyB_vKE,2022-02-19,63,64,,,13,6
AE,United Arab Emirates,Umm Al Quawain,,,AE-UQ,,ChIJP-14gXD99T4RGDyAmyB_vKE,2022-02-20,61,65,,,-29,15
AE,United Arab Emirates,Umm Al Quawain,,,AE-UQ,,ChIJP-14gXD99T4RGDyAmyB_vKE,2022-02-21,35,41,,,20,5
AE,United Arab Emirates,Umm Al Quawain,,,AE-UQ,,ChIJP-14gXD99T4RGDyAmyB_vKE,2022-02-22,43,41,,,20,6
AE,United Arab Emirates,Umm Al Quawain,,,AE-UQ,,ChIJP-14gXD99T4RGDyAmyB_vKE,2022-02-23,42,37,,,18,7
AE,United Arab Emirates,Umm Al Quawain,,,AE-UQ,,ChIJP-14gXD99T4RGDyAmyB_vKE,2022-02-24,33,31,,,21,8
AE,United Arab Emirates,Umm Al Quawain,,,AE-UQ,,ChIJP-14gXD99T4RGDyAmyB_vKE,2022-02-25,36,38,,,151,
AE,United Arab Emirates,Umm Al Quawain,,,AE-UQ,,ChIJP-14gXD99T4RGDyAmyB_vKE,2022-02-26,61,66,,,10,5
AE,United Arab Emirates,Umm Al Quawain,,,AE-UQ,,ChIJP-14gXD99T4RGDyAmyB_vKE,2022-02-27,60,71,,,-31,14
AE,United Arab Emirates,Umm Al Quawain,,,AE-UQ,,ChIJP-14gXD99T4RGDyAmyB_vKE,2022-02-28,43,59,,,20,4
AE,United Arab Emirates,Umm Al Quawain,,,AE-UQ,,ChIJP-14gXD99T4RGDyAmyB_vKE,2022-03-01,53,64,,,22,5
AE,United Arab Emirates,Umm Al Quawain,,,AE-UQ,,ChIJP-14gXD99T4RGDyAmyB_vKE,2022-03-02,50,55,,,20,5
AE,United Arab Emirates,Umm Al Quawain,,,AE-UQ,,ChIJP-14gXD99T4RGDyAmyB_vKE,2022-03-03,40,45,,,22,7
AE,United Arab Emirates,Umm Al Quawain,,,AE-UQ,,ChIJP-14gXD99T4RGDyAmyB_vKE,2022-03-04,44,45,,,156,
AE,United Arab Emirates,Umm Al Quawain,,,AE-UQ,,ChIJP-14gXD99T4RGDyAmyB_vKE,2022-03-05,67,72,,,12,6
AE,United Arab Emirates,Umm Al Quawain,,,AE-UQ,,ChIJP-14gXD99T4RGDyAmyB_vKE,2022-03-06,60,69,,,-31,16
AE,United Arab Emirates,Umm Al Quawain,,,AE-UQ,,ChIJP-14gXD99T4RGDyAmyB_vKE,2022-03-07,42,52,,,24,6
AE,United Arab Emirates,Umm Al Quawain,,,AE-UQ,,ChIJP-14gXD99T4RGDyAmyB_vKE,2022-03-08,53,57,,,25,7
AE,United Arab Emirates,Umm Al Quawain,,,AE-UQ,,ChIJP-14gXD99T4RGDyAmyB_vKE,2022-03-09,49,52,,,23,8
AE,United Arab Emirates,Umm Al Quawain,,,AE-UQ,,ChIJP-14gXD99T4RGDyAmyB_vKE,2022-03-10,38,43,,,24,12
AE,United Arab Emirates,Umm Al Quawain,,,AE-UQ,,ChIJP-14gXD99T4RGDyAmyB_vKE,2022-03-11,41,40,,,159,
AE,United Arab Emirates,Umm Al Quawain,,,AE-UQ,,ChIJP-14gXD99T4RGDyAmyB_vKE,2022-03-12,64,76,,,13,10
AE,United Arab Emirates,Umm Al Quawain,,,AE-UQ,,ChIJP-14gXD99T4RGDyAmyB_vKE,2022-03-13,62,75,,,-32,19
AE,United Arab Emirates,Umm Al Quawain,,,AE-UQ,,ChIJP-14gXD99T4RGDyAmyB_vKE,2022-03-14,43,58,,,27,9
AE,United Arab Emirates,Umm Al Quawain,,,AE-UQ,,ChIJP-14gXD99T4RGDyAmyB_vKE,2022-03-15,52,65,,,27,9
AE,United Arab Emirates,Umm Al Quawain,,,AE-UQ,,ChIJP-14gXD99T4RGDyAmyB_vKE,2022-03-16,50,56,,,24,10
AE,United Arab Emirates,Umm Al Quawain,,,AE-UQ,,ChIJP-14gXD99T4RGDyAmyB_vKE,2022-03-17,37,41,,,24,13
AE,United Arab Emirates,Umm Al Quawain,,,AE-UQ,,ChIJP-14gXD99T4RGDyAmyB_vKE,2022-03-18,40,46,,,158,
AE,United Arab Emirates,Umm Al Quawain,,,AE-UQ,,ChIJP-14gXD99T4RGDyAmyB_vKE,2022-03-19,59,71,,,17,9
AE,United Arab Emirates,Umm Al Quawain,,,AE-UQ,,ChIJP-14gXD99T4RGDyAmyB_vKE,2022-03-20,57,73,,,-32,20
AE,United Arab Emirates,Umm Al Quawain,,,AE-UQ,,ChIJP-14gXD99T4RGDyAmyB_vKE,2022-03-21,43,59,,,25,9
AE,United Arab Emirates,Umm Al Quawain,,,AE-UQ,,ChIJP-14gXD99T4RGDyAmyB_vKE,2022-03-22,49,57,,,26,10
AE,United Arab Emirates,Umm Al Quawain,,,AE-UQ,,ChIJP-14gXD99T4RGDyAmyB_vKE,2022-03-23,47,55,,,23,10
AE,United Arab Emirates,Umm Al Quawain,,,AE-UQ,,ChIJP-14gXD99T4RGDyAmyB_vKE,2022-03-24,31,41,,,22,13
AE,United Arab Emirates,Umm Al Quawain,,,AE-UQ,,ChIJP-14gXD99T4RGDyAmyB_vKE,2022-03-25,40,45,,,156,
AE,United Arab Emirates,Umm Al Quawain,,,AE-UQ,,ChIJP-14gXD99T4RGDyAmyB_vKE,2022-03-26,60,77,,,15,9
AE,United Arab Emirates,Umm Al Quawain,,,AE-UQ,,ChIJP-14gXD99T4RGDyAmyB_vKE,2022-03-27,67,77,,,-31,17
AE,United Arab Emirates,Umm Al Quawain,,,AE-UQ,,ChIJP-14gXD99T4RGDyAmyB_vKE,2022-03-28,46,59,,,19,9
AE,United Arab Emirates,Umm Al Quawain,,,AE-UQ,,ChIJP-14gXD99T4RGDyAmyB_vKE,2022-03-29,51,68,,,20,9
AE,United Arab Emirates,Umm Al Quawain,,,AE-UQ,,ChIJP-14gXD99T4RGDyAmyB_vKE,2022-03-30,51,63,,,19,9
AE,United Arab Emirates,Umm Al Quawain,,,AE-UQ,,ChIJP-14gXD99T4RGDyAmyB_vKE,2022-03-31,41,54,,,18,11
AE,United Arab Emirates,Umm Al Quawain,,,AE-UQ,,ChIJP-14gXD99T4RGDyAmyB_vKE,2022-04-01,55,69,,,149,
AE,United Arab Emirates,Umm Al Quawain,,,AE-UQ,,ChIJP-14gXD99T4RGDyAmyB_vKE,2022-04-02,22,79,,,12,16
AE,United Arab Emirates,Umm Al Quawain,,,AE-UQ,,ChIJP-14gXD99T4RGDyAmyB_vKE,2022-04-03,25,77,,,-34,26
AE,United Arab Emirates,Umm Al Quawain,,,AE-UQ,,ChIJP-14gXD99T4RGDyAmyB_vKE,2022-04-04,19,62,,,17,15
AE,United Arab Emirates,Umm Al Quawain,,,AE-UQ,,ChIJP-14gXD99T4RGDyAmyB_vKE,2022-04-05,26,59,,,17,16
AE,United Arab Emirates,Umm Al Quawain,,,AE-UQ,,ChIJP-14gXD99T4RGDyAmyB_vKE,2022-04-06,26,57,,,15,17
AE,United Arab Emirates,Umm Al Quawain,,,AE-UQ,,ChIJP-14gXD99T4RGDyAmyB_vKE,2022-04-07,12,43,,,14,19
AE,United Arab Emirates,Umm Al Quawain,,,AE-UQ,,ChIJP-14gXD99T4RGDyAmyB_vKE,2022-04-08,17,44,,,138,
AE,United Arab Emirates,Umm Al Quawain,,,AE-UQ,,ChIJP-14gXD99T4RGDyAmyB_vKE,2022-04-09,30,73,,,13,15
AE,United Arab Emirates,Umm Al Quawain,,,AE-UQ,,ChIJP-14gXD99T4RGDyAmyB_vKE,2022-04-10,27,74,,,-34,25
AE,United Arab Emirates,Umm Al Quawain,,,AE-UQ,,ChIJP-14gXD99T4RGDyAmyB_vKE,2022-04-11,25,62,,,20,15
AE,United Arab Emirates,Umm Al Quawain,,,AE-UQ,,ChIJP-14gXD99T4RGDyAmyB_vKE,2022-04-12,29,61,,,19,16
AE,United Arab Emirates,Umm Al Quawain,,,AE-UQ,,ChIJP-14gXD99T4RGDyAmyB_vKE,2022-04-13,29,55,,,16,17
AE,United Arab Emirates,Umm Al Quawain,,,AE-UQ,,ChIJP-14gXD99T4RGDyAmyB_vKE,2022-04-14,19,45,,,16,19
AE,United Arab Emirates,Umm Al Quawain,,,AE-UQ,,ChIJP-14gXD99T4RGDyAmyB_vKE,2022-04-15,19,40,,,135,
AE,United Arab Emirates,Umm Al Quawain,,,AE-UQ,,ChIJP-14gXD99T4RGDyAmyB_vKE,2022-04-16,29,63,,,14,15
AE,United Arab Emirates,Umm Al Quawain,,,AE-UQ,,ChIJP-14gXD99T4RGDyAmyB_vKE,2022-04-17,26,62,,,-33,24
AE,United Arab Emirates,Umm Al Quawain,,,AE-UQ,,ChIJP-14gXD99T4RGDyAmyB_vKE,2022-04-18,22,53,,,21,15
AE,United Arab Emirates,Umm Al Quawain,,,AE-UQ,,ChIJP-14gXD99T4RGDyAmyB_vKE,2022-04-19,23,56,,,23,16
AE,United Arab Emirates,Umm Al Quawain,,,AE-UQ,,ChIJP-14gXD99T4RGDyAmyB_vKE,2022-04-20,23,52,,,20,16
AE,United Arab Emirates,Umm Al Quawain,,,AE-UQ,,ChIJP-14gXD99T4RGDyAmyB_vKE,2022-04-21,11,39,,,20,19
AE,United Arab Emirates,Umm Al Quawain,,,AE-UQ,,ChIJP-14gXD99T4RGDyAmyB_vKE,2022-04-22,14,40,,,143,
AE,United Arab Emirates,Umm Al Quawain,,,AE-UQ,,ChIJP-14gXD99T4RGDyAmyB_vKE,2022-04-23,24,67,,,15,15
AE,United Arab Emirates,Umm Al Quawain,,,AE-UQ,,ChIJP-14gXD99T4RGDyAmyB_vKE,2022-04-24,26,66,,,-31,25
AE,United Arab Emirates,Umm Al Quawain,,,AE-UQ,,ChIJP-14gXD99T4RGDyAmyB_vKE,2022-04-25,18,53,,,21,15
AE,United Arab Emirates,Umm Al Quawain,,,AE-UQ,,ChIJP-14gXD99T4RGDyAmyB_vKE,2022-04-26,30,63,,,23,15
AE,United Arab Emirates,Umm Al Quawain,,,AE-UQ,,ChIJP-14gXD99T4RGDyAmyB_vKE,2022-04-27,37,62,,,18,16
AE,United Arab Emirates,Umm Al Quawain,,,AE-UQ,,ChIJP-14gXD99T4RGDyAmyB_vKE,2022-04-28,29,53,,,18,18
AE,United Arab Emirates,Umm Al Quawain,,,AE-UQ,,ChIJP-14gXD99T4RGDyAmyB_vKE,2022-04-29,39,59,,,146,
AE,United Arab Emirates,Umm Al Quawain,,,AE-UQ,,ChIJP-14gXD99T4RGDyAmyB_vKE,2022-04-30,63,101,,,3,14
AE,United Arab Emirates,Umm Al Quawain,,,AE-UQ,,ChIJP-14gXD99T4RGDyAmyB_vKE,2022-05-01,88,133,,,-43,22
AE,United Arab Emirates,Umm Al Quawain,,,AE-UQ,,ChIJP-14gXD99T4RGDyAmyB_vKE,2022-05-02,141,127,,,-60,18
AE,United Arab Emirates,Umm Al Quawain,,,AE-UQ,,ChIJP-14gXD99T4RGDyAmyB_vKE,2022-05-03,136,109,,,-56,20
AE,United Arab Emirates,Umm Al Quawain,,,AE-UQ,,ChIJP-14gXD99T4RGDyAmyB_vKE,2022-05-04,87,70,,,-35,19
AE,United Arab Emirates,Umm Al Quawain,,,AE-UQ,,ChIJP-14gXD99T4RGDyAmyB_vKE,2022-05-05,41,45,,,-1,17
AE,United Arab Emirates,Umm Al Quawain,,,AE-UQ,,ChIJP-14gXD99T4RGDyAmyB_vKE,2022-05-06,44,43,,,118,
AE,United Arab Emirates,Umm Al Quawain,,,AE-UQ,,ChIJP-14gXD99T4RGDyAmyB_vKE,2022-05-07,61,73,,,13,11
AE,United Arab Emirates,Umm Al Quawain,,,AE-UQ,,ChIJP-14gXD99T4RGDyAmyB_vKE,2022-05-08,60,74,,,-32,22
AE,United Arab Emirates,Umm Al Quawain,,,AE-UQ,,ChIJP-14gXD99T4RGDyAmyB_vKE,2022-05-09,40,57,,,22,11
AE,United Arab Emirates,Umm Al Quawain,,,AE-UQ,,ChIJP-14gXD99T4RGDyAmyB_vKE,2022-05-10,49,62,,,24,11
AE,United Arab Emirates,Umm Al Quawain,,,AE-UQ,,ChIJP-14gXD99T4RGDyAmyB_vKE,2022-05-11,48,53,,,22,11
AE,United Arab Emirates,Umm Al Quawain,,,AE-UQ,,ChIJP-14gXD99T4RGDyAmyB_vKE,2022-05-12,33,44,,,23,14
AE,United Arab Emirates,Umm Al Quawain,,,AE-UQ,,ChIJP-14gXD99T4RGDyAmyB_vKE,2022-05-13,42,44,,,164,
AE,United Arab Emirates,Umm Al Quawain,,,AE-UQ,,ChIJP-14gXD99T4RGDyAmyB_vKE,2022-05-14,47,72,,,-28,22
AE,United Arab Emirates,Umm Al Quawain,,,AE-UQ,,ChIJP-14gXD99T4RGDyAmyB_vKE,2022-05-15,61,73,,,-48,26
AE,United Arab Emirates,Umm Al Quawain,,,AE-UQ,,ChIJP-14gXD99T4RGDyAmyB_vKE,2022-05-16,44,54,,,-31,24
AE,United Arab Emirates,Umm Al Quawain,,,AE-UQ,,ChIJP-14gXD99T4RGDyAmyB_vKE,2022-05-17,43,49,,,25,10
AE,United Arab Emirates,Umm Al Quawain,,,AE-UQ,,ChIJP-14gXD99T4RGDyAmyB_vKE,2022-05-18,40,52,,,21,12
AE,United Arab Emirates,Umm Al Quawain,,,AE-UQ,,ChIJP-14gXD99T4RGDyAmyB_vKE,2022-05-19,28,37,,,23,14
AE,United Arab Emirates,Umm Al Quawain,,,AE-UQ,,ChIJP-14gXD99T4RGDyAmyB_vKE,2022-05-20,36,36,,,165,
AE,United Arab Emirates,Umm Al Quawain,,,AE-UQ,,ChIJP-14gXD99T4RGDyAmyB_vKE,2022-05-21,56,63,,,16,12
AE,United Arab Emirates,Umm Al Quawain,,,AE-UQ,,ChIJP-14gXD99T4RGDyAmyB_vKE,2022-05-22,59,65,,,-33,23
AE,United Arab Emirates,Umm Al Quawain,,,AE-UQ,,ChIJP-14gXD99T4RGDyAmyB_vKE,2022-05-23,38,52,,,25,11
AE,United Arab Emirates,Umm Al Quawain,,,AE-UQ,,ChIJP-14gXD99T4RGDyAmyB_vKE,2022-05-24,39,45,,,25,12
AE,United Arab Emirates,Umm Al Quawain,,,AE-UQ,,ChIJP-14gXD99T4RGDyAmyB_vKE,2022-05-25,47,49,,,23,12
AE,United Arab Emirates,Umm Al Quawain,,,AE-UQ,,ChIJP-14gXD99T4RGDyAmyB_vKE,2022-05-26,32,41,,,23,14
AE,United Arab Emirates,Umm Al Quawain,,,AE-UQ,,ChIJP-14gXD99T4RGDyAmyB_vKE,2022-05-27,40,41,,,169,
AE,United Arab Emirates,Umm Al Quawain,,,AE-UQ,,ChIJP-14gXD99T4RGDyAmyB_vKE,2022-05-28,58,73,,,17,11
AE,United Arab Emirates,Umm Al Quawain,,,AE-UQ,,ChIJP-14gXD99T4RGDyAmyB_vKE,2022-05-29,56,72,,,-33,22
AE,United Arab Emirates,Umm Al Quawain,,,AE-UQ,,ChIJP-14gXD99T4RGDyAmyB_vKE,2022-05-30,46,57,,,24,11
AE,United Arab Emirates,Umm Al Quawain,,,AE-UQ,,ChIJP-14gXD99T4RGDyAmyB_vKE,2022-05-31,51,66,,,25,11
AE,United Arab Emirates,Umm Al Quawain,,,AE-UQ,,ChIJP-14gXD99T4RGDyAmyB_vKE,2022-06-01,49,61,,,24,11
AE,United Arab Emirates,Umm Al Quawain,,,AE-UQ,,ChIJP-14gXD99T4RGDyAmyB_vKE,2022-06-02,34,49,,,24,14
AE,United Arab Emirates,Umm Al Quawain,,,AE-UQ,,ChIJP-14gXD99T4RGDyAmyB_vKE,2022-06-03,46,49,,,164,
AE,United Arab Emirates,Umm Al Quawain,,,AE-UQ,,ChIJP-14gXD99T4RGDyAmyB_vKE,2022-06-04,65,77,,,18,11
AE,United Arab Emirates,Umm Al Quawain,,,AE-UQ,,ChIJP-14gXD99T4RGDyAmyB_vKE,2022-06-05,68,78,,,-33,22
AE,United Arab Emirates,Umm Al Quawain,,,AE-UQ,,ChIJP-14gXD99T4RGDyAmyB_vKE,2022-06-06,45,57,,,24,11
AE,United Arab Emirates,Umm Al Quawain,,,AE-UQ,,ChIJP-14gXD99T4RGDyAmyB_vKE,2022-06-07,47,62,,,25,11
AE,United Arab Emirates,Umm Al Quawain,,,AE-UQ,,ChIJP-14gXD99T4RGDyAmyB_vKE,2022-06-08,44,56,,,23,13
AE,United Arab Emirates,Umm Al Quawain,,,AE-UQ,,ChIJP-14gXD99T4RGDyAmyB_vKE,2022-06-09,30,46,,,24,15
AE,United Arab Emirates,Umm Al Quawain,,,AE-UQ,,ChIJP-14gXD99T4RGDyAmyB_vKE,2022-06-10,36,42,,,166,
AE,United Arab Emirates,Umm Al Quawain,,,AE-UQ,,ChIJP-14gXD99T4RGDyAmyB_vKE,2022-06-11,59,72,,,17,12
AE,United Arab Emirates,Umm Al Quawain,,,AE-UQ,,ChIJP-14gXD99T4RGDyAmyB_vKE,2022-06-12,54,72,,,-33,23
AE,United Arab Emirates,Umm Al Quawain,,,AE-UQ,,ChIJP-14gXD99T4RGDyAmyB_vKE,2022-06-13,38,57,,,26,11
AE,United Arab Emirates,Umm Al Quawain,,,AE-UQ,,ChIJP-14gXD99T4RGDyAmyB_vKE,2022-06-14,45,58,,,26,12
AE,United Arab Emirates,Umm Al Quawain,,,AE-UQ,,ChIJP-14gXD99T4RGDyAmyB_vKE,2022-06-15,40,53,,,23,13
AE,United Arab Emirates,Umm Al Quawain,,,AE-UQ,,ChIJP-14gXD99T4RGDyAmyB_vKE,2022-06-16,33,41,,,23,16
AE,United Arab Emirates,Umm Al Quawain,,,AE-UQ,,ChIJP-14gXD99T4RGDyAmyB_vKE,2022-06-17,35,37,,,166,
AE,United Arab Emirates,Umm Al Quawain,,,AE-UQ,,ChIJP-14gXD99T4RGDyAmyB_vKE,2022-06-18,53,67,,,18,12
AE,United Arab Emirates,Umm Al Quawain,,,AE-UQ,,ChIJP-14gXD99T4RGDyAmyB_vKE,2022-06-19,52,62,,,-30,24
AE,United Arab Emirates,Umm Al Quawain,,,AE-UQ,,ChIJP-14gXD99T4RGDyAmyB_vKE,2022-06-20,37,52,,,24,12
AE,United Arab Emirates,Umm Al Quawain,,,AE-UQ,,ChIJP-14gXD99T4RGDyAmyB_vKE,2022-06-21,47,55,,,24,13
AE,United Arab Emirates,Umm Al Quawain,,,AE-UQ,,ChIJP-14gXD99T4RGDyAmyB_vKE,2022-06-22,42,47,,,22,14
AE,United Arab Emirates,Umm Al Quawain,,,AE-UQ,,ChIJP-14gXD99T4RGDyAmyB_vKE,2022-06-23,29,39,,,22,16
AE,United Arab Emirates,Umm Al Quawain,,,AE-UQ,,ChIJP-14gXD99T4RGDyAmyB_vKE,2022-06-24,32,37,,,161,
AE,United Arab Emirates,Umm Al Quawain,,,AE-UQ,,ChIJP-14gXD99T4RGDyAmyB_vKE,2022-06-25,53,69,,,17,13
AE,United Arab Emirates,Umm Al Quawain,,,AE-UQ,,ChIJP-14gXD99T4RGDyAmyB_vKE,2022-06-26,45,67,,,-37,24
AE,United Arab Emirates,Umm Al Quawain,,,AE-UQ,,ChIJP-14gXD99T4RGDyAmyB_vKE,2022-06-27,38,52,,,21,12
AE,United Arab Emirates,Umm Al Quawain,,,AE-UQ,,ChIJP-14gXD99T4RGDyAmyB_vKE,2022-06-28,44,57,,,24,12
AE,United Arab Emirates,Umm Al Quawain,,,AE-UQ,,ChIJP-14gXD99T4RGDyAmyB_vKE,2022-06-29,47,57,,,21,13
AE,United Arab Emirates,Umm Al Quawain,,,AE-UQ,,ChIJP-14gXD99T4RGDyAmyB_vKE,2022-06-30,34,47,,,22,15
AE,United Arab Emirates,Umm Al Quawain,,,AE-UQ,,ChIJP-14gXD99T4RGDyAmyB_vKE,2022-07-01,37,44,,,166,
AE,United Arab Emirates,Umm Al Quawain,,,AE-UQ,,ChIJP-14gXD99T4RGDyAmyB_vKE,2022-07-02,58,75,,,18,13
AE,United Arab Emirates,Umm Al Quawain,,,AE-UQ,,ChIJP-14gXD99T4RGDyAmyB_vKE,2022-07-03,51,74,,,-33,23
AE,United Arab Emirates,Umm Al Quawain,,,AE-UQ,,ChIJP-14gXD99T4RGDyAmyB_vKE,2022-07-04,41,61,,,20,12
AE,United Arab Emirates,Umm Al Quawain,,,AE-UQ,,ChIJP-14gXD99T4RGDyAmyB_vKE,2022-07-05,47,65,,,20,13
AE,United Arab Emirates,Umm Al Quawain,,,AE-UQ,,ChIJP-14gXD99T4RGDyAmyB_vKE,2022-07-06,54,63,,,16,12
AE,United Arab Emirates,Umm Al Quawain,,,AE-UQ,,ChIJP-14gXD99T4RGDyAmyB_vKE,2022-07-07,51,63,,,17,13
AE,United Arab Emirates,Umm Al Quawain,,,AE-UQ,,ChIJP-14gXD99T4RGDyAmyB_vKE,2022-07-08,66,81,,,55,
AE,United Arab Emirates,Umm Al Quawain,,,AE-UQ,,ChIJP-14gXD99T4RGDyAmyB_vKE,2022-07-09,86,86,,,-45,19
AE,United Arab Emirates,Umm Al Quawain,,,AE-UQ,,ChIJP-14gXD99T4RGDyAmyB_vKE,2022-07-10,82,81,,,-57,24
AE,United Arab Emirates,Umm Al Quawain,,,AE-UQ,,ChIJP-14gXD99T4RGDyAmyB_vKE,2022-07-11,55,61,,,-31,20
AE,United Arab Emirates,Umm Al Quawain,,,AE-UQ,,ChIJP-14gXD99T4RGDyAmyB_vKE,2022-07-12,40,51,,,14,13
AE,United Arab Emirates,Umm Al Quawain,,,AE-UQ,,ChIJP-14gXD99T4RGDyAmyB_vKE,2022-07-13,40,50,,,12,14
AE,United Arab Emirates,Umm Al Quawain,,,AE-UQ,,ChIJP-14gXD99T4RGDyAmyB_vKE,2022-07-14,27,37,,,14,16
AE,United Arab Emirates,Umm Al Quawain,,,AE-UQ,,ChIJP-14gXD99T4RGDyAmyB_vKE,2022-07-15,24,28,,,141,
AE,United Arab Emirates,Umm Al Quawain,,,AE-UQ,,ChIJP-14gXD99T4RGDyAmyB_vKE,2022-07-16,41,65,,,17,13
AE,United Arab Emirates,Umm Al Quawain,,,AE-UQ,,ChIJP-14gXD99T4RGDyAmyB_vKE,2022-07-17,39,59,,,-35,25
AE,United Arab Emirates,Umm Al Quawain,,,AE-UQ,,ChIJP-14gXD99T4RGDyAmyB_vKE,2022-07-18,30,47,,,13,13
AE,United Arab Emirates,Umm Al Quawain,,,AE-UQ,,ChIJP-14gXD99T4RGDyAmyB_vKE,2022-07-19,39,49,,,17,21
AE,United Arab Emirates,Umm Al Quawain,,,AE-UQ,,ChIJP-14gXD99T4RGDyAmyB_vKE,2022-07-20,36,46,,,12,15
AE,United Arab Emirates,Umm Al Quawain,,,AE-UQ,,ChIJP-14gXD99T4RGDyAmyB_vKE,2022-07-21,21,34,,,16,17
AE,United Arab Emirates,Umm Al Quawain,,,AE-UQ,,ChIJP-14gXD99T4RGDyAmyB_vKE,2022-07-22,24,29,,,146,
AE,United Arab Emirates,Umm Al Quawain,,,AE-UQ,,ChIJP-14gXD99T4RGDyAmyB_vKE,2022-07-23,42,63,,,16,14
AE,United Arab Emirates,Umm Al Quawain,,,AE-UQ,,ChIJP-14gXD99T4RGDyAmyB_vKE,2022-07-24,31,48,,,-38,26
AE,United Arab Emirates,Umm Al Quawain,,,AE-UQ,,ChIJP-14gXD99T4RGDyAmyB_vKE,2022-07-25,30,47,,,15,15
AE,United Arab Emirates,Umm Al Quawain,,,AE-UQ,,ChIJP-14gXD99T4RGDyAmyB_vKE,2022-07-26,42,55,,,16,14
AE,United Arab Emirates,Umm Al Quawain,,,AE-UQ,,ChIJP-14gXD99T4RGDyAmyB_vKE,2022-07-27,44,54,,,13,12
AE,United Arab Emirates,Umm Al Quawain,,,AE-UQ,,ChIJP-14gXD99T4RGDyAmyB_vKE,2022-07-28,34,49,,,17,15
AE,United Arab Emirates,Umm Al Quawain,,,AE-UQ,,ChIJP-14gXD99T4RGDyAmyB_vKE,2022-07-29,40,42,,,149,
AE,United Arab Emirates,Umm Al Quawain,,,AE-UQ,,ChIJP-14gXD99T4RGDyAmyB_vKE,2022-07-30,55,71,,,-12,18
AE,United Arab Emirates,Umm Al Quawain,,,AE-UQ,,ChIJP-14gXD99T4RGDyAmyB_vKE,2022-07-31,51,63,,,-34,24
AE,United Arab Emirates,Umm Al Quawain,,,AE-UQ,,ChIJP-14gXD99T4RGDyAmyB_vKE,2022-08-01,42,63,,,16,12
AE,United Arab Emirates,Umm Al Quawain,,,AE-UQ,,ChIJP-14gXD99T4RGDyAmyB_vKE,2022-08-02,47,62,,,16,13
AE,United Arab Emirates,Umm Al Quawain,,,AE-UQ,,ChIJP-14gXD99T4RGDyAmyB_vKE,2022-08-03,49,60,,,13,14
AE,United Arab Emirates,Umm Al Quawain,,,AE-UQ,,ChIJP-14gXD99T4RGDyAmyB_vKE,2022-08-04,36,46,,,16,16
AE,United Arab Emirates,Umm Al Quawain,,,AE-UQ,,ChIJP-14gXD99T4RGDyAmyB_vKE,2022-08-05,36,43,,,150,
AE,United Arab Emirates,Umm Al Quawain,,,AE-UQ,,ChIJP-14gXD99T4RGDyAmyB_vKE,2022-08-06,54,72,,,15,12
AE,United Arab Emirates,Umm Al Quawain,,,AE-UQ,,ChIJP-14gXD99T4RGDyAmyB_vKE,2022-08-07,51,69,,,-37,24
AE,United Arab Emirates,Umm Al Quawain,,,AE-UQ,,ChIJP-14gXD99T4RGDyAmyB_vKE,2022-08-08,38,57,,,15,12
AE,United Arab Emirates,Umm Al Quawain,,,AE-UQ,,ChIJP-14gXD99T4RGDyAmyB_vKE,2022-08-09,45,53,,,17,13
AE,United Arab Emirates,Umm Al Quawain,,,AE-UQ,,ChIJP-14gXD99T4RGDyAmyB_vKE,2022-08-10,50,57,,,16,13
AE,United Arab Emirates,Umm Al Quawain,,,AE-UQ,,ChIJP-14gXD99T4RGDyAmyB_vKE,2022-08-11,33,44,,,16,16
AE,United Arab Emirates,Umm Al Quawain,,,AE-UQ,,ChIJP-14gXD99T4RGDyAmyB_vKE,2022-08-12,38,41,,,147,
AE,United Arab Emirates,Umm Al Quawain,,,AE-UQ,,ChIJP-14gXD99T4RGDyAmyB_vKE,2022-08-13,56,70,,,17,12
AE,United Arab Emirates,Umm Al Quawain,,,AE-UQ,,ChIJP-14gXD99T4RGDyAmyB_vKE,2022-08-14,46,68,,,-35,24
AE,United Arab Emirates,Umm Al Quawain,,,AE-UQ,,ChIJP-14gXD99T4RGDyAmyB_vKE,2022-08-15,42,61,,,16,15
AE,United Arab Emirates,Umm Al Quawain,,,AE-UQ,,ChIJP-14gXD99T4RGDyAmyB_vKE,2022-08-16,48,56,,,18,15
AE,United Arab Emirates,Umm Al Quawain,,,AE-UQ,,ChIJP-14gXD99T4RGDyAmyB_vKE,2022-08-17,49,57,,,14,16
AE,United Arab Emirates,Umm Al Quawain,,,AE-UQ,,ChIJP-14gXD99T4RGDyAmyB_vKE,2022-08-18,34,41,,,16,20
AE,United Arab Emirates,Umm Al Quawain,,,AE-UQ,,ChIJP-14gXD99T4RGDyAmyB_vKE,2022-08-19,36,39,,,153,
AE,United Arab Emirates,Umm Al Quawain,,,AE-UQ,,ChIJP-14gXD99T4RGDyAmyB_vKE,2022-08-20,57,70,,,20,15
AE,United Arab Emirates,Umm Al Quawain,,,AE-UQ,,ChIJP-14gXD99T4RGDyAmyB_vKE,2022-08-21,56,69,,,-35,26
AE,United Arab Emirates,Umm Al Quawain,,,AE-UQ,,ChIJP-14gXD99T4RGDyAmyB_vKE,2022-08-22,40,53,,,17,16
AE,United Arab Emirates,Umm Al Quawain,,,AE-UQ,,ChIJP-14gXD99T4RGDyAmyB_vKE,2022-08-23,47,56,,,19,17
AE,United Arab Emirates,Umm Al Quawain,,,AE-UQ,,ChIJP-14gXD99T4RGDyAmyB_vKE,2022-08-24,46,52,,,18,17
AE,United Arab Emirates,Umm Al Quawain,,,AE-UQ,,ChIJP-14gXD99T4RGDyAmyB_vKE,2022-08-25,34,39,,,20,19
AE,United Arab Emirates,Umm Al Quawain,,,AE-UQ,,ChIJP-14gXD99T4RGDyAmyB_vKE,2022-08-26,44,45,,,157,
AE,United Arab Emirates,Umm Al Quawain,,,AE-UQ,,ChIJP-14gXD99T4RGDyAmyB_vKE,2022-08-27,69,75,,,21,14
AE,United Arab Emirates,Umm Al Quawain,,,AE-UQ,,ChIJP-14gXD99T4RGDyAmyB_vKE,2022-08-28,61,73,,,-36,26
AE,United Arab Emirates,Umm Al Quawain,,,AE-UQ,,ChIJP-14gXD99T4RGDyAmyB_vKE,2022-08-29,45,57,,,19,13
AE,United Arab Emirates,Umm Al Quawain,,,AE-UQ,,ChIJP-14gXD99T4RGDyAmyB_vKE,2022-08-30,50,64,,,21,13
AE,United Arab Emirates,Umm Al Quawain,,,AE-UQ,,ChIJP-14gXD99T4RGDyAmyB_vKE,2022-08-31,48,58,,,18,13
AE,United Arab Emirates,Umm Al Quawain,,,AE-UQ,,ChIJP-14gXD99T4RGDyAmyB_vKE,2022-09-01,38,51,,,19,15
AE,United Arab Emirates,Umm Al Quawain,,,AE-UQ,,ChIJP-14gXD99T4RGDyAmyB_vKE,2022-09-02,44,46,,,156,
AE,United Arab Emirates,Umm Al Quawain,,,AE-UQ,,ChIJP-14gXD99T4RGDyAmyB_vKE,2022-09-03,61,84,,,19,11
AE,United Arab Emirates,Umm Al Quawain,,,AE-UQ,,ChIJP-14gXD99T4RGDyAmyB_vKE,2022-09-04,57,79,,,-37,23
AE,United Arab Emirates,Umm Al Quawain,,,AE-UQ,,ChIJP-14gXD99T4RGDyAmyB_vKE,2022-09-05,44,61,,,20,11
AE,United Arab Emirates,Umm Al Quawain,,,AE-UQ,,ChIJP-14gXD99T4RGDyAmyB_vKE,2022-09-06,48,63,,,21,12
AE,United Arab Emirates,Umm Al Quawain,,,AE-UQ,,ChIJP-14gXD99T4RGDyAmyB_vKE,2022-09-07,52,64,,,18,12
AE,United Arab Emirates,Umm Al Quawain,,,AE-UQ,,ChIJP-14gXD99T4RGDyAmyB_vKE,2022-09-08,35,47,,,19,17
AE,United Arab Emirates,Umm Al Quawain,,,AE-UQ,,ChIJP-14gXD99T4RGDyAmyB_vKE,2022-09-09,40,45,,,160,
AE,United Arab Emirates,Umm Al Quawain,,,AE-UQ,,ChIJP-14gXD99T4RGDyAmyB_vKE,2022-09-10,61,80,,,18,12
AE,United Arab Emirates,Umm Al Quawain,,,AE-UQ,,ChIJP-14gXD99T4RGDyAmyB_vKE,2022-09-11,53,77,,,-36,23
AE,United Arab Emirates,Umm Al Quawain,,,AE-UQ,,ChIJP-14gXD99T4RGDyAmyB_vKE,2022-09-12,40,55,,,23,11
AE,United Arab Emirates,Umm Al Quawain,,,AE-UQ,,ChIJP-14gXD99T4RGDyAmyB_vKE,2022-09-13,50,60,,,22,12
AE,United Arab Emirates,Umm Al Quawain,,,AE-UQ,,ChIJP-14gXD99T4RGDyAmyB_vKE,2022-09-14,47,61,,,18,12
AE,United Arab Emirates,Umm Al Quawain,,,AE-UQ,,ChIJP-14gXD99T4RGDyAmyB_vKE,2022-09-15,34,47,,,21,15
AE,United Arab Emirates,Umm Al Quawain,,,AE-UQ,,ChIJP-14gXD99T4RGDyAmyB_vKE,2022-09-16,36,40,,,160,
AE,United Arab Emirates,Umm Al Quawain,,,AE-UQ,,ChIJP-14gXD99T4RGDyAmyB_vKE,2022-09-17,58,75,,,20,11
AE,United Arab Emirates,Umm Al Quawain,,,AE-UQ,,ChIJP-14gXD99T4RGDyAmyB_vKE,2022-09-18,56,73,,,-37,23
AE,United Arab Emirates,Umm Al Quawain,,,AE-UQ,,ChIJP-14gXD99T4RGDyAmyB_vKE,2022-09-19,39,56,,,22,11
AE,United Arab Emirates,Umm Al Quawain,,,AE-UQ,,ChIJP-14gXD99T4RGDyAmyB_vKE,2022-09-20,46,57,,,23,12
AE,United Arab Emirates,Umm Al Quawain,,,AE-UQ,,ChIJP-14gXD99T4RGDyAmyB_vKE,2022-09-21,43,51,,,20,13
AE,United Arab Emirates,Umm Al Quawain,,,AE-UQ,,ChIJP-14gXD99T4RGDyAmyB_vKE,2022-09-22,34,42,,,20,15
AE,United Arab Emirates,Umm Al Quawain,,,AE-UQ,,ChIJP-14gXD99T4RGDyAmyB_vKE,2022-09-23,37,38,,,161,
AE,United Arab Emirates,Umm Al Quawain,,,AE-UQ,,ChIJP-14gXD99T4RGDyAmyB_vKE,2022-09-24,54,69,,,17,13
AE,United Arab Emirates,Umm Al Quawain,,,AE-UQ,,ChIJP-14gXD99T4RGDyAmyB_vKE,2022-09-25,53,74,,,-36,24
AE,United Arab Emirates,Umm Al Quawain,,,AE-UQ,,ChIJP-14gXD99T4RGDyAmyB_vKE,2022-09-26,41,53,,,23,12
AE,United Arab Emirates,Umm Al Quawain,,,AE-UQ,,ChIJP-14gXD99T4RGDyAmyB_vKE,2022-09-27,51,62,,,23,12
AE,United Arab Emirates,Umm Al Quawain,,,AE-UQ,,ChIJP-14gXD99T4RGDyAmyB_vKE,2022-09-28,51,65,,,20,12
AE,United Arab Emirates,Umm Al Quawain,,,AE-UQ,,ChIJP-14gXD99T4RGDyAmyB_vKE,2022-09-29,40,52,,,25,15
AE,United Arab Emirates,Umm Al Quawain,,,AE-UQ,,ChIJP-14gXD99T4RGDyAmyB_vKE,2022-09-30,49,49,,,169,
AE,United Arab Emirates,Umm Al Quawain,,,AE-UQ,,ChIJP-14gXD99T4RGDyAmyB_vKE,2022-10-01,72,86,,,19,10
AE,United Arab Emirates,Umm Al Quawain,,,AE-UQ,,ChIJP-14gXD99T4RGDyAmyB_vKE,2022-10-02,74,94,,,-36,22
AE,United Arab Emirates,Umm Al Quawain,,,AE-UQ,,ChIJP-14gXD99T4RGDyAmyB_vKE,2022-10-03,52,67,,,25,11
AE,United Arab Emirates,Umm Al Quawain,,,AE-UQ,,ChIJP-14gXD99T4RGDyAmyB_vKE,2022-10-04,58,73,,,24,11
AE,United Arab Emirates,Umm Al Quawain,,,AE-UQ,,ChIJP-14gXD99T4RGDyAmyB_vKE,2022-10-05,56,62,,,23,11
AE,United Arab Emirates,Umm Al Quawain,,,AE-UQ,,ChIJP-14gXD99T4RGDyAmyB_vKE,2022-10-06,42,53,,,26,13
AE,United Arab Emirates,Umm Al Quawain,,,AE-UQ,,ChIJP-14gXD99T4RGDyAmyB_vKE,2022-10-07,50,56,,,169,
AE,United Arab Emirates,Umm Al Quawain,,,AE-UQ,,ChIJP-14gXD99T4RGDyAmyB_vKE,2022-10-08,73,88,,,-14,17
AE,United Arab Emirates,Umm Al Quawain,,,AE-UQ,,ChIJP-14gXD99T4RGDyAmyB_vKE,2022-10-09,61,77,,,-36,22
AE,United Arab Emirates,Umm Al Quawain,,,AE-UQ,,ChIJP-14gXD99T4RGDyAmyB_vKE,2022-10-10,47,62,,,25,11
AE,United Arab Emirates,Umm Al Quawain,,,AE-UQ,,ChIJP-14gXD99T4RGDyAmyB_vKE,2022-10-11,52,64,,,24,11
AE,United Arab Emirates,Umm Al Quawain,,,AE-UQ,,ChIJP-14gXD99T4RGDyAmyB_vKE,2022-10-12,52,61,,,24,12
AE,United Arab Emirates,Umm Al Quawain,,,AE-UQ,,ChIJP-14gXD99T4RGDyAmyB_vKE,2022-10-13,39,50,,,24,14
AE,United Arab Emirates,Umm Al Quawain,,,AE-UQ,,ChIJP-14gXD99T4RGDyAmyB_vKE,2022-10-14,45,50,,,168,
AE,United Arab Emirates,Umm Al Quawain,,,AE-UQ,,ChIJP-14gXD99T4RGDyAmyB_vKE,2022-10-15,70,85,,,20,11
